# 2026-05-16 | 22:06:12 | Calculation performed with SolarAxionFlux v1.1; g_agamma = 5.000000e-11 GeV^-1, g_ae = 1.000000e-13.
# Spectral flux over rings on the solar disc.
# Columns: Inner radius on solar disc [R_sol] | Outer radius [R_sol] | Energy [keV] | Axion flux [cm^-2 s^-1 keV^-1]
0.00000000e+00 1.00000000e-02 1.00000000e-02 8.33738968e-02
0.00000000e+00 1.00000000e-02 2.00000000e-02 4.14824400e+00
0.00000000e+00 1.00000000e-02 3.00000000e-02 2.60173143e+01
0.00000000e+00 1.00000000e-02 4.00000000e-02 8.76964739e+01
0.00000000e+00 1.00000000e-02 5.00000000e-02 2.18340059e+02
0.00000000e+00 1.00000000e-02 6.00000000e-02 4.53926007e+02
0.00000000e+00 1.00000000e-02 7.00000000e-02 8.36981452e+02
0.00000000e+00 1.00000000e-02 8.00000000e-02 1.41814159e+03
0.00000000e+00 1.00000000e-02 9.00000000e-02 2.25495770e+03
0.00000000e+00 1.00000000e-02 1.00000000e-01 3.41461783e+03
0.00000000e+00 1.00000000e-02 1.10000000e-01 4.97403423e+03
0.00000000e+00 1.00000000e-02 1.20000000e-01 7.02521440e+03
0.00000000e+00 1.00000000e-02 1.30000000e-01 9.67172020e+03
0.00000000e+00 1.00000000e-02 1.40000000e-01 1.30297362e+04
0.00000000e+00 1.00000000e-02 1.50000000e-01 1.72453960e+04
0.00000000e+00 1.00000000e-02 1.60000000e-01 2.24844468e+04
0.00000000e+00 1.00000000e-02 1.70000000e-01 2.89278692e+04
0.00000000e+00 1.00000000e-02 1.80000000e-01 3.68068132e+04
0.00000000e+00 1.00000000e-02 1.90000000e-01 4.63805610e+04
0.00000000e+00 1.00000000e-02 2.00000000e-01 5.79384522e+04
0.00000000e+00 1.00000000e-02 2.10000000e-01 7.18685015e+04
0.00000000e+00 1.00000000e-02 2.20000000e-01 8.85276984e+04
0.00000000e+00 1.00000000e-02 2.30000000e-01 1.08445993e+05
0.00000000e+00 1.00000000e-02 2.40000000e-01 1.32129769e+05
0.00000000e+00 1.00000000e-02 2.50000000e-01 1.60331085e+05
0.00000000e+00 1.00000000e-02 2.60000000e-01 1.93862004e+05
0.00000000e+00 1.00000000e-02 2.70000000e-01 2.34185916e+05
0.00000000e+00 1.00000000e-02 2.80000000e-01 2.83524966e+05
0.00000000e+00 1.00000000e-02 2.90000000e-01 3.52875722e+05
0.00000000e+00 1.00000000e-02 3.00000000e-01 4.22757351e+05
0.00000000e+00 1.00000000e-02 3.10000000e-01 4.88223113e+05
0.00000000e+00 1.00000000e-02 3.20000000e-01 5.54157587e+05
0.00000000e+00 1.00000000e-02 3.30000000e-01 6.21785220e+05
0.00000000e+00 1.00000000e-02 3.40000000e-01 6.91680922e+05
0.00000000e+00 1.00000000e-02 3.50000000e-01 7.64181079e+05
0.00000000e+00 1.00000000e-02 3.60000000e-01 8.39510422e+05
0.00000000e+00 1.00000000e-02 3.70000000e-01 9.17832660e+05
0.00000000e+00 1.00000000e-02 3.80000000e-01 9.99272776e+05
0.00000000e+00 1.00000000e-02 3.90000000e-01 1.08393213e+06
0.00000000e+00 1.00000000e-02 4.00000000e-01 1.17189508e+06
0.00000000e+00 1.00000000e-02 4.10000000e-01 1.26323359e+06
0.00000000e+00 1.00000000e-02 4.20000000e-01 1.35801006e+06
0.00000000e+00 1.00000000e-02 4.30000000e-01 1.45628037e+06
0.00000000e+00 1.00000000e-02 4.40000000e-01 1.55809206e+06
0.00000000e+00 1.00000000e-02 4.50000000e-01 1.66348939e+06
0.00000000e+00 1.00000000e-02 4.60000000e-01 1.77251310e+06
0.00000000e+00 1.00000000e-02 4.70000000e-01 1.88519865e+06
0.00000000e+00 1.00000000e-02 4.80000000e-01 2.00157832e+06
0.00000000e+00 1.00000000e-02 4.90000000e-01 2.12168224e+06
0.00000000e+00 1.00000000e-02 5.00000000e-01 2.24553804e+06
0.00000000e+00 1.00000000e-02 5.10000000e-01 2.37316980e+06
0.00000000e+00 1.00000000e-02 5.20000000e-01 2.50459891e+06
0.00000000e+00 1.00000000e-02 5.30000000e-01 2.63984620e+06
0.00000000e+00 1.00000000e-02 5.40000000e-01 2.77892986e+06
0.00000000e+00 1.00000000e-02 5.50000000e-01 2.92186528e+06
0.00000000e+00 1.00000000e-02 5.60000000e-01 3.06866675e+06
0.00000000e+00 1.00000000e-02 5.70000000e-01 3.21934637e+06
0.00000000e+00 1.00000000e-02 5.80000000e-01 3.37391467e+06
0.00000000e+00 1.00000000e-02 5.90000000e-01 3.53238069e+06
0.00000000e+00 1.00000000e-02 6.00000000e-01 3.69475148e+06
0.00000000e+00 1.00000000e-02 6.10000000e-01 3.86103285e+06
0.00000000e+00 1.00000000e-02 6.20000000e-01 4.03122916e+06
0.00000000e+00 1.00000000e-02 6.30000000e-01 4.20534314e+06
0.00000000e+00 1.00000000e-02 6.40000000e-01 4.38337600e+06
0.00000000e+00 1.00000000e-02 6.50000000e-01 4.56532829e+06
0.00000000e+00 1.00000000e-02 6.60000000e-01 4.75119767e+06
0.00000000e+00 1.00000000e-02 6.70000000e-01 4.94098268e+06
0.00000000e+00 1.00000000e-02 6.80000000e-01 5.13467887e+06
0.00000000e+00 1.00000000e-02 6.90000000e-01 5.33228151e+06
0.00000000e+00 1.00000000e-02 7.00000000e-01 5.53378430e+06
0.00000000e+00 1.00000000e-02 7.10000000e-01 5.73917972e+06
0.00000000e+00 1.00000000e-02 7.20000000e-01 5.94845919e+06
0.00000000e+00 1.00000000e-02 7.30000000e-01 6.16161305e+06
0.00000000e+00 1.00000000e-02 7.40000000e-01 6.37863055e+06
0.00000000e+00 1.00000000e-02 7.50000000e-01 6.59949991e+06
0.00000000e+00 1.00000000e-02 7.60000000e-01 6.82420872e+06
0.00000000e+00 1.00000000e-02 7.70000000e-01 7.05274232e+06
0.00000000e+00 1.00000000e-02 7.80000000e-01 7.28508633e+06
0.00000000e+00 1.00000000e-02 7.90000000e-01 7.52122619e+06
0.00000000e+00 1.00000000e-02 8.00000000e-01 7.76114425e+06
0.00000000e+00 1.00000000e-02 8.10000000e-01 8.00482147e+06
0.00000000e+00 1.00000000e-02 8.20000000e-01 8.25224037e+06
0.00000000e+00 1.00000000e-02 8.30000000e-01 8.50337700e+06
0.00000000e+00 1.00000000e-02 8.40000000e-01 8.75821322e+06
0.00000000e+00 1.00000000e-02 8.50000000e-01 9.01673943e+06
0.00000000e+00 1.00000000e-02 8.60000000e-01 9.27892561e+06
0.00000000e+00 1.00000000e-02 8.70000000e-01 9.54474860e+06
0.00000000e+00 1.00000000e-02 8.80000000e-01 9.81418467e+06
0.00000000e+00 1.00000000e-02 8.90000000e-01 1.00872094e+07
0.00000000e+00 1.00000000e-02 9.00000000e-01 1.03637997e+07
0.00000000e+00 1.00000000e-02 9.10000000e-01 1.06439286e+07
0.00000000e+00 1.00000000e-02 9.20000000e-01 1.09275745e+07
0.00000000e+00 1.00000000e-02 9.30000000e-01 1.12147043e+07
0.00000000e+00 1.00000000e-02 9.40000000e-01 1.15052934e+07
0.00000000e+00 1.00000000e-02 9.50000000e-01 1.17993130e+07
0.00000000e+00 1.00000000e-02 9.60000000e-01 1.20967383e+07
0.00000000e+00 1.00000000e-02 9.70000000e-01 1.23975404e+07
0.00000000e+00 1.00000000e-02 9.80000000e-01 1.27016820e+07
0.00000000e+00 1.00000000e-02 9.90000000e-01 1.30091327e+07
0.00000000e+00 1.00000000e-02 1.00000000e+00 1.33198624e+07
0.00000000e+00 1.00000000e-02 1.01000000e+00 1.36338429e+07
0.00000000e+00 1.00000000e-02 1.02000000e+00 1.39510419e+07
0.00000000e+00 1.00000000e-02 1.03000000e+00 1.42714265e+07
0.00000000e+00 1.00000000e-02 1.04000000e+00 1.45949626e+07
0.00000000e+00 1.00000000e-02 1.05000000e+00 1.49216161e+07
0.00000000e+00 1.00000000e-02 1.06000000e+00 1.52513547e+07
0.00000000e+00 1.00000000e-02 1.07000000e+00 1.55841449e+07
0.00000000e+00 1.00000000e-02 1.08000000e+00 1.59199509e+07
0.00000000e+00 1.00000000e-02 1.09000000e+00 1.62587360e+07
0.00000000e+00 1.00000000e-02 1.10000000e+00 1.66004668e+07
0.00000000e+00 1.00000000e-02 1.11000000e+00 1.69451005e+07
0.00000000e+00 1.00000000e-02 1.12000000e+00 1.72926124e+07
0.00000000e+00 1.00000000e-02 1.13000000e+00 1.76429582e+07
0.00000000e+00 1.00000000e-02 1.14000000e+00 1.79961044e+07
0.00000000e+00 1.00000000e-02 1.15000000e+00 1.83520123e+07
0.00000000e+00 1.00000000e-02 1.16000000e+00 1.87106451e+07
0.00000000e+00 1.00000000e-02 1.17000000e+00 1.90719646e+07
0.00000000e+00 1.00000000e-02 1.18000000e+00 1.94359302e+07
0.00000000e+00 1.00000000e-02 1.19000000e+00 1.98025066e+07
0.00000000e+00 1.00000000e-02 1.20000000e+00 2.01716535e+07
0.00000000e+00 1.00000000e-02 1.21000000e+00 2.05433314e+07
0.00000000e+00 1.00000000e-02 1.22000000e+00 2.09175018e+07
0.00000000e+00 1.00000000e-02 1.23000000e+00 2.12941240e+07
0.00000000e+00 1.00000000e-02 1.24000000e+00 2.16731599e+07
0.00000000e+00 1.00000000e-02 1.25000000e+00 2.20545695e+07
0.00000000e+00 1.00000000e-02 1.26000000e+00 2.24383109e+07
0.00000000e+00 1.00000000e-02 1.27000000e+00 2.28243453e+07
0.00000000e+00 1.00000000e-02 1.28000000e+00 2.32126326e+07
0.00000000e+00 1.00000000e-02 1.29000000e+00 2.36031308e+07
0.00000000e+00 1.00000000e-02 1.30000000e+00 2.39957994e+07
0.00000000e+00 1.00000000e-02 1.31000000e+00 2.43905968e+07
0.00000000e+00 1.00000000e-02 1.32000000e+00 2.47874818e+07
0.00000000e+00 1.00000000e-02 1.33000000e+00 2.51864155e+07
0.00000000e+00 1.00000000e-02 1.34000000e+00 2.55873558e+07
0.00000000e+00 1.00000000e-02 1.35000000e+00 2.59902604e+07
0.00000000e+00 1.00000000e-02 1.36000000e+00 2.63950886e+07
0.00000000e+00 1.00000000e-02 1.37000000e+00 2.68017982e+07
0.00000000e+00 1.00000000e-02 1.38000000e+00 2.72103463e+07
0.00000000e+00 1.00000000e-02 1.39000000e+00 2.76206932e+07
0.00000000e+00 1.00000000e-02 1.40000000e+00 2.80327986e+07
0.00000000e+00 1.00000000e-02 1.41000000e+00 2.84466179e+07
0.00000000e+00 1.00000000e-02 1.42000000e+00 2.88621102e+07
0.00000000e+00 1.00000000e-02 1.43000000e+00 2.92792337e+07
0.00000000e+00 1.00000000e-02 1.44000000e+00 2.96979462e+07
0.00000000e+00 1.00000000e-02 1.45000000e+00 3.01182054e+07
0.00000000e+00 1.00000000e-02 1.46000000e+00 3.05399696e+07
0.00000000e+00 1.00000000e-02 1.47000000e+00 3.09631974e+07
0.00000000e+00 1.00000000e-02 1.48000000e+00 3.13878478e+07
0.00000000e+00 1.00000000e-02 1.49000000e+00 3.18138771e+07
0.00000000e+00 1.00000000e-02 1.50000000e+00 3.22412447e+07
0.00000000e+00 1.00000000e-02 1.51000000e+00 3.26699075e+07
0.00000000e+00 1.00000000e-02 1.52000000e+00 3.30998244e+07
0.00000000e+00 1.00000000e-02 1.53000000e+00 3.35309546e+07
0.00000000e+00 1.00000000e-02 1.54000000e+00 3.39632554e+07
0.00000000e+00 1.00000000e-02 1.55000000e+00 3.43966851e+07
0.00000000e+00 1.00000000e-02 1.56000000e+00 3.48312016e+07
0.00000000e+00 1.00000000e-02 1.57000000e+00 3.52667639e+07
0.00000000e+00 1.00000000e-02 1.58000000e+00 3.57033316e+07
0.00000000e+00 1.00000000e-02 1.59000000e+00 3.61408624e+07
0.00000000e+00 1.00000000e-02 1.60000000e+00 3.65793148e+07
0.00000000e+00 1.00000000e-02 1.61000000e+00 3.70186477e+07
0.00000000e+00 1.00000000e-02 1.62000000e+00 3.74588266e+07
0.00000000e+00 1.00000000e-02 1.63000000e+00 3.78997992e+07
0.00000000e+00 1.00000000e-02 1.64000000e+00 3.83415301e+07
0.00000000e+00 1.00000000e-02 1.65000000e+00 3.87839785e+07
0.00000000e+00 1.00000000e-02 1.66000000e+00 3.92271036e+07
0.00000000e+00 1.00000000e-02 1.67000000e+00 3.96708654e+07
0.00000000e+00 1.00000000e-02 1.68000000e+00 4.01152235e+07
0.00000000e+00 1.00000000e-02 1.69000000e+00 4.05601376e+07
0.00000000e+00 1.00000000e-02 1.70000000e+00 4.10055678e+07
0.00000000e+00 1.00000000e-02 1.71000000e+00 4.14514745e+07
0.00000000e+00 1.00000000e-02 1.72000000e+00 4.18978175e+07
0.00000000e+00 1.00000000e-02 1.73000000e+00 4.23445578e+07
0.00000000e+00 1.00000000e-02 1.74000000e+00 4.27916559e+07
0.00000000e+00 1.00000000e-02 1.75000000e+00 4.32390725e+07
0.00000000e+00 1.00000000e-02 1.76000000e+00 4.36867692e+07
0.00000000e+00 1.00000000e-02 1.77000000e+00 4.41347058e+07
0.00000000e+00 1.00000000e-02 1.78000000e+00 4.45828453e+07
0.00000000e+00 1.00000000e-02 1.79000000e+00 4.50311486e+07
0.00000000e+00 1.00000000e-02 1.80000000e+00 4.54795777e+07
0.00000000e+00 1.00000000e-02 1.81000000e+00 4.59280945e+07
0.00000000e+00 1.00000000e-02 1.82000000e+00 4.63766612e+07
0.00000000e+00 1.00000000e-02 1.83000000e+00 4.68252399e+07
0.00000000e+00 1.00000000e-02 1.84000000e+00 4.72737929e+07
0.00000000e+00 1.00000000e-02 1.85000000e+00 4.77222838e+07
0.00000000e+00 1.00000000e-02 1.86000000e+00 4.81706752e+07
0.00000000e+00 1.00000000e-02 1.87000000e+00 4.86189304e+07
0.00000000e+00 1.00000000e-02 1.88000000e+00 4.90670127e+07
0.00000000e+00 1.00000000e-02 1.89000000e+00 4.95148862e+07
0.00000000e+00 1.00000000e-02 1.90000000e+00 4.99625144e+07
0.00000000e+00 1.00000000e-02 1.91000000e+00 5.04098618e+07
0.00000000e+00 1.00000000e-02 1.92000000e+00 5.08568923e+07
0.00000000e+00 1.00000000e-02 1.93000000e+00 5.13035707e+07
0.00000000e+00 1.00000000e-02 1.94000000e+00 5.17498620e+07
0.00000000e+00 1.00000000e-02 1.95000000e+00 5.21957319e+07
0.00000000e+00 1.00000000e-02 1.96000000e+00 5.26411450e+07
0.00000000e+00 1.00000000e-02 1.97000000e+00 5.30860649e+07
0.00000000e+00 1.00000000e-02 1.98000000e+00 5.35304599e+07
0.00000000e+00 1.00000000e-02 1.99000000e+00 5.39742963e+07
0.00000000e+00 1.00000000e-02 2.00000000e+00 5.44175392e+07
1.00000000e-02 2.00000000e-02 1.00000000e-02 2.50159447e-01
1.00000000e-02 2.00000000e-02 2.00000000e-02 1.24473798e+01
1.00000000e-02 2.00000000e-02 3.00000000e-02 7.80722660e+01
1.00000000e-02 2.00000000e-02 4.00000000e-02 2.63170201e+02
1.00000000e-02 2.00000000e-02 5.00000000e-02 6.55250093e+02
1.00000000e-02 2.00000000e-02 6.00000000e-02 1.36231170e+03
1.00000000e-02 2.00000000e-02 7.00000000e-02 2.51204140e+03
1.00000000e-02 2.00000000e-02 8.00000000e-02 4.25647228e+03
1.00000000e-02 2.00000000e-02 9.00000000e-02 6.76846924e+03
1.00000000e-02 2.00000000e-02 1.00000000e-01 1.02498408e+04
1.00000000e-02 2.00000000e-02 1.10000000e-01 1.49316372e+04
1.00000000e-02 2.00000000e-02 1.20000000e-01 2.10903979e+04
1.00000000e-02 2.00000000e-02 1.30000000e-01 2.90375297e+04
1.00000000e-02 2.00000000e-02 1.40000000e-01 3.91222853e+04
1.00000000e-02 2.00000000e-02 1.50000000e-01 5.17843198e+04
1.00000000e-02 2.00000000e-02 1.60000000e-01 6.75225876e+04
1.00000000e-02 2.00000000e-02 1.70000000e-01 8.68820243e+04
1.00000000e-02 2.00000000e-02 1.80000000e-01 1.10559521e+05
1.00000000e-02 2.00000000e-02 1.90000000e-01 1.39337217e+05
1.00000000e-02 2.00000000e-02 2.00000000e-01 1.74089204e+05
1.00000000e-02 2.00000000e-02 2.10000000e-01 2.15989604e+05
1.00000000e-02 2.00000000e-02 2.20000000e-01 2.66121196e+05
1.00000000e-02 2.00000000e-02 2.30000000e-01 3.26100113e+05
1.00000000e-02 2.00000000e-02 2.40000000e-01 3.97474324e+05
1.00000000e-02 2.00000000e-02 2.50000000e-01 4.82562269e+05
1.00000000e-02 2.00000000e-02 2.60000000e-01 5.83911212e+05
1.00000000e-02 2.00000000e-02 2.70000000e-01 7.06188371e+05
1.00000000e-02 2.00000000e-02 2.80000000e-01 8.56986922e+05
1.00000000e-02 2.00000000e-02 2.90000000e-01 1.07065373e+06
1.00000000e-02 2.00000000e-02 3.00000000e-01 1.27247009e+06
1.00000000e-02 2.00000000e-02 3.10000000e-01 1.46582639e+06
1.00000000e-02 2.00000000e-02 3.20000000e-01 1.66139778e+06
1.00000000e-02 2.00000000e-02 3.30000000e-01 1.86235376e+06
1.00000000e-02 2.00000000e-02 3.40000000e-01 2.07024836e+06
1.00000000e-02 2.00000000e-02 3.50000000e-01 2.28601718e+06
1.00000000e-02 2.00000000e-02 3.60000000e-01 2.51029062e+06
1.00000000e-02 2.00000000e-02 3.70000000e-01 2.74353439e+06
1.00000000e-02 2.00000000e-02 3.80000000e-01 2.98610696e+06
1.00000000e-02 2.00000000e-02 3.90000000e-01 3.23830028e+06
1.00000000e-02 2.00000000e-02 4.00000000e-01 3.50035812e+06
1.00000000e-02 2.00000000e-02 4.10000000e-01 3.77248970e+06
1.00000000e-02 2.00000000e-02 4.20000000e-01 4.05487620e+06
1.00000000e-02 2.00000000e-02 4.30000000e-01 4.34768157e+06
1.00000000e-02 2.00000000e-02 4.40000000e-01 4.65104402e+06
1.00000000e-02 2.00000000e-02 4.50000000e-01 4.96509104e+06
1.00000000e-02 2.00000000e-02 4.60000000e-01 5.28994591e+06
1.00000000e-02 2.00000000e-02 4.70000000e-01 5.62570974e+06
1.00000000e-02 2.00000000e-02 4.80000000e-01 5.97248023e+06
1.00000000e-02 2.00000000e-02 4.90000000e-01 6.33034315e+06
1.00000000e-02 2.00000000e-02 5.00000000e-01 6.69938034e+06
1.00000000e-02 2.00000000e-02 5.10000000e-01 7.07966120e+06
1.00000000e-02 2.00000000e-02 5.20000000e-01 7.47125094e+06
1.00000000e-02 2.00000000e-02 5.30000000e-01 7.87420748e+06
1.00000000e-02 2.00000000e-02 5.40000000e-01 8.28858336e+06
1.00000000e-02 2.00000000e-02 5.50000000e-01 8.71442521e+06
1.00000000e-02 2.00000000e-02 5.60000000e-01 9.15177319e+06
1.00000000e-02 2.00000000e-02 5.70000000e-01 9.60066249e+06
1.00000000e-02 2.00000000e-02 5.80000000e-01 1.00611228e+07
1.00000000e-02 2.00000000e-02 5.90000000e-01 1.05331820e+07
1.00000000e-02 2.00000000e-02 6.00000000e-01 1.10168579e+07
1.00000000e-02 2.00000000e-02 6.10000000e-01 1.15121682e+07
1.00000000e-02 2.00000000e-02 6.20000000e-01 1.20191248e+07
1.00000000e-02 2.00000000e-02 6.30000000e-01 1.25377340e+07
1.00000000e-02 2.00000000e-02 6.40000000e-01 1.30679982e+07
1.00000000e-02 2.00000000e-02 6.50000000e-01 1.36099162e+07
1.00000000e-02 2.00000000e-02 6.60000000e-01 1.41634857e+07
1.00000000e-02 2.00000000e-02 6.70000000e-01 1.47286983e+07
1.00000000e-02 2.00000000e-02 6.80000000e-01 1.53055402e+07
1.00000000e-02 2.00000000e-02 6.90000000e-01 1.58939953e+07
1.00000000e-02 2.00000000e-02 7.00000000e-01 1.64940427e+07
1.00000000e-02 2.00000000e-02 7.10000000e-01 1.71056619e+07
1.00000000e-02 2.00000000e-02 7.20000000e-01 1.77288248e+07
1.00000000e-02 2.00000000e-02 7.30000000e-01 1.83635018e+07
1.00000000e-02 2.00000000e-02 7.40000000e-01 1.90096597e+07
1.00000000e-02 2.00000000e-02 7.50000000e-01 1.96672629e+07
1.00000000e-02 2.00000000e-02 7.60000000e-01 2.03362731e+07
1.00000000e-02 2.00000000e-02 7.70000000e-01 2.10166457e+07
1.00000000e-02 2.00000000e-02 7.80000000e-01 2.17083375e+07
1.00000000e-02 2.00000000e-02 7.90000000e-01 2.24113014e+07
1.00000000e-02 2.00000000e-02 8.00000000e-01 2.31254855e+07
1.00000000e-02 2.00000000e-02 8.10000000e-01 2.38508347e+07
1.00000000e-02 2.00000000e-02 8.20000000e-01 2.45872948e+07
1.00000000e-02 2.00000000e-02 8.30000000e-01 2.53347900e+07
1.00000000e-02 2.00000000e-02 8.40000000e-01 2.60932782e+07
1.00000000e-02 2.00000000e-02 8.50000000e-01 2.68627040e+07
1.00000000e-02 2.00000000e-02 8.60000000e-01 2.76429952e+07
1.00000000e-02 2.00000000e-02 8.70000000e-01 2.84340780e+07
1.00000000e-02 2.00000000e-02 8.80000000e-01 2.92358880e+07
1.00000000e-02 2.00000000e-02 8.90000000e-01 3.00483488e+07
1.00000000e-02 2.00000000e-02 9.00000000e-01 3.08713860e+07
1.00000000e-02 2.00000000e-02 9.10000000e-01 3.17049250e+07
1.00000000e-02 2.00000000e-02 9.20000000e-01 3.25488815e+07
1.00000000e-02 2.00000000e-02 9.30000000e-01 3.34031815e+07
1.00000000e-02 2.00000000e-02 9.40000000e-01 3.42677341e+07
1.00000000e-02 2.00000000e-02 9.50000000e-01 3.51424653e+07
1.00000000e-02 2.00000000e-02 9.60000000e-01 3.60272855e+07
1.00000000e-02 2.00000000e-02 9.70000000e-01 3.69220974e+07
1.00000000e-02 2.00000000e-02 9.80000000e-01 3.78268117e+07
1.00000000e-02 2.00000000e-02 9.90000000e-01 3.87413391e+07
1.00000000e-02 2.00000000e-02 1.00000000e+00 3.96655914e+07
1.00000000e-02 2.00000000e-02 1.01000000e+00 4.05994692e+07
1.00000000e-02 2.00000000e-02 1.02000000e+00 4.15428750e+07
1.00000000e-02 2.00000000e-02 1.03000000e+00 4.24957147e+07
1.00000000e-02 2.00000000e-02 1.04000000e+00 4.34578975e+07
1.00000000e-02 2.00000000e-02 1.05000000e+00 4.44293148e+07
1.00000000e-02 2.00000000e-02 1.06000000e+00 4.54098645e+07
1.00000000e-02 2.00000000e-02 1.07000000e+00 4.63994390e+07
1.00000000e-02 2.00000000e-02 1.08000000e+00 4.73979401e+07
1.00000000e-02 2.00000000e-02 1.09000000e+00 4.84052571e+07
1.00000000e-02 2.00000000e-02 1.10000000e+00 4.94212904e+07
1.00000000e-02 2.00000000e-02 1.11000000e+00 5.04459299e+07
1.00000000e-02 2.00000000e-02 1.12000000e+00 5.14790666e+07
1.00000000e-02 2.00000000e-02 1.13000000e+00 5.25205909e+07
1.00000000e-02 2.00000000e-02 1.14000000e+00 5.35703862e+07
1.00000000e-02 2.00000000e-02 1.15000000e+00 5.46283481e+07
1.00000000e-02 2.00000000e-02 1.16000000e+00 5.56943601e+07
1.00000000e-02 2.00000000e-02 1.17000000e+00 5.67683085e+07
1.00000000e-02 2.00000000e-02 1.18000000e+00 5.78500789e+07
1.00000000e-02 2.00000000e-02 1.19000000e+00 5.89395559e+07
1.00000000e-02 2.00000000e-02 1.20000000e+00 6.00366234e+07
1.00000000e-02 2.00000000e-02 1.21000000e+00 6.11411611e+07
1.00000000e-02 2.00000000e-02 1.22000000e+00 6.22530575e+07
1.00000000e-02 2.00000000e-02 1.23000000e+00 6.33721926e+07
1.00000000e-02 2.00000000e-02 1.24000000e+00 6.44984451e+07
1.00000000e-02 2.00000000e-02 1.25000000e+00 6.56316971e+07
1.00000000e-02 2.00000000e-02 1.26000000e+00 6.67718240e+07
1.00000000e-02 2.00000000e-02 1.27000000e+00 6.79187124e+07
1.00000000e-02 2.00000000e-02 1.28000000e+00 6.90722397e+07
1.00000000e-02 2.00000000e-02 1.29000000e+00 7.02322805e+07
1.00000000e-02 2.00000000e-02 1.30000000e+00 7.13987171e+07
1.00000000e-02 2.00000000e-02 1.31000000e+00 7.25714238e+07
1.00000000e-02 2.00000000e-02 1.32000000e+00 7.37502779e+07
1.00000000e-02 2.00000000e-02 1.33000000e+00 7.49351599e+07
1.00000000e-02 2.00000000e-02 1.34000000e+00 7.61259434e+07
1.00000000e-02 2.00000000e-02 1.35000000e+00 7.73224999e+07
1.00000000e-02 2.00000000e-02 1.36000000e+00 7.85247164e+07
1.00000000e-02 2.00000000e-02 1.37000000e+00 7.97324577e+07
1.00000000e-02 2.00000000e-02 1.38000000e+00 8.09456087e+07
1.00000000e-02 2.00000000e-02 1.39000000e+00 8.21640360e+07
1.00000000e-02 2.00000000e-02 1.40000000e+00 8.33876271e+07
1.00000000e-02 2.00000000e-02 1.41000000e+00 8.46162482e+07
1.00000000e-02 2.00000000e-02 1.42000000e+00 8.58497762e+07
1.00000000e-02 2.00000000e-02 1.43000000e+00 8.70880781e+07
1.00000000e-02 2.00000000e-02 1.44000000e+00 8.83310417e+07
1.00000000e-02 2.00000000e-02 1.45000000e+00 8.95785336e+07
1.00000000e-02 2.00000000e-02 1.46000000e+00 9.08304279e+07
1.00000000e-02 2.00000000e-02 1.47000000e+00 9.20866101e+07
1.00000000e-02 2.00000000e-02 1.48000000e+00 9.33469424e+07
1.00000000e-02 2.00000000e-02 1.49000000e+00 9.46113076e+07
1.00000000e-02 2.00000000e-02 1.50000000e+00 9.58795650e+07
1.00000000e-02 2.00000000e-02 1.51000000e+00 9.71516119e+07
1.00000000e-02 2.00000000e-02 1.52000000e+00 9.84273122e+07
1.00000000e-02 2.00000000e-02 1.53000000e+00 9.97065496e+07
1.00000000e-02 2.00000000e-02 1.54000000e+00 1.00989194e+08
1.00000000e-02 2.00000000e-02 1.55000000e+00 1.02275120e+08
1.00000000e-02 2.00000000e-02 1.56000000e+00 1.03564203e+08
1.00000000e-02 2.00000000e-02 1.57000000e+00 1.04856319e+08
1.00000000e-02 2.00000000e-02 1.58000000e+00 1.06151352e+08
1.00000000e-02 2.00000000e-02 1.59000000e+00 1.07449170e+08
1.00000000e-02 2.00000000e-02 1.60000000e+00 1.08749647e+08
1.00000000e-02 2.00000000e-02 1.61000000e+00 1.10052676e+08
1.00000000e-02 2.00000000e-02 1.62000000e+00 1.11358144e+08
1.00000000e-02 2.00000000e-02 1.63000000e+00 1.12665883e+08
1.00000000e-02 2.00000000e-02 1.64000000e+00 1.13975802e+08
1.00000000e-02 2.00000000e-02 1.65000000e+00 1.15287778e+08
1.00000000e-02 2.00000000e-02 1.66000000e+00 1.16601692e+08
1.00000000e-02 2.00000000e-02 1.67000000e+00 1.17917418e+08
1.00000000e-02 2.00000000e-02 1.68000000e+00 1.19234845e+08
1.00000000e-02 2.00000000e-02 1.69000000e+00 1.20553838e+08
1.00000000e-02 2.00000000e-02 1.70000000e+00 1.21874284e+08
1.00000000e-02 2.00000000e-02 1.71000000e+00 1.23196074e+08
1.00000000e-02 2.00000000e-02 1.72000000e+00 1.24519085e+08
1.00000000e-02 2.00000000e-02 1.73000000e+00 1.25843196e+08
1.00000000e-02 2.00000000e-02 1.74000000e+00 1.27168290e+08
1.00000000e-02 2.00000000e-02 1.75000000e+00 1.28494252e+08
1.00000000e-02 2.00000000e-02 1.76000000e+00 1.29820977e+08
1.00000000e-02 2.00000000e-02 1.77000000e+00 1.31148320e+08
1.00000000e-02 2.00000000e-02 1.78000000e+00 1.32476174e+08
1.00000000e-02 2.00000000e-02 1.79000000e+00 1.33804452e+08
1.00000000e-02 2.00000000e-02 1.80000000e+00 1.35133003e+08
1.00000000e-02 2.00000000e-02 1.81000000e+00 1.36461754e+08
1.00000000e-02 2.00000000e-02 1.82000000e+00 1.37790566e+08
1.00000000e-02 2.00000000e-02 1.83000000e+00 1.39119336e+08
1.00000000e-02 2.00000000e-02 1.84000000e+00 1.40447949e+08
1.00000000e-02 2.00000000e-02 1.85000000e+00 1.41776301e+08
1.00000000e-02 2.00000000e-02 1.86000000e+00 1.43104282e+08
1.00000000e-02 2.00000000e-02 1.87000000e+00 1.44431773e+08
1.00000000e-02 2.00000000e-02 1.88000000e+00 1.45758670e+08
1.00000000e-02 2.00000000e-02 1.89000000e+00 1.47084865e+08
1.00000000e-02 2.00000000e-02 1.90000000e+00 1.48410240e+08
1.00000000e-02 2.00000000e-02 1.91000000e+00 1.49734711e+08
1.00000000e-02 2.00000000e-02 1.92000000e+00 1.51058155e+08
1.00000000e-02 2.00000000e-02 1.93000000e+00 1.52380465e+08
1.00000000e-02 2.00000000e-02 1.94000000e+00 1.53701549e+08
1.00000000e-02 2.00000000e-02 1.95000000e+00 1.55021309e+08
1.00000000e-02 2.00000000e-02 1.96000000e+00 1.56339629e+08
1.00000000e-02 2.00000000e-02 1.97000000e+00 1.57656405e+08
1.00000000e-02 2.00000000e-02 1.98000000e+00 1.58971542e+08
1.00000000e-02 2.00000000e-02 1.99000000e+00 1.60284957e+08
1.00000000e-02 2.00000000e-02 2.00000000e+00 1.61596510e+08
2.00000000e-02 3.00000000e-02 1.00000000e-02 4.17058738e-01
2.00000000e-02 3.00000000e-02 2.00000000e-02 2.07544889e+01
2.00000000e-02 3.00000000e-02 3.00000000e-02 1.30188086e+02
2.00000000e-02 3.00000000e-02 4.00000000e-02 4.38884416e+02
2.00000000e-02 3.00000000e-02 5.00000000e-02 1.09284682e+03
2.00000000e-02 3.00000000e-02 6.00000000e-02 2.27230809e+03
2.00000000e-02 3.00000000e-02 7.00000000e-02 4.19040956e+03
2.00000000e-02 3.00000000e-02 8.00000000e-02 7.10101303e+03
2.00000000e-02 3.00000000e-02 9.00000000e-02 1.12928580e+04
2.00000000e-02 3.00000000e-02 1.00000000e-01 1.71031223e+04
2.00000000e-02 3.00000000e-02 1.10000000e-01 2.49181994e+04
2.00000000e-02 3.00000000e-02 1.20000000e-01 3.52004062e+04
2.00000000e-02 3.00000000e-02 1.30000000e-01 4.84709393e+04
2.00000000e-02 3.00000000e-02 1.40000000e-01 6.53145577e+04
2.00000000e-02 3.00000000e-02 1.50000000e-01 8.64684359e+04
2.00000000e-02 3.00000000e-02 1.60000000e-01 1.12769713e+05
2.00000000e-02 3.00000000e-02 1.70000000e-01 1.45133301e+05
2.00000000e-02 3.00000000e-02 1.80000000e-01 1.84732307e+05
2.00000000e-02 3.00000000e-02 1.90000000e-01 2.32885418e+05
2.00000000e-02 3.00000000e-02 2.00000000e-01 2.91070573e+05
2.00000000e-02 3.00000000e-02 2.10000000e-01 3.61277972e+05
2.00000000e-02 3.00000000e-02 2.20000000e-01 4.45360856e+05
2.00000000e-02 3.00000000e-02 2.30000000e-01 5.46084103e+05
2.00000000e-02 3.00000000e-02 2.40000000e-01 6.66151144e+05
2.00000000e-02 3.00000000e-02 2.50000000e-01 8.09649459e+05
2.00000000e-02 3.00000000e-02 2.60000000e-01 9.81235745e+05
2.00000000e-02 3.00000000e-02 2.70000000e-01 1.18981116e+06
2.00000000e-02 3.00000000e-02 2.80000000e-01 1.45260245e+06
2.00000000e-02 3.00000000e-02 2.90000000e-01 1.81268559e+06
2.00000000e-02 3.00000000e-02 3.00000000e-01 2.13142484e+06
2.00000000e-02 3.00000000e-02 3.10000000e-01 2.44478793e+06
2.00000000e-02 3.00000000e-02 3.20000000e-01 2.76385620e+06
2.00000000e-02 3.00000000e-02 3.30000000e-01 3.09270868e+06
2.00000000e-02 3.00000000e-02 3.40000000e-01 3.43349201e+06
2.00000000e-02 3.00000000e-02 3.50000000e-01 3.78754774e+06
2.00000000e-02 3.00000000e-02 3.60000000e-01 4.15580784e+06
2.00000000e-02 3.00000000e-02 3.70000000e-01 4.53897294e+06
2.00000000e-02 3.00000000e-02 3.80000000e-01 4.93759042e+06
2.00000000e-02 3.00000000e-02 3.90000000e-01 5.35211019e+06
2.00000000e-02 3.00000000e-02 4.00000000e-01 5.78291577e+06
2.00000000e-02 3.00000000e-02 4.10000000e-01 6.23033017e+06
2.00000000e-02 3.00000000e-02 4.20000000e-01 6.69464350e+06
2.00000000e-02 3.00000000e-02 4.30000000e-01 7.17610770e+06
2.00000000e-02 3.00000000e-02 4.40000000e-01 7.67494624e+06
2.00000000e-02 3.00000000e-02 4.50000000e-01 8.19136929e+06
2.00000000e-02 3.00000000e-02 4.60000000e-01 8.72555988e+06
2.00000000e-02 3.00000000e-02 4.70000000e-01 9.27768547e+06
2.00000000e-02 3.00000000e-02 4.80000000e-01 9.84789890e+06
2.00000000e-02 3.00000000e-02 4.90000000e-01 1.04363396e+07
2.00000000e-02 3.00000000e-02 5.00000000e-01 1.10431320e+07
2.00000000e-02 3.00000000e-02 5.10000000e-01 1.16683909e+07
2.00000000e-02 3.00000000e-02 5.20000000e-01 1.23122158e+07
2.00000000e-02 3.00000000e-02 5.30000000e-01 1.29746999e+07
2.00000000e-02 3.00000000e-02 5.40000000e-01 1.36559263e+07
2.00000000e-02 3.00000000e-02 5.50000000e-01 1.43559647e+07
2.00000000e-02 3.00000000e-02 5.60000000e-01 1.50748837e+07
2.00000000e-02 3.00000000e-02 5.70000000e-01 1.58127315e+07
2.00000000e-02 3.00000000e-02 5.80000000e-01 1.65695580e+07
2.00000000e-02 3.00000000e-02 5.90000000e-01 1.73453981e+07
2.00000000e-02 3.00000000e-02 6.00000000e-01 1.81402879e+07
2.00000000e-02 3.00000000e-02 6.10000000e-01 1.89542465e+07
2.00000000e-02 3.00000000e-02 6.20000000e-01 1.97872923e+07
2.00000000e-02 3.00000000e-02 6.30000000e-01 2.06394329e+07
2.00000000e-02 3.00000000e-02 6.40000000e-01 2.15106659e+07
2.00000000e-02 3.00000000e-02 6.50000000e-01 2.24009939e+07
2.00000000e-02 3.00000000e-02 6.60000000e-01 2.33104031e+07
2.00000000e-02 3.00000000e-02 6.70000000e-01 2.42388779e+07
2.00000000e-02 3.00000000e-02 6.80000000e-01 2.51863892e+07
2.00000000e-02 3.00000000e-02 6.90000000e-01 2.61529140e+07
2.00000000e-02 3.00000000e-02 7.00000000e-01 2.71384096e+07
2.00000000e-02 3.00000000e-02 7.10000000e-01 2.81428394e+07
2.00000000e-02 3.00000000e-02 7.20000000e-01 2.91661555e+07
2.00000000e-02 3.00000000e-02 7.30000000e-01 3.02083045e+07
2.00000000e-02 3.00000000e-02 7.40000000e-01 3.12692350e+07
2.00000000e-02 3.00000000e-02 7.50000000e-01 3.23488773e+07
2.00000000e-02 3.00000000e-02 7.60000000e-01 3.34471614e+07
2.00000000e-02 3.00000000e-02 7.70000000e-01 3.45640269e+07
2.00000000e-02 3.00000000e-02 7.80000000e-01 3.56993875e+07
2.00000000e-02 3.00000000e-02 7.90000000e-01 3.68531638e+07
2.00000000e-02 3.00000000e-02 8.00000000e-01 3.80252794e+07
2.00000000e-02 3.00000000e-02 8.10000000e-01 3.92156266e+07
2.00000000e-02 3.00000000e-02 8.20000000e-01 4.04241102e+07
2.00000000e-02 3.00000000e-02 8.30000000e-01 4.16506403e+07
2.00000000e-02 3.00000000e-02 8.40000000e-01 4.28951091e+07
2.00000000e-02 3.00000000e-02 8.50000000e-01 4.41574101e+07
2.00000000e-02 3.00000000e-02 8.60000000e-01 4.54374313e+07
2.00000000e-02 3.00000000e-02 8.70000000e-01 4.67350609e+07
2.00000000e-02 3.00000000e-02 8.80000000e-01 4.80501756e+07
2.00000000e-02 3.00000000e-02 8.90000000e-01 4.93826603e+07
2.00000000e-02 3.00000000e-02 9.00000000e-01 5.07323801e+07
2.00000000e-02 3.00000000e-02 9.10000000e-01 5.20992132e+07
2.00000000e-02 3.00000000e-02 9.20000000e-01 5.34830206e+07
2.00000000e-02 3.00000000e-02 9.30000000e-01 5.48836595e+07
2.00000000e-02 3.00000000e-02 9.40000000e-01 5.63010277e+07
2.00000000e-02 3.00000000e-02 9.50000000e-01 5.77349504e+07
2.00000000e-02 3.00000000e-02 9.60000000e-01 5.91852908e+07
2.00000000e-02 3.00000000e-02 9.70000000e-01 6.06519076e+07
2.00000000e-02 3.00000000e-02 9.80000000e-01 6.21346355e+07
2.00000000e-02 3.00000000e-02 9.90000000e-01 6.36333316e+07
2.00000000e-02 3.00000000e-02 1.00000000e+00 6.51478431e+07
2.00000000e-02 3.00000000e-02 1.01000000e+00 6.66779858e+07
2.00000000e-02 3.00000000e-02 1.02000000e+00 6.82236378e+07
2.00000000e-02 3.00000000e-02 1.03000000e+00 6.97846119e+07
2.00000000e-02 3.00000000e-02 1.04000000e+00 7.13607349e+07
2.00000000e-02 3.00000000e-02 1.05000000e+00 7.29518681e+07
2.00000000e-02 3.00000000e-02 1.06000000e+00 7.45578181e+07
2.00000000e-02 3.00000000e-02 1.07000000e+00 7.61784278e+07
2.00000000e-02 3.00000000e-02 1.08000000e+00 7.78135046e+07
2.00000000e-02 3.00000000e-02 1.09000000e+00 7.94628868e+07
2.00000000e-02 3.00000000e-02 1.10000000e+00 8.11263882e+07
2.00000000e-02 3.00000000e-02 1.11000000e+00 8.28038376e+07
2.00000000e-02 3.00000000e-02 1.12000000e+00 8.44950633e+07
2.00000000e-02 3.00000000e-02 1.13000000e+00 8.61998674e+07
2.00000000e-02 3.00000000e-02 1.14000000e+00 8.79180514e+07
2.00000000e-02 3.00000000e-02 1.15000000e+00 8.96494465e+07
2.00000000e-02 3.00000000e-02 1.16000000e+00 9.13938770e+07
2.00000000e-02 3.00000000e-02 1.17000000e+00 9.31511324e+07
2.00000000e-02 3.00000000e-02 1.18000000e+00 9.49210108e+07
2.00000000e-02 3.00000000e-02 1.19000000e+00 9.67033606e+07
2.00000000e-02 3.00000000e-02 1.20000000e+00 9.84979673e+07
2.00000000e-02 3.00000000e-02 1.21000000e+00 1.00304646e+08
2.00000000e-02 3.00000000e-02 1.22000000e+00 1.02123179e+08
2.00000000e-02 3.00000000e-02 1.23000000e+00 1.03953385e+08
2.00000000e-02 3.00000000e-02 1.24000000e+00 1.05795064e+08
2.00000000e-02 3.00000000e-02 1.25000000e+00 1.07648021e+08
2.00000000e-02 3.00000000e-02 1.26000000e+00 1.09512055e+08
2.00000000e-02 3.00000000e-02 1.27000000e+00 1.11386966e+08
2.00000000e-02 3.00000000e-02 1.28000000e+00 1.13272554e+08
2.00000000e-02 3.00000000e-02 1.29000000e+00 1.15168617e+08
2.00000000e-02 3.00000000e-02 1.30000000e+00 1.17074953e+08
2.00000000e-02 3.00000000e-02 1.31000000e+00 1.18991362e+08
2.00000000e-02 3.00000000e-02 1.32000000e+00 1.20917636e+08
2.00000000e-02 3.00000000e-02 1.33000000e+00 1.22853578e+08
2.00000000e-02 3.00000000e-02 1.34000000e+00 1.24798973e+08
2.00000000e-02 3.00000000e-02 1.35000000e+00 1.26753619e+08
2.00000000e-02 3.00000000e-02 1.36000000e+00 1.28717314e+08
2.00000000e-02 3.00000000e-02 1.37000000e+00 1.30689849e+08
2.00000000e-02 3.00000000e-02 1.38000000e+00 1.32671021e+08
2.00000000e-02 3.00000000e-02 1.39000000e+00 1.34660611e+08
2.00000000e-02 3.00000000e-02 1.40000000e+00 1.36658443e+08
2.00000000e-02 3.00000000e-02 1.41000000e+00 1.38664295e+08
2.00000000e-02 3.00000000e-02 1.42000000e+00 1.40677956e+08
2.00000000e-02 3.00000000e-02 1.43000000e+00 1.42699225e+08
2.00000000e-02 3.00000000e-02 1.44000000e+00 1.44727893e+08
2.00000000e-02 3.00000000e-02 1.45000000e+00 1.46763754e+08
2.00000000e-02 3.00000000e-02 1.46000000e+00 1.48806596e+08
2.00000000e-02 3.00000000e-02 1.47000000e+00 1.50856227e+08
2.00000000e-02 3.00000000e-02 1.48000000e+00 1.52912429e+08
2.00000000e-02 3.00000000e-02 1.49000000e+00 1.54974989e+08
2.00000000e-02 3.00000000e-02 1.50000000e+00 1.57043722e+08
2.00000000e-02 3.00000000e-02 1.51000000e+00 1.59118399e+08
2.00000000e-02 3.00000000e-02 1.52000000e+00 1.61198821e+08
2.00000000e-02 3.00000000e-02 1.53000000e+00 1.63284776e+08
2.00000000e-02 3.00000000e-02 1.54000000e+00 1.65376081e+08
2.00000000e-02 3.00000000e-02 1.55000000e+00 1.67472520e+08
2.00000000e-02 3.00000000e-02 1.56000000e+00 1.69573887e+08
2.00000000e-02 3.00000000e-02 1.57000000e+00 1.71679979e+08
2.00000000e-02 3.00000000e-02 1.58000000e+00 1.73790591e+08
2.00000000e-02 3.00000000e-02 1.59000000e+00 1.75905524e+08
2.00000000e-02 3.00000000e-02 1.60000000e+00 1.78024571e+08
2.00000000e-02 3.00000000e-02 1.61000000e+00 1.80147534e+08
2.00000000e-02 3.00000000e-02 1.62000000e+00 1.82274248e+08
2.00000000e-02 3.00000000e-02 1.63000000e+00 1.84404442e+08
2.00000000e-02 3.00000000e-02 1.64000000e+00 1.86537939e+08
2.00000000e-02 3.00000000e-02 1.65000000e+00 1.88674555e+08
2.00000000e-02 3.00000000e-02 1.66000000e+00 1.90814103e+08
2.00000000e-02 3.00000000e-02 1.67000000e+00 1.92956352e+08
2.00000000e-02 3.00000000e-02 1.68000000e+00 1.95101116e+08
2.00000000e-02 3.00000000e-02 1.69000000e+00 1.97248223e+08
2.00000000e-02 3.00000000e-02 1.70000000e+00 1.99397451e+08
2.00000000e-02 3.00000000e-02 1.71000000e+00 2.01548631e+08
2.00000000e-02 3.00000000e-02 1.72000000e+00 2.03701530e+08
2.00000000e-02 3.00000000e-02 1.73000000e+00 2.05855975e+08
2.00000000e-02 3.00000000e-02 1.74000000e+00 2.08011765e+08
2.00000000e-02 3.00000000e-02 1.75000000e+00 2.10168729e+08
2.00000000e-02 3.00000000e-02 1.76000000e+00 2.12326653e+08
2.00000000e-02 3.00000000e-02 1.77000000e+00 2.14485358e+08
2.00000000e-02 3.00000000e-02 1.78000000e+00 2.16644673e+08
2.00000000e-02 3.00000000e-02 1.79000000e+00 2.18804372e+08
2.00000000e-02 3.00000000e-02 1.80000000e+00 2.20964313e+08
2.00000000e-02 3.00000000e-02 1.81000000e+00 2.23124305e+08
2.00000000e-02 3.00000000e-02 1.82000000e+00 2.25284105e+08
2.00000000e-02 3.00000000e-02 1.83000000e+00 2.27443599e+08
2.00000000e-02 3.00000000e-02 1.84000000e+00 2.29602511e+08
2.00000000e-02 3.00000000e-02 1.85000000e+00 2.31760756e+08
2.00000000e-02 3.00000000e-02 1.86000000e+00 2.33918140e+08
2.00000000e-02 3.00000000e-02 1.87000000e+00 2.36074479e+08
2.00000000e-02 3.00000000e-02 1.88000000e+00 2.38229586e+08
2.00000000e-02 3.00000000e-02 1.89000000e+00 2.40383291e+08
2.00000000e-02 3.00000000e-02 1.90000000e+00 2.42535393e+08
2.00000000e-02 3.00000000e-02 1.91000000e+00 2.44685755e+08
2.00000000e-02 3.00000000e-02 1.92000000e+00 2.46834172e+08
2.00000000e-02 3.00000000e-02 1.93000000e+00 2.48980463e+08
2.00000000e-02 3.00000000e-02 1.94000000e+00 2.51124514e+08
2.00000000e-02 3.00000000e-02 1.95000000e+00 2.53266118e+08
2.00000000e-02 3.00000000e-02 1.96000000e+00 2.55405118e+08
2.00000000e-02 3.00000000e-02 1.97000000e+00 2.57541301e+08
2.00000000e-02 3.00000000e-02 1.98000000e+00 2.59674574e+08
2.00000000e-02 3.00000000e-02 1.99000000e+00 2.61804714e+08
2.00000000e-02 3.00000000e-02 2.00000000e+00 2.63931572e+08
3.00000000e-02 4.00000000e-02 1.00000000e-02 5.84147766e-01
3.00000000e-02 4.00000000e-02 2.00000000e-02 2.90746894e+01
3.00000000e-02 4.00000000e-02 3.00000000e-02 1.82406303e+02
3.00000000e-02 4.00000000e-02 4.00000000e-02 6.14999861e+02
3.00000000e-02 4.00000000e-02 5.00000000e-02 1.53159138e+03
3.00000000e-02 4.00000000e-02 6.00000000e-02 3.18501203e+03
3.00000000e-02 4.00000000e-02 7.00000000e-02 5.87430282e+03
3.00000000e-02 4.00000000e-02 8.00000000e-02 9.95596674e+03
3.00000000e-02 4.00000000e-02 9.00000000e-02 1.58355688e+04
3.00000000e-02 4.00000000e-02 1.00000000e-01 2.39870230e+04
3.00000000e-02 4.00000000e-02 1.10000000e-01 3.49535992e+04
3.00000000e-02 4.00000000e-02 1.20000000e-01 4.93861555e+04
3.00000000e-02 4.00000000e-02 1.30000000e-01 6.80187945e+04
3.00000000e-02 4.00000000e-02 1.40000000e-01 9.16765056e+04
3.00000000e-02 4.00000000e-02 1.50000000e-01 1.21399775e+05
3.00000000e-02 4.00000000e-02 1.60000000e-01 1.58372496e+05
3.00000000e-02 4.00000000e-02 1.70000000e-01 2.03891560e+05
3.00000000e-02 4.00000000e-02 1.80000000e-01 2.59622580e+05
3.00000000e-02 4.00000000e-02 1.90000000e-01 3.27445118e+05
3.00000000e-02 4.00000000e-02 2.00000000e-01 4.09475823e+05
3.00000000e-02 4.00000000e-02 2.10000000e-01 5.08574115e+05
3.00000000e-02 4.00000000e-02 2.20000000e-01 6.27438535e+05
3.00000000e-02 4.00000000e-02 2.30000000e-01 7.70120542e+05
3.00000000e-02 4.00000000e-02 2.40000000e-01 9.40678259e+05
3.00000000e-02 4.00000000e-02 2.50000000e-01 1.14538538e+06
3.00000000e-02 4.00000000e-02 2.60000000e-01 1.39185204e+06
3.00000000e-02 4.00000000e-02 2.70000000e-01 1.69591845e+06
3.00000000e-02 4.00000000e-02 2.80000000e-01 2.10854569e+06
3.00000000e-02 4.00000000e-02 2.90000000e-01 2.57600708e+06
3.00000000e-02 4.00000000e-02 3.00000000e-01 2.99745978e+06
3.00000000e-02 4.00000000e-02 3.10000000e-01 3.42048291e+06
3.00000000e-02 4.00000000e-02 3.20000000e-01 3.85429311e+06
3.00000000e-02 4.00000000e-02 3.30000000e-01 4.30298565e+06
3.00000000e-02 4.00000000e-02 3.40000000e-01 4.76889760e+06
3.00000000e-02 4.00000000e-02 3.50000000e-01 5.25358030e+06
3.00000000e-02 4.00000000e-02 3.60000000e-01 5.75813288e+06
3.00000000e-02 4.00000000e-02 3.70000000e-01 6.28341095e+06
3.00000000e-02 4.00000000e-02 3.80000000e-01 6.83009603e+06
3.00000000e-02 4.00000000e-02 3.90000000e-01 7.39875677e+06
3.00000000e-02 4.00000000e-02 4.00000000e-01 7.98987434e+06
3.00000000e-02 4.00000000e-02 4.10000000e-01 8.60386873e+06
3.00000000e-02 4.00000000e-02 4.20000000e-01 9.24111074e+06
3.00000000e-02 4.00000000e-02 4.30000000e-01 9.90193204e+06
3.00000000e-02 4.00000000e-02 4.40000000e-01 1.05866245e+07
3.00000000e-02 4.00000000e-02 4.50000000e-01 1.12954583e+07
3.00000000e-02 4.00000000e-02 4.60000000e-01 1.20286718e+07
3.00000000e-02 4.00000000e-02 4.70000000e-01 1.27864874e+07
3.00000000e-02 4.00000000e-02 4.80000000e-01 1.35691039e+07
3.00000000e-02 4.00000000e-02 4.90000000e-01 1.43766988e+07
3.00000000e-02 4.00000000e-02 5.00000000e-01 1.52094381e+07
3.00000000e-02 4.00000000e-02 5.10000000e-01 1.60674690e+07
3.00000000e-02 4.00000000e-02 5.20000000e-01 1.69509230e+07
3.00000000e-02 4.00000000e-02 5.30000000e-01 1.78599231e+07
3.00000000e-02 4.00000000e-02 5.40000000e-01 1.87945682e+07
3.00000000e-02 4.00000000e-02 5.50000000e-01 1.97549493e+07
3.00000000e-02 4.00000000e-02 5.60000000e-01 2.07411503e+07
3.00000000e-02 4.00000000e-02 5.70000000e-01 2.17532395e+07
3.00000000e-02 4.00000000e-02 5.80000000e-01 2.27912777e+07
3.00000000e-02 4.00000000e-02 5.90000000e-01 2.38553020e+07
3.00000000e-02 4.00000000e-02 6.00000000e-01 2.49453485e+07
3.00000000e-02 4.00000000e-02 6.10000000e-01 2.60614499e+07
3.00000000e-02 4.00000000e-02 6.20000000e-01 2.72036097e+07
3.00000000e-02 4.00000000e-02 6.30000000e-01 2.83718446e+07
3.00000000e-02 4.00000000e-02 6.40000000e-01 2.95661347e+07
3.00000000e-02 4.00000000e-02 6.50000000e-01 3.07864839e+07
3.00000000e-02 4.00000000e-02 6.60000000e-01 3.20328603e+07
3.00000000e-02 4.00000000e-02 6.70000000e-01 3.33052331e+07
3.00000000e-02 4.00000000e-02 6.80000000e-01 3.46035736e+07
3.00000000e-02 4.00000000e-02 6.90000000e-01 3.59278245e+07
3.00000000e-02 4.00000000e-02 7.00000000e-01 3.72779328e+07
3.00000000e-02 4.00000000e-02 7.10000000e-01 3.86538380e+07
3.00000000e-02 4.00000000e-02 7.20000000e-01 4.00554666e+07
3.00000000e-02 4.00000000e-02 7.30000000e-01 4.14827413e+07
3.00000000e-02 4.00000000e-02 7.40000000e-01 4.29355767e+07
3.00000000e-02 4.00000000e-02 7.50000000e-01 4.44138833e+07
3.00000000e-02 4.00000000e-02 7.60000000e-01 4.59175620e+07
3.00000000e-02 4.00000000e-02 7.70000000e-01 4.74464981e+07
3.00000000e-02 4.00000000e-02 7.80000000e-01 4.90005906e+07
3.00000000e-02 4.00000000e-02 7.90000000e-01 5.05797171e+07
3.00000000e-02 4.00000000e-02 8.00000000e-01 5.21837472e+07
3.00000000e-02 4.00000000e-02 8.10000000e-01 5.38125623e+07
3.00000000e-02 4.00000000e-02 8.20000000e-01 5.54660185e+07
3.00000000e-02 4.00000000e-02 8.30000000e-01 5.71439731e+07
3.00000000e-02 4.00000000e-02 8.40000000e-01 5.88462789e+07
3.00000000e-02 4.00000000e-02 8.50000000e-01 6.05727854e+07
3.00000000e-02 4.00000000e-02 8.60000000e-01 6.23233203e+07
3.00000000e-02 4.00000000e-02 8.70000000e-01 6.40977382e+07
3.00000000e-02 4.00000000e-02 8.80000000e-01 6.58958611e+07
3.00000000e-02 4.00000000e-02 8.90000000e-01 6.77175244e+07
3.00000000e-02 4.00000000e-02 9.00000000e-01 6.95625267e+07
3.00000000e-02 4.00000000e-02 9.10000000e-01 7.14306942e+07
3.00000000e-02 4.00000000e-02 9.20000000e-01 7.33218539e+07
3.00000000e-02 4.00000000e-02 9.30000000e-01 7.52358191e+07
3.00000000e-02 4.00000000e-02 9.40000000e-01 7.71723725e+07
3.00000000e-02 4.00000000e-02 9.50000000e-01 7.91313087e+07
3.00000000e-02 4.00000000e-02 9.60000000e-01 8.11124459e+07
3.00000000e-02 4.00000000e-02 9.70000000e-01 8.31155856e+07
3.00000000e-02 4.00000000e-02 9.80000000e-01 8.51404993e+07
3.00000000e-02 4.00000000e-02 9.90000000e-01 8.71869485e+07
3.00000000e-02 4.00000000e-02 1.00000000e+00 8.92547315e+07
3.00000000e-02 4.00000000e-02 1.01000000e+00 9.13436289e+07
3.00000000e-02 4.00000000e-02 1.02000000e+00 9.34533966e+07
3.00000000e-02 4.00000000e-02 1.03000000e+00 9.55838482e+07
3.00000000e-02 4.00000000e-02 1.04000000e+00 9.77347265e+07
3.00000000e-02 4.00000000e-02 1.05000000e+00 9.99057614e+07
3.00000000e-02 4.00000000e-02 1.06000000e+00 1.02096772e+08
3.00000000e-02 4.00000000e-02 1.07000000e+00 1.04307521e+08
3.00000000e-02 4.00000000e-02 1.08000000e+00 1.06537726e+08
3.00000000e-02 4.00000000e-02 1.09000000e+00 1.08787138e+08
3.00000000e-02 4.00000000e-02 1.10000000e+00 1.11055523e+08
3.00000000e-02 4.00000000e-02 1.11000000e+00 1.13342635e+08
3.00000000e-02 4.00000000e-02 1.12000000e+00 1.15648224e+08
3.00000000e-02 4.00000000e-02 1.13000000e+00 1.17972042e+08
3.00000000e-02 4.00000000e-02 1.14000000e+00 1.20313786e+08
3.00000000e-02 4.00000000e-02 1.15000000e+00 1.22673235e+08
3.00000000e-02 4.00000000e-02 1.16000000e+00 1.25050102e+08
3.00000000e-02 4.00000000e-02 1.17000000e+00 1.27444161e+08
3.00000000e-02 4.00000000e-02 1.18000000e+00 1.29855145e+08
3.00000000e-02 4.00000000e-02 1.19000000e+00 1.32282800e+08
3.00000000e-02 4.00000000e-02 1.20000000e+00 1.34726780e+08
3.00000000e-02 4.00000000e-02 1.21000000e+00 1.37186855e+08
3.00000000e-02 4.00000000e-02 1.22000000e+00 1.39662743e+08
3.00000000e-02 4.00000000e-02 1.23000000e+00 1.42154170e+08
3.00000000e-02 4.00000000e-02 1.24000000e+00 1.44660901e+08
3.00000000e-02 4.00000000e-02 1.25000000e+00 1.47182621e+08
3.00000000e-02 4.00000000e-02 1.26000000e+00 1.49719114e+08
3.00000000e-02 4.00000000e-02 1.27000000e+00 1.52270045e+08
3.00000000e-02 4.00000000e-02 1.28000000e+00 1.54835135e+08
3.00000000e-02 4.00000000e-02 1.29000000e+00 1.57414116e+08
3.00000000e-02 4.00000000e-02 1.30000000e+00 1.60006726e+08
3.00000000e-02 4.00000000e-02 1.31000000e+00 1.62612664e+08
3.00000000e-02 4.00000000e-02 1.32000000e+00 1.65231643e+08
3.00000000e-02 4.00000000e-02 1.33000000e+00 1.67863396e+08
3.00000000e-02 4.00000000e-02 1.34000000e+00 1.70507624e+08
3.00000000e-02 4.00000000e-02 1.35000000e+00 1.73164034e+08
3.00000000e-02 4.00000000e-02 1.36000000e+00 1.75832362e+08
3.00000000e-02 4.00000000e-02 1.37000000e+00 1.78512348e+08
3.00000000e-02 4.00000000e-02 1.38000000e+00 1.81203658e+08
3.00000000e-02 4.00000000e-02 1.39000000e+00 1.83906101e+08
3.00000000e-02 4.00000000e-02 1.40000000e+00 1.86619293e+08
3.00000000e-02 4.00000000e-02 1.41000000e+00 1.89342955e+08
3.00000000e-02 4.00000000e-02 1.42000000e+00 1.92076755e+08
3.00000000e-02 4.00000000e-02 1.43000000e+00 1.94820560e+08
3.00000000e-02 4.00000000e-02 1.44000000e+00 1.97573970e+08
3.00000000e-02 4.00000000e-02 1.45000000e+00 2.00336733e+08
3.00000000e-02 4.00000000e-02 1.46000000e+00 2.03108524e+08
3.00000000e-02 4.00000000e-02 1.47000000e+00 2.05889174e+08
3.00000000e-02 4.00000000e-02 1.48000000e+00 2.08678185e+08
3.00000000e-02 4.00000000e-02 1.49000000e+00 2.11475554e+08
3.00000000e-02 4.00000000e-02 1.50000000e+00 2.14280758e+08
3.00000000e-02 4.00000000e-02 1.51000000e+00 2.17093652e+08
3.00000000e-02 4.00000000e-02 1.52000000e+00 2.19913896e+08
3.00000000e-02 4.00000000e-02 1.53000000e+00 2.22741254e+08
3.00000000e-02 4.00000000e-02 1.54000000e+00 2.25575397e+08
3.00000000e-02 4.00000000e-02 1.55000000e+00 2.28416042e+08
3.00000000e-02 4.00000000e-02 1.56000000e+00 2.31262934e+08
3.00000000e-02 4.00000000e-02 1.57000000e+00 2.34115784e+08
3.00000000e-02 4.00000000e-02 1.58000000e+00 2.36974220e+08
3.00000000e-02 4.00000000e-02 1.59000000e+00 2.39838141e+08
3.00000000e-02 4.00000000e-02 1.60000000e+00 2.42707178e+08
3.00000000e-02 4.00000000e-02 1.61000000e+00 2.45581045e+08
3.00000000e-02 4.00000000e-02 1.62000000e+00 2.48459483e+08
3.00000000e-02 4.00000000e-02 1.63000000e+00 2.51342213e+08
3.00000000e-02 4.00000000e-02 1.64000000e+00 2.54228968e+08
3.00000000e-02 4.00000000e-02 1.65000000e+00 2.57119458e+08
3.00000000e-02 4.00000000e-02 1.66000000e+00 2.60013393e+08
3.00000000e-02 4.00000000e-02 1.67000000e+00 2.62910514e+08
3.00000000e-02 4.00000000e-02 1.68000000e+00 2.65810555e+08
3.00000000e-02 4.00000000e-02 1.69000000e+00 2.68713307e+08
3.00000000e-02 4.00000000e-02 1.70000000e+00 2.71618418e+08
3.00000000e-02 4.00000000e-02 1.71000000e+00 2.74525564e+08
3.00000000e-02 4.00000000e-02 1.72000000e+00 2.77434656e+08
3.00000000e-02 4.00000000e-02 1.73000000e+00 2.80345334e+08
3.00000000e-02 4.00000000e-02 1.74000000e+00 2.83257322e+08
3.00000000e-02 4.00000000e-02 1.75000000e+00 2.86170404e+08
3.00000000e-02 4.00000000e-02 1.76000000e+00 2.89084257e+08
3.00000000e-02 4.00000000e-02 1.77000000e+00 2.91998672e+08
3.00000000e-02 4.00000000e-02 1.78000000e+00 2.94913400e+08
3.00000000e-02 4.00000000e-02 1.79000000e+00 2.97828144e+08
3.00000000e-02 4.00000000e-02 1.80000000e+00 3.00742671e+08
3.00000000e-02 4.00000000e-02 1.81000000e+00 3.03656738e+08
3.00000000e-02 4.00000000e-02 1.82000000e+00 3.06570054e+08
3.00000000e-02 4.00000000e-02 1.83000000e+00 3.09482416e+08
3.00000000e-02 4.00000000e-02 1.84000000e+00 3.12393558e+08
3.00000000e-02 4.00000000e-02 1.85000000e+00 3.15303251e+08
3.00000000e-02 4.00000000e-02 1.86000000e+00 3.18211217e+08
3.00000000e-02 4.00000000e-02 1.87000000e+00 3.21117221e+08
3.00000000e-02 4.00000000e-02 1.88000000e+00 3.24021047e+08
3.00000000e-02 4.00000000e-02 1.89000000e+00 3.26922410e+08
3.00000000e-02 4.00000000e-02 1.90000000e+00 3.29821078e+08
3.00000000e-02 4.00000000e-02 1.91000000e+00 3.32716833e+08
3.00000000e-02 4.00000000e-02 1.92000000e+00 3.35609452e+08
3.00000000e-02 4.00000000e-02 1.93000000e+00 3.38498705e+08
3.00000000e-02 4.00000000e-02 1.94000000e+00 3.41384321e+08
3.00000000e-02 4.00000000e-02 1.95000000e+00 3.44266091e+08
3.00000000e-02 4.00000000e-02 1.96000000e+00 3.47143771e+08
3.00000000e-02 4.00000000e-02 1.97000000e+00 3.50017164e+08
3.00000000e-02 4.00000000e-02 1.98000000e+00 3.52886036e+08
3.00000000e-02 4.00000000e-02 1.99000000e+00 3.55750168e+08
3.00000000e-02 4.00000000e-02 2.00000000e+00 3.58609325e+08
4.00000000e-02 5.00000000e-02 1.00000000e-02 7.51502466e-01
4.00000000e-02 5.00000000e-02 2.00000000e-02 3.74139271e+01
4.00000000e-02 5.00000000e-02 3.00000000e-02 2.34768237e+02
4.00000000e-02 5.00000000e-02 4.00000000e-02 7.91682035e+02
4.00000000e-02 5.00000000e-02 5.00000000e-02 1.97195240e+03
4.00000000e-02 5.00000000e-02 6.00000000e-02 4.10150751e+03
4.00000000e-02 5.00000000e-02 7.00000000e-02 7.56605320e+03
4.00000000e-02 5.00000000e-02 8.00000000e-02 1.28255841e+04
4.00000000e-02 5.00000000e-02 9.00000000e-02 2.04039536e+04
4.00000000e-02 5.00000000e-02 1.00000000e-01 3.09136697e+04
4.00000000e-02 5.00000000e-02 1.10000000e-01 4.50576476e+04
4.00000000e-02 5.00000000e-02 1.20000000e-01 6.36784461e+04
4.00000000e-02 5.00000000e-02 1.30000000e-01 8.77278782e+04
4.00000000e-02 5.00000000e-02 1.40000000e-01 1.18277432e+05
4.00000000e-02 5.00000000e-02 1.50000000e-01 1.56680125e+05
4.00000000e-02 5.00000000e-02 1.60000000e-01 2.04479721e+05
4.00000000e-02 5.00000000e-02 1.70000000e-01 2.63371461e+05
4.00000000e-02 5.00000000e-02 1.80000000e-01 3.35540176e+05
4.00000000e-02 5.00000000e-02 1.90000000e-01 4.23462817e+05
4.00000000e-02 5.00000000e-02 2.00000000e-01 5.29943529e+05
4.00000000e-02 5.00000000e-02 2.10000000e-01 6.58800616e+05
4.00000000e-02 5.00000000e-02 2.20000000e-01 8.13698913e+05
4.00000000e-02 5.00000000e-02 2.30000000e-01 1.00019693e+06
4.00000000e-02 5.00000000e-02 2.40000000e-01 1.22408166e+06
4.00000000e-02 5.00000000e-02 2.50000000e-01 1.49459589e+06
4.00000000e-02 5.00000000e-02 2.60000000e-01 1.82422430e+06
4.00000000e-02 5.00000000e-02 2.70000000e-01 2.24456056e+06
4.00000000e-02 5.00000000e-02 2.80000000e-01 2.82632040e+06
4.00000000e-02 5.00000000e-02 2.90000000e-01 3.34906829e+06
4.00000000e-02 5.00000000e-02 3.00000000e-01 3.86117041e+06
4.00000000e-02 5.00000000e-02 3.10000000e-01 4.38292433e+06
4.00000000e-02 5.00000000e-02 3.20000000e-01 4.92137894e+06
4.00000000e-02 5.00000000e-02 3.30000000e-01 5.48020371e+06
4.00000000e-02 5.00000000e-02 3.40000000e-01 6.06167594e+06
4.00000000e-02 5.00000000e-02 3.50000000e-01 6.66736233e+06
4.00000000e-02 5.00000000e-02 3.60000000e-01 7.29844282e+06
4.00000000e-02 5.00000000e-02 3.70000000e-01 7.95584862e+06
4.00000000e-02 5.00000000e-02 3.80000000e-01 8.64033981e+06
4.00000000e-02 5.00000000e-02 3.90000000e-01 9.35255676e+06
4.00000000e-02 5.00000000e-02 4.00000000e-01 1.00930566e+07
4.00000000e-02 5.00000000e-02 4.10000000e-01 1.08623238e+07
4.00000000e-02 5.00000000e-02 4.20000000e-01 1.16607938e+07
4.00000000e-02 5.00000000e-02 4.30000000e-01 1.24888514e+07
4.00000000e-02 5.00000000e-02 4.40000000e-01 1.33468256e+07
4.00000000e-02 5.00000000e-02 4.50000000e-01 1.42350407e+07
4.00000000e-02 5.00000000e-02 4.60000000e-01 1.51537894e+07
4.00000000e-02 5.00000000e-02 4.70000000e-01 1.61033281e+07
4.00000000e-02 5.00000000e-02 4.80000000e-01 1.70838871e+07
4.00000000e-02 5.00000000e-02 4.90000000e-01 1.80956709e+07
4.00000000e-02 5.00000000e-02 5.00000000e-01 1.91388834e+07
4.00000000e-02 5.00000000e-02 5.10000000e-01 2.02136867e+07
4.00000000e-02 5.00000000e-02 5.20000000e-01 2.13202451e+07
4.00000000e-02 5.00000000e-02 5.30000000e-01 2.24586950e+07
4.00000000e-02 5.00000000e-02 5.40000000e-01 2.36291500e+07
4.00000000e-02 5.00000000e-02 5.50000000e-01 2.48317187e+07
4.00000000e-02 5.00000000e-02 5.60000000e-01 2.60664764e+07
4.00000000e-02 5.00000000e-02 5.70000000e-01 2.73335012e+07
4.00000000e-02 5.00000000e-02 5.80000000e-01 2.86328534e+07
4.00000000e-02 5.00000000e-02 5.90000000e-01 2.99645765e+07
4.00000000e-02 5.00000000e-02 6.00000000e-01 3.13287075e+07
4.00000000e-02 5.00000000e-02 6.10000000e-01 3.27252665e+07
4.00000000e-02 5.00000000e-02 6.20000000e-01 3.41542637e+07
4.00000000e-02 5.00000000e-02 6.30000000e-01 3.56156920e+07
4.00000000e-02 5.00000000e-02 6.40000000e-01 3.71095366e+07
4.00000000e-02 5.00000000e-02 6.50000000e-01 3.86357699e+07
4.00000000e-02 5.00000000e-02 6.60000000e-01 4.01943533e+07
4.00000000e-02 5.00000000e-02 6.70000000e-01 4.17852393e+07
4.00000000e-02 5.00000000e-02 6.80000000e-01 4.34083669e+07
4.00000000e-02 5.00000000e-02 6.90000000e-01 4.50636652e+07
4.00000000e-02 5.00000000e-02 7.00000000e-01 4.67510581e+07
4.00000000e-02 5.00000000e-02 7.10000000e-01 4.84704551e+07
4.00000000e-02 5.00000000e-02 7.20000000e-01 5.02217520e+07
4.00000000e-02 5.00000000e-02 7.30000000e-01 5.20048459e+07
4.00000000e-02 5.00000000e-02 7.40000000e-01 5.38196194e+07
4.00000000e-02 5.00000000e-02 7.50000000e-01 5.56659444e+07
4.00000000e-02 5.00000000e-02 7.60000000e-01 5.75436871e+07
4.00000000e-02 5.00000000e-02 7.70000000e-01 5.94527055e+07
4.00000000e-02 5.00000000e-02 7.80000000e-01 6.13928479e+07
4.00000000e-02 5.00000000e-02 7.90000000e-01 6.33639544e+07
4.00000000e-02 5.00000000e-02 8.00000000e-01 6.53658629e+07
4.00000000e-02 5.00000000e-02 8.10000000e-01 6.73983925e+07
4.00000000e-02 5.00000000e-02 8.20000000e-01 6.94613691e+07
4.00000000e-02 5.00000000e-02 8.30000000e-01 7.15545962e+07
4.00000000e-02 5.00000000e-02 8.40000000e-01 7.36778895e+07
4.00000000e-02 5.00000000e-02 8.50000000e-01 7.58310394e+07
4.00000000e-02 5.00000000e-02 8.60000000e-01 7.80138408e+07
4.00000000e-02 5.00000000e-02 8.70000000e-01 8.02260772e+07
4.00000000e-02 5.00000000e-02 8.80000000e-01 8.24675298e+07
4.00000000e-02 5.00000000e-02 8.90000000e-01 8.47379646e+07
4.00000000e-02 5.00000000e-02 9.00000000e-01 8.70371582e+07
4.00000000e-02 5.00000000e-02 9.10000000e-01 8.93648692e+07
4.00000000e-02 5.00000000e-02 9.20000000e-01 9.17208552e+07
4.00000000e-02 5.00000000e-02 9.30000000e-01 9.41048595e+07
4.00000000e-02 5.00000000e-02 9.40000000e-01 9.65166322e+07
4.00000000e-02 5.00000000e-02 9.50000000e-01 9.89559124e+07
4.00000000e-02 5.00000000e-02 9.60000000e-01 1.01422452e+08
4.00000000e-02 5.00000000e-02 9.70000000e-01 1.03915963e+08
4.00000000e-02 5.00000000e-02 9.80000000e-01 1.06436177e+08
4.00000000e-02 5.00000000e-02 9.90000000e-01 1.08982799e+08
4.00000000e-02 5.00000000e-02 1.00000000e+00 1.11555551e+08
4.00000000e-02 5.00000000e-02 1.01000000e+00 1.14154150e+08
4.00000000e-02 5.00000000e-02 1.02000000e+00 1.16778306e+08
4.00000000e-02 5.00000000e-02 1.03000000e+00 1.19427725e+08
4.00000000e-02 5.00000000e-02 1.04000000e+00 1.22102108e+08
4.00000000e-02 5.00000000e-02 1.05000000e+00 1.24801150e+08
4.00000000e-02 5.00000000e-02 1.06000000e+00 1.27524551e+08
4.00000000e-02 5.00000000e-02 1.07000000e+00 1.30272007e+08
4.00000000e-02 5.00000000e-02 1.08000000e+00 1.33043181e+08
4.00000000e-02 5.00000000e-02 1.09000000e+00 1.35837782e+08
4.00000000e-02 5.00000000e-02 1.10000000e+00 1.38655482e+08
4.00000000e-02 5.00000000e-02 1.11000000e+00 1.41495962e+08
4.00000000e-02 5.00000000e-02 1.12000000e+00 1.44358893e+08
4.00000000e-02 5.00000000e-02 1.13000000e+00 1.47243950e+08
4.00000000e-02 5.00000000e-02 1.14000000e+00 1.50150803e+08
4.00000000e-02 5.00000000e-02 1.15000000e+00 1.53079122e+08
4.00000000e-02 5.00000000e-02 1.16000000e+00 1.56028570e+08
4.00000000e-02 5.00000000e-02 1.17000000e+00 1.58998811e+08
4.00000000e-02 5.00000000e-02 1.18000000e+00 1.61989508e+08
4.00000000e-02 5.00000000e-02 1.19000000e+00 1.65000319e+08
4.00000000e-02 5.00000000e-02 1.20000000e+00 1.68030891e+08
4.00000000e-02 5.00000000e-02 1.21000000e+00 1.71080901e+08
4.00000000e-02 5.00000000e-02 1.22000000e+00 1.74149979e+08
4.00000000e-02 5.00000000e-02 1.23000000e+00 1.77237805e+08
4.00000000e-02 5.00000000e-02 1.24000000e+00 1.80344016e+08
4.00000000e-02 5.00000000e-02 1.25000000e+00 1.83468261e+08
4.00000000e-02 5.00000000e-02 1.26000000e+00 1.86610189e+08
4.00000000e-02 5.00000000e-02 1.27000000e+00 1.89769437e+08
4.00000000e-02 5.00000000e-02 1.28000000e+00 1.92945672e+08
4.00000000e-02 5.00000000e-02 1.29000000e+00 1.96138530e+08
4.00000000e-02 5.00000000e-02 1.30000000e+00 1.99347652e+08
4.00000000e-02 5.00000000e-02 1.31000000e+00 2.02572679e+08
4.00000000e-02 5.00000000e-02 1.32000000e+00 2.05813263e+08
4.00000000e-02 5.00000000e-02 1.33000000e+00 2.09069034e+08
4.00000000e-02 5.00000000e-02 1.34000000e+00 2.12339631e+08
4.00000000e-02 5.00000000e-02 1.35000000e+00 2.15624716e+08
4.00000000e-02 5.00000000e-02 1.36000000e+00 2.18923931e+08
4.00000000e-02 5.00000000e-02 1.37000000e+00 2.22236901e+08
4.00000000e-02 5.00000000e-02 1.38000000e+00 2.25563259e+08
4.00000000e-02 5.00000000e-02 1.39000000e+00 2.28902639e+08
4.00000000e-02 5.00000000e-02 1.40000000e+00 2.32254710e+08
4.00000000e-02 5.00000000e-02 1.41000000e+00 2.35619106e+08
4.00000000e-02 5.00000000e-02 1.42000000e+00 2.38995435e+08
4.00000000e-02 5.00000000e-02 1.43000000e+00 2.42383368e+08
4.00000000e-02 5.00000000e-02 1.44000000e+00 2.45782536e+08
4.00000000e-02 5.00000000e-02 1.45000000e+00 2.49192587e+08
4.00000000e-02 5.00000000e-02 1.46000000e+00 2.52613157e+08
4.00000000e-02 5.00000000e-02 1.47000000e+00 2.56043879e+08
4.00000000e-02 5.00000000e-02 1.48000000e+00 2.59484375e+08
4.00000000e-02 5.00000000e-02 1.49000000e+00 2.62934321e+08
4.00000000e-02 5.00000000e-02 1.50000000e+00 2.66393335e+08
4.00000000e-02 5.00000000e-02 1.51000000e+00 2.69861114e+08
4.00000000e-02 5.00000000e-02 1.52000000e+00 2.73337218e+08
4.00000000e-02 5.00000000e-02 1.53000000e+00 2.76821334e+08
4.00000000e-02 5.00000000e-02 1.54000000e+00 2.80313091e+08
4.00000000e-02 5.00000000e-02 1.55000000e+00 2.83812147e+08
4.00000000e-02 5.00000000e-02 1.56000000e+00 2.87318174e+08
4.00000000e-02 5.00000000e-02 1.57000000e+00 2.90830798e+08
4.00000000e-02 5.00000000e-02 1.58000000e+00 2.94349698e+08
4.00000000e-02 5.00000000e-02 1.59000000e+00 2.97874464e+08
4.00000000e-02 5.00000000e-02 1.60000000e+00 3.01404775e+08
4.00000000e-02 5.00000000e-02 1.61000000e+00 3.04940289e+08
4.00000000e-02 5.00000000e-02 1.62000000e+00 3.08480808e+08
4.00000000e-02 5.00000000e-02 1.63000000e+00 3.12025687e+08
4.00000000e-02 5.00000000e-02 1.64000000e+00 3.15574744e+08
4.00000000e-02 5.00000000e-02 1.65000000e+00 3.19127628e+08
4.00000000e-02 5.00000000e-02 1.66000000e+00 3.22684028e+08
4.00000000e-02 5.00000000e-02 1.67000000e+00 3.26243589e+08
4.00000000e-02 5.00000000e-02 1.68000000e+00 3.29805912e+08
4.00000000e-02 5.00000000e-02 1.69000000e+00 3.33370706e+08
4.00000000e-02 5.00000000e-02 1.70000000e+00 3.36937643e+08
4.00000000e-02 5.00000000e-02 1.71000000e+00 3.40506380e+08
4.00000000e-02 5.00000000e-02 1.72000000e+00 3.44076631e+08
4.00000000e-02 5.00000000e-02 1.73000000e+00 3.47647960e+08
4.00000000e-02 5.00000000e-02 1.74000000e+00 3.51220163e+08
4.00000000e-02 5.00000000e-02 1.75000000e+00 3.54792803e+08
4.00000000e-02 5.00000000e-02 1.76000000e+00 3.58365670e+08
4.00000000e-02 5.00000000e-02 1.77000000e+00 3.61938337e+08
4.00000000e-02 5.00000000e-02 1.78000000e+00 3.65510552e+08
4.00000000e-02 5.00000000e-02 1.79000000e+00 3.69081944e+08
4.00000000e-02 5.00000000e-02 1.80000000e+00 3.72652255e+08
4.00000000e-02 5.00000000e-02 1.81000000e+00 3.76221116e+08
4.00000000e-02 5.00000000e-02 1.82000000e+00 3.79788250e+08
4.00000000e-02 5.00000000e-02 1.83000000e+00 3.83353292e+08
4.00000000e-02 5.00000000e-02 1.84000000e+00 3.86916006e+08
4.00000000e-02 5.00000000e-02 1.85000000e+00 3.90476056e+08
4.00000000e-02 5.00000000e-02 1.86000000e+00 3.94033139e+08
4.00000000e-02 5.00000000e-02 1.87000000e+00 3.97586964e+08
4.00000000e-02 5.00000000e-02 1.88000000e+00 4.01137235e+08
4.00000000e-02 5.00000000e-02 1.89000000e+00 4.04683604e+08
4.00000000e-02 5.00000000e-02 1.90000000e+00 4.08225823e+08
4.00000000e-02 5.00000000e-02 1.91000000e+00 4.11763585e+08
4.00000000e-02 5.00000000e-02 1.92000000e+00 4.15296627e+08
4.00000000e-02 5.00000000e-02 1.93000000e+00 4.18824574e+08
4.00000000e-02 5.00000000e-02 1.94000000e+00 4.22347243e+08
4.00000000e-02 5.00000000e-02 1.95000000e+00 4.25864312e+08
4.00000000e-02 5.00000000e-02 1.96000000e+00 4.29375484e+08
4.00000000e-02 5.00000000e-02 1.97000000e+00 4.32880481e+08
4.00000000e-02 5.00000000e-02 1.98000000e+00 4.36379081e+08
4.00000000e-02 5.00000000e-02 1.99000000e+00 4.39870954e+08
4.00000000e-02 5.00000000e-02 2.00000000e+00 4.43355812e+08
5.00000000e-02 6.00000000e-02 1.00000000e-02 9.19199348e-01
5.00000000e-02 6.00000000e-02 2.00000000e-02 4.57772694e+01
5.00000000e-02 6.00000000e-02 3.00000000e-02 2.87316374e+02
5.00000000e-02 6.00000000e-02 4.00000000e-02 9.69103293e+02
5.00000000e-02 6.00000000e-02 5.00000000e-02 2.41441139e+03
5.00000000e-02 6.00000000e-02 6.00000000e-02 5.02290717e+03
5.00000000e-02 6.00000000e-02 7.00000000e-02 9.26793697e+03
5.00000000e-02 6.00000000e-02 8.00000000e-02 1.57144016e+04
5.00000000e-02 6.00000000e-02 9.00000000e-02 2.50061102e+04
5.00000000e-02 6.00000000e-02 1.00000000e-01 3.78967928e+04
5.00000000e-02 6.00000000e-02 1.10000000e-01 5.52521627e+04
5.00000000e-02 6.00000000e-02 1.20000000e-01 7.81116202e+04
5.00000000e-02 6.00000000e-02 1.30000000e-01 1.07651134e+05
5.00000000e-02 6.00000000e-02 1.40000000e-01 1.45197012e+05
5.00000000e-02 6.00000000e-02 1.50000000e-01 1.92426757e+05
5.00000000e-02 6.00000000e-02 1.60000000e-01 2.51261008e+05
5.00000000e-02 6.00000000e-02 1.70000000e-01 3.23818060e+05
5.00000000e-02 6.00000000e-02 1.80000000e-01 4.12834564e+05
5.00000000e-02 6.00000000e-02 1.90000000e-01 5.21437034e+05
5.00000000e-02 6.00000000e-02 2.00000000e-01 6.53198583e+05
5.00000000e-02 6.00000000e-02 2.10000000e-01 8.13025519e+05
5.00000000e-02 6.00000000e-02 2.20000000e-01 1.00573731e+06
5.00000000e-02 6.00000000e-02 2.30000000e-01 1.23876492e+06
5.00000000e-02 6.00000000e-02 2.40000000e-01 1.52029047e+06
5.00000000e-02 6.00000000e-02 2.50000000e-01 1.86417356e+06
5.00000000e-02 6.00000000e-02 2.60000000e-01 2.29300241e+06
5.00000000e-02 6.00000000e-02 2.70000000e-01 2.89833229e+06
5.00000000e-02 6.00000000e-02 2.80000000e-01 3.53027208e+06
5.00000000e-02 6.00000000e-02 2.90000000e-01 4.11657043e+06
5.00000000e-02 6.00000000e-02 3.00000000e-01 4.70892464e+06
5.00000000e-02 6.00000000e-02 3.10000000e-01 5.31875108e+06
5.00000000e-02 6.00000000e-02 3.20000000e-01 5.95134141e+06
5.00000000e-02 6.00000000e-02 3.30000000e-01 6.60979924e+06
5.00000000e-02 6.00000000e-02 3.40000000e-01 7.29620449e+06
5.00000000e-02 6.00000000e-02 3.50000000e-01 8.01206517e+06
5.00000000e-02 6.00000000e-02 3.60000000e-01 8.75855790e+06
5.00000000e-02 6.00000000e-02 3.70000000e-01 9.53663284e+06
5.00000000e-02 6.00000000e-02 3.80000000e-01 1.03470884e+07
5.00000000e-02 6.00000000e-02 3.90000000e-01 1.11906067e+07
5.00000000e-02 6.00000000e-02 4.00000000e-01 1.20677827e+07
5.00000000e-02 6.00000000e-02 4.10000000e-01 1.29791440e+07
5.00000000e-02 6.00000000e-02 4.20000000e-01 1.39251618e+07
5.00000000e-02 6.00000000e-02 4.30000000e-01 1.49062568e+07
5.00000000e-02 6.00000000e-02 4.40000000e-01 1.59228068e+07
5.00000000e-02 6.00000000e-02 4.50000000e-01 1.69751666e+07
5.00000000e-02 6.00000000e-02 4.60000000e-01 1.80636453e+07
5.00000000e-02 6.00000000e-02 4.70000000e-01 1.91885172e+07
5.00000000e-02 6.00000000e-02 4.80000000e-01 2.03500452e+07
5.00000000e-02 6.00000000e-02 4.90000000e-01 2.15484641e+07
5.00000000e-02 6.00000000e-02 5.00000000e-01 2.27839771e+07
5.00000000e-02 6.00000000e-02 5.10000000e-01 2.40567707e+07
5.00000000e-02 6.00000000e-02 5.20000000e-01 2.53670072e+07
5.00000000e-02 6.00000000e-02 5.30000000e-01 2.67148323e+07
5.00000000e-02 6.00000000e-02 5.40000000e-01 2.81003673e+07
5.00000000e-02 6.00000000e-02 5.50000000e-01 2.95237175e+07
5.00000000e-02 6.00000000e-02 5.60000000e-01 3.09849742e+07
5.00000000e-02 6.00000000e-02 5.70000000e-01 3.24842074e+07
5.00000000e-02 6.00000000e-02 5.80000000e-01 3.40214718e+07
5.00000000e-02 6.00000000e-02 5.90000000e-01 3.55968058e+07
5.00000000e-02 6.00000000e-02 6.00000000e-01 3.72102308e+07
5.00000000e-02 6.00000000e-02 6.10000000e-01 3.88617652e+07
5.00000000e-02 6.00000000e-02 6.20000000e-01 4.05513908e+07
5.00000000e-02 6.00000000e-02 6.30000000e-01 4.22790879e+07
5.00000000e-02 6.00000000e-02 6.40000000e-01 4.40448249e+07
5.00000000e-02 6.00000000e-02 6.50000000e-01 4.58485522e+07
5.00000000e-02 6.00000000e-02 6.60000000e-01 4.76902002e+07
5.00000000e-02 6.00000000e-02 6.70000000e-01 4.95697239e+07
5.00000000e-02 6.00000000e-02 6.80000000e-01 5.14870089e+07
5.00000000e-02 6.00000000e-02 6.90000000e-01 5.34419701e+07
5.00000000e-02 6.00000000e-02 7.00000000e-01 5.54345086e+07
5.00000000e-02 6.00000000e-02 7.10000000e-01 5.74644777e+07
5.00000000e-02 6.00000000e-02 7.20000000e-01 5.95317585e+07
5.00000000e-02 6.00000000e-02 7.30000000e-01 6.16362062e+07
5.00000000e-02 6.00000000e-02 7.40000000e-01 6.37776698e+07
5.00000000e-02 6.00000000e-02 7.50000000e-01 6.59559904e+07
5.00000000e-02 6.00000000e-02 7.60000000e-01 6.81709914e+07
5.00000000e-02 6.00000000e-02 7.70000000e-01 7.04224897e+07
5.00000000e-02 6.00000000e-02 7.80000000e-01 7.27102840e+07
5.00000000e-02 6.00000000e-02 7.90000000e-01 7.50341709e+07
5.00000000e-02 6.00000000e-02 8.00000000e-01 7.73939478e+07
5.00000000e-02 6.00000000e-02 8.10000000e-01 7.97893926e+07
5.00000000e-02 6.00000000e-02 8.20000000e-01 8.22202471e+07
5.00000000e-02 6.00000000e-02 8.30000000e-01 8.46863168e+07
5.00000000e-02 6.00000000e-02 8.40000000e-01 8.71873585e+07
5.00000000e-02 6.00000000e-02 8.50000000e-01 8.97230690e+07
5.00000000e-02 6.00000000e-02 8.60000000e-01 9.22932331e+07
5.00000000e-02 6.00000000e-02 8.70000000e-01 9.48975798e+07
5.00000000e-02 6.00000000e-02 8.80000000e-01 9.75358049e+07
5.00000000e-02 6.00000000e-02 8.90000000e-01 1.00207649e+08
5.00000000e-02 6.00000000e-02 9.00000000e-01 1.02912824e+08
5.00000000e-02 6.00000000e-02 9.10000000e-01 1.05651033e+08
5.00000000e-02 6.00000000e-02 9.20000000e-01 1.08421979e+08
5.00000000e-02 6.00000000e-02 9.30000000e-01 1.11225338e+08
5.00000000e-02 6.00000000e-02 9.40000000e-01 1.14060787e+08
5.00000000e-02 6.00000000e-02 9.50000000e-01 1.16928015e+08
5.00000000e-02 6.00000000e-02 9.60000000e-01 1.19826707e+08
5.00000000e-02 6.00000000e-02 9.70000000e-01 1.22756529e+08
5.00000000e-02 6.00000000e-02 9.80000000e-01 1.25717133e+08
5.00000000e-02 6.00000000e-02 9.90000000e-01 1.28708172e+08
5.00000000e-02 6.00000000e-02 1.00000000e+00 1.31729326e+08
5.00000000e-02 6.00000000e-02 1.01000000e+00 1.34780225e+08
5.00000000e-02 6.00000000e-02 1.02000000e+00 1.37860518e+08
5.00000000e-02 6.00000000e-02 1.03000000e+00 1.40969829e+08
5.00000000e-02 6.00000000e-02 1.04000000e+00 1.44107805e+08
5.00000000e-02 6.00000000e-02 1.05000000e+00 1.47274090e+08
5.00000000e-02 6.00000000e-02 1.06000000e+00 1.50468342e+08
5.00000000e-02 6.00000000e-02 1.07000000e+00 1.53690087e+08
5.00000000e-02 6.00000000e-02 1.08000000e+00 1.56939002e+08
5.00000000e-02 6.00000000e-02 1.09000000e+00 1.60214698e+08
5.00000000e-02 6.00000000e-02 1.10000000e+00 1.63516769e+08
5.00000000e-02 6.00000000e-02 1.11000000e+00 1.66844837e+08
5.00000000e-02 6.00000000e-02 1.12000000e+00 1.70198530e+08
5.00000000e-02 6.00000000e-02 1.13000000e+00 1.73577432e+08
5.00000000e-02 6.00000000e-02 1.14000000e+00 1.76981131e+08
5.00000000e-02 6.00000000e-02 1.15000000e+00 1.80409239e+08
5.00000000e-02 6.00000000e-02 1.16000000e+00 1.83861358e+08
5.00000000e-02 6.00000000e-02 1.17000000e+00 1.87337061e+08
5.00000000e-02 6.00000000e-02 1.18000000e+00 1.90835948e+08
5.00000000e-02 6.00000000e-02 1.19000000e+00 1.94357607e+08
5.00000000e-02 6.00000000e-02 1.20000000e+00 1.97901625e+08
5.00000000e-02 6.00000000e-02 1.21000000e+00 2.01467588e+08
5.00000000e-02 6.00000000e-02 1.22000000e+00 2.05055071e+08
5.00000000e-02 6.00000000e-02 1.23000000e+00 2.08663661e+08
5.00000000e-02 6.00000000e-02 1.24000000e+00 2.12292936e+08
5.00000000e-02 6.00000000e-02 1.25000000e+00 2.15942545e+08
5.00000000e-02 6.00000000e-02 1.26000000e+00 2.19611923e+08
5.00000000e-02 6.00000000e-02 1.27000000e+00 2.23300734e+08
5.00000000e-02 6.00000000e-02 1.28000000e+00 2.27008520e+08
5.00000000e-02 6.00000000e-02 1.29000000e+00 2.30734868e+08
5.00000000e-02 6.00000000e-02 1.30000000e+00 2.34479340e+08
5.00000000e-02 6.00000000e-02 1.31000000e+00 2.38241523e+08
5.00000000e-02 6.00000000e-02 1.32000000e+00 2.42020985e+08
5.00000000e-02 6.00000000e-02 1.33000000e+00 2.45817278e+08
5.00000000e-02 6.00000000e-02 1.34000000e+00 2.49629913e+08
5.00000000e-02 6.00000000e-02 1.35000000e+00 2.53458548e+08
5.00000000e-02 6.00000000e-02 1.36000000e+00 2.57302827e+08
5.00000000e-02 6.00000000e-02 1.37000000e+00 2.61162221e+08
5.00000000e-02 6.00000000e-02 1.38000000e+00 2.65036275e+08
5.00000000e-02 6.00000000e-02 1.39000000e+00 2.68924694e+08
5.00000000e-02 6.00000000e-02 1.40000000e+00 2.72826837e+08
5.00000000e-02 6.00000000e-02 1.41000000e+00 2.76742367e+08
5.00000000e-02 6.00000000e-02 1.42000000e+00 2.80670901e+08
5.00000000e-02 6.00000000e-02 1.43000000e+00 2.84611981e+08
5.00000000e-02 6.00000000e-02 1.44000000e+00 2.88565168e+08
5.00000000e-02 6.00000000e-02 1.45000000e+00 2.92530042e+08
5.00000000e-02 6.00000000e-02 1.46000000e+00 2.96506180e+08
5.00000000e-02 6.00000000e-02 1.47000000e+00 3.00493139e+08
5.00000000e-02 6.00000000e-02 1.48000000e+00 3.04490484e+08
5.00000000e-02 6.00000000e-02 1.49000000e+00 3.08497815e+08
5.00000000e-02 6.00000000e-02 1.50000000e+00 3.12514673e+08
5.00000000e-02 6.00000000e-02 1.51000000e+00 3.16540659e+08
5.00000000e-02 6.00000000e-02 1.52000000e+00 3.20575345e+08
5.00000000e-02 6.00000000e-02 1.53000000e+00 3.24618296e+08
5.00000000e-02 6.00000000e-02 1.54000000e+00 3.28669107e+08
5.00000000e-02 6.00000000e-02 1.55000000e+00 3.32727362e+08
5.00000000e-02 6.00000000e-02 1.56000000e+00 3.36792633e+08
5.00000000e-02 6.00000000e-02 1.57000000e+00 3.40864497e+08
5.00000000e-02 6.00000000e-02 1.58000000e+00 3.44942532e+08
5.00000000e-02 6.00000000e-02 1.59000000e+00 3.49026335e+08
5.00000000e-02 6.00000000e-02 1.60000000e+00 3.53115608e+08
5.00000000e-02 6.00000000e-02 1.61000000e+00 3.57209713e+08
5.00000000e-02 6.00000000e-02 1.62000000e+00 3.61308353e+08
5.00000000e-02 6.00000000e-02 1.63000000e+00 3.65411123e+08
5.00000000e-02 6.00000000e-02 1.64000000e+00 3.69517612e+08
5.00000000e-02 6.00000000e-02 1.65000000e+00 3.73627419e+08
5.00000000e-02 6.00000000e-02 1.66000000e+00 3.77740142e+08
5.00000000e-02 6.00000000e-02 1.67000000e+00 3.81855382e+08
5.00000000e-02 6.00000000e-02 1.68000000e+00 3.85972738e+08
5.00000000e-02 6.00000000e-02 1.69000000e+00 3.90091815e+08
5.00000000e-02 6.00000000e-02 1.70000000e+00 3.94212238e+08
5.00000000e-02 6.00000000e-02 1.71000000e+00 3.98333588e+08
5.00000000e-02 6.00000000e-02 1.72000000e+00 4.02455510e+08
5.00000000e-02 6.00000000e-02 1.73000000e+00 4.06577555e+08
5.00000000e-02 6.00000000e-02 1.74000000e+00 4.10699374e+08
5.00000000e-02 6.00000000e-02 1.75000000e+00 4.14820589e+08
5.00000000e-02 6.00000000e-02 1.76000000e+00 4.18940807e+08
5.00000000e-02 6.00000000e-02 1.77000000e+00 4.23059661e+08
5.00000000e-02 6.00000000e-02 1.78000000e+00 4.27176769e+08
5.00000000e-02 6.00000000e-02 1.79000000e+00 4.31291755e+08
5.00000000e-02 6.00000000e-02 1.80000000e+00 4.35404258e+08
5.00000000e-02 6.00000000e-02 1.81000000e+00 4.39513925e+08
5.00000000e-02 6.00000000e-02 1.82000000e+00 4.43620346e+08
5.00000000e-02 6.00000000e-02 1.83000000e+00 4.47723185e+08
5.00000000e-02 6.00000000e-02 1.84000000e+00 4.51822094e+08
5.00000000e-02 6.00000000e-02 1.85000000e+00 4.55916674e+08
5.00000000e-02 6.00000000e-02 1.86000000e+00 4.60006606e+08
5.00000000e-02 6.00000000e-02 1.87000000e+00 4.64091531e+08
5.00000000e-02 6.00000000e-02 1.88000000e+00 4.68171107e+08
5.00000000e-02 6.00000000e-02 1.89000000e+00 4.72244974e+08
5.00000000e-02 6.00000000e-02 1.90000000e+00 4.76312775e+08
5.00000000e-02 6.00000000e-02 1.91000000e+00 4.80374152e+08
5.00000000e-02 6.00000000e-02 1.92000000e+00 4.84428854e+08
5.00000000e-02 6.00000000e-02 1.93000000e+00 4.88476335e+08
5.00000000e-02 6.00000000e-02 1.94000000e+00 4.92516556e+08
5.00000000e-02 6.00000000e-02 1.95000000e+00 4.96549092e+08
5.00000000e-02 6.00000000e-02 1.96000000e+00 5.00573528e+08
5.00000000e-02 6.00000000e-02 1.97000000e+00 5.04589556e+08
5.00000000e-02 6.00000000e-02 1.98000000e+00 5.08596920e+08
5.00000000e-02 6.00000000e-02 1.99000000e+00 5.12595288e+08
5.00000000e-02 6.00000000e-02 2.00000000e+00 5.16584272e+08
6.00000000e-02 7.00000000e-02 1.00000000e-02 1.08731437e+00
6.00000000e-02 7.00000000e-02 2.00000000e-02 5.41695469e+01
6.00000000e-02 7.00000000e-02 3.00000000e-02 3.40089481e+02
6.00000000e-02 7.00000000e-02 4.00000000e-02 1.14742714e+03
6.00000000e-02 7.00000000e-02 5.00000000e-02 2.85945318e+03
6.00000000e-02 7.00000000e-02 6.00000000e-02 5.95040984e+03
6.00000000e-02 7.00000000e-02 7.00000000e-02 1.09824145e+04
6.00000000e-02 7.00000000e-02 8.00000000e-02 1.86269646e+04
6.00000000e-02 7.00000000e-02 9.00000000e-02 2.96501002e+04
6.00000000e-02 7.00000000e-02 1.00000000e-01 4.49498424e+04
6.00000000e-02 7.00000000e-02 1.10000000e-01 6.55591902e+04
6.00000000e-02 7.00000000e-02 1.20000000e-01 9.27200175e+04
6.00000000e-02 7.00000000e-02 1.30000000e-01 1.27840340e+05
6.00000000e-02 7.00000000e-02 1.40000000e-01 1.72512490e+05
6.00000000e-02 7.00000000e-02 1.50000000e-01 2.28755769e+05
6.00000000e-02 7.00000000e-02 1.60000000e-01 2.98890707e+05
6.00000000e-02 7.00000000e-02 1.70000000e-01 3.85487828e+05
6.00000000e-02 7.00000000e-02 1.80000000e-01 4.91889705e+05
6.00000000e-02 7.00000000e-02 1.90000000e-01 6.21944146e+05
6.00000000e-02 7.00000000e-02 2.00000000e-01 7.80098840e+05
6.00000000e-02 7.00000000e-02 2.10000000e-01 9.72541856e+05
6.00000000e-02 7.00000000e-02 2.20000000e-01 1.20555361e+06
6.00000000e-02 7.00000000e-02 2.30000000e-01 1.48907940e+06
6.00000000e-02 7.00000000e-02 2.40000000e-01 1.83499507e+06
6.00000000e-02 7.00000000e-02 2.50000000e-01 2.26578206e+06
6.00000000e-02 7.00000000e-02 2.60000000e-01 2.84269001e+06
6.00000000e-02 7.00000000e-02 2.70000000e-01 3.57022403e+06
6.00000000e-02 7.00000000e-02 2.80000000e-01 4.21660907e+06
6.00000000e-02 7.00000000e-02 2.90000000e-01 4.86246535e+06
6.00000000e-02 7.00000000e-02 3.00000000e-01 5.52559348e+06
6.00000000e-02 7.00000000e-02 3.10000000e-01 6.21322339e+06
6.00000000e-02 7.00000000e-02 3.20000000e-01 6.92934538e+06
6.00000000e-02 7.00000000e-02 3.30000000e-01 7.67654244e+06
6.00000000e-02 7.00000000e-02 3.40000000e-01 8.45666247e+06
6.00000000e-02 7.00000000e-02 3.50000000e-01 9.27111146e+06
6.00000000e-02 7.00000000e-02 3.60000000e-01 1.01210156e+07
6.00000000e-02 7.00000000e-02 3.70000000e-01 1.10073132e+07
6.00000000e-02 7.00000000e-02 3.80000000e-01 1.19308052e+07
6.00000000e-02 7.00000000e-02 3.90000000e-01 1.28921915e+07
6.00000000e-02 7.00000000e-02 4.00000000e-01 1.38920848e+07
6.00000000e-02 7.00000000e-02 4.10000000e-01 1.49310329e+07
6.00000000e-02 7.00000000e-02 4.20000000e-01 1.60095258e+07
6.00000000e-02 7.00000000e-02 4.30000000e-01 1.71279988e+07
6.00000000e-02 7.00000000e-02 4.40000000e-01 1.82868450e+07
6.00000000e-02 7.00000000e-02 4.50000000e-01 1.94864318e+07
6.00000000e-02 7.00000000e-02 4.60000000e-01 2.07270914e+07
6.00000000e-02 7.00000000e-02 4.70000000e-01 2.20091308e+07
6.00000000e-02 7.00000000e-02 4.80000000e-01 2.33327977e+07
6.00000000e-02 7.00000000e-02 4.90000000e-01 2.46983340e+07
6.00000000e-02 7.00000000e-02 5.00000000e-01 2.61059549e+07
6.00000000e-02 7.00000000e-02 5.10000000e-01 2.75558539e+07
6.00000000e-02 7.00000000e-02 5.20000000e-01 2.90481775e+07
6.00000000e-02 7.00000000e-02 5.30000000e-01 3.05830735e+07
6.00000000e-02 7.00000000e-02 5.40000000e-01 3.21606689e+07
6.00000000e-02 7.00000000e-02 5.50000000e-01 3.37810570e+07
6.00000000e-02 7.00000000e-02 5.60000000e-01 3.54443264e+07
6.00000000e-02 7.00000000e-02 5.70000000e-01 3.71505367e+07
6.00000000e-02 7.00000000e-02 5.80000000e-01 3.88997121e+07
6.00000000e-02 7.00000000e-02 5.90000000e-01 4.06918815e+07
6.00000000e-02 7.00000000e-02 6.00000000e-01 4.25270605e+07
6.00000000e-02 7.00000000e-02 6.10000000e-01 4.44052302e+07
6.00000000e-02 7.00000000e-02 6.20000000e-01 4.63263675e+07
6.00000000e-02 7.00000000e-02 6.30000000e-01 4.82904281e+07
6.00000000e-02 7.00000000e-02 6.40000000e-01 5.02973419e+07
6.00000000e-02 7.00000000e-02 6.50000000e-01 5.23470500e+07
6.00000000e-02 7.00000000e-02 6.60000000e-01 5.44394419e+07
6.00000000e-02 7.00000000e-02 6.70000000e-01 5.65744288e+07
6.00000000e-02 7.00000000e-02 6.80000000e-01 5.87518952e+07
6.00000000e-02 7.00000000e-02 6.90000000e-01 6.09717019e+07
6.00000000e-02 7.00000000e-02 7.00000000e-01 6.32337046e+07
6.00000000e-02 7.00000000e-02 7.10000000e-01 6.55377561e+07
6.00000000e-02 7.00000000e-02 7.20000000e-01 6.78836669e+07
6.00000000e-02 7.00000000e-02 7.30000000e-01 7.02712655e+07
6.00000000e-02 7.00000000e-02 7.40000000e-01 7.27003541e+07
6.00000000e-02 7.00000000e-02 7.50000000e-01 7.51707322e+07
6.00000000e-02 7.00000000e-02 7.60000000e-01 7.76821765e+07
6.00000000e-02 7.00000000e-02 7.70000000e-01 8.02344576e+07
6.00000000e-02 7.00000000e-02 7.80000000e-01 8.28273357e+07
6.00000000e-02 7.00000000e-02 7.90000000e-01 8.54605667e+07
6.00000000e-02 7.00000000e-02 8.00000000e-01 8.81338910e+07
6.00000000e-02 7.00000000e-02 8.10000000e-01 9.08470320e+07
6.00000000e-02 7.00000000e-02 8.20000000e-01 9.35997082e+07
6.00000000e-02 7.00000000e-02 8.30000000e-01 9.63916126e+07
6.00000000e-02 7.00000000e-02 8.40000000e-01 9.92224507e+07
6.00000000e-02 7.00000000e-02 8.50000000e-01 1.02091951e+08
6.00000000e-02 7.00000000e-02 8.60000000e-01 1.04999800e+08
6.00000000e-02 7.00000000e-02 8.70000000e-01 1.07945652e+08
6.00000000e-02 7.00000000e-02 8.80000000e-01 1.10929186e+08
6.00000000e-02 7.00000000e-02 8.90000000e-01 1.13950060e+08
6.00000000e-02 7.00000000e-02 9.00000000e-01 1.17007921e+08
6.00000000e-02 7.00000000e-02 9.10000000e-01 1.20102424e+08
6.00000000e-02 7.00000000e-02 9.20000000e-01 1.23233201e+08
6.00000000e-02 7.00000000e-02 9.30000000e-01 1.26399884e+08
6.00000000e-02 7.00000000e-02 9.40000000e-01 1.29602101e+08
6.00000000e-02 7.00000000e-02 9.50000000e-01 1.32839455e+08
6.00000000e-02 7.00000000e-02 9.60000000e-01 1.36111582e+08
6.00000000e-02 7.00000000e-02 9.70000000e-01 1.39418069e+08
6.00000000e-02 7.00000000e-02 9.80000000e-01 1.42758509e+08
6.00000000e-02 7.00000000e-02 9.90000000e-01 1.46132497e+08
6.00000000e-02 7.00000000e-02 1.00000000e+00 1.49539633e+08
6.00000000e-02 7.00000000e-02 1.01000000e+00 1.52979511e+08
6.00000000e-02 7.00000000e-02 1.02000000e+00 1.56451701e+08
6.00000000e-02 7.00000000e-02 1.03000000e+00 1.59955784e+08
6.00000000e-02 7.00000000e-02 1.04000000e+00 1.63491307e+08
6.00000000e-02 7.00000000e-02 1.05000000e+00 1.67057871e+08
6.00000000e-02 7.00000000e-02 1.06000000e+00 1.70654999e+08
6.00000000e-02 7.00000000e-02 1.07000000e+00 1.74282267e+08
6.00000000e-02 7.00000000e-02 1.08000000e+00 1.77939210e+08
6.00000000e-02 7.00000000e-02 1.09000000e+00 1.81625405e+08
6.00000000e-02 7.00000000e-02 1.10000000e+00 1.85340375e+08
6.00000000e-02 7.00000000e-02 1.11000000e+00 1.89083664e+08
6.00000000e-02 7.00000000e-02 1.12000000e+00 1.92854819e+08
6.00000000e-02 7.00000000e-02 1.13000000e+00 1.96653385e+08
6.00000000e-02 7.00000000e-02 1.14000000e+00 2.00478872e+08
6.00000000e-02 7.00000000e-02 1.15000000e+00 2.04330863e+08
6.00000000e-02 7.00000000e-02 1.16000000e+00 2.08208834e+08
6.00000000e-02 7.00000000e-02 1.17000000e+00 2.12112279e+08
6.00000000e-02 7.00000000e-02 1.18000000e+00 2.16040755e+08
6.00000000e-02 7.00000000e-02 1.19000000e+00 2.19993786e+08
6.00000000e-02 7.00000000e-02 1.20000000e+00 2.23970905e+08
6.00000000e-02 7.00000000e-02 1.21000000e+00 2.27971594e+08
6.00000000e-02 7.00000000e-02 1.22000000e+00 2.31995384e+08
6.00000000e-02 7.00000000e-02 1.23000000e+00 2.36041783e+08
6.00000000e-02 7.00000000e-02 1.24000000e+00 2.40110308e+08
6.00000000e-02 7.00000000e-02 1.25000000e+00 2.44200499e+08
6.00000000e-02 7.00000000e-02 1.26000000e+00 2.48311801e+08
6.00000000e-02 7.00000000e-02 1.27000000e+00 2.52443757e+08
6.00000000e-02 7.00000000e-02 1.28000000e+00 2.56595896e+08
6.00000000e-02 7.00000000e-02 1.29000000e+00 2.60767667e+08
6.00000000e-02 7.00000000e-02 1.30000000e+00 2.64958615e+08
6.00000000e-02 7.00000000e-02 1.31000000e+00 2.69168282e+08
6.00000000e-02 7.00000000e-02 1.32000000e+00 2.73396082e+08
6.00000000e-02 7.00000000e-02 1.33000000e+00 2.77641568e+08
6.00000000e-02 7.00000000e-02 1.34000000e+00 2.81904269e+08
6.00000000e-02 7.00000000e-02 1.35000000e+00 2.86183669e+08
6.00000000e-02 7.00000000e-02 1.36000000e+00 2.90479216e+08
6.00000000e-02 7.00000000e-02 1.37000000e+00 2.94790468e+08
6.00000000e-02 7.00000000e-02 1.38000000e+00 2.99116930e+08
6.00000000e-02 7.00000000e-02 1.39000000e+00 3.03458053e+08
6.00000000e-02 7.00000000e-02 1.40000000e+00 3.07813398e+08
6.00000000e-02 7.00000000e-02 1.41000000e+00 3.12182416e+08
6.00000000e-02 7.00000000e-02 1.42000000e+00 3.16564702e+08
6.00000000e-02 7.00000000e-02 1.43000000e+00 3.20959687e+08
6.00000000e-02 7.00000000e-02 1.44000000e+00 3.25366920e+08
6.00000000e-02 7.00000000e-02 1.45000000e+00 3.29785897e+08
6.00000000e-02 7.00000000e-02 1.46000000e+00 3.34216110e+08
6.00000000e-02 7.00000000e-02 1.47000000e+00 3.38657082e+08
6.00000000e-02 7.00000000e-02 1.48000000e+00 3.43108352e+08
6.00000000e-02 7.00000000e-02 1.49000000e+00 3.47569379e+08
6.00000000e-02 7.00000000e-02 1.50000000e+00 3.52039743e+08
6.00000000e-02 7.00000000e-02 1.51000000e+00 3.56518871e+08
6.00000000e-02 7.00000000e-02 1.52000000e+00 3.61006340e+08
6.00000000e-02 7.00000000e-02 1.53000000e+00 3.65501640e+08
6.00000000e-02 7.00000000e-02 1.54000000e+00 3.70004301e+08
6.00000000e-02 7.00000000e-02 1.55000000e+00 3.74513853e+08
6.00000000e-02 7.00000000e-02 1.56000000e+00 3.79029807e+08
6.00000000e-02 7.00000000e-02 1.57000000e+00 3.83551704e+08
6.00000000e-02 7.00000000e-02 1.58000000e+00 3.88079026e+08
6.00000000e-02 7.00000000e-02 1.59000000e+00 3.92611361e+08
6.00000000e-02 7.00000000e-02 1.60000000e+00 3.97148181e+08
6.00000000e-02 7.00000000e-02 1.61000000e+00 4.01689084e+08
6.00000000e-02 7.00000000e-02 1.62000000e+00 4.06233578e+08
6.00000000e-02 7.00000000e-02 1.63000000e+00 4.10781280e+08
6.00000000e-02 7.00000000e-02 1.64000000e+00 4.15331549e+08
6.00000000e-02 7.00000000e-02 1.65000000e+00 4.19884021e+08
6.00000000e-02 7.00000000e-02 1.66000000e+00 4.24438289e+08
6.00000000e-02 7.00000000e-02 1.67000000e+00 4.28993832e+08
6.00000000e-02 7.00000000e-02 1.68000000e+00 4.33550190e+08
6.00000000e-02 7.00000000e-02 1.69000000e+00 4.38106964e+08
6.00000000e-02 7.00000000e-02 1.70000000e+00 4.42663711e+08
6.00000000e-02 7.00000000e-02 1.71000000e+00 4.47219964e+08
6.00000000e-02 7.00000000e-02 1.72000000e+00 4.51775317e+08
6.00000000e-02 7.00000000e-02 1.73000000e+00 4.56329277e+08
6.00000000e-02 7.00000000e-02 1.74000000e+00 4.60881434e+08
6.00000000e-02 7.00000000e-02 1.75000000e+00 4.65431371e+08
6.00000000e-02 7.00000000e-02 1.76000000e+00 4.69978696e+08
6.00000000e-02 7.00000000e-02 1.77000000e+00 4.74522883e+08
6.00000000e-02 7.00000000e-02 1.78000000e+00 4.79063529e+08
6.00000000e-02 7.00000000e-02 1.79000000e+00 4.83600301e+08
6.00000000e-02 7.00000000e-02 1.80000000e+00 4.88132736e+08
6.00000000e-02 7.00000000e-02 1.81000000e+00 4.92660395e+08
6.00000000e-02 7.00000000e-02 1.82000000e+00 4.97182882e+08
6.00000000e-02 7.00000000e-02 1.83000000e+00 5.01699769e+08
6.00000000e-02 7.00000000e-02 1.84000000e+00 5.06210772e+08
6.00000000e-02 7.00000000e-02 1.85000000e+00 5.10715416e+08
6.00000000e-02 7.00000000e-02 1.86000000e+00 5.15213250e+08
6.00000000e-02 7.00000000e-02 1.87000000e+00 5.19703886e+08
6.00000000e-02 7.00000000e-02 1.88000000e+00 5.24187012e+08
6.00000000e-02 7.00000000e-02 1.89000000e+00 5.28662202e+08
6.00000000e-02 7.00000000e-02 1.90000000e+00 5.33129032e+08
6.00000000e-02 7.00000000e-02 1.91000000e+00 5.37587159e+08
6.00000000e-02 7.00000000e-02 1.92000000e+00 5.42036215e+08
6.00000000e-02 7.00000000e-02 1.93000000e+00 5.46475850e+08
6.00000000e-02 7.00000000e-02 1.94000000e+00 5.50905650e+08
6.00000000e-02 7.00000000e-02 1.95000000e+00 5.55325291e+08
6.00000000e-02 7.00000000e-02 1.96000000e+00 5.59734331e+08
6.00000000e-02 7.00000000e-02 1.97000000e+00 5.64132465e+08
6.00000000e-02 7.00000000e-02 1.98000000e+00 5.68519321e+08
6.00000000e-02 7.00000000e-02 1.99000000e+00 5.72894550e+08
6.00000000e-02 7.00000000e-02 2.00000000e+00 5.77257787e+08
7.00000000e-02 8.00000000e-02 1.00000000e-02 1.25592428e+00
7.00000000e-02 8.00000000e-02 2.00000000e-02 6.25973374e+01
7.00000000e-02 8.00000000e-02 3.00000000e-02 3.93137337e+02
7.00000000e-02 8.00000000e-02 4.00000000e-02 1.32682605e+03
7.00000000e-02 8.00000000e-02 5.00000000e-02 3.30759029e+03
7.00000000e-02 8.00000000e-02 6.00000000e-02 6.88517696e+03
7.00000000e-02 8.00000000e-02 7.00000000e-02 1.27119471e+04
7.00000000e-02 8.00000000e-02 8.00000000e-02 2.15678004e+04
7.00000000e-02 8.00000000e-02 9.00000000e-02 3.43441496e+04
7.00000000e-02 8.00000000e-02 1.00000000e-01 5.20870182e+04
7.00000000e-02 8.00000000e-02 1.10000000e-01 7.60017057e+04
7.00000000e-02 8.00000000e-02 1.20000000e-01 1.07540654e+05
7.00000000e-02 8.00000000e-02 1.30000000e-01 1.48354201e+05
7.00000000e-02 8.00000000e-02 1.40000000e-01 2.00314461e+05
7.00000000e-02 8.00000000e-02 1.50000000e-01 2.65803674e+05
7.00000000e-02 8.00000000e-02 1.60000000e-01 3.47570382e+05
7.00000000e-02 8.00000000e-02 1.70000000e-01 4.48684560e+05
7.00000000e-02 8.00000000e-02 1.80000000e-01 5.73156640e+05
7.00000000e-02 8.00000000e-02 1.90000000e-01 7.25661424e+05
7.00000000e-02 8.00000000e-02 2.00000000e-01 9.11686158e+05
7.00000000e-02 8.00000000e-02 2.10000000e-01 1.13899225e+06
7.00000000e-02 8.00000000e-02 2.20000000e-01 1.41583630e+06
7.00000000e-02 8.00000000e-02 2.30000000e-01 1.75583501e+06
7.00000000e-02 8.00000000e-02 2.40000000e-01 2.17758593e+06
7.00000000e-02 8.00000000e-02 2.50000000e-01 2.72717066e+06
7.00000000e-02 8.00000000e-02 2.60000000e-01 3.49556163e+06
7.00000000e-02 8.00000000e-02 2.70000000e-01 4.19006950e+06
7.00000000e-02 8.00000000e-02 2.80000000e-01 4.87326067e+06
7.00000000e-02 8.00000000e-02 2.90000000e-01 5.57267753e+06
7.00000000e-02 8.00000000e-02 3.00000000e-01 6.29776506e+06
7.00000000e-02 8.00000000e-02 3.10000000e-01 7.05344060e+06
7.00000000e-02 8.00000000e-02 3.20000000e-01 7.84277337e+06
7.00000000e-02 8.00000000e-02 3.30000000e-01 8.66790412e+06
7.00000000e-02 8.00000000e-02 3.40000000e-01 9.53046334e+06
7.00000000e-02 8.00000000e-02 3.50000000e-01 1.04317358e+07
7.00000000e-02 8.00000000e-02 3.60000000e-01 1.13727861e+07
7.00000000e-02 8.00000000e-02 3.70000000e-01 1.23545177e+07
7.00000000e-02 8.00000000e-02 3.80000000e-01 1.33777145e+07
7.00000000e-02 8.00000000e-02 3.90000000e-01 1.44430625e+07
7.00000000e-02 8.00000000e-02 4.00000000e-01 1.55511838e+07
7.00000000e-02 8.00000000e-02 4.10000000e-01 1.67026406e+07
7.00000000e-02 8.00000000e-02 4.20000000e-01 1.78978995e+07
7.00000000e-02 8.00000000e-02 4.30000000e-01 1.91374163e+07
7.00000000e-02 8.00000000e-02 4.40000000e-01 2.04215902e+07
7.00000000e-02 8.00000000e-02 4.50000000e-01 2.17507855e+07
7.00000000e-02 8.00000000e-02 4.60000000e-01 2.31253207e+07
7.00000000e-02 8.00000000e-02 4.70000000e-01 2.45454926e+07
7.00000000e-02 8.00000000e-02 4.80000000e-01 2.60116097e+07
7.00000000e-02 8.00000000e-02 4.90000000e-01 2.75238763e+07
7.00000000e-02 8.00000000e-02 5.00000000e-01 2.90824869e+07
7.00000000e-02 8.00000000e-02 5.10000000e-01 3.06876296e+07
7.00000000e-02 8.00000000e-02 5.20000000e-01 3.23394580e+07
7.00000000e-02 8.00000000e-02 5.30000000e-01 3.40381082e+07
7.00000000e-02 8.00000000e-02 5.40000000e-01 3.57836712e+07
7.00000000e-02 8.00000000e-02 5.50000000e-01 3.75762404e+07
7.00000000e-02 8.00000000e-02 5.60000000e-01 3.94158656e+07
7.00000000e-02 8.00000000e-02 5.70000000e-01 4.13026088e+07
7.00000000e-02 8.00000000e-02 5.80000000e-01 4.32364726e+07
7.00000000e-02 8.00000000e-02 5.90000000e-01 4.52174619e+07
7.00000000e-02 8.00000000e-02 6.00000000e-01 4.72455579e+07
7.00000000e-02 8.00000000e-02 6.10000000e-01 4.93207168e+07
7.00000000e-02 8.00000000e-02 6.20000000e-01 5.14428839e+07
7.00000000e-02 8.00000000e-02 6.30000000e-01 5.36119982e+07
7.00000000e-02 8.00000000e-02 6.40000000e-01 5.58279572e+07
7.00000000e-02 8.00000000e-02 6.50000000e-01 5.80906497e+07
7.00000000e-02 8.00000000e-02 6.60000000e-01 6.03999546e+07
7.00000000e-02 8.00000000e-02 6.70000000e-01 6.27557384e+07
7.00000000e-02 8.00000000e-02 6.80000000e-01 6.51578311e+07
7.00000000e-02 8.00000000e-02 6.90000000e-01 6.76060689e+07
7.00000000e-02 8.00000000e-02 7.00000000e-01 7.01002651e+07
7.00000000e-02 8.00000000e-02 7.10000000e-01 7.26402220e+07
7.00000000e-02 8.00000000e-02 7.20000000e-01 7.52257246e+07
7.00000000e-02 8.00000000e-02 7.30000000e-01 7.78565693e+07
7.00000000e-02 8.00000000e-02 7.40000000e-01 8.05324670e+07
7.00000000e-02 8.00000000e-02 7.50000000e-01 8.32531786e+07
7.00000000e-02 8.00000000e-02 7.60000000e-01 8.60184691e+07
7.00000000e-02 8.00000000e-02 7.70000000e-01 8.88280285e+07
7.00000000e-02 8.00000000e-02 7.80000000e-01 9.16815883e+07
7.00000000e-02 8.00000000e-02 7.90000000e-01 9.45788811e+07
7.00000000e-02 8.00000000e-02 8.00000000e-01 9.75195631e+07
7.00000000e-02 8.00000000e-02 8.10000000e-01 1.00503249e+08
7.00000000e-02 8.00000000e-02 8.20000000e-01 1.03529690e+08
7.00000000e-02 8.00000000e-02 8.30000000e-01 1.06598551e+08
7.00000000e-02 8.00000000e-02 8.40000000e-01 1.09709400e+08
7.00000000e-02 8.00000000e-02 8.50000000e-01 1.12861900e+08
7.00000000e-02 8.00000000e-02 8.60000000e-01 1.16055738e+08
7.00000000e-02 8.00000000e-02 8.70000000e-01 1.19290477e+08
7.00000000e-02 8.00000000e-02 8.80000000e-01 1.22565744e+08
7.00000000e-02 8.00000000e-02 8.90000000e-01 1.25881126e+08
7.00000000e-02 8.00000000e-02 9.00000000e-01 1.29236213e+08
7.00000000e-02 8.00000000e-02 9.10000000e-01 1.32630629e+08
7.00000000e-02 8.00000000e-02 9.20000000e-01 1.36063898e+08
7.00000000e-02 8.00000000e-02 9.30000000e-01 1.39535629e+08
7.00000000e-02 8.00000000e-02 9.40000000e-01 1.43045381e+08
7.00000000e-02 8.00000000e-02 9.50000000e-01 1.46592713e+08
7.00000000e-02 8.00000000e-02 9.60000000e-01 1.50177180e+08
7.00000000e-02 8.00000000e-02 9.70000000e-01 1.53798324e+08
7.00000000e-02 8.00000000e-02 9.80000000e-01 1.57455662e+08
7.00000000e-02 8.00000000e-02 9.90000000e-01 1.61148744e+08
7.00000000e-02 8.00000000e-02 1.00000000e+00 1.64877089e+08
7.00000000e-02 8.00000000e-02 1.01000000e+00 1.68640223e+08
7.00000000e-02 8.00000000e-02 1.02000000e+00 1.72437710e+08
7.00000000e-02 8.00000000e-02 1.03000000e+00 1.76268995e+08
7.00000000e-02 8.00000000e-02 1.04000000e+00 1.80133601e+08
7.00000000e-02 8.00000000e-02 1.05000000e+00 1.84031022e+08
7.00000000e-02 8.00000000e-02 1.06000000e+00 1.87960776e+08
7.00000000e-02 8.00000000e-02 1.07000000e+00 1.91922352e+08
7.00000000e-02 8.00000000e-02 1.08000000e+00 1.95915254e+08
7.00000000e-02 8.00000000e-02 1.09000000e+00 1.99938866e+08
7.00000000e-02 8.00000000e-02 1.10000000e+00 2.03992792e+08
7.00000000e-02 8.00000000e-02 1.11000000e+00 2.08076457e+08
7.00000000e-02 8.00000000e-02 1.12000000e+00 2.12189336e+08
7.00000000e-02 8.00000000e-02 1.13000000e+00 2.16330903e+08
7.00000000e-02 8.00000000e-02 1.14000000e+00 2.20500620e+08
7.00000000e-02 8.00000000e-02 1.15000000e+00 2.24697959e+08
7.00000000e-02 8.00000000e-02 1.16000000e+00 2.28922375e+08
7.00000000e-02 8.00000000e-02 1.17000000e+00 2.33173357e+08
7.00000000e-02 8.00000000e-02 1.18000000e+00 2.37450295e+08
7.00000000e-02 8.00000000e-02 1.19000000e+00 2.41752703e+08
7.00000000e-02 8.00000000e-02 1.20000000e+00 2.46080032e+08
7.00000000e-02 8.00000000e-02 1.21000000e+00 2.50431717e+08
7.00000000e-02 8.00000000e-02 1.22000000e+00 2.54807242e+08
7.00000000e-02 8.00000000e-02 1.23000000e+00 2.59206009e+08
7.00000000e-02 8.00000000e-02 1.24000000e+00 2.63627491e+08
7.00000000e-02 8.00000000e-02 1.25000000e+00 2.68071127e+08
7.00000000e-02 8.00000000e-02 1.26000000e+00 2.72536381e+08
7.00000000e-02 8.00000000e-02 1.27000000e+00 2.77022630e+08
7.00000000e-02 8.00000000e-02 1.28000000e+00 2.81529413e+08
7.00000000e-02 8.00000000e-02 1.29000000e+00 2.86056107e+08
7.00000000e-02 8.00000000e-02 1.30000000e+00 2.90602203e+08
7.00000000e-02 8.00000000e-02 1.31000000e+00 2.95167107e+08
7.00000000e-02 8.00000000e-02 1.32000000e+00 2.99750253e+08
7.00000000e-02 8.00000000e-02 1.33000000e+00 3.04351159e+08
7.00000000e-02 8.00000000e-02 1.34000000e+00 3.08969138e+08
7.00000000e-02 8.00000000e-02 1.35000000e+00 3.13603775e+08
7.00000000e-02 8.00000000e-02 1.36000000e+00 3.18254418e+08
7.00000000e-02 8.00000000e-02 1.37000000e+00 3.22920693e+08
7.00000000e-02 8.00000000e-02 1.38000000e+00 3.27601854e+08
7.00000000e-02 8.00000000e-02 1.39000000e+00 3.32297416e+08
7.00000000e-02 8.00000000e-02 1.40000000e+00 3.37006730e+08
7.00000000e-02 8.00000000e-02 1.41000000e+00 3.41729266e+08
7.00000000e-02 8.00000000e-02 1.42000000e+00 3.46464569e+08
7.00000000e-02 8.00000000e-02 1.43000000e+00 3.51212041e+08
7.00000000e-02 8.00000000e-02 1.44000000e+00 3.55971132e+08
7.00000000e-02 8.00000000e-02 1.45000000e+00 3.60741337e+08
7.00000000e-02 8.00000000e-02 1.46000000e+00 3.65522022e+08
7.00000000e-02 8.00000000e-02 1.47000000e+00 3.70312565e+08
7.00000000e-02 8.00000000e-02 1.48000000e+00 3.75112665e+08
7.00000000e-02 8.00000000e-02 1.49000000e+00 3.79921726e+08
7.00000000e-02 8.00000000e-02 1.50000000e+00 3.84739077e+08
7.00000000e-02 8.00000000e-02 1.51000000e+00 3.89564256e+08
7.00000000e-02 8.00000000e-02 1.52000000e+00 3.94396596e+08
7.00000000e-02 8.00000000e-02 1.53000000e+00 3.99235794e+08
7.00000000e-02 8.00000000e-02 1.54000000e+00 4.04081207e+08
7.00000000e-02 8.00000000e-02 1.55000000e+00 4.08932309e+08
7.00000000e-02 8.00000000e-02 1.56000000e+00 4.13788572e+08
7.00000000e-02 8.00000000e-02 1.57000000e+00 4.18649478e+08
7.00000000e-02 8.00000000e-02 1.58000000e+00 4.23514490e+08
7.00000000e-02 8.00000000e-02 1.59000000e+00 4.28383062e+08
7.00000000e-02 8.00000000e-02 1.60000000e+00 4.33254745e+08
7.00000000e-02 8.00000000e-02 1.61000000e+00 4.38128992e+08
7.00000000e-02 8.00000000e-02 1.62000000e+00 4.43005291e+08
7.00000000e-02 8.00000000e-02 1.63000000e+00 4.47883160e+08
7.00000000e-02 8.00000000e-02 1.64000000e+00 4.52762044e+08
7.00000000e-02 8.00000000e-02 1.65000000e+00 4.57641461e+08
7.00000000e-02 8.00000000e-02 1.66000000e+00 4.62520914e+08
7.00000000e-02 8.00000000e-02 1.67000000e+00 4.67399908e+08
7.00000000e-02 8.00000000e-02 1.68000000e+00 4.72277952e+08
7.00000000e-02 8.00000000e-02 1.69000000e+00 4.77154537e+08
7.00000000e-02 8.00000000e-02 1.70000000e+00 4.82029160e+08
7.00000000e-02 8.00000000e-02 1.71000000e+00 4.86901404e+08
7.00000000e-02 8.00000000e-02 1.72000000e+00 4.91770743e+08
7.00000000e-02 8.00000000e-02 1.73000000e+00 4.96636722e+08
7.00000000e-02 8.00000000e-02 1.74000000e+00 5.01498841e+08
7.00000000e-02 8.00000000e-02 1.75000000e+00 5.06356655e+08
7.00000000e-02 8.00000000e-02 1.76000000e+00 5.11209673e+08
7.00000000e-02 8.00000000e-02 1.77000000e+00 5.16057448e+08
7.00000000e-02 8.00000000e-02 1.78000000e+00 5.20899547e+08
7.00000000e-02 8.00000000e-02 1.79000000e+00 5.25735371e+08
7.00000000e-02 8.00000000e-02 1.80000000e+00 5.30564556e+08
7.00000000e-02 8.00000000e-02 1.81000000e+00 5.35386805e+08
7.00000000e-02 8.00000000e-02 1.82000000e+00 5.40201521e+08
7.00000000e-02 8.00000000e-02 1.83000000e+00 5.45008309e+08
7.00000000e-02 8.00000000e-02 1.84000000e+00 5.49806646e+08
7.00000000e-02 8.00000000e-02 1.85000000e+00 5.54596224e+08
7.00000000e-02 8.00000000e-02 1.86000000e+00 5.59376564e+08
7.00000000e-02 8.00000000e-02 1.87000000e+00 5.64147214e+08
7.00000000e-02 8.00000000e-02 1.88000000e+00 5.68907795e+08
7.00000000e-02 8.00000000e-02 1.89000000e+00 5.73657842e+08
7.00000000e-02 8.00000000e-02 1.90000000e+00 5.78397024e+08
7.00000000e-02 8.00000000e-02 1.91000000e+00 5.83124844e+08
7.00000000e-02 8.00000000e-02 1.92000000e+00 5.87840929e+08
7.00000000e-02 8.00000000e-02 1.93000000e+00 5.92544851e+08
7.00000000e-02 8.00000000e-02 1.94000000e+00 5.97236269e+08
7.00000000e-02 8.00000000e-02 1.95000000e+00 6.01914760e+08
7.00000000e-02 8.00000000e-02 1.96000000e+00 6.06579918e+08
7.00000000e-02 8.00000000e-02 1.97000000e+00 6.11231421e+08
7.00000000e-02 8.00000000e-02 1.98000000e+00 6.15868850e+08
7.00000000e-02 8.00000000e-02 1.99000000e+00 6.20491795e+08
7.00000000e-02 8.00000000e-02 2.00000000e+00 6.25099951e+08
8.00000000e-02 9.00000000e-02 1.00000000e-02 1.42511789e+00
8.00000000e-02 9.00000000e-02 2.00000000e-02 7.10660884e+01
8.00000000e-02 9.00000000e-02 3.00000000e-02 4.46501424e+02
8.00000000e-02 9.00000000e-02 4.00000000e-02 1.50747826e+03
8.00000000e-02 9.00000000e-02 5.00000000e-02 3.75931480e+03
8.00000000e-02 9.00000000e-02 6.00000000e-02 7.82845659e+03
8.00000000e-02 9.00000000e-02 7.00000000e-02 1.44590274e+04
8.00000000e-02 9.00000000e-02 8.00000000e-02 2.45422524e+04
8.00000000e-02 9.00000000e-02 9.00000000e-02 3.90977685e+04
8.00000000e-02 9.00000000e-02 1.00000000e-01 5.93245652e+04
8.00000000e-02 9.00000000e-02 1.10000000e-01 8.66066780e+04
8.00000000e-02 9.00000000e-02 1.20000000e-01 1.22616067e+05
8.00000000e-02 9.00000000e-02 1.30000000e-01 1.69258771e+05
8.00000000e-02 9.00000000e-02 1.40000000e-01 2.28704173e+05
8.00000000e-02 9.00000000e-02 1.50000000e-01 3.03723788e+05
8.00000000e-02 9.00000000e-02 1.60000000e-01 3.97535462e+05
8.00000000e-02 9.00000000e-02 1.70000000e-01 5.13761099e+05
8.00000000e-02 9.00000000e-02 1.80000000e-01 6.57176053e+05
8.00000000e-02 9.00000000e-02 1.90000000e-01 8.33422360e+05
8.00000000e-02 9.00000000e-02 2.00000000e-01 1.04927025e+06
8.00000000e-02 9.00000000e-02 2.10000000e-01 1.31454181e+06
8.00000000e-02 9.00000000e-02 2.20000000e-01 1.64039535e+06
8.00000000e-02 9.00000000e-02 2.30000000e-01 2.04663675e+06
8.00000000e-02 9.00000000e-02 2.40000000e-01 2.56807844e+06
8.00000000e-02 9.00000000e-02 2.50000000e-01 3.32384852e+06
8.00000000e-02 9.00000000e-02 2.60000000e-01 4.06218679e+06
8.00000000e-02 9.00000000e-02 2.70000000e-01 4.76811366e+06
8.00000000e-02 9.00000000e-02 2.80000000e-01 5.48835083e+06
8.00000000e-02 9.00000000e-02 2.90000000e-01 6.23490516e+06
8.00000000e-02 9.00000000e-02 3.00000000e-01 7.01362239e+06
8.00000000e-02 9.00000000e-02 3.10000000e-01 7.82805085e+06
8.00000000e-02 9.00000000e-02 3.20000000e-01 8.68061777e+06
8.00000000e-02 9.00000000e-02 3.30000000e-01 9.57312484e+06
8.00000000e-02 9.00000000e-02 3.40000000e-01 1.05070001e+07
8.00000000e-02 9.00000000e-02 3.50000000e-01 1.14834150e+07
8.00000000e-02 9.00000000e-02 3.60000000e-01 1.25033633e+07
8.00000000e-02 9.00000000e-02 3.70000000e-01 1.35677052e+07
8.00000000e-02 9.00000000e-02 3.80000000e-01 1.46771978e+07
8.00000000e-02 9.00000000e-02 3.90000000e-01 1.58324996e+07
8.00000000e-02 9.00000000e-02 4.00000000e-01 1.70342293e+07
8.00000000e-02 9.00000000e-02 4.10000000e-01 1.82829258e+07
8.00000000e-02 9.00000000e-02 4.20000000e-01 1.95790610e+07
8.00000000e-02 9.00000000e-02 4.30000000e-01 2.09230657e+07
8.00000000e-02 9.00000000e-02 4.40000000e-01 2.23153396e+07
8.00000000e-02 9.00000000e-02 4.50000000e-01 2.37562228e+07
8.00000000e-02 9.00000000e-02 4.60000000e-01 2.52460457e+07
8.00000000e-02 9.00000000e-02 4.70000000e-01 2.67851062e+07
8.00000000e-02 9.00000000e-02 4.80000000e-01 2.83736566e+07
8.00000000e-02 9.00000000e-02 4.90000000e-01 3.00119080e+07
8.00000000e-02 9.00000000e-02 5.00000000e-01 3.17000471e+07
8.00000000e-02 9.00000000e-02 5.10000000e-01 3.34382381e+07
8.00000000e-02 9.00000000e-02 5.20000000e-01 3.52266096e+07
8.00000000e-02 9.00000000e-02 5.30000000e-01 3.70652708e+07
8.00000000e-02 9.00000000e-02 5.40000000e-01 3.89543126e+07
8.00000000e-02 9.00000000e-02 5.50000000e-01 4.08937954e+07
8.00000000e-02 9.00000000e-02 5.60000000e-01 4.28837462e+07
8.00000000e-02 9.00000000e-02 5.70000000e-01 4.49241715e+07
8.00000000e-02 9.00000000e-02 5.80000000e-01 4.70150769e+07
8.00000000e-02 9.00000000e-02 5.90000000e-01 4.91564199e+07
8.00000000e-02 9.00000000e-02 6.00000000e-01 5.13481562e+07
8.00000000e-02 9.00000000e-02 6.10000000e-01 5.35902116e+07
8.00000000e-02 9.00000000e-02 6.20000000e-01 5.58824849e+07
8.00000000e-02 9.00000000e-02 6.30000000e-01 5.82248864e+07
8.00000000e-02 9.00000000e-02 6.40000000e-01 6.06172675e+07
8.00000000e-02 9.00000000e-02 6.50000000e-01 6.30594821e+07
8.00000000e-02 9.00000000e-02 6.60000000e-01 6.55513450e+07
8.00000000e-02 9.00000000e-02 6.70000000e-01 6.80927248e+07
8.00000000e-02 9.00000000e-02 6.80000000e-01 7.06833856e+07
8.00000000e-02 9.00000000e-02 6.90000000e-01 7.33231344e+07
8.00000000e-02 9.00000000e-02 7.00000000e-01 7.60117184e+07
8.00000000e-02 9.00000000e-02 7.10000000e-01 7.87489098e+07
8.00000000e-02 9.00000000e-02 7.20000000e-01 8.15344639e+07
8.00000000e-02 9.00000000e-02 7.30000000e-01 8.43680639e+07
8.00000000e-02 9.00000000e-02 7.40000000e-01 8.72494367e+07
8.00000000e-02 9.00000000e-02 7.50000000e-01 9.01782856e+07
8.00000000e-02 9.00000000e-02 7.60000000e-01 9.31542786e+07
8.00000000e-02 9.00000000e-02 7.70000000e-01 9.61771116e+07
8.00000000e-02 9.00000000e-02 7.80000000e-01 9.92464351e+07
8.00000000e-02 9.00000000e-02 7.90000000e-01 1.02361877e+08
8.00000000e-02 9.00000000e-02 8.00000000e-01 1.05523100e+08
8.00000000e-02 9.00000000e-02 8.10000000e-01 1.08729718e+08
8.00000000e-02 9.00000000e-02 8.20000000e-01 1.11981333e+08
8.00000000e-02 9.00000000e-02 8.30000000e-01 1.15277586e+08
8.00000000e-02 9.00000000e-02 8.40000000e-01 1.18618025e+08
8.00000000e-02 9.00000000e-02 8.50000000e-01 1.22002189e+08
8.00000000e-02 9.00000000e-02 8.60000000e-01 1.25429694e+08
8.00000000e-02 9.00000000e-02 8.70000000e-01 1.28900118e+08
8.00000000e-02 9.00000000e-02 8.80000000e-01 1.32413002e+08
8.00000000e-02 9.00000000e-02 8.90000000e-01 1.35967901e+08
8.00000000e-02 9.00000000e-02 9.00000000e-01 1.39564350e+08
8.00000000e-02 9.00000000e-02 9.10000000e-01 1.43201858e+08
8.00000000e-02 9.00000000e-02 9.20000000e-01 1.46879959e+08
8.00000000e-02 9.00000000e-02 9.30000000e-01 1.50598154e+08
8.00000000e-02 9.00000000e-02 9.40000000e-01 1.54355918e+08
8.00000000e-02 9.00000000e-02 9.50000000e-01 1.58152850e+08
8.00000000e-02 9.00000000e-02 9.60000000e-01 1.61988328e+08
8.00000000e-02 9.00000000e-02 9.70000000e-01 1.65861865e+08
8.00000000e-02 9.00000000e-02 9.80000000e-01 1.69772998e+08
8.00000000e-02 9.00000000e-02 9.90000000e-01 1.73721105e+08
8.00000000e-02 9.00000000e-02 1.00000000e+00 1.77705695e+08
8.00000000e-02 9.00000000e-02 1.01000000e+00 1.81726195e+08
8.00000000e-02 9.00000000e-02 1.02000000e+00 1.85782143e+08
8.00000000e-02 9.00000000e-02 1.03000000e+00 1.89872900e+08
8.00000000e-02 9.00000000e-02 1.04000000e+00 1.93997965e+08
8.00000000e-02 9.00000000e-02 1.05000000e+00 1.98156754e+08
8.00000000e-02 9.00000000e-02 1.06000000e+00 2.02348721e+08
8.00000000e-02 9.00000000e-02 1.07000000e+00 2.06573289e+08
8.00000000e-02 9.00000000e-02 1.08000000e+00 2.10829852e+08
8.00000000e-02 9.00000000e-02 1.09000000e+00 2.15117893e+08
8.00000000e-02 9.00000000e-02 1.10000000e+00 2.19436773e+08
8.00000000e-02 9.00000000e-02 1.11000000e+00 2.23785935e+08
8.00000000e-02 9.00000000e-02 1.12000000e+00 2.28164786e+08
8.00000000e-02 9.00000000e-02 1.13000000e+00 2.32572730e+08
8.00000000e-02 9.00000000e-02 1.14000000e+00 2.37009193e+08
8.00000000e-02 9.00000000e-02 1.15000000e+00 2.41473577e+08
8.00000000e-02 9.00000000e-02 1.16000000e+00 2.45965283e+08
8.00000000e-02 9.00000000e-02 1.17000000e+00 2.50483705e+08
8.00000000e-02 9.00000000e-02 1.18000000e+00 2.55028254e+08
8.00000000e-02 9.00000000e-02 1.19000000e+00 2.59598355e+08
8.00000000e-02 9.00000000e-02 1.20000000e+00 2.64193325e+08
8.00000000e-02 9.00000000e-02 1.21000000e+00 2.68812604e+08
8.00000000e-02 9.00000000e-02 1.22000000e+00 2.73455580e+08
8.00000000e-02 9.00000000e-02 1.23000000e+00 2.78121616e+08
8.00000000e-02 9.00000000e-02 1.24000000e+00 2.82810123e+08
8.00000000e-02 9.00000000e-02 1.25000000e+00 2.87520572e+08
8.00000000e-02 9.00000000e-02 1.26000000e+00 2.92252242e+08
8.00000000e-02 9.00000000e-02 1.27000000e+00 2.97004603e+08
8.00000000e-02 9.00000000e-02 1.28000000e+00 3.01776965e+08
8.00000000e-02 9.00000000e-02 1.29000000e+00 3.06568757e+08
8.00000000e-02 9.00000000e-02 1.30000000e+00 3.11379348e+08
8.00000000e-02 9.00000000e-02 1.31000000e+00 3.16208153e+08
8.00000000e-02 9.00000000e-02 1.32000000e+00 3.21054550e+08
8.00000000e-02 9.00000000e-02 1.33000000e+00 3.25917923e+08
8.00000000e-02 9.00000000e-02 1.34000000e+00 3.30797655e+08
8.00000000e-02 9.00000000e-02 1.35000000e+00 3.35693113e+08
8.00000000e-02 9.00000000e-02 1.36000000e+00 3.40603764e+08
8.00000000e-02 9.00000000e-02 1.37000000e+00 3.45528992e+08
8.00000000e-02 9.00000000e-02 1.38000000e+00 3.50468197e+08
8.00000000e-02 9.00000000e-02 1.39000000e+00 3.55420756e+08
8.00000000e-02 9.00000000e-02 1.40000000e+00 3.60385949e+08
8.00000000e-02 9.00000000e-02 1.41000000e+00 3.65363252e+08
8.00000000e-02 9.00000000e-02 1.42000000e+00 3.70352102e+08
8.00000000e-02 9.00000000e-02 1.43000000e+00 3.75351826e+08
8.00000000e-02 9.00000000e-02 1.44000000e+00 3.80361996e+08
8.00000000e-02 9.00000000e-02 1.45000000e+00 3.85381844e+08
8.00000000e-02 9.00000000e-02 1.46000000e+00 3.90410844e+08
8.00000000e-02 9.00000000e-02 1.47000000e+00 3.95448439e+08
8.00000000e-02 9.00000000e-02 1.48000000e+00 4.00493961e+08
8.00000000e-02 9.00000000e-02 1.49000000e+00 4.05546863e+08
8.00000000e-02 9.00000000e-02 1.50000000e+00 4.10606571e+08
8.00000000e-02 9.00000000e-02 1.51000000e+00 4.15672465e+08
8.00000000e-02 9.00000000e-02 1.52000000e+00 4.20743999e+08
8.00000000e-02 9.00000000e-02 1.53000000e+00 4.25820587e+08
8.00000000e-02 9.00000000e-02 1.54000000e+00 4.30901669e+08
8.00000000e-02 9.00000000e-02 1.55000000e+00 4.35986601e+08
8.00000000e-02 9.00000000e-02 1.56000000e+00 4.41074937e+08
8.00000000e-02 9.00000000e-02 1.57000000e+00 4.46166030e+08
8.00000000e-02 9.00000000e-02 1.58000000e+00 4.51259359e+08
8.00000000e-02 9.00000000e-02 1.59000000e+00 4.56354306e+08
8.00000000e-02 9.00000000e-02 1.60000000e+00 4.61450372e+08
8.00000000e-02 9.00000000e-02 1.61000000e+00 4.66546887e+08
8.00000000e-02 9.00000000e-02 1.62000000e+00 4.71643502e+08
8.00000000e-02 9.00000000e-02 1.63000000e+00 4.76739574e+08
8.00000000e-02 9.00000000e-02 1.64000000e+00 4.81834477e+08
8.00000000e-02 9.00000000e-02 1.65000000e+00 4.86927710e+08
8.00000000e-02 9.00000000e-02 1.66000000e+00 4.92018960e+08
8.00000000e-02 9.00000000e-02 1.67000000e+00 4.97107477e+08
8.00000000e-02 9.00000000e-02 1.68000000e+00 5.02192814e+08
8.00000000e-02 9.00000000e-02 1.69000000e+00 5.07274386e+08
8.00000000e-02 9.00000000e-02 1.70000000e+00 5.12351712e+08
8.00000000e-02 9.00000000e-02 1.71000000e+00 5.17424261e+08
8.00000000e-02 9.00000000e-02 1.72000000e+00 5.22491489e+08
8.00000000e-02 9.00000000e-02 1.73000000e+00 5.27552924e+08
8.00000000e-02 9.00000000e-02 1.74000000e+00 5.32608065e+08
8.00000000e-02 9.00000000e-02 1.75000000e+00 5.37656436e+08
8.00000000e-02 9.00000000e-02 1.76000000e+00 5.42697490e+08
8.00000000e-02 9.00000000e-02 1.77000000e+00 5.47730755e+08
8.00000000e-02 9.00000000e-02 1.78000000e+00 5.52755748e+08
8.00000000e-02 9.00000000e-02 1.79000000e+00 5.57772154e+08
8.00000000e-02 9.00000000e-02 1.80000000e+00 5.62779211e+08
8.00000000e-02 9.00000000e-02 1.81000000e+00 5.67776599e+08
8.00000000e-02 9.00000000e-02 1.82000000e+00 5.72763798e+08
8.00000000e-02 9.00000000e-02 1.83000000e+00 5.77740366e+08
8.00000000e-02 9.00000000e-02 1.84000000e+00 5.82705804e+08
8.00000000e-02 9.00000000e-02 1.85000000e+00 5.87659745e+08
8.00000000e-02 9.00000000e-02 1.86000000e+00 5.92601684e+08
8.00000000e-02 9.00000000e-02 1.87000000e+00 5.97531208e+08
8.00000000e-02 9.00000000e-02 1.88000000e+00 6.02447827e+08
8.00000000e-02 9.00000000e-02 1.89000000e+00 6.07351169e+08
8.00000000e-02 9.00000000e-02 1.90000000e+00 6.12240762e+08
8.00000000e-02 9.00000000e-02 1.91000000e+00 6.17116176e+08
8.00000000e-02 9.00000000e-02 1.92000000e+00 6.21976951e+08
8.00000000e-02 9.00000000e-02 1.93000000e+00 6.26822699e+08
8.00000000e-02 9.00000000e-02 1.94000000e+00 6.31653028e+08
8.00000000e-02 9.00000000e-02 1.95000000e+00 6.36467603e+08
8.00000000e-02 9.00000000e-02 1.96000000e+00 6.41265844e+08
8.00000000e-02 9.00000000e-02 1.97000000e+00 6.46047406e+08
8.00000000e-02 9.00000000e-02 1.98000000e+00 6.50811988e+08
8.00000000e-02 9.00000000e-02 1.99000000e+00 6.55559119e+08
8.00000000e-02 9.00000000e-02 2.00000000e+00 6.60288475e+08
9.00000000e-02 1.00000000e-01 1.00000000e-02 1.59496624e+00
9.00000000e-02 1.00000000e-01 2.00000000e-02 7.95811331e+01
9.00000000e-02 1.00000000e-01 3.00000000e-02 5.00225648e+02
9.00000000e-02 1.00000000e-01 4.00000000e-02 1.68959265e+03
9.00000000e-02 1.00000000e-01 5.00000000e-02 4.21523639e+03
9.00000000e-02 1.00000000e-01 6.00000000e-02 8.78165340e+03
9.00000000e-02 1.00000000e-01 7.00000000e-02 1.62268929e+04
9.00000000e-02 1.00000000e-01 8.00000000e-02 2.75559434e+04
9.00000000e-02 1.00000000e-01 9.00000000e-02 4.39209583e+04
9.00000000e-02 1.00000000e-01 1.00000000e-01 6.66792137e+04
9.00000000e-02 1.00000000e-01 1.10000000e-01 9.74018905e+04
9.00000000e-02 1.00000000e-01 1.20000000e-01 1.37991436e+05
9.00000000e-02 1.00000000e-01 1.30000000e-01 1.90625189e+05
9.00000000e-02 1.00000000e-01 1.40000000e-01 2.57792501e+05
9.00000000e-02 1.00000000e-01 1.50000000e-01 3.42689058e+05
9.00000000e-02 1.00000000e-01 1.60000000e-01 4.49051648e+05
9.00000000e-02 1.00000000e-01 1.70000000e-01 5.81132900e+05
9.00000000e-02 1.00000000e-01 1.80000000e-01 7.44596651e+05
9.00000000e-02 1.00000000e-01 1.90000000e-01 9.46273343e+05
9.00000000e-02 1.00000000e-01 2.00000000e-01 1.19460336e+06
9.00000000e-02 1.00000000e-01 2.10000000e-01 1.50229878e+06
9.00000000e-02 1.00000000e-01 2.20000000e-01 1.88533360e+06
9.00000000e-02 1.00000000e-01 2.30000000e-01 2.37669617e+06
9.00000000e-02 1.00000000e-01 2.40000000e-01 3.08169326e+06
9.00000000e-02 1.00000000e-01 2.50000000e-01 3.85654383e+06
9.00000000e-02 1.00000000e-01 2.60000000e-01 4.57236821e+06
9.00000000e-02 1.00000000e-01 2.70000000e-01 5.29968935e+06
9.00000000e-02 1.00000000e-01 2.80000000e-01 6.05351306e+06
9.00000000e-02 1.00000000e-01 2.90000000e-01 6.84062856e+06
9.00000000e-02 1.00000000e-01 3.00000000e-01 7.66502606e+06
9.00000000e-02 1.00000000e-01 3.10000000e-01 8.52935714e+06
9.00000000e-02 1.00000000e-01 3.20000000e-01 9.43560232e+06
9.00000000e-02 1.00000000e-01 3.30000000e-01 1.03853029e+07
9.00000000e-02 1.00000000e-01 3.40000000e-01 1.13797190e+07
9.00000000e-02 1.00000000e-01 3.50000000e-01 1.24199205e+07
9.00000000e-02 1.00000000e-01 3.60000000e-01 1.35068222e+07
9.00000000e-02 1.00000000e-01 3.70000000e-01 1.46412425e+07
9.00000000e-02 1.00000000e-01 3.80000000e-01 1.58238896e+07
9.00000000e-02 1.00000000e-01 3.90000000e-01 1.70554025e+07
9.00000000e-02 1.00000000e-01 4.00000000e-01 1.83363677e+07
9.00000000e-02 1.00000000e-01 4.10000000e-01 1.96672822e+07
9.00000000e-02 1.00000000e-01 4.20000000e-01 2.10486224e+07
9.00000000e-02 1.00000000e-01 4.30000000e-01 2.24808143e+07
9.00000000e-02 1.00000000e-01 4.40000000e-01 2.39642190e+07
9.00000000e-02 1.00000000e-01 4.50000000e-01 2.54991610e+07
9.00000000e-02 1.00000000e-01 4.60000000e-01 2.70859550e+07
9.00000000e-02 1.00000000e-01 4.70000000e-01 2.87248741e+07
9.00000000e-02 1.00000000e-01 4.80000000e-01 3.04161314e+07
9.00000000e-02 1.00000000e-01 4.90000000e-01 3.21599187e+07
9.00000000e-02 1.00000000e-01 5.00000000e-01 3.39563976e+07
9.00000000e-02 1.00000000e-01 5.10000000e-01 3.58057197e+07
9.00000000e-02 1.00000000e-01 5.20000000e-01 3.77079809e+07
9.00000000e-02 1.00000000e-01 5.30000000e-01 3.96632429e+07
9.00000000e-02 1.00000000e-01 5.40000000e-01 4.16715898e+07
9.00000000e-02 1.00000000e-01 5.50000000e-01 4.37330404e+07
9.00000000e-02 1.00000000e-01 5.60000000e-01 4.58475918e+07
9.00000000e-02 1.00000000e-01 5.70000000e-01 4.80152197e+07
9.00000000e-02 1.00000000e-01 5.80000000e-01 5.02358817e+07
9.00000000e-02 1.00000000e-01 5.90000000e-01 5.25094821e+07
9.00000000e-02 1.00000000e-01 6.00000000e-01 5.48359930e+07
9.00000000e-02 1.00000000e-01 6.10000000e-01 5.72152553e+07
9.00000000e-02 1.00000000e-01 6.20000000e-01 5.96471410e+07
9.00000000e-02 1.00000000e-01 6.30000000e-01 6.21315113e+07
9.00000000e-02 1.00000000e-01 6.40000000e-01 6.46681803e+07
9.00000000e-02 1.00000000e-01 6.50000000e-01 6.72569580e+07
9.00000000e-02 1.00000000e-01 6.60000000e-01 6.98976327e+07
9.00000000e-02 1.00000000e-01 6.70000000e-01 7.25899713e+07
9.00000000e-02 1.00000000e-01 6.80000000e-01 7.53337444e+07
9.00000000e-02 1.00000000e-01 6.90000000e-01 7.81286617e+07
9.00000000e-02 1.00000000e-01 7.00000000e-01 8.09744760e+07
9.00000000e-02 1.00000000e-01 7.10000000e-01 8.38708844e+07
9.00000000e-02 1.00000000e-01 7.20000000e-01 8.68175544e+07
9.00000000e-02 1.00000000e-01 7.30000000e-01 8.98141796e+07
9.00000000e-02 1.00000000e-01 7.40000000e-01 9.28603987e+07
9.00000000e-02 1.00000000e-01 7.50000000e-01 9.59558927e+07
9.00000000e-02 1.00000000e-01 7.60000000e-01 9.91002677e+07
9.00000000e-02 1.00000000e-01 7.70000000e-01 1.02293160e+08
9.00000000e-02 1.00000000e-01 7.80000000e-01 1.05534132e+08
9.00000000e-02 1.00000000e-01 7.90000000e-01 1.08822793e+08
9.00000000e-02 1.00000000e-01 8.00000000e-01 1.12158710e+08
9.00000000e-02 1.00000000e-01 8.10000000e-01 1.15541498e+08
9.00000000e-02 1.00000000e-01 8.20000000e-01 1.18970666e+08
9.00000000e-02 1.00000000e-01 8.30000000e-01 1.22445841e+08
9.00000000e-02 1.00000000e-01 8.40000000e-01 1.25966449e+08
9.00000000e-02 1.00000000e-01 8.50000000e-01 1.29532008e+08
9.00000000e-02 1.00000000e-01 8.60000000e-01 1.33142093e+08
9.00000000e-02 1.00000000e-01 8.70000000e-01 1.36796219e+08
9.00000000e-02 1.00000000e-01 8.80000000e-01 1.40493859e+08
9.00000000e-02 1.00000000e-01 8.90000000e-01 1.44234517e+08
9.00000000e-02 1.00000000e-01 9.00000000e-01 1.48017653e+08
9.00000000e-02 1.00000000e-01 9.10000000e-01 1.51842756e+08
9.00000000e-02 1.00000000e-01 9.20000000e-01 1.55709268e+08
9.00000000e-02 1.00000000e-01 9.30000000e-01 1.59616636e+08
9.00000000e-02 1.00000000e-01 9.40000000e-01 1.63564339e+08
9.00000000e-02 1.00000000e-01 9.50000000e-01 1.67551704e+08
9.00000000e-02 1.00000000e-01 9.60000000e-01 1.71578282e+08
9.00000000e-02 1.00000000e-01 9.70000000e-01 1.75643405e+08
9.00000000e-02 1.00000000e-01 9.80000000e-01 1.79746584e+08
9.00000000e-02 1.00000000e-01 9.90000000e-01 1.83887207e+08
9.00000000e-02 1.00000000e-01 1.00000000e+00 1.88064630e+08
9.00000000e-02 1.00000000e-01 1.01000000e+00 1.92278296e+08
9.00000000e-02 1.00000000e-01 1.02000000e+00 1.96527617e+08
9.00000000e-02 1.00000000e-01 1.03000000e+00 2.00811960e+08
9.00000000e-02 1.00000000e-01 1.04000000e+00 2.05130719e+08
9.00000000e-02 1.00000000e-01 1.05000000e+00 2.09483223e+08
9.00000000e-02 1.00000000e-01 1.06000000e+00 2.13868915e+08
9.00000000e-02 1.00000000e-01 1.07000000e+00 2.18287162e+08
9.00000000e-02 1.00000000e-01 1.08000000e+00 2.22737289e+08
9.00000000e-02 1.00000000e-01 1.09000000e+00 2.27218730e+08
9.00000000e-02 1.00000000e-01 1.10000000e+00 2.31730793e+08
9.00000000e-02 1.00000000e-01 1.11000000e+00 2.36272900e+08
9.00000000e-02 1.00000000e-01 1.12000000e+00 2.40844331e+08
9.00000000e-02 1.00000000e-01 1.13000000e+00 2.45444438e+08
9.00000000e-02 1.00000000e-01 1.14000000e+00 2.50072614e+08
9.00000000e-02 1.00000000e-01 1.15000000e+00 2.54728194e+08
9.00000000e-02 1.00000000e-01 1.16000000e+00 2.59410572e+08
9.00000000e-02 1.00000000e-01 1.17000000e+00 2.64119029e+08
9.00000000e-02 1.00000000e-01 1.18000000e+00 2.68852919e+08
9.00000000e-02 1.00000000e-01 1.19000000e+00 2.73611622e+08
9.00000000e-02 1.00000000e-01 1.20000000e+00 2.78394474e+08
9.00000000e-02 1.00000000e-01 1.21000000e+00 2.83200838e+08
9.00000000e-02 1.00000000e-01 1.22000000e+00 2.88029969e+08
9.00000000e-02 1.00000000e-01 1.23000000e+00 2.92881265e+08
9.00000000e-02 1.00000000e-01 1.24000000e+00 2.97754091e+08
9.00000000e-02 1.00000000e-01 1.25000000e+00 3.02647738e+08
9.00000000e-02 1.00000000e-01 1.26000000e+00 3.07561589e+08
9.00000000e-02 1.00000000e-01 1.27000000e+00 3.12495010e+08
9.00000000e-02 1.00000000e-01 1.28000000e+00 3.17447238e+08
9.00000000e-02 1.00000000e-01 1.29000000e+00 3.22417653e+08
9.00000000e-02 1.00000000e-01 1.30000000e+00 3.27405623e+08
9.00000000e-02 1.00000000e-01 1.31000000e+00 3.32410536e+08
9.00000000e-02 1.00000000e-01 1.32000000e+00 3.37431617e+08
9.00000000e-02 1.00000000e-01 1.33000000e+00 3.42468224e+08
9.00000000e-02 1.00000000e-01 1.34000000e+00 3.47519762e+08
9.00000000e-02 1.00000000e-01 1.35000000e+00 3.52585587e+08
9.00000000e-02 1.00000000e-01 1.36000000e+00 3.57664959e+08
9.00000000e-02 1.00000000e-01 1.37000000e+00 3.62757340e+08
9.00000000e-02 1.00000000e-01 1.38000000e+00 3.67862016e+08
9.00000000e-02 1.00000000e-01 1.39000000e+00 3.72978309e+08
9.00000000e-02 1.00000000e-01 1.40000000e+00 3.78105631e+08
9.00000000e-02 1.00000000e-01 1.41000000e+00 3.83243366e+08
9.00000000e-02 1.00000000e-01 1.42000000e+00 3.88390775e+08
9.00000000e-02 1.00000000e-01 1.43000000e+00 3.93547276e+08
9.00000000e-02 1.00000000e-01 1.44000000e+00 3.98712266e+08
9.00000000e-02 1.00000000e-01 1.45000000e+00 4.03885218e+08
9.00000000e-02 1.00000000e-01 1.46000000e+00 4.09065238e+08
9.00000000e-02 1.00000000e-01 1.47000000e+00 4.14251799e+08
9.00000000e-02 1.00000000e-01 1.48000000e+00 4.19444286e+08
9.00000000e-02 1.00000000e-01 1.49000000e+00 4.24642076e+08
9.00000000e-02 1.00000000e-01 1.50000000e+00 4.29844547e+08
9.00000000e-02 1.00000000e-01 1.51000000e+00 4.35051077e+08
9.00000000e-02 1.00000000e-01 1.52000000e+00 4.40261100e+08
9.00000000e-02 1.00000000e-01 1.53000000e+00 4.45474025e+08
9.00000000e-02 1.00000000e-01 1.54000000e+00 4.50689181e+08
9.00000000e-02 1.00000000e-01 1.55000000e+00 4.55905969e+08
9.00000000e-02 1.00000000e-01 1.56000000e+00 4.61123760e+08
9.00000000e-02 1.00000000e-01 1.57000000e+00 4.66341998e+08
9.00000000e-02 1.00000000e-01 1.58000000e+00 4.71560165e+08
9.00000000e-02 1.00000000e-01 1.59000000e+00 4.76777522e+08
9.00000000e-02 1.00000000e-01 1.60000000e+00 4.81993506e+08
9.00000000e-02 1.00000000e-01 1.61000000e+00 4.87207675e+08
9.00000000e-02 1.00000000e-01 1.62000000e+00 4.92419300e+08
9.00000000e-02 1.00000000e-01 1.63000000e+00 4.97627921e+08
9.00000000e-02 1.00000000e-01 1.64000000e+00 5.02832969e+08
9.00000000e-02 1.00000000e-01 1.65000000e+00 5.08033832e+08
9.00000000e-02 1.00000000e-01 1.66000000e+00 5.13229909e+08
9.00000000e-02 1.00000000e-01 1.67000000e+00 5.18420713e+08
9.00000000e-02 1.00000000e-01 1.68000000e+00 5.23605714e+08
9.00000000e-02 1.00000000e-01 1.69000000e+00 5.28784295e+08
9.00000000e-02 1.00000000e-01 1.70000000e+00 5.33955950e+08
9.00000000e-02 1.00000000e-01 1.71000000e+00 5.39120168e+08
9.00000000e-02 1.00000000e-01 1.72000000e+00 5.44276371e+08
9.00000000e-02 1.00000000e-01 1.73000000e+00 5.49424054e+08
9.00000000e-02 1.00000000e-01 1.74000000e+00 5.54562695e+08
9.00000000e-02 1.00000000e-01 1.75000000e+00 5.59691722e+08
9.00000000e-02 1.00000000e-01 1.76000000e+00 5.64810712e+08
9.00000000e-02 1.00000000e-01 1.77000000e+00 5.69919057e+08
9.00000000e-02 1.00000000e-01 1.78000000e+00 5.75016411e+08
9.00000000e-02 1.00000000e-01 1.79000000e+00 5.80102245e+08
9.00000000e-02 1.00000000e-01 1.80000000e+00 5.85175944e+08
9.00000000e-02 1.00000000e-01 1.81000000e+00 5.90237040e+08
9.00000000e-02 1.00000000e-01 1.82000000e+00 5.95285140e+08
9.00000000e-02 1.00000000e-01 1.83000000e+00 6.00319688e+08
9.00000000e-02 1.00000000e-01 1.84000000e+00 6.05340305e+08
9.00000000e-02 1.00000000e-01 1.85000000e+00 6.10346508e+08
9.00000000e-02 1.00000000e-01 1.86000000e+00 6.15337730e+08
9.00000000e-02 1.00000000e-01 1.87000000e+00 6.20313573e+08
9.00000000e-02 1.00000000e-01 1.88000000e+00 6.25273506e+08
9.00000000e-02 1.00000000e-01 1.89000000e+00 6.30217264e+08
9.00000000e-02 1.00000000e-01 1.90000000e+00 6.35144277e+08
9.00000000e-02 1.00000000e-01 1.91000000e+00 6.40054129e+08
9.00000000e-02 1.00000000e-01 1.92000000e+00 6.44946452e+08
9.00000000e-02 1.00000000e-01 1.93000000e+00 6.49820759e+08
9.00000000e-02 1.00000000e-01 1.94000000e+00 6.54676656e+08
9.00000000e-02 1.00000000e-01 1.95000000e+00 6.59513675e+08
9.00000000e-02 1.00000000e-01 1.96000000e+00 6.64331532e+08
9.00000000e-02 1.00000000e-01 1.97000000e+00 6.69129713e+08
9.00000000e-02 1.00000000e-01 1.98000000e+00 6.73907829e+08
9.00000000e-02 1.00000000e-01 1.99000000e+00 6.78665588e+08
9.00000000e-02 1.00000000e-01 2.00000000e+00 6.83402481e+08
1.00000000e-01 1.10000000e-01 1.00000000e-02 1.76555531e+00
1.00000000e-01 1.10000000e-01 2.00000000e-02 8.81496951e+01
1.00000000e-01 1.10000000e-01 3.00000000e-02 5.54367362e+02
1.00000000e-01 1.10000000e-01 4.00000000e-02 1.87335263e+03
1.00000000e-01 1.10000000e-01 5.00000000e-02 4.67591345e+03
1.00000000e-01 1.10000000e-01 6.00000000e-02 9.74613614e+03
1.00000000e-01 1.10000000e-01 7.00000000e-02 1.80182098e+04
1.00000000e-01 1.10000000e-01 8.00000000e-02 3.06144312e+04
1.00000000e-01 1.10000000e-01 9.00000000e-02 4.88240701e+04
1.00000000e-01 1.10000000e-01 1.00000000e-01 7.41695412e+04
1.00000000e-01 1.10000000e-01 1.10000000e-01 1.08417990e+05
1.00000000e-01 1.10000000e-01 1.20000000e-01 1.53716880e+05
1.00000000e-01 1.10000000e-01 1.30000000e-01 2.12534160e+05
1.00000000e-01 1.10000000e-01 1.40000000e-01 2.87707611e+05
1.00000000e-01 1.10000000e-01 1.50000000e-01 3.82900677e+05
1.00000000e-01 1.10000000e-01 1.60000000e-01 5.02439149e+05
1.00000000e-01 1.10000000e-01 1.70000000e-01 6.51310207e+05
1.00000000e-01 1.10000000e-01 1.80000000e-01 8.36252726e+05
1.00000000e-01 1.10000000e-01 1.90000000e-01 1.06561792e+06
1.00000000e-01 1.10000000e-01 2.00000000e-01 1.35017012e+06
1.00000000e-01 1.10000000e-01 2.10000000e-01 1.70713434e+06
1.00000000e-01 1.10000000e-01 2.20000000e-01 2.16221344e+06
1.00000000e-01 1.10000000e-01 2.30000000e-01 2.80335575e+06
1.00000000e-01 1.10000000e-01 2.40000000e-01 3.59322705e+06
1.00000000e-01 1.10000000e-01 2.50000000e-01 4.30828574e+06
1.00000000e-01 1.10000000e-01 2.60000000e-01 5.03091987e+06
1.00000000e-01 1.10000000e-01 2.70000000e-01 5.77979034e+06
1.00000000e-01 1.10000000e-01 2.80000000e-01 6.56266315e+06
1.00000000e-01 1.10000000e-01 2.90000000e-01 7.38390884e+06
1.00000000e-01 1.10000000e-01 3.00000000e-01 8.24642521e+06
1.00000000e-01 1.10000000e-01 3.10000000e-01 9.15231154e+06
1.00000000e-01 1.10000000e-01 3.20000000e-01 1.01032009e+07
1.00000000e-01 1.10000000e-01 3.30000000e-01 1.11004351e+07
1.00000000e-01 1.10000000e-01 3.40000000e-01 1.21451398e+07
1.00000000e-01 1.10000000e-01 3.50000000e-01 1.32382842e+07
1.00000000e-01 1.10000000e-01 3.60000000e-01 1.43807196e+07
1.00000000e-01 1.10000000e-01 3.70000000e-01 1.55731998e+07
1.00000000e-01 1.10000000e-01 3.80000000e-01 1.68163828e+07
1.00000000e-01 1.10000000e-01 3.90000000e-01 1.81108828e+07
1.00000000e-01 1.10000000e-01 4.00000000e-01 1.94572430e+07
1.00000000e-01 1.10000000e-01 4.10000000e-01 2.08559653e+07
1.00000000e-01 1.10000000e-01 4.20000000e-01 2.23074702e+07
1.00000000e-01 1.10000000e-01 4.30000000e-01 2.38121297e+07
1.00000000e-01 1.10000000e-01 4.40000000e-01 2.53703042e+07
1.00000000e-01 1.10000000e-01 4.50000000e-01 2.69822942e+07
1.00000000e-01 1.10000000e-01 4.60000000e-01 2.86483885e+07
1.00000000e-01 1.10000000e-01 4.70000000e-01 3.03687902e+07
1.00000000e-01 1.10000000e-01 4.80000000e-01 3.21437147e+07
1.00000000e-01 1.10000000e-01 4.90000000e-01 3.39733179e+07
1.00000000e-01 1.10000000e-01 5.00000000e-01 3.58577249e+07
1.00000000e-01 1.10000000e-01 5.10000000e-01 3.77970543e+07
1.00000000e-01 1.10000000e-01 5.20000000e-01 3.97913632e+07
1.00000000e-01 1.10000000e-01 5.30000000e-01 4.18407028e+07
1.00000000e-01 1.10000000e-01 5.40000000e-01 4.39450757e+07
1.00000000e-01 1.10000000e-01 5.50000000e-01 4.61044872e+07
1.00000000e-01 1.10000000e-01 5.60000000e-01 4.83188696e+07
1.00000000e-01 1.10000000e-01 5.70000000e-01 5.05881894e+07
1.00000000e-01 1.10000000e-01 5.80000000e-01 5.29123590e+07
1.00000000e-01 1.10000000e-01 5.90000000e-01 5.52912539e+07
1.00000000e-01 1.10000000e-01 6.00000000e-01 5.77247354e+07
1.00000000e-01 1.10000000e-01 6.10000000e-01 6.02126542e+07
1.00000000e-01 1.10000000e-01 6.20000000e-01 6.27548356e+07
1.00000000e-01 1.10000000e-01 6.30000000e-01 6.53510723e+07
1.00000000e-01 1.10000000e-01 6.40000000e-01 6.80011389e+07
1.00000000e-01 1.10000000e-01 6.50000000e-01 7.07047996e+07
1.00000000e-01 1.10000000e-01 6.60000000e-01 7.34617853e+07
1.00000000e-01 1.10000000e-01 6.70000000e-01 7.62718311e+07
1.00000000e-01 1.10000000e-01 6.80000000e-01 7.91346516e+07
1.00000000e-01 1.10000000e-01 6.90000000e-01 8.20499054e+07
1.00000000e-01 1.10000000e-01 7.00000000e-01 8.50172878e+07
1.00000000e-01 1.10000000e-01 7.10000000e-01 8.80364228e+07
1.00000000e-01 1.10000000e-01 7.20000000e-01 9.11069617e+07
1.00000000e-01 1.10000000e-01 7.30000000e-01 9.42285213e+07
1.00000000e-01 1.10000000e-01 7.40000000e-01 9.74007545e+07
1.00000000e-01 1.10000000e-01 7.50000000e-01 1.00623175e+08
1.00000000e-01 1.10000000e-01 7.60000000e-01 1.03895370e+08
1.00000000e-01 1.10000000e-01 7.70000000e-01 1.07216903e+08
1.00000000e-01 1.10000000e-01 7.80000000e-01 1.10587349e+08
1.00000000e-01 1.10000000e-01 7.90000000e-01 1.14006227e+08
1.00000000e-01 1.10000000e-01 8.00000000e-01 1.17473098e+08
1.00000000e-01 1.10000000e-01 8.10000000e-01 1.20987428e+08
1.00000000e-01 1.10000000e-01 8.20000000e-01 1.24548775e+08
1.00000000e-01 1.10000000e-01 8.30000000e-01 1.28156555e+08
1.00000000e-01 1.10000000e-01 8.40000000e-01 1.31810275e+08
1.00000000e-01 1.10000000e-01 8.50000000e-01 1.35509385e+08
1.00000000e-01 1.10000000e-01 8.60000000e-01 1.39253377e+08
1.00000000e-01 1.10000000e-01 8.70000000e-01 1.43041664e+08
1.00000000e-01 1.10000000e-01 8.80000000e-01 1.46873738e+08
1.00000000e-01 1.10000000e-01 8.90000000e-01 1.50748968e+08
1.00000000e-01 1.10000000e-01 9.00000000e-01 1.54666785e+08
1.00000000e-01 1.10000000e-01 9.10000000e-01 1.58626609e+08
1.00000000e-01 1.10000000e-01 9.20000000e-01 1.62627872e+08
1.00000000e-01 1.10000000e-01 9.30000000e-01 1.66669939e+08
1.00000000e-01 1.10000000e-01 9.40000000e-01 1.70752197e+08
1.00000000e-01 1.10000000e-01 9.50000000e-01 1.74874047e+08
1.00000000e-01 1.10000000e-01 9.60000000e-01 1.79034823e+08
1.00000000e-01 1.10000000e-01 9.70000000e-01 1.83233934e+08
1.00000000e-01 1.10000000e-01 9.80000000e-01 1.87470746e+08
1.00000000e-01 1.10000000e-01 9.90000000e-01 1.91744604e+08
1.00000000e-01 1.10000000e-01 1.00000000e+00 1.96054901e+08
1.00000000e-01 1.10000000e-01 1.01000000e+00 2.00400928e+08
1.00000000e-01 1.10000000e-01 1.02000000e+00 2.04782016e+08
1.00000000e-01 1.10000000e-01 1.03000000e+00 2.09197519e+08
1.00000000e-01 1.10000000e-01 1.04000000e+00 2.13646802e+08
1.00000000e-01 1.10000000e-01 1.05000000e+00 2.18129162e+08
1.00000000e-01 1.10000000e-01 1.06000000e+00 2.22643905e+08
1.00000000e-01 1.10000000e-01 1.07000000e+00 2.27190364e+08
1.00000000e-01 1.10000000e-01 1.08000000e+00 2.31767895e+08
1.00000000e-01 1.10000000e-01 1.09000000e+00 2.36375773e+08
1.00000000e-01 1.10000000e-01 1.10000000e+00 2.41013321e+08
1.00000000e-01 1.10000000e-01 1.11000000e+00 2.45679852e+08
1.00000000e-01 1.10000000e-01 1.12000000e+00 2.50374641e+08
1.00000000e-01 1.10000000e-01 1.13000000e+00 2.55097049e+08
1.00000000e-01 1.10000000e-01 1.14000000e+00 2.59846353e+08
1.00000000e-01 1.10000000e-01 1.15000000e+00 2.64621853e+08
1.00000000e-01 1.10000000e-01 1.16000000e+00 2.69422851e+08
1.00000000e-01 1.10000000e-01 1.17000000e+00 2.74248663e+08
1.00000000e-01 1.10000000e-01 1.18000000e+00 2.79098550e+08
1.00000000e-01 1.10000000e-01 1.19000000e+00 2.83971826e+08
1.00000000e-01 1.10000000e-01 1.20000000e+00 2.88867789e+08
1.00000000e-01 1.10000000e-01 1.21000000e+00 2.93785735e+08
1.00000000e-01 1.10000000e-01 1.22000000e+00 2.98724950e+08
1.00000000e-01 1.10000000e-01 1.23000000e+00 3.03684754e+08
1.00000000e-01 1.10000000e-01 1.24000000e+00 3.08664426e+08
1.00000000e-01 1.10000000e-01 1.25000000e+00 3.13663227e+08
1.00000000e-01 1.10000000e-01 1.26000000e+00 3.18680491e+08
1.00000000e-01 1.10000000e-01 1.27000000e+00 3.23715538e+08
1.00000000e-01 1.10000000e-01 1.28000000e+00 3.28767599e+08
1.00000000e-01 1.10000000e-01 1.29000000e+00 3.33835996e+08
1.00000000e-01 1.10000000e-01 1.30000000e+00 3.38920185e+08
1.00000000e-01 1.10000000e-01 1.31000000e+00 3.44019299e+08
1.00000000e-01 1.10000000e-01 1.32000000e+00 3.49132670e+08
1.00000000e-01 1.10000000e-01 1.33000000e+00 3.54259662e+08
1.00000000e-01 1.10000000e-01 1.34000000e+00 3.59399408e+08
1.00000000e-01 1.10000000e-01 1.35000000e+00 3.64551351e+08
1.00000000e-01 1.10000000e-01 1.36000000e+00 3.69714926e+08
1.00000000e-01 1.10000000e-01 1.37000000e+00 3.74889252e+08
1.00000000e-01 1.10000000e-01 1.38000000e+00 3.80073672e+08
1.00000000e-01 1.10000000e-01 1.39000000e+00 3.85267542e+08
1.00000000e-01 1.10000000e-01 1.40000000e+00 3.90470264e+08
1.00000000e-01 1.10000000e-01 1.41000000e+00 3.95681008e+08
1.00000000e-01 1.10000000e-01 1.42000000e+00 4.00899163e+08
1.00000000e-01 1.10000000e-01 1.43000000e+00 4.06124097e+08
1.00000000e-01 1.10000000e-01 1.44000000e+00 4.11355152e+08
1.00000000e-01 1.10000000e-01 1.45000000e+00 4.16591637e+08
1.00000000e-01 1.10000000e-01 1.46000000e+00 4.21832882e+08
1.00000000e-01 1.10000000e-01 1.47000000e+00 4.27078215e+08
1.00000000e-01 1.10000000e-01 1.48000000e+00 4.32326973e+08
1.00000000e-01 1.10000000e-01 1.49000000e+00 4.37578526e+08
1.00000000e-01 1.10000000e-01 1.50000000e+00 4.42832232e+08
1.00000000e-01 1.10000000e-01 1.51000000e+00 4.48087479e+08
1.00000000e-01 1.10000000e-01 1.52000000e+00 4.53343605e+08
1.00000000e-01 1.10000000e-01 1.53000000e+00 4.58599953e+08
1.00000000e-01 1.10000000e-01 1.54000000e+00 4.63855915e+08
1.00000000e-01 1.10000000e-01 1.55000000e+00 4.69110877e+08
1.00000000e-01 1.10000000e-01 1.56000000e+00 4.74364199e+08
1.00000000e-01 1.10000000e-01 1.57000000e+00 4.79615273e+08
1.00000000e-01 1.10000000e-01 1.58000000e+00 4.84863491e+08
1.00000000e-01 1.10000000e-01 1.59000000e+00 4.90108233e+08
1.00000000e-01 1.10000000e-01 1.60000000e+00 4.95348915e+08
1.00000000e-01 1.10000000e-01 1.61000000e+00 5.00584875e+08
1.00000000e-01 1.10000000e-01 1.62000000e+00 5.05815626e+08
1.00000000e-01 1.10000000e-01 1.63000000e+00 5.11040530e+08
1.00000000e-01 1.10000000e-01 1.64000000e+00 5.16259035e+08
1.00000000e-01 1.10000000e-01 1.65000000e+00 5.21470608e+08
1.00000000e-01 1.10000000e-01 1.66000000e+00 5.26674475e+08
1.00000000e-01 1.10000000e-01 1.67000000e+00 5.31870155e+08
1.00000000e-01 1.10000000e-01 1.68000000e+00 5.37057143e+08
1.00000000e-01 1.10000000e-01 1.69000000e+00 5.42234887e+08
1.00000000e-01 1.10000000e-01 1.70000000e+00 5.47402849e+08
1.00000000e-01 1.10000000e-01 1.71000000e+00 5.52560410e+08
1.00000000e-01 1.10000000e-01 1.72000000e+00 5.57707039e+08
1.00000000e-01 1.10000000e-01 1.73000000e+00 5.62842237e+08
1.00000000e-01 1.10000000e-01 1.74000000e+00 5.67965485e+08
1.00000000e-01 1.10000000e-01 1.75000000e+00 5.73076209e+08
1.00000000e-01 1.10000000e-01 1.76000000e+00 5.78173983e+08
1.00000000e-01 1.10000000e-01 1.77000000e+00 5.83258151e+08
1.00000000e-01 1.10000000e-01 1.78000000e+00 5.88328275e+08
1.00000000e-01 1.10000000e-01 1.79000000e+00 5.93383832e+08
1.00000000e-01 1.10000000e-01 1.80000000e+00 5.98424366e+08
1.00000000e-01 1.10000000e-01 1.81000000e+00 6.03449363e+08
1.00000000e-01 1.10000000e-01 1.82000000e+00 6.08458449e+08
1.00000000e-01 1.10000000e-01 1.83000000e+00 6.13450932e+08
1.00000000e-01 1.10000000e-01 1.84000000e+00 6.18426442e+08
1.00000000e-01 1.10000000e-01 1.85000000e+00 6.23384502e+08
1.00000000e-01 1.10000000e-01 1.86000000e+00 6.28324719e+08
1.00000000e-01 1.10000000e-01 1.87000000e+00 6.33246519e+08
1.00000000e-01 1.10000000e-01 1.88000000e+00 6.38149437e+08
1.00000000e-01 1.10000000e-01 1.89000000e+00 6.43033178e+08
1.00000000e-01 1.10000000e-01 1.90000000e+00 6.47897226e+08
1.00000000e-01 1.10000000e-01 1.91000000e+00 6.52741223e+08
1.00000000e-01 1.10000000e-01 1.92000000e+00 6.57564587e+08
1.00000000e-01 1.10000000e-01 1.93000000e+00 6.62366984e+08
1.00000000e-01 1.10000000e-01 1.94000000e+00 6.67147995e+08
1.00000000e-01 1.10000000e-01 1.95000000e+00 6.71907126e+08
1.00000000e-01 1.10000000e-01 1.96000000e+00 6.76644059e+08
1.00000000e-01 1.10000000e-01 1.97000000e+00 6.81358399e+08
1.00000000e-01 1.10000000e-01 1.98000000e+00 6.86049820e+08
1.00000000e-01 1.10000000e-01 1.99000000e+00 6.90717871e+08
1.00000000e-01 1.10000000e-01 2.00000000e+00 6.95362198e+08
1.10000000e-01 1.20000000e-01 1.00000000e-02 1.93697958e+00
1.10000000e-01 1.20000000e-01 2.00000000e-02 9.67769313e+01
1.10000000e-01 1.20000000e-01 3.00000000e-02 6.08964922e+02
1.10000000e-01 1.20000000e-01 4.00000000e-02 2.05894458e+03
1.10000000e-01 1.20000000e-01 5.00000000e-02 5.14190976e+03
1.10000000e-01 1.20000000e-01 6.00000000e-02 1.07233021e+04
1.10000000e-01 1.20000000e-01 7.00000000e-02 1.98359996e+04
1.10000000e-01 1.20000000e-01 8.00000000e-02 3.37236064e+04
1.10000000e-01 1.20000000e-01 9.00000000e-02 5.38180267e+04
1.10000000e-01 1.20000000e-01 1.00000000e-01 8.18148650e+04
1.10000000e-01 1.20000000e-01 1.10000000e-01 1.19688786e+05
1.10000000e-01 1.20000000e-01 1.20000000e-01 1.69848636e+05
1.10000000e-01 1.20000000e-01 1.30000000e-01 2.35078417e+05
1.10000000e-01 1.20000000e-01 1.40000000e-01 3.18599586e+05
1.10000000e-01 1.20000000e-01 1.50000000e-01 4.24601668e+05
1.10000000e-01 1.20000000e-01 1.60000000e-01 5.58093083e+05
1.10000000e-01 1.20000000e-01 1.70000000e-01 7.24944329e+05
1.10000000e-01 1.20000000e-01 1.80000000e-01 9.33253522e+05
1.10000000e-01 1.20000000e-01 1.90000000e-01 1.19344111e+06
1.10000000e-01 1.20000000e-01 2.00000000e-01 1.51981667e+06
1.10000000e-01 1.20000000e-01 2.10000000e-01 1.93794146e+06
1.10000000e-01 1.20000000e-01 2.20000000e-01 2.50660943e+06
1.10000000e-01 1.20000000e-01 2.30000000e-01 3.28951240e+06
1.10000000e-01 1.20000000e-01 2.40000000e-01 3.99559550e+06
1.10000000e-01 1.20000000e-01 2.50000000e-01 4.70373419e+06
1.10000000e-01 1.20000000e-01 2.60000000e-01 5.43740111e+06
1.10000000e-01 1.20000000e-01 2.70000000e-01 6.20537674e+06
1.10000000e-01 1.20000000e-01 2.80000000e-01 7.01241050e+06
1.10000000e-01 1.20000000e-01 2.90000000e-01 7.86158236e+06
1.10000000e-01 1.20000000e-01 3.00000000e-01 8.75511659e+06
1.10000000e-01 1.20000000e-01 3.10000000e-01 9.69472097e+06
1.10000000e-01 1.20000000e-01 3.20000000e-01 1.06817858e+07
1.10000000e-01 1.20000000e-01 3.30000000e-01 1.17174780e+07
1.10000000e-01 1.20000000e-01 3.40000000e-01 1.28028295e+07
1.10000000e-01 1.20000000e-01 3.50000000e-01 1.39387050e+07
1.10000000e-01 1.20000000e-01 3.60000000e-01 1.51258901e+07
1.10000000e-01 1.20000000e-01 3.70000000e-01 1.63650916e+07
1.10000000e-01 1.20000000e-01 3.80000000e-01 1.76569137e+07
1.10000000e-01 1.20000000e-01 3.90000000e-01 1.90018909e+07
1.10000000e-01 1.20000000e-01 4.00000000e-01 2.04006007e+07
1.10000000e-01 1.20000000e-01 4.10000000e-01 2.18534409e+07
1.10000000e-01 1.20000000e-01 4.20000000e-01 2.33608300e+07
1.10000000e-01 1.20000000e-01 4.30000000e-01 2.49231033e+07
1.10000000e-01 1.20000000e-01 4.40000000e-01 2.65405633e+07
1.10000000e-01 1.20000000e-01 4.50000000e-01 2.82134804e+07
1.10000000e-01 1.20000000e-01 4.60000000e-01 2.99421012e+07
1.10000000e-01 1.20000000e-01 4.70000000e-01 3.17266474e+07
1.10000000e-01 1.20000000e-01 4.80000000e-01 3.35672422e+07
1.10000000e-01 1.20000000e-01 4.90000000e-01 3.54639567e+07
1.10000000e-01 1.20000000e-01 5.00000000e-01 3.74169680e+07
1.10000000e-01 1.20000000e-01 5.10000000e-01 3.94262790e+07
1.10000000e-01 1.20000000e-01 5.20000000e-01 4.14919785e+07
1.10000000e-01 1.20000000e-01 5.30000000e-01 4.36139937e+07
1.10000000e-01 1.20000000e-01 5.40000000e-01 4.57923659e+07
1.10000000e-01 1.20000000e-01 5.50000000e-01 4.80270049e+07
1.10000000e-01 1.20000000e-01 5.60000000e-01 5.03178369e+07
1.10000000e-01 1.20000000e-01 5.70000000e-01 5.26647167e+07
1.10000000e-01 1.20000000e-01 5.80000000e-01 5.50675701e+07
1.10000000e-01 1.20000000e-01 5.90000000e-01 5.75262178e+07
1.10000000e-01 1.20000000e-01 6.00000000e-01 6.00404243e+07
1.10000000e-01 1.20000000e-01 6.10000000e-01 6.26100361e+07
1.10000000e-01 1.20000000e-01 6.20000000e-01 6.52348108e+07
1.10000000e-01 1.20000000e-01 6.30000000e-01 6.79145122e+07
1.10000000e-01 1.20000000e-01 6.40000000e-01 7.06488383e+07
1.10000000e-01 1.20000000e-01 6.50000000e-01 7.34375153e+07
1.10000000e-01 1.20000000e-01 6.60000000e-01 7.62802301e+07
1.10000000e-01 1.20000000e-01 6.70000000e-01 7.91766595e+07
1.10000000e-01 1.20000000e-01 6.80000000e-01 8.21264570e+07
1.10000000e-01 1.20000000e-01 6.90000000e-01 8.51292219e+07
1.10000000e-01 1.20000000e-01 7.00000000e-01 8.81845932e+07
1.10000000e-01 1.20000000e-01 7.10000000e-01 9.12921771e+07
1.10000000e-01 1.20000000e-01 7.20000000e-01 9.44515332e+07
1.10000000e-01 1.20000000e-01 7.30000000e-01 9.76622377e+07
1.10000000e-01 1.20000000e-01 7.40000000e-01 1.00923822e+08
1.10000000e-01 1.20000000e-01 7.50000000e-01 1.04235853e+08
1.10000000e-01 1.20000000e-01 7.60000000e-01 1.07597863e+08
1.10000000e-01 1.20000000e-01 7.70000000e-01 1.11009313e+08
1.10000000e-01 1.20000000e-01 7.80000000e-01 1.14469719e+08
1.10000000e-01 1.20000000e-01 7.90000000e-01 1.17978572e+08
1.10000000e-01 1.20000000e-01 8.00000000e-01 1.21535347e+08
1.10000000e-01 1.20000000e-01 8.10000000e-01 1.25139502e+08
1.10000000e-01 1.20000000e-01 8.20000000e-01 1.28790384e+08
1.10000000e-01 1.20000000e-01 8.30000000e-01 1.32487459e+08
1.10000000e-01 1.20000000e-01 8.40000000e-01 1.36230220e+08
1.10000000e-01 1.20000000e-01 8.50000000e-01 1.40018070e+08
1.10000000e-01 1.20000000e-01 8.60000000e-01 1.43850434e+08
1.10000000e-01 1.20000000e-01 8.70000000e-01 1.47726668e+08
1.10000000e-01 1.20000000e-01 8.80000000e-01 1.51646058e+08
1.10000000e-01 1.20000000e-01 8.90000000e-01 1.55608113e+08
1.10000000e-01 1.20000000e-01 9.00000000e-01 1.59612170e+08
1.10000000e-01 1.20000000e-01 9.10000000e-01 1.63657580e+08
1.10000000e-01 1.20000000e-01 9.20000000e-01 1.67743705e+08
1.10000000e-01 1.20000000e-01 9.30000000e-01 1.71869843e+08
1.10000000e-01 1.20000000e-01 9.40000000e-01 1.76035355e+08
1.10000000e-01 1.20000000e-01 9.50000000e-01 1.80239589e+08
1.10000000e-01 1.20000000e-01 9.60000000e-01 1.84481797e+08
1.10000000e-01 1.20000000e-01 9.70000000e-01 1.88761371e+08
1.10000000e-01 1.20000000e-01 9.80000000e-01 1.93077615e+08
1.10000000e-01 1.20000000e-01 9.90000000e-01 1.97429793e+08
1.10000000e-01 1.20000000e-01 1.00000000e+00 2.01817235e+08
1.10000000e-01 1.20000000e-01 1.01000000e+00 2.06239169e+08
1.10000000e-01 1.20000000e-01 1.02000000e+00 2.10695028e+08
1.10000000e-01 1.20000000e-01 1.03000000e+00 2.15183996e+08
1.10000000e-01 1.20000000e-01 1.04000000e+00 2.19705300e+08
1.10000000e-01 1.20000000e-01 1.05000000e+00 2.24258392e+08
1.10000000e-01 1.20000000e-01 1.06000000e+00 2.28842430e+08
1.10000000e-01 1.20000000e-01 1.07000000e+00 2.33456697e+08
1.10000000e-01 1.20000000e-01 1.08000000e+00 2.38100513e+08
1.10000000e-01 1.20000000e-01 1.09000000e+00 2.42773074e+08
1.10000000e-01 1.20000000e-01 1.10000000e+00 2.47473740e+08
1.10000000e-01 1.20000000e-01 1.11000000e+00 2.52201739e+08
1.10000000e-01 1.20000000e-01 1.12000000e+00 2.56956307e+08
1.10000000e-01 1.20000000e-01 1.13000000e+00 2.61736718e+08
1.10000000e-01 1.20000000e-01 1.14000000e+00 2.66542250e+08
1.10000000e-01 1.20000000e-01 1.15000000e+00 2.71372121e+08
1.10000000e-01 1.20000000e-01 1.16000000e+00 2.76225621e+08
1.10000000e-01 1.20000000e-01 1.17000000e+00 2.81101954e+08
1.10000000e-01 1.20000000e-01 1.18000000e+00 2.86000495e+08
1.10000000e-01 1.20000000e-01 1.19000000e+00 2.90920405e+08
1.10000000e-01 1.20000000e-01 1.20000000e+00 2.95860958e+08
1.10000000e-01 1.20000000e-01 1.21000000e+00 3.00821471e+08
1.10000000e-01 1.20000000e-01 1.22000000e+00 3.05801096e+08
1.10000000e-01 1.20000000e-01 1.23000000e+00 3.10799144e+08
1.10000000e-01 1.20000000e-01 1.24000000e+00 3.15814977e+08
1.10000000e-01 1.20000000e-01 1.25000000e+00 3.20847700e+08
1.10000000e-01 1.20000000e-01 1.26000000e+00 3.25896596e+08
1.10000000e-01 1.20000000e-01 1.27000000e+00 3.30960985e+08
1.10000000e-01 1.20000000e-01 1.28000000e+00 3.36040131e+08
1.10000000e-01 1.20000000e-01 1.29000000e+00 3.41133189e+08
1.10000000e-01 1.20000000e-01 1.30000000e+00 3.46239582e+08
1.10000000e-01 1.20000000e-01 1.31000000e+00 3.51358418e+08
1.10000000e-01 1.20000000e-01 1.32000000e+00 3.56489044e+08
1.10000000e-01 1.20000000e-01 1.33000000e+00 3.61631022e+08
1.10000000e-01 1.20000000e-01 1.34000000e+00 3.66783269e+08
1.10000000e-01 1.20000000e-01 1.35000000e+00 3.71945268e+08
1.10000000e-01 1.20000000e-01 1.36000000e+00 3.77116263e+08
1.10000000e-01 1.20000000e-01 1.37000000e+00 3.82295302e+08
1.10000000e-01 1.20000000e-01 1.38000000e+00 3.87481940e+08
1.10000000e-01 1.20000000e-01 1.39000000e+00 3.92675452e+08
1.10000000e-01 1.20000000e-01 1.40000000e+00 3.97874830e+08
1.10000000e-01 1.20000000e-01 1.41000000e+00 4.03079865e+08
1.10000000e-01 1.20000000e-01 1.42000000e+00 4.08289620e+08
1.10000000e-01 1.20000000e-01 1.43000000e+00 4.13503230e+08
1.10000000e-01 1.20000000e-01 1.44000000e+00 4.18720352e+08
1.10000000e-01 1.20000000e-01 1.45000000e+00 4.23940056e+08
1.10000000e-01 1.20000000e-01 1.46000000e+00 4.29161750e+08
1.10000000e-01 1.20000000e-01 1.47000000e+00 4.34384684e+08
1.10000000e-01 1.20000000e-01 1.48000000e+00 4.39608317e+08
1.10000000e-01 1.20000000e-01 1.49000000e+00 4.44831873e+08
1.10000000e-01 1.20000000e-01 1.50000000e+00 4.50054765e+08
1.10000000e-01 1.20000000e-01 1.51000000e+00 4.55276271e+08
1.10000000e-01 1.20000000e-01 1.52000000e+00 4.60495794e+08
1.10000000e-01 1.20000000e-01 1.53000000e+00 4.65712593e+08
1.10000000e-01 1.20000000e-01 1.54000000e+00 4.70926171e+08
1.10000000e-01 1.20000000e-01 1.55000000e+00 4.76135716e+08
1.10000000e-01 1.20000000e-01 1.56000000e+00 4.81340870e+08
1.10000000e-01 1.20000000e-01 1.57000000e+00 4.86540683e+08
1.10000000e-01 1.20000000e-01 1.58000000e+00 4.91734777e+08
1.10000000e-01 1.20000000e-01 1.59000000e+00 4.96922562e+08
1.10000000e-01 1.20000000e-01 1.60000000e+00 5.02103252e+08
1.10000000e-01 1.20000000e-01 1.61000000e+00 5.07276227e+08
1.10000000e-01 1.20000000e-01 1.62000000e+00 5.12440978e+08
1.10000000e-01 1.20000000e-01 1.63000000e+00 5.17596893e+08
1.10000000e-01 1.20000000e-01 1.64000000e+00 5.22743359e+08
1.10000000e-01 1.20000000e-01 1.65000000e+00 5.27879803e+08
1.10000000e-01 1.20000000e-01 1.66000000e+00 5.33005615e+08
1.10000000e-01 1.20000000e-01 1.67000000e+00 5.38120335e+08
1.10000000e-01 1.20000000e-01 1.68000000e+00 5.43223296e+08
1.10000000e-01 1.20000000e-01 1.69000000e+00 5.48314012e+08
1.10000000e-01 1.20000000e-01 1.70000000e+00 5.53391894e+08
1.10000000e-01 1.20000000e-01 1.71000000e+00 5.58456393e+08
1.10000000e-01 1.20000000e-01 1.72000000e+00 5.63506847e+08
1.10000000e-01 1.20000000e-01 1.73000000e+00 5.68542978e+08
1.10000000e-01 1.20000000e-01 1.74000000e+00 5.73564110e+08
1.10000000e-01 1.20000000e-01 1.75000000e+00 5.78569652e+08
1.10000000e-01 1.20000000e-01 1.76000000e+00 5.83559247e+08
1.10000000e-01 1.20000000e-01 1.77000000e+00 5.88532378e+08
1.10000000e-01 1.20000000e-01 1.78000000e+00 5.93488333e+08
1.10000000e-01 1.20000000e-01 1.79000000e+00 5.98426780e+08
1.10000000e-01 1.20000000e-01 1.80000000e+00 6.03347230e+08
1.10000000e-01 1.20000000e-01 1.81000000e+00 6.08249262e+08
1.10000000e-01 1.20000000e-01 1.82000000e+00 6.13132205e+08
1.10000000e-01 1.20000000e-01 1.83000000e+00 6.17995629e+08
1.10000000e-01 1.20000000e-01 1.84000000e+00 6.22839024e+08
1.10000000e-01 1.20000000e-01 1.85000000e+00 6.27662188e+08
1.10000000e-01 1.20000000e-01 1.86000000e+00 6.32464590e+08
1.10000000e-01 1.20000000e-01 1.87000000e+00 6.37245648e+08
1.10000000e-01 1.20000000e-01 1.88000000e+00 6.42004937e+08
1.10000000e-01 1.20000000e-01 1.89000000e+00 6.46741948e+08
1.10000000e-01 1.20000000e-01 1.90000000e+00 6.51456496e+08
1.10000000e-01 1.20000000e-01 1.91000000e+00 6.56148102e+08
1.10000000e-01 1.20000000e-01 1.92000000e+00 6.60816027e+08
1.10000000e-01 1.20000000e-01 1.93000000e+00 6.65460260e+08
1.10000000e-01 1.20000000e-01 1.94000000e+00 6.70080275e+08
1.10000000e-01 1.20000000e-01 1.95000000e+00 6.74675567e+08
1.10000000e-01 1.20000000e-01 1.96000000e+00 6.79245937e+08
1.10000000e-01 1.20000000e-01 1.97000000e+00 6.83791057e+08
1.10000000e-01 1.20000000e-01 1.98000000e+00 6.88310099e+08
1.10000000e-01 1.20000000e-01 1.99000000e+00 6.92803204e+08
1.10000000e-01 1.20000000e-01 2.00000000e+00 6.97269836e+08
1.20000000e-01 1.30000000e-01 1.00000000e-02 2.10931781e+00
1.20000000e-01 1.30000000e-01 2.00000000e-02 1.05469756e+02
1.20000000e-01 1.30000000e-01 3.00000000e-02 6.64075782e+02
1.20000000e-01 1.30000000e-01 4.00000000e-02 2.24661250e+03
1.20000000e-01 1.30000000e-01 5.00000000e-02 5.61389448e+03
1.20000000e-01 1.30000000e-01 6.00000000e-02 1.17147992e+04
1.20000000e-01 1.30000000e-01 7.00000000e-02 2.16840668e+04
1.20000000e-01 1.30000000e-01 8.00000000e-02 3.68910697e+04
1.20000000e-01 1.30000000e-01 9.00000000e-02 5.89167495e+04
1.20000000e-01 1.30000000e-01 1.00000000e-01 8.96392476e+04
1.20000000e-01 1.30000000e-01 1.10000000e-01 1.31254945e+05
1.20000000e-01 1.30000000e-01 1.20000000e-01 1.86454761e+05
1.20000000e-01 1.30000000e-01 1.30000000e-01 2.58369266e+05
1.20000000e-01 1.30000000e-01 1.40000000e-01 3.50650554e+05
1.20000000e-01 1.30000000e-01 1.50000000e-01 4.68092492e+05
1.20000000e-01 1.30000000e-01 1.60000000e-01 6.16511666e+05
1.20000000e-01 1.30000000e-01 1.70000000e-01 8.02890785e+05
1.20000000e-01 1.30000000e-01 1.80000000e-01 1.03712977e+06
1.20000000e-01 1.30000000e-01 1.90000000e-01 1.33270599e+06
1.20000000e-01 1.30000000e-01 2.00000000e-01 1.71020926e+06
1.20000000e-01 1.30000000e-01 2.10000000e-01 2.21726137e+06
1.20000000e-01 1.30000000e-01 2.20000000e-01 2.95929846e+06
1.20000000e-01 1.30000000e-01 2.30000000e-01 3.65147954e+06
1.20000000e-01 1.30000000e-01 2.40000000e-01 4.33724635e+06
1.20000000e-01 1.30000000e-01 2.50000000e-01 5.04737753e+06
1.20000000e-01 1.30000000e-01 2.60000000e-01 5.79174844e+06
1.20000000e-01 1.30000000e-01 2.70000000e-01 6.57549054e+06
1.20000000e-01 1.30000000e-01 2.80000000e-01 7.40184400e+06
1.20000000e-01 1.30000000e-01 2.90000000e-01 8.27310922e+06
1.20000000e-01 1.30000000e-01 3.00000000e-01 9.19106381e+06
1.20000000e-01 1.30000000e-01 3.10000000e-01 1.01571459e+07
1.20000000e-01 1.30000000e-01 3.20000000e-01 1.11725597e+07
1.20000000e-01 1.30000000e-01 3.30000000e-01 1.22383509e+07
1.20000000e-01 1.30000000e-01 3.40000000e-01 1.33554256e+07
1.20000000e-01 1.30000000e-01 3.50000000e-01 1.45245921e+07
1.20000000e-01 1.30000000e-01 3.60000000e-01 1.57465456e+07
1.20000000e-01 1.30000000e-01 3.70000000e-01 1.70219423e+07
1.20000000e-01 1.30000000e-01 3.80000000e-01 1.83513440e+07
1.20000000e-01 1.30000000e-01 3.90000000e-01 1.97352879e+07
1.20000000e-01 1.30000000e-01 4.00000000e-01 2.11742071e+07
1.20000000e-01 1.30000000e-01 4.10000000e-01 2.26685035e+07
1.20000000e-01 1.30000000e-01 4.20000000e-01 2.42185244e+07
1.20000000e-01 1.30000000e-01 4.30000000e-01 2.58245926e+07
1.20000000e-01 1.30000000e-01 4.40000000e-01 2.74869580e+07
1.20000000e-01 1.30000000e-01 4.50000000e-01 2.92058633e+07
1.20000000e-01 1.30000000e-01 4.60000000e-01 3.09814797e+07
1.20000000e-01 1.30000000e-01 4.70000000e-01 3.28139734e+07
1.20000000e-01 1.30000000e-01 4.80000000e-01 3.47034477e+07
1.20000000e-01 1.30000000e-01 4.90000000e-01 3.66500038e+07
1.20000000e-01 1.30000000e-01 5.00000000e-01 3.86536896e+07
1.20000000e-01 1.30000000e-01 5.10000000e-01 4.07145128e+07
1.20000000e-01 1.30000000e-01 5.20000000e-01 4.28324344e+07
1.20000000e-01 1.30000000e-01 5.30000000e-01 4.50074183e+07
1.20000000e-01 1.30000000e-01 5.40000000e-01 4.72393863e+07
1.20000000e-01 1.30000000e-01 5.50000000e-01 4.95282346e+07
1.20000000e-01 1.30000000e-01 5.60000000e-01 5.18738300e+07
1.20000000e-01 1.30000000e-01 5.70000000e-01 5.42760156e+07
1.20000000e-01 1.30000000e-01 5.80000000e-01 5.67345898e+07
1.20000000e-01 1.30000000e-01 5.90000000e-01 5.92493510e+07
1.20000000e-01 1.30000000e-01 6.00000000e-01 6.18200711e+07
1.20000000e-01 1.30000000e-01 6.10000000e-01 6.44464770e+07
1.20000000e-01 1.30000000e-01 6.20000000e-01 6.71283071e+07
1.20000000e-01 1.30000000e-01 6.30000000e-01 6.98652460e+07
1.20000000e-01 1.30000000e-01 6.40000000e-01 7.26569690e+07
1.20000000e-01 1.30000000e-01 6.50000000e-01 7.55031195e+07
1.20000000e-01 1.30000000e-01 6.60000000e-01 7.84033623e+07
1.20000000e-01 1.30000000e-01 6.70000000e-01 8.13572779e+07
1.20000000e-01 1.30000000e-01 6.80000000e-01 8.43644905e+07
1.20000000e-01 1.30000000e-01 6.90000000e-01 8.74245751e+07
1.20000000e-01 1.30000000e-01 7.00000000e-01 9.05370753e+07
1.20000000e-01 1.30000000e-01 7.10000000e-01 9.37015374e+07
1.20000000e-01 1.30000000e-01 7.20000000e-01 9.69174819e+07
1.20000000e-01 1.30000000e-01 7.30000000e-01 1.00184450e+08
1.20000000e-01 1.30000000e-01 7.40000000e-01 1.03501901e+08
1.20000000e-01 1.30000000e-01 7.50000000e-01 1.06869325e+08
1.20000000e-01 1.30000000e-01 7.60000000e-01 1.10286206e+08
1.20000000e-01 1.30000000e-01 7.70000000e-01 1.13751993e+08
1.20000000e-01 1.30000000e-01 7.80000000e-01 1.17266122e+08
1.20000000e-01 1.30000000e-01 7.90000000e-01 1.20828002e+08
1.20000000e-01 1.30000000e-01 8.00000000e-01 1.24437023e+08
1.20000000e-01 1.30000000e-01 8.10000000e-01 1.28092660e+08
1.20000000e-01 1.30000000e-01 8.20000000e-01 1.31794185e+08
1.20000000e-01 1.30000000e-01 8.30000000e-01 1.35541089e+08
1.20000000e-01 1.30000000e-01 8.40000000e-01 1.39332641e+08
1.20000000e-01 1.30000000e-01 8.50000000e-01 1.43168376e+08
1.20000000e-01 1.30000000e-01 8.60000000e-01 1.47047483e+08
1.20000000e-01 1.30000000e-01 8.70000000e-01 1.50969336e+08
1.20000000e-01 1.30000000e-01 8.80000000e-01 1.54933360e+08
1.20000000e-01 1.30000000e-01 8.90000000e-01 1.58938806e+08
1.20000000e-01 1.30000000e-01 9.00000000e-01 1.62984938e+08
1.20000000e-01 1.30000000e-01 9.10000000e-01 1.67071220e+08
1.20000000e-01 1.30000000e-01 9.20000000e-01 1.71196758e+08
1.20000000e-01 1.30000000e-01 9.30000000e-01 1.75360990e+08
1.20000000e-01 1.30000000e-01 9.40000000e-01 1.79563115e+08
1.20000000e-01 1.30000000e-01 9.50000000e-01 1.83802403e+08
1.20000000e-01 1.30000000e-01 9.60000000e-01 1.88078150e+08
1.20000000e-01 1.30000000e-01 9.70000000e-01 1.92389675e+08
1.20000000e-01 1.30000000e-01 9.80000000e-01 1.96736172e+08
1.20000000e-01 1.30000000e-01 9.90000000e-01 2.01116956e+08
1.20000000e-01 1.30000000e-01 1.00000000e+00 2.05531253e+08
1.20000000e-01 1.30000000e-01 1.01000000e+00 2.09978368e+08
1.20000000e-01 1.30000000e-01 1.02000000e+00 2.14457487e+08
1.20000000e-01 1.30000000e-01 1.03000000e+00 2.18967824e+08
1.20000000e-01 1.30000000e-01 1.04000000e+00 2.23508687e+08
1.20000000e-01 1.30000000e-01 1.05000000e+00 2.28079301e+08
1.20000000e-01 1.30000000e-01 1.06000000e+00 2.32678884e+08
1.20000000e-01 1.30000000e-01 1.07000000e+00 2.37306702e+08
1.20000000e-01 1.30000000e-01 1.08000000e+00 2.41961936e+08
1.20000000e-01 1.30000000e-01 1.09000000e+00 2.46643823e+08
1.20000000e-01 1.30000000e-01 1.10000000e+00 2.51351665e+08
1.20000000e-01 1.30000000e-01 1.11000000e+00 2.56084569e+08
1.20000000e-01 1.30000000e-01 1.12000000e+00 2.60841869e+08
1.20000000e-01 1.30000000e-01 1.13000000e+00 2.65622715e+08
1.20000000e-01 1.30000000e-01 1.14000000e+00 2.70426367e+08
1.20000000e-01 1.30000000e-01 1.15000000e+00 2.75252054e+08
1.20000000e-01 1.30000000e-01 1.16000000e+00 2.80098981e+08
1.20000000e-01 1.30000000e-01 1.17000000e+00 2.84966383e+08
1.20000000e-01 1.30000000e-01 1.18000000e+00 2.89853502e+08
1.20000000e-01 1.30000000e-01 1.19000000e+00 2.94759520e+08
1.20000000e-01 1.30000000e-01 1.20000000e+00 2.99683689e+08
1.20000000e-01 1.30000000e-01 1.21000000e+00 3.04625209e+08
1.20000000e-01 1.30000000e-01 1.22000000e+00 3.09583320e+08
1.20000000e-01 1.30000000e-01 1.23000000e+00 3.14557243e+08
1.20000000e-01 1.30000000e-01 1.24000000e+00 3.19546306e+08
1.20000000e-01 1.30000000e-01 1.25000000e+00 3.24549647e+08
1.20000000e-01 1.30000000e-01 1.26000000e+00 3.29566533e+08
1.20000000e-01 1.30000000e-01 1.27000000e+00 3.34596218e+08
1.20000000e-01 1.30000000e-01 1.28000000e+00 3.39637835e+08
1.20000000e-01 1.30000000e-01 1.29000000e+00 3.44690784e+08
1.20000000e-01 1.30000000e-01 1.30000000e+00 3.49754229e+08
1.20000000e-01 1.30000000e-01 1.31000000e+00 3.54827358e+08
1.20000000e-01 1.30000000e-01 1.32000000e+00 3.59909670e+08
1.20000000e-01 1.30000000e-01 1.33000000e+00 3.65000244e+08
1.20000000e-01 1.30000000e-01 1.34000000e+00 3.70098239e+08
1.20000000e-01 1.30000000e-01 1.35000000e+00 3.75203037e+08
1.20000000e-01 1.30000000e-01 1.36000000e+00 3.80313808e+08
1.20000000e-01 1.30000000e-01 1.37000000e+00 3.85430044e+08
1.20000000e-01 1.30000000e-01 1.38000000e+00 3.90550851e+08
1.20000000e-01 1.30000000e-01 1.39000000e+00 3.95675503e+08
1.20000000e-01 1.30000000e-01 1.40000000e+00 4.00803254e+08
1.20000000e-01 1.30000000e-01 1.41000000e+00 4.05933536e+08
1.20000000e-01 1.30000000e-01 1.42000000e+00 4.11065594e+08
1.20000000e-01 1.30000000e-01 1.43000000e+00 4.16198614e+08
1.20000000e-01 1.30000000e-01 1.44000000e+00 4.21331946e+08
1.20000000e-01 1.30000000e-01 1.45000000e+00 4.26464948e+08
1.20000000e-01 1.30000000e-01 1.46000000e+00 4.31596930e+08
1.20000000e-01 1.30000000e-01 1.47000000e+00 4.36727199e+08
1.20000000e-01 1.30000000e-01 1.48000000e+00 4.41855064e+08
1.20000000e-01 1.30000000e-01 1.49000000e+00 4.46979897e+08
1.20000000e-01 1.30000000e-01 1.50000000e+00 4.52100924e+08
1.20000000e-01 1.30000000e-01 1.51000000e+00 4.57217466e+08
1.20000000e-01 1.30000000e-01 1.52000000e+00 4.62328966e+08
1.20000000e-01 1.30000000e-01 1.53000000e+00 4.67434756e+08
1.20000000e-01 1.30000000e-01 1.54000000e+00 4.72534214e+08
1.20000000e-01 1.30000000e-01 1.55000000e+00 4.77626645e+08
1.20000000e-01 1.30000000e-01 1.56000000e+00 4.82711470e+08
1.20000000e-01 1.30000000e-01 1.57000000e+00 4.87788133e+08
1.20000000e-01 1.30000000e-01 1.58000000e+00 4.92855814e+08
1.20000000e-01 1.30000000e-01 1.59000000e+00 4.97914011e+08
1.20000000e-01 1.30000000e-01 1.60000000e+00 5.02962145e+08
1.20000000e-01 1.30000000e-01 1.61000000e+00 5.07999528e+08
1.20000000e-01 1.30000000e-01 1.62000000e+00 5.13025582e+08
1.20000000e-01 1.30000000e-01 1.63000000e+00 5.18039670e+08
1.20000000e-01 1.30000000e-01 1.64000000e+00 5.23041232e+08
1.20000000e-01 1.30000000e-01 1.65000000e+00 5.28029813e+08
1.20000000e-01 1.30000000e-01 1.66000000e+00 5.33004313e+08
1.20000000e-01 1.30000000e-01 1.67000000e+00 5.37965091e+08
1.20000000e-01 1.30000000e-01 1.68000000e+00 5.42911116e+08
1.20000000e-01 1.30000000e-01 1.69000000e+00 5.47841863e+08
1.20000000e-01 1.30000000e-01 1.70000000e+00 5.52756721e+08
1.20000000e-01 1.30000000e-01 1.71000000e+00 5.57655191e+08
1.20000000e-01 1.30000000e-01 1.72000000e+00 5.62536750e+08
1.20000000e-01 1.30000000e-01 1.73000000e+00 5.67400826e+08
1.20000000e-01 1.30000000e-01 1.74000000e+00 5.72246951e+08
1.20000000e-01 1.30000000e-01 1.75000000e+00 5.77074549e+08
1.20000000e-01 1.30000000e-01 1.76000000e+00 5.81883256e+08
1.20000000e-01 1.30000000e-01 1.77000000e+00 5.86672444e+08
1.20000000e-01 1.30000000e-01 1.78000000e+00 5.91441748e+08
1.20000000e-01 1.30000000e-01 1.79000000e+00 5.96190553e+08
1.20000000e-01 1.30000000e-01 1.80000000e+00 6.00918448e+08
1.20000000e-01 1.30000000e-01 1.81000000e+00 6.05624947e+08
1.20000000e-01 1.30000000e-01 1.82000000e+00 6.10309711e+08
1.20000000e-01 1.30000000e-01 1.83000000e+00 6.14971765e+08
1.20000000e-01 1.30000000e-01 1.84000000e+00 6.19611451e+08
1.20000000e-01 1.30000000e-01 1.85000000e+00 6.24227966e+08
1.20000000e-01 1.30000000e-01 1.86000000e+00 6.28820480e+08
1.20000000e-01 1.30000000e-01 1.87000000e+00 6.33389224e+08
1.20000000e-01 1.30000000e-01 1.88000000e+00 6.37933415e+08
1.20000000e-01 1.30000000e-01 1.89000000e+00 6.42452711e+08
1.20000000e-01 1.30000000e-01 1.90000000e+00 6.46946661e+08
1.20000000e-01 1.30000000e-01 1.91000000e+00 6.51414894e+08
1.20000000e-01 1.30000000e-01 1.92000000e+00 6.55857182e+08
1.20000000e-01 1.30000000e-01 1.93000000e+00 6.60272872e+08
1.20000000e-01 1.30000000e-01 1.94000000e+00 6.64661672e+08
1.20000000e-01 1.30000000e-01 1.95000000e+00 6.69023346e+08
1.20000000e-01 1.30000000e-01 1.96000000e+00 6.73357373e+08
1.20000000e-01 1.30000000e-01 1.97000000e+00 6.77663485e+08
1.20000000e-01 1.30000000e-01 1.98000000e+00 6.81941322e+08
1.20000000e-01 1.30000000e-01 1.99000000e+00 6.86190391e+08
1.20000000e-01 1.30000000e-01 2.00000000e+00 6.90410475e+08
1.30000000e-01 1.40000000e-01 1.00000000e-02 2.28264617e+00
1.30000000e-01 1.40000000e-01 2.00000000e-02 1.14233742e+02
1.30000000e-01 1.40000000e-01 3.00000000e-02 7.19753376e+02
1.30000000e-01 1.40000000e-01 4.00000000e-02 2.43656406e+03
1.30000000e-01 1.40000000e-01 5.00000000e-02 6.09256768e+03
1.30000000e-01 1.40000000e-01 6.00000000e-02 1.27223644e+04
1.30000000e-01 1.40000000e-01 7.00000000e-02 2.35660172e+04
1.30000000e-01 1.40000000e-01 8.00000000e-02 4.01238578e+04
1.30000000e-01 1.40000000e-01 9.00000000e-02 6.41336422e+04
1.30000000e-01 1.40000000e-01 1.00000000e-01 9.76674580e+04
1.30000000e-01 1.40000000e-01 1.10000000e-01 1.43159470e+05
1.30000000e-01 1.40000000e-01 1.20000000e-01 2.03609143e+05
1.30000000e-01 1.40000000e-01 1.30000000e-01 2.82533056e+05
1.30000000e-01 1.40000000e-01 1.40000000e-01 3.84074555e+05
1.30000000e-01 1.40000000e-01 1.50000000e-01 5.13738900e+05
1.30000000e-01 1.40000000e-01 1.60000000e-01 6.78341893e+05
1.30000000e-01 1.40000000e-01 1.70000000e-01 8.86317678e+05
1.30000000e-01 1.40000000e-01 1.80000000e-01 1.15015101e+06
1.30000000e-01 1.40000000e-01 1.90000000e-01 1.48845552e+06
1.30000000e-01 1.40000000e-01 2.00000000e-01 1.93647569e+06
1.30000000e-01 1.40000000e-01 2.10000000e-01 2.61070753e+06
1.30000000e-01 1.40000000e-01 2.20000000e-01 3.29020825e+06
1.30000000e-01 1.40000000e-01 2.30000000e-01 3.94759075e+06
1.30000000e-01 1.40000000e-01 2.40000000e-01 4.62764734e+06
1.30000000e-01 1.40000000e-01 2.50000000e-01 5.34154306e+06
1.30000000e-01 1.40000000e-01 2.60000000e-01 6.09476915e+06
1.30000000e-01 1.40000000e-01 2.70000000e-01 6.89069231e+06
1.30000000e-01 1.40000000e-01 2.80000000e-01 7.73172171e+06
1.30000000e-01 1.40000000e-01 2.90000000e-01 8.61967280e+06
1.30000000e-01 1.40000000e-01 3.00000000e-01 9.55600874e+06
1.30000000e-01 1.40000000e-01 3.10000000e-01 1.05419532e+07
1.30000000e-01 1.40000000e-01 3.20000000e-01 1.15785838e+07
1.30000000e-01 1.40000000e-01 3.30000000e-01 1.26668281e+07
1.30000000e-01 1.40000000e-01 3.40000000e-01 1.38074879e+07
1.30000000e-01 1.40000000e-01 3.50000000e-01 1.50013061e+07
1.30000000e-01 1.40000000e-01 3.60000000e-01 1.62489447e+07
1.30000000e-01 1.40000000e-01 3.70000000e-01 1.75509499e+07
1.30000000e-01 1.40000000e-01 3.80000000e-01 1.89078721e+07
1.30000000e-01 1.40000000e-01 3.90000000e-01 2.03201417e+07
1.30000000e-01 1.40000000e-01 4.00000000e-01 2.17881929e+07
1.30000000e-01 1.40000000e-01 4.10000000e-01 2.33123459e+07
1.30000000e-01 1.40000000e-01 4.20000000e-01 2.48929352e+07
1.30000000e-01 1.40000000e-01 4.30000000e-01 2.65301983e+07
1.30000000e-01 1.40000000e-01 4.40000000e-01 2.82243664e+07
1.30000000e-01 1.40000000e-01 4.50000000e-01 2.99756151e+07
1.30000000e-01 1.40000000e-01 4.60000000e-01 3.17841124e+07
1.30000000e-01 1.40000000e-01 4.70000000e-01 3.36498861e+07
1.30000000e-01 1.40000000e-01 4.80000000e-01 3.55730880e+07
1.30000000e-01 1.40000000e-01 4.90000000e-01 3.75536872e+07
1.30000000e-01 1.40000000e-01 5.00000000e-01 3.95916834e+07
1.30000000e-01 1.40000000e-01 5.10000000e-01 4.16871113e+07
1.30000000e-01 1.40000000e-01 5.20000000e-01 4.38398196e+07
1.30000000e-01 1.40000000e-01 5.30000000e-01 4.60497393e+07
1.30000000e-01 1.40000000e-01 5.40000000e-01 4.83167379e+07
1.30000000e-01 1.40000000e-01 5.50000000e-01 5.06406588e+07
1.30000000e-01 1.40000000e-01 5.60000000e-01 5.30213478e+07
1.30000000e-01 1.40000000e-01 5.70000000e-01 5.54585457e+07
1.30000000e-01 1.40000000e-01 5.80000000e-01 5.79520279e+07
1.30000000e-01 1.40000000e-01 5.90000000e-01 6.05015078e+07
1.30000000e-01 1.40000000e-01 6.00000000e-01 6.31067311e+07
1.30000000e-01 1.40000000e-01 6.10000000e-01 6.57673812e+07
1.30000000e-01 1.40000000e-01 6.20000000e-01 6.84831135e+07
1.30000000e-01 1.40000000e-01 6.30000000e-01 7.12535960e+07
1.30000000e-01 1.40000000e-01 6.40000000e-01 7.40783963e+07
1.30000000e-01 1.40000000e-01 6.50000000e-01 7.69571474e+07
1.30000000e-01 1.40000000e-01 6.60000000e-01 7.98894752e+07
1.30000000e-01 1.40000000e-01 6.70000000e-01 8.28748342e+07
1.30000000e-01 1.40000000e-01 6.80000000e-01 8.59128086e+07
1.30000000e-01 1.40000000e-01 6.90000000e-01 8.90029474e+07
1.30000000e-01 1.40000000e-01 7.00000000e-01 9.21447142e+07
1.30000000e-01 1.40000000e-01 7.10000000e-01 9.53375881e+07
1.30000000e-01 1.40000000e-01 7.20000000e-01 9.85811213e+07
1.30000000e-01 1.40000000e-01 7.30000000e-01 1.01874719e+08
1.30000000e-01 1.40000000e-01 7.40000000e-01 1.05217907e+08
1.30000000e-01 1.40000000e-01 7.50000000e-01 1.08609975e+08
1.30000000e-01 1.40000000e-01 7.60000000e-01 1.12050338e+08
1.30000000e-01 1.40000000e-01 7.70000000e-01 1.15538488e+08
1.30000000e-01 1.40000000e-01 7.80000000e-01 1.19073819e+08
1.30000000e-01 1.40000000e-01 7.90000000e-01 1.22655639e+08
1.30000000e-01 1.40000000e-01 8.00000000e-01 1.26283323e+08
1.30000000e-01 1.40000000e-01 8.10000000e-01 1.29956235e+08
1.30000000e-01 1.40000000e-01 8.20000000e-01 1.33673669e+08
1.30000000e-01 1.40000000e-01 8.30000000e-01 1.37434896e+08
1.30000000e-01 1.40000000e-01 8.40000000e-01 1.41239424e+08
1.30000000e-01 1.40000000e-01 8.50000000e-01 1.45086499e+08
1.30000000e-01 1.40000000e-01 8.60000000e-01 1.48975382e+08
1.30000000e-01 1.40000000e-01 8.70000000e-01 1.52905450e+08
1.30000000e-01 1.40000000e-01 8.80000000e-01 1.56875813e+08
1.30000000e-01 1.40000000e-01 8.90000000e-01 1.60885890e+08
1.30000000e-01 1.40000000e-01 9.00000000e-01 1.64934898e+08
1.30000000e-01 1.40000000e-01 9.10000000e-01 1.69022066e+08
1.30000000e-01 1.40000000e-01 9.20000000e-01 1.73146776e+08
1.30000000e-01 1.40000000e-01 9.30000000e-01 1.77308120e+08
1.30000000e-01 1.40000000e-01 9.40000000e-01 1.81505437e+08
1.30000000e-01 1.40000000e-01 9.50000000e-01 1.85737886e+08
1.30000000e-01 1.40000000e-01 9.60000000e-01 1.90004840e+08
1.30000000e-01 1.40000000e-01 9.70000000e-01 1.94305335e+08
1.30000000e-01 1.40000000e-01 9.80000000e-01 1.98638698e+08
1.30000000e-01 1.40000000e-01 9.90000000e-01 2.03004167e+08
1.30000000e-01 1.40000000e-01 1.00000000e+00 2.07400956e+08
1.30000000e-01 1.40000000e-01 1.01000000e+00 2.11828195e+08
1.30000000e-01 1.40000000e-01 1.02000000e+00 2.16285098e+08
1.30000000e-01 1.40000000e-01 1.03000000e+00 2.20771067e+08
1.30000000e-01 1.40000000e-01 1.04000000e+00 2.25284939e+08
1.30000000e-01 1.40000000e-01 1.05000000e+00 2.29826257e+08
1.30000000e-01 1.40000000e-01 1.06000000e+00 2.34394039e+08
1.30000000e-01 1.40000000e-01 1.07000000e+00 2.38987576e+08
1.30000000e-01 1.40000000e-01 1.08000000e+00 2.43606000e+08
1.30000000e-01 1.40000000e-01 1.09000000e+00 2.48248574e+08
1.30000000e-01 1.40000000e-01 1.10000000e+00 2.52914453e+08
1.30000000e-01 1.40000000e-01 1.11000000e+00 2.57602838e+08
1.30000000e-01 1.40000000e-01 1.12000000e+00 2.62312948e+08
1.30000000e-01 1.40000000e-01 1.13000000e+00 2.67043930e+08
1.30000000e-01 1.40000000e-01 1.14000000e+00 2.71795005e+08
1.30000000e-01 1.40000000e-01 1.15000000e+00 2.76565406e+08
1.30000000e-01 1.40000000e-01 1.16000000e+00 2.81354234e+08
1.30000000e-01 1.40000000e-01 1.17000000e+00 2.86160731e+08
1.30000000e-01 1.40000000e-01 1.18000000e+00 2.90984150e+08
1.30000000e-01 1.40000000e-01 1.19000000e+00 2.95823577e+08
1.30000000e-01 1.40000000e-01 1.20000000e+00 3.00678370e+08
1.30000000e-01 1.40000000e-01 1.21000000e+00 3.05547661e+08
1.30000000e-01 1.40000000e-01 1.22000000e+00 3.10430652e+08
1.30000000e-01 1.40000000e-01 1.23000000e+00 3.15326553e+08
1.30000000e-01 1.40000000e-01 1.24000000e+00 3.20234599e+08
1.30000000e-01 1.40000000e-01 1.25000000e+00 3.25154102e+08
1.30000000e-01 1.40000000e-01 1.26000000e+00 3.30084080e+08
1.30000000e-01 1.40000000e-01 1.27000000e+00 3.35023805e+08
1.30000000e-01 1.40000000e-01 1.28000000e+00 3.39972525e+08
1.30000000e-01 1.40000000e-01 1.29000000e+00 3.44929477e+08
1.30000000e-01 1.40000000e-01 1.30000000e+00 3.49893852e+08
1.30000000e-01 1.40000000e-01 1.31000000e+00 3.54864906e+08
1.30000000e-01 1.40000000e-01 1.32000000e+00 3.59841967e+08
1.30000000e-01 1.40000000e-01 1.33000000e+00 3.64824119e+08
1.30000000e-01 1.40000000e-01 1.34000000e+00 3.69810753e+08
1.30000000e-01 1.40000000e-01 1.35000000e+00 3.74801046e+08
1.30000000e-01 1.40000000e-01 1.36000000e+00 3.79794291e+08
1.30000000e-01 1.40000000e-01 1.37000000e+00 3.84789775e+08
1.30000000e-01 1.40000000e-01 1.38000000e+00 3.89786745e+08
1.30000000e-01 1.40000000e-01 1.39000000e+00 3.94784490e+08
1.30000000e-01 1.40000000e-01 1.40000000e+00 3.99782172e+08
1.30000000e-01 1.40000000e-01 1.41000000e+00 4.04779363e+08
1.30000000e-01 1.40000000e-01 1.42000000e+00 4.09775068e+08
1.30000000e-01 1.40000000e-01 1.43000000e+00 4.14768639e+08
1.30000000e-01 1.40000000e-01 1.44000000e+00 4.19759357e+08
1.30000000e-01 1.40000000e-01 1.45000000e+00 4.24746697e+08
1.30000000e-01 1.40000000e-01 1.46000000e+00 4.29729793e+08
1.30000000e-01 1.40000000e-01 1.47000000e+00 4.34708057e+08
1.30000000e-01 1.40000000e-01 1.48000000e+00 4.39680731e+08
1.30000000e-01 1.40000000e-01 1.49000000e+00 4.44647209e+08
1.30000000e-01 1.40000000e-01 1.50000000e+00 4.49606810e+08
1.30000000e-01 1.40000000e-01 1.51000000e+00 4.54558847e+08
1.30000000e-01 1.40000000e-01 1.52000000e+00 4.59502677e+08
1.30000000e-01 1.40000000e-01 1.53000000e+00 4.64437670e+08
1.30000000e-01 1.40000000e-01 1.54000000e+00 4.69363158e+08
1.30000000e-01 1.40000000e-01 1.55000000e+00 4.74278758e+08
1.30000000e-01 1.40000000e-01 1.56000000e+00 4.79183408e+08
1.30000000e-01 1.40000000e-01 1.57000000e+00 4.84076801e+08
1.30000000e-01 1.40000000e-01 1.58000000e+00 4.88958134e+08
1.30000000e-01 1.40000000e-01 1.59000000e+00 4.93826911e+08
1.30000000e-01 1.40000000e-01 1.60000000e+00 4.98682482e+08
1.30000000e-01 1.40000000e-01 1.61000000e+00 5.03524316e+08
1.30000000e-01 1.40000000e-01 1.62000000e+00 5.08351785e+08
1.30000000e-01 1.40000000e-01 1.63000000e+00 5.13164367e+08
1.30000000e-01 1.40000000e-01 1.64000000e+00 5.17961411e+08
1.30000000e-01 1.40000000e-01 1.65000000e+00 5.22742394e+08
1.30000000e-01 1.40000000e-01 1.66000000e+00 5.27506781e+08
1.30000000e-01 1.40000000e-01 1.67000000e+00 5.32254082e+08
1.30000000e-01 1.40000000e-01 1.68000000e+00 5.36983499e+08
1.30000000e-01 1.40000000e-01 1.69000000e+00 5.41694750e+08
1.30000000e-01 1.40000000e-01 1.70000000e+00 5.46387334e+08
1.30000000e-01 1.40000000e-01 1.71000000e+00 5.51060530e+08
1.30000000e-01 1.40000000e-01 1.72000000e+00 5.55713927e+08
1.30000000e-01 1.40000000e-01 1.73000000e+00 5.60347010e+08
1.30000000e-01 1.40000000e-01 1.74000000e+00 5.64959447e+08
1.30000000e-01 1.40000000e-01 1.75000000e+00 5.69550597e+08
1.30000000e-01 1.40000000e-01 1.76000000e+00 5.74119821e+08
1.30000000e-01 1.40000000e-01 1.77000000e+00 5.78666710e+08
1.30000000e-01 1.40000000e-01 1.78000000e+00 5.83190989e+08
1.30000000e-01 1.40000000e-01 1.79000000e+00 5.87692067e+08
1.30000000e-01 1.40000000e-01 1.80000000e+00 5.92169515e+08
1.30000000e-01 1.40000000e-01 1.81000000e+00 5.96622984e+08
1.30000000e-01 1.40000000e-01 1.82000000e+00 6.01052028e+08
1.30000000e-01 1.40000000e-01 1.83000000e+00 6.05455881e+08
1.30000000e-01 1.40000000e-01 1.84000000e+00 6.09834431e+08
1.30000000e-01 1.40000000e-01 1.85000000e+00 6.14187278e+08
1.30000000e-01 1.40000000e-01 1.86000000e+00 6.18513831e+08
1.30000000e-01 1.40000000e-01 1.87000000e+00 6.22813819e+08
1.30000000e-01 1.40000000e-01 1.88000000e+00 6.27086718e+08
1.30000000e-01 1.40000000e-01 1.89000000e+00 6.31332352e+08
1.30000000e-01 1.40000000e-01 1.90000000e+00 6.35550230e+08
1.30000000e-01 1.40000000e-01 1.91000000e+00 6.39740001e+08
1.30000000e-01 1.40000000e-01 1.92000000e+00 6.43901373e+08
1.30000000e-01 1.40000000e-01 1.93000000e+00 6.48033829e+08
1.30000000e-01 1.40000000e-01 1.94000000e+00 6.52137103e+08
1.30000000e-01 1.40000000e-01 1.95000000e+00 6.56210787e+08
1.30000000e-01 1.40000000e-01 1.96000000e+00 6.60254524e+08
1.30000000e-01 1.40000000e-01 1.97000000e+00 6.64268073e+08
1.30000000e-01 1.40000000e-01 1.98000000e+00 6.68251221e+08
1.30000000e-01 1.40000000e-01 1.99000000e+00 6.72203586e+08
1.30000000e-01 1.40000000e-01 2.00000000e+00 6.76124856e+08
1.40000000e-01 1.50000000e-01 1.00000000e-02 2.45709856e+00
1.40000000e-01 1.50000000e-01 2.00000000e-02 1.23077642e+02
1.40000000e-01 1.50000000e-01 3.00000000e-02 7.76057053e+02
1.40000000e-01 1.50000000e-01 4.00000000e-02 2.62906127e+03
1.40000000e-01 1.50000000e-01 5.00000000e-02 6.57868360e+03
1.40000000e-01 1.50000000e-01 6.00000000e-02 1.37478131e+04
1.40000000e-01 1.50000000e-01 7.00000000e-02 2.54860427e+04
1.40000000e-01 1.50000000e-01 8.00000000e-02 4.34304136e+04
1.40000000e-01 1.50000000e-01 9.00000000e-02 6.94849865e+04
1.40000000e-01 1.50000000e-01 1.00000000e-01 1.05929353e+05
1.40000000e-01 1.50000000e-01 1.10000000e-01 1.55455852e+05
1.40000000e-01 1.50000000e-01 1.20000000e-01 2.21405732e+05
1.40000000e-01 1.50000000e-01 1.30000000e-01 3.07731262e+05
1.40000000e-01 1.50000000e-01 1.40000000e-01 4.19150238e+05
1.40000000e-01 1.50000000e-01 1.50000000e-01 5.62029128e+05
1.40000000e-01 1.50000000e-01 1.60000000e-01 7.44467734e+05
1.40000000e-01 1.50000000e-01 1.70000000e-01 9.76947256e+05
1.40000000e-01 1.50000000e-01 1.80000000e-01 1.27607997e+06
1.40000000e-01 1.50000000e-01 1.90000000e-01 1.67126070e+06
1.40000000e-01 1.50000000e-01 2.00000000e-01 2.25887948e+06
1.40000000e-01 1.50000000e-01 2.10000000e-01 2.92354816e+06
1.40000000e-01 1.50000000e-01 2.20000000e-01 3.54823191e+06
1.40000000e-01 1.50000000e-01 2.30000000e-01 4.19328196e+06
1.40000000e-01 1.50000000e-01 2.40000000e-01 4.87142237e+06
1.40000000e-01 1.50000000e-01 2.50000000e-01 5.58853066e+06
1.40000000e-01 1.50000000e-01 2.60000000e-01 6.34812960e+06
1.40000000e-01 1.50000000e-01 2.70000000e-01 7.15266266e+06
1.40000000e-01 1.50000000e-01 2.80000000e-01 8.00399300e+06
1.40000000e-01 1.50000000e-01 2.90000000e-01 8.90361794e+06
1.40000000e-01 1.50000000e-01 3.00000000e-01 9.85278998e+06
1.40000000e-01 1.50000000e-01 3.10000000e-01 1.08525816e+07
1.40000000e-01 1.50000000e-01 3.20000000e-01 1.19039408e+07
1.40000000e-01 1.50000000e-01 3.30000000e-01 1.30076888e+07
1.40000000e-01 1.50000000e-01 3.40000000e-01 1.41645657e+07
1.40000000e-01 1.50000000e-01 3.50000000e-01 1.53752239e+07
1.40000000e-01 1.50000000e-01 3.60000000e-01 1.66402524e+07
1.40000000e-01 1.50000000e-01 3.70000000e-01 1.79601636e+07
1.40000000e-01 1.50000000e-01 3.80000000e-01 1.93354413e+07
1.40000000e-01 1.50000000e-01 3.90000000e-01 2.07664503e+07
1.40000000e-01 1.50000000e-01 4.00000000e-01 2.22535674e+07
1.40000000e-01 1.50000000e-01 4.10000000e-01 2.37970830e+07
1.40000000e-01 1.50000000e-01 4.20000000e-01 2.53972494e+07
1.40000000e-01 1.50000000e-01 4.30000000e-01 2.70542824e+07
1.40000000e-01 1.50000000e-01 4.40000000e-01 2.87683496e+07
1.40000000e-01 1.50000000e-01 4.50000000e-01 3.05395719e+07
1.40000000e-01 1.50000000e-01 4.60000000e-01 3.23680266e+07
1.40000000e-01 1.50000000e-01 4.70000000e-01 3.42537837e+07
1.40000000e-01 1.50000000e-01 4.80000000e-01 3.61968366e+07
1.40000000e-01 1.50000000e-01 4.90000000e-01 3.81971727e+07
1.40000000e-01 1.50000000e-01 5.00000000e-01 4.02547414e+07
1.40000000e-01 1.50000000e-01 5.10000000e-01 4.23694766e+07
1.40000000e-01 1.50000000e-01 5.20000000e-01 4.45412013e+07
1.40000000e-01 1.50000000e-01 5.30000000e-01 4.67698003e+07
1.40000000e-01 1.50000000e-01 5.40000000e-01 4.90550902e+07
1.40000000e-01 1.50000000e-01 5.50000000e-01 5.13968094e+07
1.40000000e-01 1.50000000e-01 5.60000000e-01 5.37947893e+07
1.40000000e-01 1.50000000e-01 5.70000000e-01 5.62486963e+07
1.40000000e-01 1.50000000e-01 5.80000000e-01 5.87582607e+07
1.40000000e-01 1.50000000e-01 5.90000000e-01 6.13231530e+07
1.40000000e-01 1.50000000e-01 6.00000000e-01 6.39430359e+07
1.40000000e-01 1.50000000e-01 6.10000000e-01 6.66176032e+07
1.40000000e-01 1.50000000e-01 6.20000000e-01 6.93463888e+07
1.40000000e-01 1.50000000e-01 6.30000000e-01 7.21290196e+07
1.40000000e-01 1.50000000e-01 6.40000000e-01 7.49650112e+07
1.40000000e-01 1.50000000e-01 6.50000000e-01 7.78539600e+07
1.40000000e-01 1.50000000e-01 6.60000000e-01 8.07953364e+07
1.40000000e-01 1.50000000e-01 6.70000000e-01 8.37886841e+07
1.40000000e-01 1.50000000e-01 6.80000000e-01 8.68334788e+07
1.40000000e-01 1.50000000e-01 6.90000000e-01 8.99291839e+07
1.40000000e-01 1.50000000e-01 7.00000000e-01 9.30752957e+07
1.40000000e-01 1.50000000e-01 7.10000000e-01 9.62712108e+07
1.40000000e-01 1.50000000e-01 7.20000000e-01 9.95163415e+07
1.40000000e-01 1.50000000e-01 7.30000000e-01 1.02810103e+08
1.40000000e-01 1.50000000e-01 7.40000000e-01 1.06151812e+08
1.40000000e-01 1.50000000e-01 7.50000000e-01 1.09540999e+08
1.40000000e-01 1.50000000e-01 7.60000000e-01 1.12976934e+08
1.40000000e-01 1.50000000e-01 7.70000000e-01 1.16458912e+08
1.40000000e-01 1.50000000e-01 7.80000000e-01 1.19986384e+08
1.40000000e-01 1.50000000e-01 7.90000000e-01 1.23558609e+08
1.40000000e-01 1.50000000e-01 8.00000000e-01 1.27174904e+08
1.40000000e-01 1.50000000e-01 8.10000000e-01 1.30834574e+08
1.40000000e-01 1.50000000e-01 8.20000000e-01 1.34536869e+08
1.40000000e-01 1.50000000e-01 8.30000000e-01 1.38281120e+08
1.40000000e-01 1.50000000e-01 8.40000000e-01 1.42066628e+08
1.40000000e-01 1.50000000e-01 8.50000000e-01 1.45892629e+08
1.40000000e-01 1.50000000e-01 8.60000000e-01 1.49758405e+08
1.40000000e-01 1.50000000e-01 8.70000000e-01 1.53663069e+08
1.40000000e-01 1.50000000e-01 8.80000000e-01 1.57606046e+08
1.40000000e-01 1.50000000e-01 8.90000000e-01 1.61586497e+08
1.40000000e-01 1.50000000e-01 9.00000000e-01 1.65603639e+08
1.40000000e-01 1.50000000e-01 9.10000000e-01 1.69656675e+08
1.40000000e-01 1.50000000e-01 9.20000000e-01 1.73744856e+08
1.40000000e-01 1.50000000e-01 9.30000000e-01 1.77867320e+08
1.40000000e-01 1.50000000e-01 9.40000000e-01 1.82023261e+08
1.40000000e-01 1.50000000e-01 9.50000000e-01 1.86212048e+08
1.40000000e-01 1.50000000e-01 9.60000000e-01 1.90432721e+08
1.40000000e-01 1.50000000e-01 9.70000000e-01 1.94684455e+08
1.40000000e-01 1.50000000e-01 9.80000000e-01 1.98966586e+08
1.40000000e-01 1.50000000e-01 9.90000000e-01 2.03278094e+08
1.40000000e-01 1.50000000e-01 1.00000000e+00 2.07618306e+08
1.40000000e-01 1.50000000e-01 1.01000000e+00 2.11986340e+08
1.40000000e-01 1.50000000e-01 1.02000000e+00 2.16381408e+08
1.40000000e-01 1.50000000e-01 1.03000000e+00 2.20802618e+08
1.40000000e-01 1.50000000e-01 1.04000000e+00 2.25249203e+08
1.40000000e-01 1.50000000e-01 1.05000000e+00 2.29720332e+08
1.40000000e-01 1.50000000e-01 1.06000000e+00 2.34215181e+08
1.40000000e-01 1.50000000e-01 1.07000000e+00 2.38732839e+08
1.40000000e-01 1.50000000e-01 1.08000000e+00 2.43272625e+08
1.40000000e-01 1.50000000e-01 1.09000000e+00 2.47833629e+08
1.40000000e-01 1.50000000e-01 1.10000000e+00 2.52415007e+08
1.40000000e-01 1.50000000e-01 1.11000000e+00 2.57015999e+08
1.40000000e-01 1.50000000e-01 1.12000000e+00 2.61635680e+08
1.40000000e-01 1.50000000e-01 1.13000000e+00 2.66273295e+08
1.40000000e-01 1.50000000e-01 1.14000000e+00 2.70927887e+08
1.40000000e-01 1.50000000e-01 1.15000000e+00 2.75598850e+08
1.40000000e-01 1.50000000e-01 1.16000000e+00 2.80285230e+08
1.40000000e-01 1.50000000e-01 1.17000000e+00 2.84986247e+08
1.40000000e-01 1.50000000e-01 1.18000000e+00 2.89701067e+08
1.40000000e-01 1.50000000e-01 1.19000000e+00 2.94428872e+08
1.40000000e-01 1.50000000e-01 1.20000000e+00 2.99168831e+08
1.40000000e-01 1.50000000e-01 1.21000000e+00 3.03920199e+08
1.40000000e-01 1.50000000e-01 1.22000000e+00 3.08682133e+08
1.40000000e-01 1.50000000e-01 1.23000000e+00 3.13453830e+08
1.40000000e-01 1.50000000e-01 1.24000000e+00 3.18234513e+08
1.40000000e-01 1.50000000e-01 1.25000000e+00 3.23023363e+08
1.40000000e-01 1.50000000e-01 1.26000000e+00 3.27819603e+08
1.40000000e-01 1.50000000e-01 1.27000000e+00 3.32622479e+08
1.40000000e-01 1.50000000e-01 1.28000000e+00 3.37431040e+08
1.40000000e-01 1.50000000e-01 1.29000000e+00 3.42244707e+08
1.40000000e-01 1.50000000e-01 1.30000000e+00 3.47062559e+08
1.40000000e-01 1.50000000e-01 1.31000000e+00 3.51883953e+08
1.40000000e-01 1.50000000e-01 1.32000000e+00 3.56707911e+08
1.40000000e-01 1.50000000e-01 1.33000000e+00 3.61534052e+08
1.40000000e-01 1.50000000e-01 1.34000000e+00 3.66361389e+08
1.40000000e-01 1.50000000e-01 1.35000000e+00 3.71189244e+08
1.40000000e-01 1.50000000e-01 1.36000000e+00 3.76016734e+08
1.40000000e-01 1.50000000e-01 1.37000000e+00 3.80843282e+08
1.40000000e-01 1.50000000e-01 1.38000000e+00 3.85668072e+08
1.40000000e-01 1.50000000e-01 1.39000000e+00 3.90490439e+08
1.40000000e-01 1.50000000e-01 1.40000000e+00 3.95309566e+08
1.40000000e-01 1.50000000e-01 1.41000000e+00 4.00124978e+08
1.40000000e-01 1.50000000e-01 1.42000000e+00 4.04935508e+08
1.40000000e-01 1.50000000e-01 1.43000000e+00 4.09740944e+08
1.40000000e-01 1.50000000e-01 1.44000000e+00 4.14540246e+08
1.40000000e-01 1.50000000e-01 1.45000000e+00 4.19332902e+08
1.40000000e-01 1.50000000e-01 1.46000000e+00 4.24118237e+08
1.40000000e-01 1.50000000e-01 1.47000000e+00 4.28895457e+08
1.40000000e-01 1.50000000e-01 1.48000000e+00 4.33663977e+08
1.40000000e-01 1.50000000e-01 1.49000000e+00 4.38423152e+08
1.40000000e-01 1.50000000e-01 1.50000000e+00 4.43172303e+08
1.40000000e-01 1.50000000e-01 1.51000000e+00 4.47910807e+08
1.40000000e-01 1.50000000e-01 1.52000000e+00 4.52638012e+08
1.40000000e-01 1.50000000e-01 1.53000000e+00 4.57353285e+08
1.40000000e-01 1.50000000e-01 1.54000000e+00 4.62055991e+08
1.40000000e-01 1.50000000e-01 1.55000000e+00 4.66745604e+08
1.40000000e-01 1.50000000e-01 1.56000000e+00 4.71421383e+08
1.40000000e-01 1.50000000e-01 1.57000000e+00 4.76082856e+08
1.40000000e-01 1.50000000e-01 1.58000000e+00 4.80729279e+08
1.40000000e-01 1.50000000e-01 1.59000000e+00 4.85360265e+08
1.40000000e-01 1.50000000e-01 1.60000000e+00 4.89975110e+08
1.40000000e-01 1.50000000e-01 1.61000000e+00 4.94573125e+08
1.40000000e-01 1.50000000e-01 1.62000000e+00 4.99153840e+08
1.40000000e-01 1.50000000e-01 1.63000000e+00 5.03716757e+08
1.40000000e-01 1.50000000e-01 1.64000000e+00 5.08261304e+08
1.40000000e-01 1.50000000e-01 1.65000000e+00 5.12786928e+08
1.40000000e-01 1.50000000e-01 1.66000000e+00 5.17293078e+08
1.40000000e-01 1.50000000e-01 1.67000000e+00 5.21779342e+08
1.40000000e-01 1.50000000e-01 1.68000000e+00 5.26244885e+08
1.40000000e-01 1.50000000e-01 1.69000000e+00 5.30689602e+08
1.40000000e-01 1.50000000e-01 1.70000000e+00 5.35112813e+08
1.40000000e-01 1.50000000e-01 1.71000000e+00 5.39514052e+08
1.40000000e-01 1.50000000e-01 1.72000000e+00 5.43892796e+08
1.40000000e-01 1.50000000e-01 1.73000000e+00 5.48248584e+08
1.40000000e-01 1.50000000e-01 1.74000000e+00 5.52580945e+08
1.40000000e-01 1.50000000e-01 1.75000000e+00 5.56889426e+08
1.40000000e-01 1.50000000e-01 1.76000000e+00 5.61173606e+08
1.40000000e-01 1.50000000e-01 1.77000000e+00 5.65432817e+08
1.40000000e-01 1.50000000e-01 1.78000000e+00 5.69666947e+08
1.40000000e-01 1.50000000e-01 1.79000000e+00 5.73875457e+08
1.40000000e-01 1.50000000e-01 1.80000000e+00 5.78057836e+08
1.40000000e-01 1.50000000e-01 1.81000000e+00 5.82213762e+08
1.40000000e-01 1.50000000e-01 1.82000000e+00 5.86342740e+08
1.40000000e-01 1.50000000e-01 1.83000000e+00 5.90444460e+08
1.40000000e-01 1.50000000e-01 1.84000000e+00 5.94518402e+08
1.40000000e-01 1.50000000e-01 1.85000000e+00 5.98564444e+08
1.40000000e-01 1.50000000e-01 1.86000000e+00 6.02581854e+08
1.40000000e-01 1.50000000e-01 1.87000000e+00 6.06570586e+08
1.40000000e-01 1.50000000e-01 1.88000000e+00 6.10530161e+08
1.40000000e-01 1.50000000e-01 1.89000000e+00 6.14460251e+08
1.40000000e-01 1.50000000e-01 1.90000000e+00 6.18360490e+08
1.40000000e-01 1.50000000e-01 1.91000000e+00 6.22230599e+08
1.40000000e-01 1.50000000e-01 1.92000000e+00 6.26070213e+08
1.40000000e-01 1.50000000e-01 1.93000000e+00 6.29878917e+08
1.40000000e-01 1.50000000e-01 1.94000000e+00 6.33656478e+08
1.40000000e-01 1.50000000e-01 1.95000000e+00 6.37402677e+08
1.40000000e-01 1.50000000e-01 1.96000000e+00 6.41117027e+08
1.40000000e-01 1.50000000e-01 1.97000000e+00 6.44799358e+08
1.40000000e-01 1.50000000e-01 1.98000000e+00 6.48449359e+08
1.40000000e-01 1.50000000e-01 1.99000000e+00 6.52066760e+08
1.40000000e-01 1.50000000e-01 2.00000000e+00 6.55651139e+08
1.50000000e-01 1.60000000e-01 1.00000000e-02 2.63270934e+00
1.50000000e-01 1.60000000e-01 2.00000000e-02 1.32008827e+02
1.50000000e-01 1.60000000e-01 3.00000000e-02 8.33048744e+02
1.50000000e-01 1.60000000e-01 4.00000000e-02 2.82433671e+03
1.50000000e-01 1.60000000e-01 5.00000000e-02 7.07291841e+03
1.50000000e-01 1.60000000e-01 6.00000000e-02 1.47930358e+04
1.50000000e-01 1.60000000e-01 7.00000000e-02 2.74480104e+04
1.50000000e-01 1.60000000e-01 8.00000000e-02 4.68195437e+04
1.50000000e-01 1.60000000e-01 9.00000000e-02 7.49877950e+04
1.50000000e-01 1.60000000e-01 1.00000000e-01 1.14456521e+05
1.50000000e-01 1.60000000e-01 1.10000000e-01 1.68202257e+05
1.50000000e-01 1.60000000e-01 1.20000000e-01 2.39947882e+05
1.50000000e-01 1.60000000e-01 1.30000000e-01 3.34151330e+05
1.50000000e-01 1.60000000e-01 1.40000000e-01 4.56221339e+05
1.50000000e-01 1.60000000e-01 1.50000000e-01 6.13607251e+05
1.50000000e-01 1.60000000e-01 1.60000000e-01 8.16156410e+05
1.50000000e-01 1.60000000e-01 1.70000000e-01 1.07750984e+06
1.50000000e-01 1.60000000e-01 1.80000000e-01 1.42219101e+06
1.50000000e-01 1.60000000e-01 1.90000000e-01 1.92319931e+06
1.50000000e-01 1.60000000e-01 2.00000000e-01 2.56079475e+06
1.50000000e-01 1.60000000e-01 2.10000000e-01 3.15015944e+06
1.50000000e-01 1.60000000e-01 2.20000000e-01 3.75671744e+06
1.50000000e-01 1.60000000e-01 2.30000000e-01 4.39531138e+06
1.50000000e-01 1.60000000e-01 2.40000000e-01 5.07222413e+06
1.50000000e-01 1.60000000e-01 2.50000000e-01 5.79111414e+06
1.50000000e-01 1.60000000e-01 2.60000000e-01 6.55449541e+06
1.50000000e-01 1.60000000e-01 2.70000000e-01 7.36425158e+06
1.50000000e-01 1.60000000e-01 2.80000000e-01 8.22190095e+06
1.50000000e-01 1.60000000e-01 2.90000000e-01 9.12870346e+06
1.50000000e-01 1.60000000e-01 3.00000000e-01 1.00857541e+07
1.50000000e-01 1.60000000e-01 3.10000000e-01 1.10939988e+07
1.50000000e-01 1.60000000e-01 3.20000000e-01 1.21542744e+07
1.50000000e-01 1.60000000e-01 3.30000000e-01 1.32673238e+07
1.50000000e-01 1.60000000e-01 3.40000000e-01 1.44338025e+07
1.50000000e-01 1.60000000e-01 3.50000000e-01 1.56542987e+07
1.50000000e-01 1.60000000e-01 3.60000000e-01 1.69293336e+07
1.50000000e-01 1.60000000e-01 3.70000000e-01 1.82593586e+07
1.50000000e-01 1.60000000e-01 3.80000000e-01 1.96447985e+07
1.50000000e-01 1.60000000e-01 3.90000000e-01 2.10859767e+07
1.50000000e-01 1.60000000e-01 4.00000000e-01 2.25831960e+07
1.50000000e-01 1.60000000e-01 4.10000000e-01 2.41367098e+07
1.50000000e-01 1.60000000e-01 4.20000000e-01 2.57466978e+07
1.50000000e-01 1.60000000e-01 4.30000000e-01 2.74133079e+07
1.50000000e-01 1.60000000e-01 4.40000000e-01 2.91366733e+07
1.50000000e-01 1.60000000e-01 4.50000000e-01 3.09168481e+07
1.50000000e-01 1.60000000e-01 4.60000000e-01 3.27538631e+07
1.50000000e-01 1.60000000e-01 4.70000000e-01 3.46477232e+07
1.50000000e-01 1.60000000e-01 4.80000000e-01 3.65983853e+07
1.50000000e-01 1.60000000e-01 4.90000000e-01 3.86057613e+07
1.50000000e-01 1.60000000e-01 5.00000000e-01 4.06697473e+07
1.50000000e-01 1.60000000e-01 5.10000000e-01 4.27902169e+07
1.50000000e-01 1.60000000e-01 5.20000000e-01 4.49669684e+07
1.50000000e-01 1.60000000e-01 5.30000000e-01 4.71998232e+07
1.50000000e-01 1.60000000e-01 5.40000000e-01 4.94884894e+07
1.50000000e-01 1.60000000e-01 5.50000000e-01 5.18327205e+07
1.50000000e-01 1.60000000e-01 5.60000000e-01 5.42322183e+07
1.50000000e-01 1.60000000e-01 5.70000000e-01 5.66866686e+07
1.50000000e-01 1.60000000e-01 5.80000000e-01 5.91957216e+07
1.50000000e-01 1.60000000e-01 5.90000000e-01 6.17589984e+07
1.50000000e-01 1.60000000e-01 6.00000000e-01 6.43760995e+07
1.50000000e-01 1.60000000e-01 6.10000000e-01 6.70466009e+07
1.50000000e-01 1.60000000e-01 6.20000000e-01 6.97700651e+07
1.50000000e-01 1.60000000e-01 6.30000000e-01 7.25459669e+07
1.50000000e-01 1.60000000e-01 6.40000000e-01 7.53738720e+07
1.50000000e-01 1.60000000e-01 6.50000000e-01 7.82533060e+07
1.50000000e-01 1.60000000e-01 6.60000000e-01 8.11836864e+07
1.50000000e-01 1.60000000e-01 6.70000000e-01 8.41644934e+07
1.50000000e-01 1.60000000e-01 6.80000000e-01 8.71951413e+07
1.50000000e-01 1.60000000e-01 6.90000000e-01 9.02750562e+07
1.50000000e-01 1.60000000e-01 7.00000000e-01 9.34036330e+07
1.50000000e-01 1.60000000e-01 7.10000000e-01 9.65802839e+07
1.50000000e-01 1.60000000e-01 7.20000000e-01 9.98043369e+07
1.50000000e-01 1.60000000e-01 7.30000000e-01 1.03075172e+08
1.50000000e-01 1.60000000e-01 7.40000000e-01 1.06392091e+08
1.50000000e-01 1.60000000e-01 7.50000000e-01 1.09754443e+08
1.50000000e-01 1.60000000e-01 7.60000000e-01 1.13161542e+08
1.50000000e-01 1.60000000e-01 7.70000000e-01 1.16612675e+08
1.50000000e-01 1.60000000e-01 7.80000000e-01 1.20107151e+08
1.50000000e-01 1.60000000e-01 7.90000000e-01 1.23644251e+08
1.50000000e-01 1.60000000e-01 8.00000000e-01 1.27223236e+08
1.50000000e-01 1.60000000e-01 8.10000000e-01 1.30843387e+08
1.50000000e-01 1.60000000e-01 8.20000000e-01 1.34503940e+08
1.50000000e-01 1.60000000e-01 8.30000000e-01 1.38204085e+08
1.50000000e-01 1.60000000e-01 8.40000000e-01 1.41943087e+08
1.50000000e-01 1.60000000e-01 8.50000000e-01 1.45720098e+08
1.50000000e-01 1.60000000e-01 8.60000000e-01 1.49534435e+08
1.50000000e-01 1.60000000e-01 8.70000000e-01 1.53385319e+08
1.50000000e-01 1.60000000e-01 8.80000000e-01 1.57271866e+08
1.50000000e-01 1.60000000e-01 8.90000000e-01 1.61193338e+08
1.50000000e-01 1.60000000e-01 9.00000000e-01 1.65148815e+08
1.50000000e-01 1.60000000e-01 9.10000000e-01 1.69137568e+08
1.50000000e-01 1.60000000e-01 9.20000000e-01 1.73158796e+08
1.50000000e-01 1.60000000e-01 9.30000000e-01 1.77211653e+08
1.50000000e-01 1.60000000e-01 9.40000000e-01 1.81295205e+08
1.50000000e-01 1.60000000e-01 9.50000000e-01 1.85408734e+08
1.50000000e-01 1.60000000e-01 9.60000000e-01 1.89551364e+08
1.50000000e-01 1.60000000e-01 9.70000000e-01 1.93722295e+08
1.50000000e-01 1.60000000e-01 9.80000000e-01 1.97920659e+08
1.50000000e-01 1.60000000e-01 9.90000000e-01 2.02145609e+08
1.50000000e-01 1.60000000e-01 1.00000000e+00 2.06396271e+08
1.50000000e-01 1.60000000e-01 1.01000000e+00 2.10671883e+08
1.50000000e-01 1.60000000e-01 1.02000000e+00 2.14971520e+08
1.50000000e-01 1.60000000e-01 1.03000000e+00 2.19294294e+08
1.50000000e-01 1.60000000e-01 1.04000000e+00 2.23639415e+08
1.50000000e-01 1.60000000e-01 1.05000000e+00 2.28006036e+08
1.50000000e-01 1.60000000e-01 1.06000000e+00 2.32393269e+08
1.50000000e-01 1.60000000e-01 1.07000000e+00 2.36800309e+08
1.50000000e-01 1.60000000e-01 1.08000000e+00 2.41226332e+08
1.50000000e-01 1.60000000e-01 1.09000000e+00 2.45670445e+08
1.50000000e-01 1.60000000e-01 1.10000000e+00 2.50131785e+08
1.50000000e-01 1.60000000e-01 1.11000000e+00 2.54609523e+08
1.50000000e-01 1.60000000e-01 1.12000000e+00 2.59102829e+08
1.50000000e-01 1.60000000e-01 1.13000000e+00 2.63610805e+08
1.50000000e-01 1.60000000e-01 1.14000000e+00 2.68132720e+08
1.50000000e-01 1.60000000e-01 1.15000000e+00 2.72667683e+08
1.50000000e-01 1.60000000e-01 1.16000000e+00 2.77214852e+08
1.50000000e-01 1.60000000e-01 1.17000000e+00 2.81773412e+08
1.50000000e-01 1.60000000e-01 1.18000000e+00 2.86342532e+08
1.50000000e-01 1.60000000e-01 1.19000000e+00 2.90921398e+08
1.50000000e-01 1.60000000e-01 1.20000000e+00 2.95509113e+08
1.50000000e-01 1.60000000e-01 1.21000000e+00 3.00105026e+08
1.50000000e-01 1.60000000e-01 1.22000000e+00 3.04708236e+08
1.50000000e-01 1.60000000e-01 1.23000000e+00 3.09317903e+08
1.50000000e-01 1.60000000e-01 1.24000000e+00 3.13933256e+08
1.50000000e-01 1.60000000e-01 1.25000000e+00 3.18553500e+08
1.50000000e-01 1.60000000e-01 1.26000000e+00 3.23177844e+08
1.50000000e-01 1.60000000e-01 1.27000000e+00 3.27805500e+08
1.50000000e-01 1.60000000e-01 1.28000000e+00 3.32435709e+08
1.50000000e-01 1.60000000e-01 1.29000000e+00 3.37067652e+08
1.50000000e-01 1.60000000e-01 1.30000000e+00 3.41700479e+08
1.50000000e-01 1.60000000e-01 1.31000000e+00 3.46333684e+08
1.50000000e-01 1.60000000e-01 1.32000000e+00 3.50966353e+08
1.50000000e-01 1.60000000e-01 1.33000000e+00 3.55597607e+08
1.50000000e-01 1.60000000e-01 1.34000000e+00 3.60226861e+08
1.50000000e-01 1.60000000e-01 1.35000000e+00 3.64853359e+08
1.50000000e-01 1.60000000e-01 1.36000000e+00 3.69476560e+08
1.50000000e-01 1.60000000e-01 1.37000000e+00 3.74095484e+08
1.50000000e-01 1.60000000e-01 1.38000000e+00 3.78709318e+08
1.50000000e-01 1.60000000e-01 1.39000000e+00 3.83317370e+08
1.50000000e-01 1.60000000e-01 1.40000000e+00 3.87919200e+08
1.50000000e-01 1.60000000e-01 1.41000000e+00 3.92513814e+08
1.50000000e-01 1.60000000e-01 1.42000000e+00 3.97100706e+08
1.50000000e-01 1.60000000e-01 1.43000000e+00 4.01679213e+08
1.50000000e-01 1.60000000e-01 1.44000000e+00 4.06248574e+08
1.50000000e-01 1.60000000e-01 1.45000000e+00 4.10807989e+08
1.50000000e-01 1.60000000e-01 1.46000000e+00 4.15357126e+08
1.50000000e-01 1.60000000e-01 1.47000000e+00 4.19895085e+08
1.50000000e-01 1.60000000e-01 1.48000000e+00 4.24421346e+08
1.50000000e-01 1.60000000e-01 1.49000000e+00 4.28935079e+08
1.50000000e-01 1.60000000e-01 1.50000000e+00 4.33435845e+08
1.50000000e-01 1.60000000e-01 1.51000000e+00 4.37922933e+08
1.50000000e-01 1.60000000e-01 1.52000000e+00 4.42395737e+08
1.50000000e-01 1.60000000e-01 1.53000000e+00 4.46853659e+08
1.50000000e-01 1.60000000e-01 1.54000000e+00 4.51296066e+08
1.50000000e-01 1.60000000e-01 1.55000000e+00 4.55722421e+08
1.50000000e-01 1.60000000e-01 1.56000000e+00 4.60132124e+08
1.50000000e-01 1.60000000e-01 1.57000000e+00 4.64524591e+08
1.50000000e-01 1.60000000e-01 1.58000000e+00 4.68899206e+08
1.50000000e-01 1.60000000e-01 1.59000000e+00 4.73255486e+08
1.50000000e-01 1.60000000e-01 1.60000000e+00 4.77592850e+08
1.50000000e-01 1.60000000e-01 1.61000000e+00 4.81910743e+08
1.50000000e-01 1.60000000e-01 1.62000000e+00 4.86208627e+08
1.50000000e-01 1.60000000e-01 1.63000000e+00 4.90486023e+08
1.50000000e-01 1.60000000e-01 1.64000000e+00 4.94742363e+08
1.50000000e-01 1.60000000e-01 1.65000000e+00 4.98977151e+08
1.50000000e-01 1.60000000e-01 1.66000000e+00 5.03189902e+08
1.50000000e-01 1.60000000e-01 1.67000000e+00 5.07380063e+08
1.50000000e-01 1.60000000e-01 1.68000000e+00 5.11546805e+08
1.50000000e-01 1.60000000e-01 1.69000000e+00 5.15690343e+08
1.50000000e-01 1.60000000e-01 1.70000000e+00 5.19810030e+08
1.50000000e-01 1.60000000e-01 1.71000000e+00 5.23905269e+08
1.50000000e-01 1.60000000e-01 1.72000000e+00 5.27975664e+08
1.50000000e-01 1.60000000e-01 1.73000000e+00 5.32020734e+08
1.50000000e-01 1.60000000e-01 1.74000000e+00 5.36040023e+08
1.50000000e-01 1.60000000e-01 1.75000000e+00 5.40033142e+08
1.50000000e-01 1.60000000e-01 1.76000000e+00 5.43999642e+08
1.50000000e-01 1.60000000e-01 1.77000000e+00 5.47939092e+08
1.50000000e-01 1.60000000e-01 1.78000000e+00 5.51851155e+08
1.50000000e-01 1.60000000e-01 1.79000000e+00 5.55735339e+08
1.50000000e-01 1.60000000e-01 1.80000000e+00 5.59591489e+08
1.50000000e-01 1.60000000e-01 1.81000000e+00 5.63419121e+08
1.50000000e-01 1.60000000e-01 1.82000000e+00 5.67217773e+08
1.50000000e-01 1.60000000e-01 1.83000000e+00 5.70986989e+08
1.50000000e-01 1.60000000e-01 1.84000000e+00 5.74726639e+08
1.50000000e-01 1.60000000e-01 1.85000000e+00 5.78436303e+08
1.50000000e-01 1.60000000e-01 1.86000000e+00 5.82115702e+08
1.50000000e-01 1.60000000e-01 1.87000000e+00 5.85764437e+08
1.50000000e-01 1.60000000e-01 1.88000000e+00 5.89382215e+08
1.50000000e-01 1.60000000e-01 1.89000000e+00 5.92968788e+08
1.50000000e-01 1.60000000e-01 1.90000000e+00 5.96523728e+08
1.50000000e-01 1.60000000e-01 1.91000000e+00 6.00047043e+08
1.50000000e-01 1.60000000e-01 1.92000000e+00 6.03538030e+08
1.50000000e-01 1.60000000e-01 1.93000000e+00 6.06996534e+08
1.50000000e-01 1.60000000e-01 1.94000000e+00 6.10422232e+08
1.50000000e-01 1.60000000e-01 1.95000000e+00 6.13815135e+08
1.50000000e-01 1.60000000e-01 1.96000000e+00 6.17174733e+08
1.50000000e-01 1.60000000e-01 1.97000000e+00 6.20500896e+08
1.50000000e-01 1.60000000e-01 1.98000000e+00 6.23793376e+08
1.50000000e-01 1.60000000e-01 1.99000000e+00 6.27051840e+08
1.50000000e-01 1.60000000e-01 2.00000000e+00 6.30276239e+08
1.60000000e-01 1.70000000e-01 1.00000000e-02 2.80961597e+00
1.60000000e-01 1.70000000e-01 2.00000000e-02 1.41032382e+02
1.60000000e-01 1.70000000e-01 3.00000000e-02 8.90781307e+02
1.60000000e-01 1.70000000e-01 4.00000000e-02 3.02267295e+03
1.60000000e-01 1.70000000e-01 5.00000000e-02 7.57629807e+03
1.60000000e-01 1.70000000e-01 6.00000000e-02 1.58605367e+04
1.60000000e-01 1.70000000e-01 7.00000000e-02 2.94579669e+04
1.60000000e-01 1.70000000e-01 8.00000000e-02 5.03027797e+04
1.60000000e-01 1.70000000e-01 9.00000000e-02 8.06646604e+04
1.60000000e-01 1.70000000e-01 1.00000000e-01 1.23290991e+05
1.60000000e-01 1.70000000e-01 1.10000000e-01 1.81474456e+05
1.60000000e-01 1.70000000e-01 1.20000000e-01 2.59373553e+05
1.60000000e-01 1.70000000e-01 1.30000000e-01 3.62045043e+05
1.60000000e-01 1.70000000e-01 1.40000000e-01 4.95752811e+05
1.60000000e-01 1.70000000e-01 1.50000000e-01 6.69384301e+05
1.60000000e-01 1.70000000e-01 1.60000000e-01 8.95367886e+05
1.60000000e-01 1.70000000e-01 1.70000000e-01 1.19302610e+06
1.60000000e-01 1.70000000e-01 1.80000000e-01 1.61138348e+06
1.60000000e-01 1.70000000e-01 1.90000000e-01 2.20893653e+06
1.60000000e-01 1.70000000e-01 2.00000000e-01 2.76212939e+06
1.60000000e-01 1.70000000e-01 2.10000000e-01 3.32801907e+06
1.60000000e-01 1.70000000e-01 2.20000000e-01 3.92452550e+06
1.60000000e-01 1.70000000e-01 2.30000000e-01 4.55847123e+06
1.60000000e-01 1.70000000e-01 2.40000000e-01 5.23364240e+06
1.60000000e-01 1.70000000e-01 2.50000000e-01 5.95257890e+06
1.60000000e-01 1.70000000e-01 2.60000000e-01 6.71720252e+06
1.60000000e-01 1.70000000e-01 2.70000000e-01 7.52906963e+06
1.60000000e-01 1.70000000e-01 2.80000000e-01 8.38943285e+06
1.60000000e-01 1.70000000e-01 2.90000000e-01 9.29940078e+06
1.60000000e-01 1.70000000e-01 3.00000000e-01 1.02599216e+07
1.60000000e-01 1.70000000e-01 3.10000000e-01 1.12718471e+07
1.60000000e-01 1.70000000e-01 3.20000000e-01 1.23359197e+07
1.60000000e-01 1.70000000e-01 3.30000000e-01 1.34527860e+07
1.60000000e-01 1.70000000e-01 3.40000000e-01 1.46230563e+07
1.60000000e-01 1.70000000e-01 3.50000000e-01 1.58472409e+07
1.60000000e-01 1.70000000e-01 3.60000000e-01 1.71257823e+07
1.60000000e-01 1.70000000e-01 3.70000000e-01 1.84590949e+07
1.60000000e-01 1.70000000e-01 3.80000000e-01 1.98475113e+07
1.60000000e-01 1.70000000e-01 3.90000000e-01 2.12913315e+07
1.60000000e-01 1.70000000e-01 4.00000000e-01 2.27907692e+07
1.60000000e-01 1.70000000e-01 4.10000000e-01 2.43460134e+07
1.60000000e-01 1.70000000e-01 4.20000000e-01 2.59572032e+07
1.60000000e-01 1.70000000e-01 4.30000000e-01 2.76244616e+07
1.60000000e-01 1.70000000e-01 4.40000000e-01 2.93478183e+07
1.60000000e-01 1.70000000e-01 4.50000000e-01 3.11272980e+07
1.60000000e-01 1.70000000e-01 4.60000000e-01 3.29628690e+07
1.60000000e-01 1.70000000e-01 4.70000000e-01 3.48544787e+07
1.60000000e-01 1.70000000e-01 4.80000000e-01 3.68020077e+07
1.60000000e-01 1.70000000e-01 4.90000000e-01 3.88053006e+07
1.60000000e-01 1.70000000e-01 5.00000000e-01 4.08641719e+07
1.60000000e-01 1.70000000e-01 5.10000000e-01 4.29785575e+07
1.60000000e-01 1.70000000e-01 5.20000000e-01 4.51481291e+07
1.60000000e-01 1.70000000e-01 5.30000000e-01 4.73726491e+07
1.60000000e-01 1.70000000e-01 5.40000000e-01 4.96517879e+07
1.60000000e-01 1.70000000e-01 5.50000000e-01 5.19852328e+07
1.60000000e-01 1.70000000e-01 5.60000000e-01 5.43726221e+07
1.60000000e-01 1.70000000e-01 5.70000000e-01 5.68135580e+07
1.60000000e-01 1.70000000e-01 5.80000000e-01 5.93076832e+07
1.60000000e-01 1.70000000e-01 5.90000000e-01 6.18545338e+07
1.60000000e-01 1.70000000e-01 6.00000000e-01 6.44536776e+07
1.60000000e-01 1.70000000e-01 6.10000000e-01 6.71046238e+07
1.60000000e-01 1.70000000e-01 6.20000000e-01 6.98068525e+07
1.60000000e-01 1.70000000e-01 6.30000000e-01 7.25598874e+07
1.60000000e-01 1.70000000e-01 6.40000000e-01 7.53631644e+07
1.60000000e-01 1.70000000e-01 6.50000000e-01 7.82161148e+07
1.60000000e-01 1.70000000e-01 6.60000000e-01 8.11181687e+07
1.60000000e-01 1.70000000e-01 6.70000000e-01 8.40687148e+07
1.60000000e-01 1.70000000e-01 6.80000000e-01 8.70671549e+07
1.60000000e-01 1.70000000e-01 6.90000000e-01 9.01128453e+07
1.60000000e-01 1.70000000e-01 7.00000000e-01 9.32051470e+07
1.60000000e-01 1.70000000e-01 7.10000000e-01 9.63433693e+07
1.60000000e-01 1.70000000e-01 7.20000000e-01 9.95268464e+07
1.60000000e-01 1.70000000e-01 7.30000000e-01 1.02754881e+08
1.60000000e-01 1.70000000e-01 7.40000000e-01 1.06026783e+08
1.60000000e-01 1.70000000e-01 7.50000000e-01 1.09341813e+08
1.60000000e-01 1.70000000e-01 7.60000000e-01 1.12699235e+08
1.60000000e-01 1.70000000e-01 7.70000000e-01 1.16098327e+08
1.60000000e-01 1.70000000e-01 7.80000000e-01 1.19538298e+08
1.60000000e-01 1.70000000e-01 7.90000000e-01 1.23018383e+08
1.60000000e-01 1.70000000e-01 8.00000000e-01 1.26537887e+08
1.60000000e-01 1.70000000e-01 8.10000000e-01 1.30095951e+08
1.60000000e-01 1.70000000e-01 8.20000000e-01 1.33691827e+08
1.60000000e-01 1.70000000e-01 8.30000000e-01 1.37324675e+08
1.60000000e-01 1.70000000e-01 8.40000000e-01 1.40993694e+08
1.60000000e-01 1.70000000e-01 8.50000000e-01 1.44698196e+08
1.60000000e-01 1.70000000e-01 8.60000000e-01 1.48437240e+08
1.60000000e-01 1.70000000e-01 8.70000000e-01 1.52210005e+08
1.60000000e-01 1.70000000e-01 8.80000000e-01 1.56015683e+08
1.60000000e-01 1.70000000e-01 8.90000000e-01 1.59853266e+08
1.60000000e-01 1.70000000e-01 9.00000000e-01 1.63722062e+08
1.60000000e-01 1.70000000e-01 9.10000000e-01 1.67621241e+08
1.60000000e-01 1.70000000e-01 9.20000000e-01 1.71549941e+08
1.60000000e-01 1.70000000e-01 9.30000000e-01 1.75507220e+08
1.60000000e-01 1.70000000e-01 9.40000000e-01 1.79492419e+08
1.60000000e-01 1.70000000e-01 9.50000000e-01 1.83504482e+08
1.60000000e-01 1.70000000e-01 9.60000000e-01 1.87542635e+08
1.60000000e-01 1.70000000e-01 9.70000000e-01 1.91605983e+08
1.60000000e-01 1.70000000e-01 9.80000000e-01 1.95693717e+08
1.60000000e-01 1.70000000e-01 9.90000000e-01 1.99804893e+08
1.60000000e-01 1.70000000e-01 1.00000000e+00 2.03938687e+08
1.60000000e-01 1.70000000e-01 1.01000000e+00 2.08094184e+08
1.60000000e-01 1.70000000e-01 1.02000000e+00 2.12270592e+08
1.60000000e-01 1.70000000e-01 1.03000000e+00 2.16467018e+08
1.60000000e-01 1.70000000e-01 1.04000000e+00 2.20682555e+08
1.60000000e-01 1.70000000e-01 1.05000000e+00 2.24916362e+08
1.60000000e-01 1.70000000e-01 1.06000000e+00 2.29167664e+08
1.60000000e-01 1.70000000e-01 1.07000000e+00 2.33435458e+08
1.60000000e-01 1.70000000e-01 1.08000000e+00 2.37718914e+08
1.60000000e-01 1.70000000e-01 1.09000000e+00 2.42017180e+08
1.60000000e-01 1.70000000e-01 1.10000000e+00 2.46329434e+08
1.60000000e-01 1.70000000e-01 1.11000000e+00 2.50654807e+08
1.60000000e-01 1.70000000e-01 1.12000000e+00 2.54992475e+08
1.60000000e-01 1.70000000e-01 1.13000000e+00 2.59341540e+08
1.60000000e-01 1.70000000e-01 1.14000000e+00 2.63701160e+08
1.60000000e-01 1.70000000e-01 1.15000000e+00 2.68070540e+08
1.60000000e-01 1.70000000e-01 1.16000000e+00 2.72448861e+08
1.60000000e-01 1.70000000e-01 1.17000000e+00 2.76835285e+08
1.60000000e-01 1.70000000e-01 1.18000000e+00 2.81228885e+08
1.60000000e-01 1.70000000e-01 1.19000000e+00 2.85628907e+08
1.60000000e-01 1.70000000e-01 1.20000000e+00 2.90034542e+08
1.60000000e-01 1.70000000e-01 1.21000000e+00 2.94444873e+08
1.60000000e-01 1.70000000e-01 1.22000000e+00 2.98859142e+08
1.60000000e-01 1.70000000e-01 1.23000000e+00 3.03276722e+08
1.60000000e-01 1.70000000e-01 1.24000000e+00 3.07696612e+08
1.60000000e-01 1.70000000e-01 1.25000000e+00 3.12118070e+08
1.60000000e-01 1.70000000e-01 1.26000000e+00 3.16540399e+08
1.60000000e-01 1.70000000e-01 1.27000000e+00 3.20962538e+08
1.60000000e-01 1.70000000e-01 1.28000000e+00 3.25384160e+08
1.60000000e-01 1.70000000e-01 1.29000000e+00 3.29804523e+08
1.60000000e-01 1.70000000e-01 1.30000000e+00 3.34222389e+08
1.60000000e-01 1.70000000e-01 1.31000000e+00 3.38637219e+08
1.60000000e-01 1.70000000e-01 1.32000000e+00 3.43048311e+08
1.60000000e-01 1.70000000e-01 1.33000000e+00 3.47454527e+08
1.60000000e-01 1.70000000e-01 1.34000000e+00 3.51856042e+08
1.60000000e-01 1.70000000e-01 1.35000000e+00 3.56251599e+08
1.60000000e-01 1.70000000e-01 1.36000000e+00 3.60640728e+08
1.60000000e-01 1.70000000e-01 1.37000000e+00 3.65022127e+08
1.60000000e-01 1.70000000e-01 1.38000000e+00 3.69395587e+08
1.60000000e-01 1.70000000e-01 1.39000000e+00 3.73760270e+08
1.60000000e-01 1.70000000e-01 1.40000000e+00 3.78115309e+08
1.60000000e-01 1.70000000e-01 1.41000000e+00 3.82460144e+08
1.60000000e-01 1.70000000e-01 1.42000000e+00 3.86794145e+08
1.60000000e-01 1.70000000e-01 1.43000000e+00 3.91116699e+08
1.60000000e-01 1.70000000e-01 1.44000000e+00 3.95427165e+08
1.60000000e-01 1.70000000e-01 1.45000000e+00 3.99724895e+08
1.60000000e-01 1.70000000e-01 1.46000000e+00 4.04009165e+08
1.60000000e-01 1.70000000e-01 1.47000000e+00 4.08279399e+08
1.60000000e-01 1.70000000e-01 1.48000000e+00 4.12534959e+08
1.60000000e-01 1.70000000e-01 1.49000000e+00 4.16775440e+08
1.60000000e-01 1.70000000e-01 1.50000000e+00 4.20999847e+08
1.60000000e-01 1.70000000e-01 1.51000000e+00 4.25207842e+08
1.60000000e-01 1.70000000e-01 1.52000000e+00 4.29398686e+08
1.60000000e-01 1.70000000e-01 1.53000000e+00 4.33571931e+08
1.60000000e-01 1.70000000e-01 1.54000000e+00 4.37726965e+08
1.60000000e-01 1.70000000e-01 1.55000000e+00 4.41863204e+08
1.60000000e-01 1.70000000e-01 1.56000000e+00 4.45980399e+08
1.60000000e-01 1.70000000e-01 1.57000000e+00 4.50077667e+08
1.60000000e-01 1.70000000e-01 1.58000000e+00 4.54154315e+08
1.60000000e-01 1.70000000e-01 1.59000000e+00 4.58210181e+08
1.60000000e-01 1.70000000e-01 1.60000000e+00 4.62244470e+08
1.60000000e-01 1.70000000e-01 1.61000000e+00 4.66256996e+08
1.60000000e-01 1.70000000e-01 1.62000000e+00 4.70246866e+08
1.60000000e-01 1.70000000e-01 1.63000000e+00 4.74213778e+08
1.60000000e-01 1.70000000e-01 1.64000000e+00 4.78157107e+08
1.60000000e-01 1.70000000e-01 1.65000000e+00 4.82076761e+08
1.60000000e-01 1.70000000e-01 1.66000000e+00 4.85972028e+08
1.60000000e-01 1.70000000e-01 1.67000000e+00 4.89842492e+08
1.60000000e-01 1.70000000e-01 1.68000000e+00 4.93687962e+08
1.60000000e-01 1.70000000e-01 1.69000000e+00 4.97507202e+08
1.60000000e-01 1.70000000e-01 1.70000000e+00 5.01300517e+08
1.60000000e-01 1.70000000e-01 1.71000000e+00 5.05067294e+08
1.60000000e-01 1.70000000e-01 1.72000000e+00 5.08807140e+08
1.60000000e-01 1.70000000e-01 1.73000000e+00 5.12519727e+08
1.60000000e-01 1.70000000e-01 1.74000000e+00 5.16204462e+08
1.60000000e-01 1.70000000e-01 1.75000000e+00 5.19861331e+08
1.60000000e-01 1.70000000e-01 1.76000000e+00 5.23489473e+08
1.60000000e-01 1.70000000e-01 1.77000000e+00 5.27088621e+08
1.60000000e-01 1.70000000e-01 1.78000000e+00 5.30658677e+08
1.60000000e-01 1.70000000e-01 1.79000000e+00 5.34199045e+08
1.60000000e-01 1.70000000e-01 1.80000000e+00 5.37709501e+08
1.60000000e-01 1.70000000e-01 1.81000000e+00 5.41189700e+08
1.60000000e-01 1.70000000e-01 1.82000000e+00 5.44639340e+08
1.60000000e-01 1.70000000e-01 1.83000000e+00 5.48058102e+08
1.60000000e-01 1.70000000e-01 1.84000000e+00 5.51445573e+08
1.60000000e-01 1.70000000e-01 1.85000000e+00 5.54801878e+08
1.60000000e-01 1.70000000e-01 1.86000000e+00 5.58126114e+08
1.60000000e-01 1.70000000e-01 1.87000000e+00 5.61418269e+08
1.60000000e-01 1.70000000e-01 1.88000000e+00 5.64678061e+08
1.60000000e-01 1.70000000e-01 1.89000000e+00 5.67905323e+08
1.60000000e-01 1.70000000e-01 1.90000000e+00 5.71099536e+08
1.60000000e-01 1.70000000e-01 1.91000000e+00 5.74260717e+08
1.60000000e-01 1.70000000e-01 1.92000000e+00 5.77388615e+08
1.60000000e-01 1.70000000e-01 1.93000000e+00 5.80482908e+08
1.60000000e-01 1.70000000e-01 1.94000000e+00 5.83543342e+08
1.60000000e-01 1.70000000e-01 1.95000000e+00 5.86569877e+08
1.60000000e-01 1.70000000e-01 1.96000000e+00 5.89562096e+08
1.60000000e-01 1.70000000e-01 1.97000000e+00 5.92519871e+08
1.60000000e-01 1.70000000e-01 1.98000000e+00 5.95443046e+08
1.60000000e-01 1.70000000e-01 1.99000000e+00 5.98331341e+08
1.60000000e-01 1.70000000e-01 2.00000000e+00 6.01184679e+08
1.70000000e-01 1.80000000e-01 1.00000000e-02 2.98789903e+00
1.70000000e-01 1.80000000e-01 2.00000000e-02 1.50158285e+02
1.70000000e-01 1.80000000e-01 3.00000000e-02 9.49339103e+02
1.70000000e-01 1.80000000e-01 4.00000000e-02 3.22438287e+03
1.70000000e-01 1.80000000e-01 5.00000000e-02 8.08966480e+03
1.70000000e-01 1.80000000e-01 6.00000000e-02 1.69525156e+04
1.70000000e-01 1.80000000e-01 7.00000000e-02 3.15209036e+04
1.70000000e-01 1.80000000e-01 8.00000000e-02 5.38914058e+04
1.70000000e-01 1.80000000e-01 9.00000000e-02 8.65382743e+04
1.70000000e-01 1.80000000e-01 1.00000000e-01 1.32478321e+05
1.70000000e-01 1.80000000e-01 1.10000000e-01 1.95360226e+05
1.70000000e-01 1.80000000e-01 1.20000000e-01 2.79850910e+05
1.70000000e-01 1.80000000e-01 1.30000000e-01 3.91734556e+05
1.70000000e-01 1.80000000e-01 1.40000000e-01 5.38388592e+05
1.70000000e-01 1.80000000e-01 1.50000000e-01 7.30737180e+05
1.70000000e-01 1.80000000e-01 1.60000000e-01 9.85539526e+05
1.70000000e-01 1.80000000e-01 1.70000000e-01 1.33609348e+06
1.70000000e-01 1.80000000e-01 1.80000000e-01 1.87192098e+06
1.70000000e-01 1.80000000e-01 1.90000000e-01 2.39064462e+06
1.70000000e-01 1.80000000e-01 2.00000000e-01 2.91476829e+06
1.70000000e-01 1.80000000e-01 2.10000000e-01 3.46775379e+06
1.70000000e-01 1.80000000e-01 2.20000000e-01 4.05701526e+06
1.70000000e-01 1.80000000e-01 2.30000000e-01 4.68652543e+06
1.70000000e-01 1.80000000e-01 2.40000000e-01 5.35889259e+06
1.70000000e-01 1.80000000e-01 2.50000000e-01 6.07605521e+06
1.70000000e-01 1.80000000e-01 2.60000000e-01 6.83956073e+06
1.70000000e-01 1.80000000e-01 2.70000000e-01 7.65069039e+06
1.70000000e-01 1.80000000e-01 2.80000000e-01 8.51054128e+06
1.70000000e-01 1.80000000e-01 2.90000000e-01 9.42009107e+06
1.70000000e-01 1.80000000e-01 3.00000000e-01 1.03801768e+07
1.70000000e-01 1.80000000e-01 3.10000000e-01 1.13915463e+07
1.70000000e-01 1.80000000e-01 3.20000000e-01 1.24548741e+07
1.70000000e-01 1.80000000e-01 3.30000000e-01 1.35707347e+07
1.70000000e-01 1.80000000e-01 3.40000000e-01 1.47396632e+07
1.70000000e-01 1.80000000e-01 3.50000000e-01 1.59620926e+07
1.70000000e-01 1.80000000e-01 3.60000000e-01 1.72384097e+07
1.70000000e-01 1.80000000e-01 3.70000000e-01 1.85689749e+07
1.70000000e-01 1.80000000e-01 3.80000000e-01 1.99540153e+07
1.70000000e-01 1.80000000e-01 3.90000000e-01 2.13938104e+07
1.70000000e-01 1.80000000e-01 4.00000000e-01 2.28885239e+07
1.70000000e-01 1.80000000e-01 4.10000000e-01 2.44383037e+07
1.70000000e-01 1.80000000e-01 4.20000000e-01 2.60431951e+07
1.70000000e-01 1.80000000e-01 4.30000000e-01 2.77032363e+07
1.70000000e-01 1.80000000e-01 4.40000000e-01 2.94184522e+07
1.70000000e-01 1.80000000e-01 4.50000000e-01 3.11887700e+07
1.70000000e-01 1.80000000e-01 4.60000000e-01 3.30140999e+07
1.70000000e-01 1.80000000e-01 4.70000000e-01 3.48943451e+07
1.70000000e-01 1.80000000e-01 4.80000000e-01 3.68293822e+07
1.70000000e-01 1.80000000e-01 4.90000000e-01 3.88189557e+07
1.70000000e-01 1.80000000e-01 5.00000000e-01 4.08629249e+07
1.70000000e-01 1.80000000e-01 5.10000000e-01 4.29608797e+07
1.70000000e-01 1.80000000e-01 5.20000000e-01 4.51126280e+07
1.70000000e-01 1.80000000e-01 5.30000000e-01 4.73178713e+07
1.70000000e-01 1.80000000e-01 5.40000000e-01 4.95762316e+07
1.70000000e-01 1.80000000e-01 5.50000000e-01 5.18873284e+07
1.70000000e-01 1.80000000e-01 5.60000000e-01 5.42507283e+07
1.70000000e-01 1.80000000e-01 5.70000000e-01 5.66660107e+07
1.70000000e-01 1.80000000e-01 5.80000000e-01 5.91327315e+07
1.70000000e-01 1.80000000e-01 5.90000000e-01 6.16503716e+07
1.70000000e-01 1.80000000e-01 6.00000000e-01 6.42184483e+07
1.70000000e-01 1.80000000e-01 6.10000000e-01 6.68364315e+07
1.70000000e-01 1.80000000e-01 6.20000000e-01 6.95037608e+07
1.70000000e-01 1.80000000e-01 6.30000000e-01 7.22198791e+07
1.70000000e-01 1.80000000e-01 6.40000000e-01 7.49841848e+07
1.70000000e-01 1.80000000e-01 6.50000000e-01 7.77960550e+07
1.70000000e-01 1.80000000e-01 6.60000000e-01 8.06548761e+07
1.70000000e-01 1.80000000e-01 6.70000000e-01 8.35599922e+07
1.70000000e-01 1.80000000e-01 6.80000000e-01 8.65107459e+07
1.70000000e-01 1.80000000e-01 6.90000000e-01 8.95064333e+07
1.70000000e-01 1.80000000e-01 7.00000000e-01 9.25464069e+07
1.70000000e-01 1.80000000e-01 7.10000000e-01 9.56299079e+07
1.70000000e-01 1.80000000e-01 7.20000000e-01 9.87562182e+07
1.70000000e-01 1.80000000e-01 7.30000000e-01 1.01924650e+08
1.70000000e-01 1.80000000e-01 7.40000000e-01 1.05134419e+08
1.70000000e-01 1.80000000e-01 7.50000000e-01 1.08384723e+08
1.70000000e-01 1.80000000e-01 7.60000000e-01 1.11674874e+08
1.70000000e-01 1.80000000e-01 7.70000000e-01 1.15004013e+08
1.70000000e-01 1.80000000e-01 7.80000000e-01 1.18371404e+08
1.70000000e-01 1.80000000e-01 7.90000000e-01 1.21776188e+08
1.70000000e-01 1.80000000e-01 8.00000000e-01 1.25217607e+08
1.70000000e-01 1.80000000e-01 8.10000000e-01 1.28694785e+08
1.70000000e-01 1.80000000e-01 8.20000000e-01 1.32206977e+08
1.70000000e-01 1.80000000e-01 8.30000000e-01 1.35753226e+08
1.70000000e-01 1.80000000e-01 8.40000000e-01 1.39332883e+08
1.70000000e-01 1.80000000e-01 8.50000000e-01 1.42944879e+08
1.70000000e-01 1.80000000e-01 8.60000000e-01 1.46588503e+08
1.70000000e-01 1.80000000e-01 8.70000000e-01 1.50262880e+08
1.70000000e-01 1.80000000e-01 8.80000000e-01 1.53967081e+08
1.70000000e-01 1.80000000e-01 8.90000000e-01 1.57700354e+08
1.70000000e-01 1.80000000e-01 9.00000000e-01 1.61461779e+08
1.70000000e-01 1.80000000e-01 9.10000000e-01 1.65250584e+08
1.70000000e-01 1.80000000e-01 9.20000000e-01 1.69065699e+08
1.70000000e-01 1.80000000e-01 9.30000000e-01 1.72906324e+08
1.70000000e-01 1.80000000e-01 9.40000000e-01 1.76771591e+08
1.70000000e-01 1.80000000e-01 9.50000000e-01 1.80660579e+08
1.70000000e-01 1.80000000e-01 9.60000000e-01 1.84572462e+08
1.70000000e-01 1.80000000e-01 9.70000000e-01 1.88506322e+08
1.70000000e-01 1.80000000e-01 9.80000000e-01 1.92461321e+08
1.70000000e-01 1.80000000e-01 9.90000000e-01 1.96436581e+08
1.70000000e-01 1.80000000e-01 1.00000000e+00 2.00431202e+08
1.70000000e-01 1.80000000e-01 1.01000000e+00 2.04444218e+08
1.70000000e-01 1.80000000e-01 1.02000000e+00 2.08474986e+08
1.70000000e-01 1.80000000e-01 1.03000000e+00 2.12522417e+08
1.70000000e-01 1.80000000e-01 1.04000000e+00 2.16585627e+08
1.70000000e-01 1.80000000e-01 1.05000000e+00 2.20663804e+08
1.70000000e-01 1.80000000e-01 1.06000000e+00 2.24756109e+08
1.70000000e-01 1.80000000e-01 1.07000000e+00 2.28861671e+08
1.70000000e-01 1.80000000e-01 1.08000000e+00 2.32979510e+08
1.70000000e-01 1.80000000e-01 1.09000000e+00 2.37108878e+08
1.70000000e-01 1.80000000e-01 1.10000000e+00 2.41248873e+08
1.70000000e-01 1.80000000e-01 1.11000000e+00 2.45398571e+08
1.70000000e-01 1.80000000e-01 1.12000000e+00 2.49557327e+08
1.70000000e-01 1.80000000e-01 1.13000000e+00 2.53724152e+08
1.70000000e-01 1.80000000e-01 1.14000000e+00 2.57898184e+08
1.70000000e-01 1.80000000e-01 1.15000000e+00 2.62078655e+08
1.70000000e-01 1.80000000e-01 1.16000000e+00 2.66264706e+08
1.70000000e-01 1.80000000e-01 1.17000000e+00 2.70455380e+08
1.70000000e-01 1.80000000e-01 1.18000000e+00 2.74650128e+08
1.70000000e-01 1.80000000e-01 1.19000000e+00 2.78848002e+08
1.70000000e-01 1.80000000e-01 1.20000000e+00 2.83048230e+08
1.70000000e-01 1.80000000e-01 1.21000000e+00 2.87249910e+08
1.70000000e-01 1.80000000e-01 1.22000000e+00 2.91452351e+08
1.70000000e-01 1.80000000e-01 1.23000000e+00 2.95654635e+08
1.70000000e-01 1.80000000e-01 1.24000000e+00 2.99856050e+08
1.70000000e-01 1.80000000e-01 1.25000000e+00 3.04055676e+08
1.70000000e-01 1.80000000e-01 1.26000000e+00 3.08252787e+08
1.70000000e-01 1.80000000e-01 1.27000000e+00 3.12446906e+08
1.70000000e-01 1.80000000e-01 1.28000000e+00 3.16637162e+08
1.70000000e-01 1.80000000e-01 1.29000000e+00 3.20822686e+08
1.70000000e-01 1.80000000e-01 1.30000000e+00 3.25002979e+08
1.70000000e-01 1.80000000e-01 1.31000000e+00 3.29176942e+08
1.70000000e-01 1.80000000e-01 1.32000000e+00 3.33344281e+08
1.70000000e-01 1.80000000e-01 1.33000000e+00 3.37503932e+08
1.70000000e-01 1.80000000e-01 1.34000000e+00 3.41655348e+08
1.70000000e-01 1.80000000e-01 1.35000000e+00 3.45797614e+08
1.70000000e-01 1.80000000e-01 1.36000000e+00 3.49930000e+08
1.70000000e-01 1.80000000e-01 1.37000000e+00 3.54052401e+08
1.70000000e-01 1.80000000e-01 1.38000000e+00 3.58163433e+08
1.70000000e-01 1.80000000e-01 1.39000000e+00 3.62262881e+08
1.70000000e-01 1.80000000e-01 1.40000000e+00 3.66349915e+08
1.70000000e-01 1.80000000e-01 1.41000000e+00 3.70423915e+08
1.70000000e-01 1.80000000e-01 1.42000000e+00 3.74484256e+08
1.70000000e-01 1.80000000e-01 1.43000000e+00 3.78530386e+08
1.70000000e-01 1.80000000e-01 1.44000000e+00 3.82561786e+08
1.70000000e-01 1.80000000e-01 1.45000000e+00 3.86577377e+08
1.70000000e-01 1.80000000e-01 1.46000000e+00 3.90576767e+08
1.70000000e-01 1.80000000e-01 1.47000000e+00 3.94559484e+08
1.70000000e-01 1.80000000e-01 1.48000000e+00 3.98524799e+08
1.70000000e-01 1.80000000e-01 1.49000000e+00 4.02472202e+08
1.70000000e-01 1.80000000e-01 1.50000000e+00 4.06401143e+08
1.70000000e-01 1.80000000e-01 1.51000000e+00 4.10310971e+08
1.70000000e-01 1.80000000e-01 1.52000000e+00 4.14201374e+08
1.70000000e-01 1.80000000e-01 1.53000000e+00 4.18071530e+08
1.70000000e-01 1.80000000e-01 1.54000000e+00 4.21921046e+08
1.70000000e-01 1.80000000e-01 1.55000000e+00 4.25749313e+08
1.70000000e-01 1.80000000e-01 1.56000000e+00 4.29556011e+08
1.70000000e-01 1.80000000e-01 1.57000000e+00 4.33340355e+08
1.70000000e-01 1.80000000e-01 1.58000000e+00 4.37101991e+08
1.70000000e-01 1.80000000e-01 1.59000000e+00 4.40840433e+08
1.70000000e-01 1.80000000e-01 1.60000000e+00 4.44555253e+08
1.70000000e-01 1.80000000e-01 1.61000000e+00 4.48246048e+08
1.70000000e-01 1.80000000e-01 1.62000000e+00 4.51911979e+08
1.70000000e-01 1.80000000e-01 1.63000000e+00 4.55552970e+08
1.70000000e-01 1.80000000e-01 1.64000000e+00 4.59168485e+08
1.70000000e-01 1.80000000e-01 1.65000000e+00 4.62758078e+08
1.70000000e-01 1.80000000e-01 1.66000000e+00 4.66321335e+08
1.70000000e-01 1.80000000e-01 1.67000000e+00 4.69857846e+08
1.70000000e-01 1.80000000e-01 1.68000000e+00 4.73367190e+08
1.70000000e-01 1.80000000e-01 1.69000000e+00 4.76848709e+08
1.70000000e-01 1.80000000e-01 1.70000000e+00 4.80302011e+08
1.70000000e-01 1.80000000e-01 1.71000000e+00 4.83727654e+08
1.70000000e-01 1.80000000e-01 1.72000000e+00 4.87124557e+08
1.70000000e-01 1.80000000e-01 1.73000000e+00 4.90492450e+08
1.70000000e-01 1.80000000e-01 1.74000000e+00 4.93830884e+08
1.70000000e-01 1.80000000e-01 1.75000000e+00 4.97139722e+08
1.70000000e-01 1.80000000e-01 1.76000000e+00 5.00418429e+08
1.70000000e-01 1.80000000e-01 1.77000000e+00 5.03666902e+08
1.70000000e-01 1.80000000e-01 1.78000000e+00 5.06884634e+08
1.70000000e-01 1.80000000e-01 1.79000000e+00 5.10071525e+08
1.70000000e-01 1.80000000e-01 1.80000000e+00 5.13227171e+08
1.70000000e-01 1.80000000e-01 1.81000000e+00 5.16351170e+08
1.70000000e-01 1.80000000e-01 1.82000000e+00 5.19443172e+08
1.70000000e-01 1.80000000e-01 1.83000000e+00 5.22502838e+08
1.70000000e-01 1.80000000e-01 1.84000000e+00 5.25530293e+08
1.70000000e-01 1.80000000e-01 1.85000000e+00 5.28525374e+08
1.70000000e-01 1.80000000e-01 1.86000000e+00 5.31487639e+08
1.70000000e-01 1.80000000e-01 1.87000000e+00 5.34416804e+08
1.70000000e-01 1.80000000e-01 1.88000000e+00 5.37312671e+08
1.70000000e-01 1.80000000e-01 1.89000000e+00 5.40175014e+08
1.70000000e-01 1.80000000e-01 1.90000000e+00 5.43003603e+08
1.70000000e-01 1.80000000e-01 1.91000000e+00 5.45798301e+08
1.70000000e-01 1.80000000e-01 1.92000000e+00 5.48558868e+08
1.70000000e-01 1.80000000e-01 1.93000000e+00 5.51285337e+08
1.70000000e-01 1.80000000e-01 1.94000000e+00 5.53977159e+08
1.70000000e-01 1.80000000e-01 1.95000000e+00 5.56634362e+08
1.70000000e-01 1.80000000e-01 1.96000000e+00 5.59256722e+08
1.70000000e-01 1.80000000e-01 1.97000000e+00 5.61844169e+08
1.70000000e-01 1.80000000e-01 1.98000000e+00 5.64396446e+08
1.70000000e-01 1.80000000e-01 1.99000000e+00 5.66913727e+08
1.70000000e-01 1.80000000e-01 2.00000000e+00 5.69395001e+08
1.80000000e-01 1.90000000e-01 1.00000000e-02 3.16766644e+00
1.80000000e-01 1.90000000e-01 2.00000000e-02 1.59394578e+02
1.80000000e-01 1.90000000e-01 3.00000000e-02 1.00877389e+03
1.80000000e-01 1.90000000e-01 4.00000000e-02 3.42974891e+03
1.80000000e-01 1.90000000e-01 5.00000000e-02 8.61400476e+03
1.80000000e-01 1.90000000e-01 6.00000000e-02 1.80717352e+04
1.80000000e-01 1.90000000e-01 7.00000000e-02 3.36431775e+04
1.80000000e-01 1.90000000e-01 8.00000000e-02 5.75990939e+04
1.80000000e-01 1.90000000e-01 9.00000000e-02 9.26370055e+04
1.80000000e-01 1.90000000e-01 1.00000000e-01 1.42073564e+05
1.80000000e-01 1.90000000e-01 1.10000000e-01 2.09966994e+05
1.80000000e-01 1.90000000e-01 1.20000000e-01 3.01591868e+05
1.80000000e-01 1.90000000e-01 1.30000000e-01 4.23653635e+05
1.80000000e-01 1.90000000e-01 1.40000000e-01 5.85064423e+05
1.80000000e-01 1.90000000e-01 1.50000000e-01 7.99957757e+05
1.80000000e-01 1.90000000e-01 1.60000000e-01 1.09422248e+06
1.80000000e-01 1.90000000e-01 1.70000000e-01 1.54950022e+06
1.80000000e-01 1.90000000e-01 1.80000000e-01 2.04053211e+06
1.80000000e-01 1.90000000e-01 1.90000000e-01 2.52284533e+06
1.80000000e-01 1.90000000e-01 2.00000000e-01 3.03178301e+06
1.80000000e-01 1.90000000e-01 2.10000000e-01 3.57562974e+06
1.80000000e-01 1.90000000e-01 2.20000000e-01 4.15853694e+06
1.80000000e-01 1.90000000e-01 2.30000000e-01 4.78319085e+06
1.80000000e-01 1.90000000e-01 2.40000000e-01 5.45155368e+06
1.80000000e-01 1.90000000e-01 2.50000000e-01 6.16517864e+06
1.80000000e-01 1.90000000e-01 2.60000000e-01 6.92536064e+06
1.80000000e-01 1.90000000e-01 2.70000000e-01 7.73320669e+06
1.80000000e-01 1.90000000e-01 2.80000000e-01 8.58970684e+06
1.80000000e-01 1.90000000e-01 2.90000000e-01 9.49568810e+06
1.80000000e-01 1.90000000e-01 3.00000000e-01 1.04519110e+07
1.80000000e-01 1.90000000e-01 3.10000000e-01 1.14590478e+07
1.80000000e-01 1.90000000e-01 3.20000000e-01 1.25176832e+07
1.80000000e-01 1.90000000e-01 3.30000000e-01 1.36283272e+07
1.80000000e-01 1.90000000e-01 3.40000000e-01 1.47914223e+07
1.80000000e-01 1.90000000e-01 3.50000000e-01 1.60073805e+07
1.80000000e-01 1.90000000e-01 3.60000000e-01 1.72765554e+07
1.80000000e-01 1.90000000e-01 3.70000000e-01 1.85991417e+07
1.80000000e-01 1.90000000e-01 3.80000000e-01 1.99753779e+07
1.80000000e-01 1.90000000e-01 3.90000000e-01 2.14054676e+07
1.80000000e-01 1.90000000e-01 4.00000000e-01 2.28894951e+07
1.80000000e-01 1.90000000e-01 4.10000000e-01 2.44275405e+07
1.80000000e-01 1.90000000e-01 4.20000000e-01 2.60196121e+07
1.80000000e-01 1.90000000e-01 4.30000000e-01 2.76656929e+07
1.80000000e-01 1.90000000e-01 4.40000000e-01 2.93657328e+07
1.80000000e-01 1.90000000e-01 4.50000000e-01 3.11196364e+07
1.80000000e-01 1.90000000e-01 4.60000000e-01 3.29272404e+07
1.80000000e-01 1.90000000e-01 4.70000000e-01 3.47883869e+07
1.80000000e-01 1.90000000e-01 4.80000000e-01 3.67028253e+07
1.80000000e-01 1.90000000e-01 4.90000000e-01 3.86702505e+07
1.80000000e-01 1.90000000e-01 5.00000000e-01 4.06904665e+07
1.80000000e-01 1.90000000e-01 5.10000000e-01 4.27632570e+07
1.80000000e-01 1.90000000e-01 5.20000000e-01 4.48881305e+07
1.80000000e-01 1.90000000e-01 5.30000000e-01 4.70646974e+07
1.80000000e-01 1.90000000e-01 5.40000000e-01 4.92926067e+07
1.80000000e-01 1.90000000e-01 5.50000000e-01 5.15714348e+07
1.80000000e-01 1.90000000e-01 5.60000000e-01 5.39007116e+07
1.80000000e-01 1.90000000e-01 5.70000000e-01 5.62800144e+07
1.80000000e-01 1.90000000e-01 5.80000000e-01 5.87086693e+07
1.80000000e-01 1.90000000e-01 5.90000000e-01 6.11862589e+07
1.80000000e-01 1.90000000e-01 6.00000000e-01 6.37121764e+07
1.80000000e-01 1.90000000e-01 6.10000000e-01 6.62858277e+07
1.80000000e-01 1.90000000e-01 6.20000000e-01 6.89066677e+07
1.80000000e-01 1.90000000e-01 6.30000000e-01 7.15740352e+07
1.80000000e-01 1.90000000e-01 6.40000000e-01 7.42873038e+07
1.80000000e-01 1.90000000e-01 6.50000000e-01 7.70458123e+07
1.80000000e-01 1.90000000e-01 6.60000000e-01 7.98489014e+07
1.80000000e-01 1.90000000e-01 6.70000000e-01 8.26958385e+07
1.80000000e-01 1.90000000e-01 6.80000000e-01 8.55859559e+07
1.80000000e-01 1.90000000e-01 6.90000000e-01 8.85185027e+07
1.80000000e-01 1.90000000e-01 7.00000000e-01 9.14926908e+07
1.80000000e-01 1.90000000e-01 7.10000000e-01 9.45078791e+07
1.80000000e-01 1.90000000e-01 7.20000000e-01 9.75633187e+07
1.80000000e-01 1.90000000e-01 7.30000000e-01 1.00658043e+08
1.80000000e-01 1.90000000e-01 7.40000000e-01 1.03791483e+08
1.80000000e-01 1.90000000e-01 7.50000000e-01 1.06962771e+08
1.80000000e-01 1.90000000e-01 7.60000000e-01 1.10171034e+08
1.80000000e-01 1.90000000e-01 7.70000000e-01 1.13415463e+08
1.80000000e-01 1.90000000e-01 7.80000000e-01 1.16695251e+08
1.80000000e-01 1.90000000e-01 7.90000000e-01 1.20009609e+08
1.80000000e-01 1.90000000e-01 8.00000000e-01 1.23357572e+08
1.80000000e-01 1.90000000e-01 8.10000000e-01 1.26738442e+08
1.80000000e-01 1.90000000e-01 8.20000000e-01 1.30151166e+08
1.80000000e-01 1.90000000e-01 8.30000000e-01 1.33595080e+08
1.80000000e-01 1.90000000e-01 8.40000000e-01 1.37069230e+08
1.80000000e-01 1.90000000e-01 8.50000000e-01 1.40572786e+08
1.80000000e-01 1.90000000e-01 8.60000000e-01 1.44104884e+08
1.80000000e-01 1.90000000e-01 8.70000000e-01 1.47664535e+08
1.80000000e-01 1.90000000e-01 8.80000000e-01 1.51250958e+08
1.80000000e-01 1.90000000e-01 8.90000000e-01 1.54863279e+08
1.80000000e-01 1.90000000e-01 9.00000000e-01 1.58500468e+08
1.80000000e-01 1.90000000e-01 9.10000000e-01 1.62161747e+08
1.80000000e-01 1.90000000e-01 9.20000000e-01 1.65846222e+08
1.80000000e-01 1.90000000e-01 9.30000000e-01 1.69553018e+08
1.80000000e-01 1.90000000e-01 9.40000000e-01 1.73281297e+08
1.80000000e-01 1.90000000e-01 9.50000000e-01 1.77029938e+08
1.80000000e-01 1.90000000e-01 9.60000000e-01 1.80798273e+08
1.80000000e-01 1.90000000e-01 9.70000000e-01 1.84585336e+08
1.80000000e-01 1.90000000e-01 9.80000000e-01 1.88390292e+08
1.80000000e-01 1.90000000e-01 9.90000000e-01 1.92212250e+08
1.80000000e-01 1.90000000e-01 1.00000000e+00 1.96050183e+08
1.80000000e-01 1.90000000e-01 1.01000000e+00 1.99903329e+08
1.80000000e-01 1.90000000e-01 1.02000000e+00 2.03770812e+08
1.80000000e-01 1.90000000e-01 1.03000000e+00 2.07651491e+08
1.80000000e-01 1.90000000e-01 1.04000000e+00 2.11544713e+08
1.80000000e-01 1.90000000e-01 1.05000000e+00 2.15449563e+08
1.80000000e-01 1.90000000e-01 1.06000000e+00 2.19365192e+08
1.80000000e-01 1.90000000e-01 1.07000000e+00 2.23290726e+08
1.80000000e-01 1.90000000e-01 1.08000000e+00 2.27225300e+08
1.80000000e-01 1.90000000e-01 1.09000000e+00 2.31168078e+08
1.80000000e-01 1.90000000e-01 1.10000000e+00 2.35118153e+08
1.80000000e-01 1.90000000e-01 1.11000000e+00 2.39074820e+08
1.80000000e-01 1.90000000e-01 1.12000000e+00 2.43036938e+08
1.80000000e-01 1.90000000e-01 1.13000000e+00 2.47004057e+08
1.80000000e-01 1.90000000e-01 1.14000000e+00 2.50975159e+08
1.80000000e-01 1.90000000e-01 1.15000000e+00 2.54949252e+08
1.80000000e-01 1.90000000e-01 1.16000000e+00 2.58925688e+08
1.80000000e-01 1.90000000e-01 1.17000000e+00 2.62903495e+08
1.80000000e-01 1.90000000e-01 1.18000000e+00 2.66881962e+08
1.80000000e-01 1.90000000e-01 1.19000000e+00 2.70860651e+08
1.80000000e-01 1.90000000e-01 1.20000000e+00 2.74838495e+08
1.80000000e-01 1.90000000e-01 1.21000000e+00 2.78814457e+08
1.80000000e-01 1.90000000e-01 1.22000000e+00 2.82787993e+08
1.80000000e-01 1.90000000e-01 1.23000000e+00 2.86758168e+08
1.80000000e-01 1.90000000e-01 1.24000000e+00 2.90724463e+08
1.80000000e-01 1.90000000e-01 1.25000000e+00 2.94686073e+08
1.80000000e-01 1.90000000e-01 1.26000000e+00 2.98642266e+08
1.80000000e-01 1.90000000e-01 1.27000000e+00 3.02592035e+08
1.80000000e-01 1.90000000e-01 1.28000000e+00 3.06534821e+08
1.80000000e-01 1.90000000e-01 1.29000000e+00 3.10469926e+08
1.80000000e-01 1.90000000e-01 1.30000000e+00 3.14396773e+08
1.80000000e-01 1.90000000e-01 1.31000000e+00 3.18314479e+08
1.80000000e-01 1.90000000e-01 1.32000000e+00 3.22222326e+08
1.80000000e-01 1.90000000e-01 1.33000000e+00 3.26119064e+08
1.80000000e-01 1.90000000e-01 1.34000000e+00 3.30005185e+08
1.80000000e-01 1.90000000e-01 1.35000000e+00 3.33879248e+08
1.80000000e-01 1.90000000e-01 1.36000000e+00 3.37740930e+08
1.80000000e-01 1.90000000e-01 1.37000000e+00 3.41589449e+08
1.80000000e-01 1.90000000e-01 1.38000000e+00 3.45424084e+08
1.80000000e-01 1.90000000e-01 1.39000000e+00 3.49244817e+08
1.80000000e-01 1.90000000e-01 1.40000000e+00 3.53049838e+08
1.80000000e-01 1.90000000e-01 1.41000000e+00 3.56839592e+08
1.80000000e-01 1.90000000e-01 1.42000000e+00 3.60612930e+08
1.80000000e-01 1.90000000e-01 1.43000000e+00 3.64369057e+08
1.80000000e-01 1.90000000e-01 1.44000000e+00 3.68108230e+08
1.80000000e-01 1.90000000e-01 1.45000000e+00 3.71828764e+08
1.80000000e-01 1.90000000e-01 1.46000000e+00 3.75531227e+08
1.80000000e-01 1.90000000e-01 1.47000000e+00 3.79214091e+08
1.80000000e-01 1.90000000e-01 1.48000000e+00 3.82877450e+08
1.80000000e-01 1.90000000e-01 1.49000000e+00 3.86520464e+08
1.80000000e-01 1.90000000e-01 1.50000000e+00 3.90142758e+08
1.80000000e-01 1.90000000e-01 1.51000000e+00 3.93743618e+08
1.80000000e-01 1.90000000e-01 1.52000000e+00 3.97322639e+08
1.80000000e-01 1.90000000e-01 1.53000000e+00 4.00879624e+08
1.80000000e-01 1.90000000e-01 1.54000000e+00 4.04414026e+08
1.80000000e-01 1.90000000e-01 1.55000000e+00 4.07924730e+08
1.80000000e-01 1.90000000e-01 1.56000000e+00 4.11411670e+08
1.80000000e-01 1.90000000e-01 1.57000000e+00 4.14874182e+08
1.80000000e-01 1.90000000e-01 1.58000000e+00 4.18312174e+08
1.80000000e-01 1.90000000e-01 1.59000000e+00 4.21725004e+08
1.80000000e-01 1.90000000e-01 1.60000000e+00 4.25112357e+08
1.80000000e-01 1.90000000e-01 1.61000000e+00 4.28473655e+08
1.80000000e-01 1.90000000e-01 1.62000000e+00 4.31808575e+08
1.80000000e-01 1.90000000e-01 1.63000000e+00 4.35116534e+08
1.80000000e-01 1.90000000e-01 1.64000000e+00 4.38397369e+08
1.80000000e-01 1.90000000e-01 1.65000000e+00 4.41650393e+08
1.80000000e-01 1.90000000e-01 1.66000000e+00 4.44875814e+08
1.80000000e-01 1.90000000e-01 1.67000000e+00 4.48072795e+08
1.80000000e-01 1.90000000e-01 1.68000000e+00 4.51241280e+08
1.80000000e-01 1.90000000e-01 1.69000000e+00 4.54380638e+08
1.80000000e-01 1.90000000e-01 1.70000000e+00 4.57490584e+08
1.80000000e-01 1.90000000e-01 1.71000000e+00 4.60571015e+08
1.80000000e-01 1.90000000e-01 1.72000000e+00 4.63621362e+08
1.80000000e-01 1.90000000e-01 1.73000000e+00 4.66641468e+08
1.80000000e-01 1.90000000e-01 1.74000000e+00 4.69631024e+08
1.80000000e-01 1.90000000e-01 1.75000000e+00 4.72590260e+08
1.80000000e-01 1.90000000e-01 1.76000000e+00 4.75517915e+08
1.80000000e-01 1.90000000e-01 1.77000000e+00 4.78414281e+08
1.80000000e-01 1.90000000e-01 1.78000000e+00 4.81278624e+08
1.80000000e-01 1.90000000e-01 1.79000000e+00 4.84110673e+08
1.80000000e-01 1.90000000e-01 1.80000000e+00 4.86911182e+08
1.80000000e-01 1.90000000e-01 1.81000000e+00 4.89679051e+08
1.80000000e-01 1.90000000e-01 1.82000000e+00 4.92414120e+08
1.80000000e-01 1.90000000e-01 1.83000000e+00 4.95116799e+08
1.80000000e-01 1.90000000e-01 1.84000000e+00 4.97786086e+08
1.80000000e-01 1.90000000e-01 1.85000000e+00 5.00422018e+08
1.80000000e-01 1.90000000e-01 1.86000000e+00 5.03024648e+08
1.80000000e-01 1.90000000e-01 1.87000000e+00 5.05593810e+08
1.80000000e-01 1.90000000e-01 1.88000000e+00 5.08128889e+08
1.80000000e-01 1.90000000e-01 1.89000000e+00 5.10630108e+08
1.80000000e-01 1.90000000e-01 1.90000000e+00 5.13097161e+08
1.80000000e-01 1.90000000e-01 1.91000000e+00 5.15529718e+08
1.80000000e-01 1.90000000e-01 1.92000000e+00 5.17927993e+08
1.80000000e-01 1.90000000e-01 1.93000000e+00 5.20291393e+08
1.80000000e-01 1.90000000e-01 1.94000000e+00 5.22620439e+08
1.80000000e-01 1.90000000e-01 1.95000000e+00 5.24914267e+08
1.80000000e-01 1.90000000e-01 1.96000000e+00 5.27173348e+08
1.80000000e-01 1.90000000e-01 1.97000000e+00 5.29397590e+08
1.80000000e-01 1.90000000e-01 1.98000000e+00 5.31586852e+08
1.80000000e-01 1.90000000e-01 1.99000000e+00 5.33740493e+08
1.80000000e-01 1.90000000e-01 2.00000000e+00 5.35859033e+08
1.90000000e-01 2.00000000e-01 1.00000000e-02 3.34903856e+00
1.90000000e-01 2.00000000e-01 2.00000000e-02 1.68749282e+02
1.90000000e-01 2.00000000e-01 3.00000000e-02 1.06918162e+03
1.90000000e-01 2.00000000e-01 4.00000000e-02 3.63915840e+03
1.90000000e-01 2.00000000e-01 5.00000000e-02 9.15050816e+03
1.90000000e-01 2.00000000e-01 6.00000000e-02 1.92211502e+04
1.90000000e-01 2.00000000e-01 7.00000000e-02 3.58321530e+04
1.90000000e-01 2.00000000e-01 8.00000000e-02 6.14420883e+04
1.90000000e-01 2.00000000e-01 9.00000000e-02 9.89947387e+04
1.90000000e-01 2.00000000e-01 1.00000000e-01 1.52146622e+05
1.90000000e-01 2.00000000e-01 1.10000000e-01 2.25438025e+05
1.90000000e-01 2.00000000e-01 1.20000000e-01 3.24891914e+05
1.90000000e-01 2.00000000e-01 1.30000000e-01 4.58438327e+05
1.90000000e-01 2.00000000e-01 1.40000000e-01 6.37293224e+05
1.90000000e-01 2.00000000e-01 1.50000000e-01 8.81594874e+05
1.90000000e-01 2.00000000e-01 1.60000000e-01 1.25309851e+06
1.90000000e-01 2.00000000e-01 1.70000000e-01 1.71493944e+06
1.90000000e-01 2.00000000e-01 1.80000000e-01 2.15631338e+06
1.90000000e-01 2.00000000e-01 1.90000000e-01 2.62143722e+06
1.90000000e-01 2.00000000e-01 2.00000000e-01 3.11986002e+06
1.90000000e-01 2.00000000e-01 2.10000000e-01 3.65599805e+06
1.90000000e-01 2.00000000e-01 2.20000000e-01 4.23260488e+06
1.90000000e-01 2.00000000e-01 2.30000000e-01 4.85166928e+06
1.90000000e-01 2.00000000e-01 2.40000000e-01 5.51476323e+06
1.90000000e-01 2.00000000e-01 2.50000000e-01 6.22319579e+06
1.90000000e-01 2.00000000e-01 2.60000000e-01 6.97808387e+06
1.90000000e-01 2.00000000e-01 2.70000000e-01 7.78040730e+06
1.90000000e-01 2.00000000e-01 2.80000000e-01 8.63101707e+06
1.90000000e-01 2.00000000e-01 2.90000000e-01 9.53067933e+06
1.90000000e-01 2.00000000e-01 3.00000000e-01 1.04800553e+07
1.90000000e-01 2.00000000e-01 3.10000000e-01 1.14797453e+07
1.90000000e-01 2.00000000e-01 3.20000000e-01 1.25302548e+07
1.90000000e-01 2.00000000e-01 3.30000000e-01 1.36320338e+07
1.90000000e-01 2.00000000e-01 3.40000000e-01 1.47854510e+07
1.90000000e-01 2.00000000e-01 3.50000000e-01 1.59908274e+07
1.90000000e-01 2.00000000e-01 3.60000000e-01 1.72484297e+07
1.90000000e-01 2.00000000e-01 3.70000000e-01 1.85585040e+07
1.90000000e-01 2.00000000e-01 3.80000000e-01 1.99211723e+07
1.90000000e-01 2.00000000e-01 3.90000000e-01 2.13365484e+07
1.90000000e-01 2.00000000e-01 4.00000000e-01 2.28047073e+07
1.90000000e-01 2.00000000e-01 4.10000000e-01 2.43256035e+07
1.90000000e-01 2.00000000e-01 4.20000000e-01 2.58992463e+07
1.90000000e-01 2.00000000e-01 4.30000000e-01 2.75255225e+07
1.90000000e-01 2.00000000e-01 4.40000000e-01 2.92043252e+07
1.90000000e-01 2.00000000e-01 4.50000000e-01 3.09355050e+07
1.90000000e-01 2.00000000e-01 4.60000000e-01 3.27188509e+07
1.90000000e-01 2.00000000e-01 4.70000000e-01 3.45540928e+07
1.90000000e-01 2.00000000e-01 4.80000000e-01 3.64410260e+07
1.90000000e-01 2.00000000e-01 4.90000000e-01 3.83793346e+07
1.90000000e-01 2.00000000e-01 5.00000000e-01 4.03686750e+07
1.90000000e-01 2.00000000e-01 5.10000000e-01 4.24086503e+07
1.90000000e-01 2.00000000e-01 5.20000000e-01 4.44988257e+07
1.90000000e-01 2.00000000e-01 5.30000000e-01 4.66388392e+07
1.90000000e-01 2.00000000e-01 5.40000000e-01 4.88282092e+07
1.90000000e-01 2.00000000e-01 5.50000000e-01 5.10664267e+07
1.90000000e-01 2.00000000e-01 5.60000000e-01 5.33530039e+07
1.90000000e-01 2.00000000e-01 5.70000000e-01 5.56873725e+07
1.90000000e-01 2.00000000e-01 5.80000000e-01 5.80690036e+07
1.90000000e-01 2.00000000e-01 5.90000000e-01 6.04973339e+07
1.90000000e-01 2.00000000e-01 6.00000000e-01 6.29716906e+07
1.90000000e-01 2.00000000e-01 6.10000000e-01 6.54914592e+07
1.90000000e-01 2.00000000e-01 6.20000000e-01 6.80560267e+07
1.90000000e-01 2.00000000e-01 6.30000000e-01 7.06647241e+07
1.90000000e-01 2.00000000e-01 6.40000000e-01 7.33168439e+07
1.90000000e-01 2.00000000e-01 6.50000000e-01 7.60116290e+07
1.90000000e-01 2.00000000e-01 6.60000000e-01 7.87484481e+07
1.90000000e-01 2.00000000e-01 6.70000000e-01 8.15265186e+07
1.90000000e-01 2.00000000e-01 6.80000000e-01 8.43451056e+07
1.90000000e-01 2.00000000e-01 6.90000000e-01 8.72034898e+07
1.90000000e-01 2.00000000e-01 7.00000000e-01 9.01008497e+07
1.90000000e-01 2.00000000e-01 7.10000000e-01 9.30363954e+07
1.90000000e-01 2.00000000e-01 7.20000000e-01 9.60092982e+07
1.90000000e-01 2.00000000e-01 7.30000000e-01 9.90188006e+07
1.90000000e-01 2.00000000e-01 7.40000000e-01 1.02064043e+08
1.90000000e-01 2.00000000e-01 7.50000000e-01 1.05144230e+08
1.90000000e-01 2.00000000e-01 7.60000000e-01 1.08258516e+08
1.90000000e-01 2.00000000e-01 7.70000000e-01 1.11406164e+08
1.90000000e-01 2.00000000e-01 7.80000000e-01 1.14586130e+08
1.90000000e-01 2.00000000e-01 7.90000000e-01 1.17797494e+08
1.90000000e-01 2.00000000e-01 8.00000000e-01 1.21039555e+08
1.90000000e-01 2.00000000e-01 8.10000000e-01 1.24311419e+08
1.90000000e-01 2.00000000e-01 8.20000000e-01 1.27612116e+08
1.90000000e-01 2.00000000e-01 8.30000000e-01 1.30940712e+08
1.90000000e-01 2.00000000e-01 8.40000000e-01 1.34296576e+08
1.90000000e-01 2.00000000e-01 8.50000000e-01 1.37678735e+08
1.90000000e-01 2.00000000e-01 8.60000000e-01 1.41086150e+08
1.90000000e-01 2.00000000e-01 8.70000000e-01 1.44518005e+08
1.90000000e-01 2.00000000e-01 8.80000000e-01 1.47973321e+08
1.90000000e-01 2.00000000e-01 8.90000000e-01 1.51451266e+08
1.90000000e-01 2.00000000e-01 9.00000000e-01 1.54950985e+08
1.90000000e-01 2.00000000e-01 9.10000000e-01 1.58471478e+08
1.90000000e-01 2.00000000e-01 9.20000000e-01 1.62011863e+08
1.90000000e-01 2.00000000e-01 9.30000000e-01 1.65571433e+08
1.90000000e-01 2.00000000e-01 9.40000000e-01 1.69149116e+08
1.90000000e-01 2.00000000e-01 9.50000000e-01 1.72744009e+08
1.90000000e-01 2.00000000e-01 9.60000000e-01 1.76355274e+08
1.90000000e-01 2.00000000e-01 9.70000000e-01 1.79981859e+08
1.90000000e-01 2.00000000e-01 9.80000000e-01 1.83623121e+08
1.90000000e-01 2.00000000e-01 9.90000000e-01 1.87277939e+08
1.90000000e-01 2.00000000e-01 1.00000000e+00 1.90945513e+08
1.90000000e-01 2.00000000e-01 1.01000000e+00 1.94624921e+08
1.90000000e-01 2.00000000e-01 1.02000000e+00 1.98315427e+08
1.90000000e-01 2.00000000e-01 1.03000000e+00 2.02015921e+08
1.90000000e-01 2.00000000e-01 1.04000000e+00 2.05725794e+08
1.90000000e-01 2.00000000e-01 1.05000000e+00 2.09443896e+08
1.90000000e-01 2.00000000e-01 1.06000000e+00 2.13169487e+08
1.90000000e-01 2.00000000e-01 1.07000000e+00 2.16901763e+08
1.90000000e-01 2.00000000e-01 1.08000000e+00 2.20639687e+08
1.90000000e-01 2.00000000e-01 1.09000000e+00 2.24382645e+08
1.90000000e-01 2.00000000e-01 1.10000000e+00 2.28129730e+08
1.90000000e-01 2.00000000e-01 1.11000000e+00 2.31880126e+08
1.90000000e-01 2.00000000e-01 1.12000000e+00 2.35632824e+08
1.90000000e-01 2.00000000e-01 1.13000000e+00 2.39387117e+08
1.90000000e-01 2.00000000e-01 1.14000000e+00 2.43142208e+08
1.90000000e-01 2.00000000e-01 1.15000000e+00 2.46897349e+08
1.90000000e-01 2.00000000e-01 1.16000000e+00 2.50651757e+08
1.90000000e-01 2.00000000e-01 1.17000000e+00 2.54404442e+08
1.90000000e-01 2.00000000e-01 1.18000000e+00 2.58154715e+08
1.90000000e-01 2.00000000e-01 1.19000000e+00 2.61901837e+08
1.90000000e-01 2.00000000e-01 1.20000000e+00 2.65644829e+08
1.90000000e-01 2.00000000e-01 1.21000000e+00 2.69383294e+08
1.90000000e-01 2.00000000e-01 1.22000000e+00 2.73116257e+08
1.90000000e-01 2.00000000e-01 1.23000000e+00 2.76843171e+08
1.90000000e-01 2.00000000e-01 1.24000000e+00 2.80562897e+08
1.90000000e-01 2.00000000e-01 1.25000000e+00 2.84275108e+08
1.90000000e-01 2.00000000e-01 1.26000000e+00 2.87979021e+08
1.90000000e-01 2.00000000e-01 1.27000000e+00 2.91673703e+08
1.90000000e-01 2.00000000e-01 1.28000000e+00 2.95358428e+08
1.90000000e-01 2.00000000e-01 1.29000000e+00 2.99032578e+08
1.90000000e-01 2.00000000e-01 1.30000000e+00 3.02695698e+08
1.90000000e-01 2.00000000e-01 1.31000000e+00 3.06346779e+08
1.90000000e-01 2.00000000e-01 1.32000000e+00 3.09985470e+08
1.90000000e-01 2.00000000e-01 1.33000000e+00 3.13611156e+08
1.90000000e-01 2.00000000e-01 1.34000000e+00 3.17222514e+08
1.90000000e-01 2.00000000e-01 1.35000000e+00 3.20819765e+08
1.90000000e-01 2.00000000e-01 1.36000000e+00 3.24401911e+08
1.90000000e-01 2.00000000e-01 1.37000000e+00 3.27968062e+08
1.90000000e-01 2.00000000e-01 1.38000000e+00 3.31518370e+08
1.90000000e-01 2.00000000e-01 1.39000000e+00 3.35051546e+08
1.90000000e-01 2.00000000e-01 1.40000000e+00 3.38567203e+08
1.90000000e-01 2.00000000e-01 1.41000000e+00 3.42064841e+08
1.90000000e-01 2.00000000e-01 1.42000000e+00 3.45543936e+08
1.90000000e-01 2.00000000e-01 1.43000000e+00 3.49003798e+08
1.90000000e-01 2.00000000e-01 1.44000000e+00 3.52443803e+08
1.90000000e-01 2.00000000e-01 1.45000000e+00 3.55863545e+08
1.90000000e-01 2.00000000e-01 1.46000000e+00 3.59262647e+08
1.90000000e-01 2.00000000e-01 1.47000000e+00 3.62640292e+08
1.90000000e-01 2.00000000e-01 1.48000000e+00 3.65996102e+08
1.90000000e-01 2.00000000e-01 1.49000000e+00 3.69329489e+08
1.90000000e-01 2.00000000e-01 1.50000000e+00 3.72640207e+08
1.90000000e-01 2.00000000e-01 1.51000000e+00 3.75927495e+08
1.90000000e-01 2.00000000e-01 1.52000000e+00 3.79191258e+08
1.90000000e-01 2.00000000e-01 1.53000000e+00 3.82430761e+08
1.90000000e-01 2.00000000e-01 1.54000000e+00 3.85645611e+08
1.90000000e-01 2.00000000e-01 1.55000000e+00 3.88835518e+08
1.90000000e-01 2.00000000e-01 1.56000000e+00 3.91999999e+08
1.90000000e-01 2.00000000e-01 1.57000000e+00 3.95138508e+08
1.90000000e-01 2.00000000e-01 1.58000000e+00 3.98250636e+08
1.90000000e-01 2.00000000e-01 1.59000000e+00 4.01336098e+08
1.90000000e-01 2.00000000e-01 1.60000000e+00 4.04394807e+08
1.90000000e-01 2.00000000e-01 1.61000000e+00 4.07425740e+08
1.90000000e-01 2.00000000e-01 1.62000000e+00 4.10428791e+08
1.90000000e-01 2.00000000e-01 1.63000000e+00 4.13403743e+08
1.90000000e-01 2.00000000e-01 1.64000000e+00 4.16350185e+08
1.90000000e-01 2.00000000e-01 1.65000000e+00 4.19267785e+08
1.90000000e-01 2.00000000e-01 1.66000000e+00 4.22156216e+08
1.90000000e-01 2.00000000e-01 1.67000000e+00 4.25015170e+08
1.90000000e-01 2.00000000e-01 1.68000000e+00 4.27844085e+08
1.90000000e-01 2.00000000e-01 1.69000000e+00 4.30643177e+08
1.90000000e-01 2.00000000e-01 1.70000000e+00 4.33411857e+08
1.90000000e-01 2.00000000e-01 1.71000000e+00 4.36149101e+08
1.90000000e-01 2.00000000e-01 1.72000000e+00 4.38855657e+08
1.90000000e-01 2.00000000e-01 1.73000000e+00 4.41531670e+08
1.90000000e-01 2.00000000e-01 1.74000000e+00 4.44176275e+08
1.90000000e-01 2.00000000e-01 1.75000000e+00 4.46789148e+08
1.90000000e-01 2.00000000e-01 1.76000000e+00 4.49370367e+08
1.90000000e-01 2.00000000e-01 1.77000000e+00 4.51919637e+08
1.90000000e-01 2.00000000e-01 1.78000000e+00 4.54436325e+08
1.90000000e-01 2.00000000e-01 1.79000000e+00 4.56920527e+08
1.90000000e-01 2.00000000e-01 1.80000000e+00 4.59372080e+08
1.90000000e-01 2.00000000e-01 1.81000000e+00 4.61790801e+08
1.90000000e-01 2.00000000e-01 1.82000000e+00 4.64176408e+08
1.90000000e-01 2.00000000e-01 1.83000000e+00 4.66528935e+08
1.90000000e-01 2.00000000e-01 1.84000000e+00 4.68847953e+08
1.90000000e-01 2.00000000e-01 1.85000000e+00 4.71133380e+08
1.90000000e-01 2.00000000e-01 1.86000000e+00 4.73385299e+08
1.90000000e-01 2.00000000e-01 1.87000000e+00 4.75603148e+08
1.90000000e-01 2.00000000e-01 1.88000000e+00 4.77786911e+08
1.90000000e-01 2.00000000e-01 1.89000000e+00 4.79936922e+08
1.90000000e-01 2.00000000e-01 1.90000000e+00 4.82052738e+08
1.90000000e-01 2.00000000e-01 1.91000000e+00 4.84134247e+08
1.90000000e-01 2.00000000e-01 1.92000000e+00 4.86181476e+08
1.90000000e-01 2.00000000e-01 1.93000000e+00 4.88194177e+08
1.90000000e-01 2.00000000e-01 1.94000000e+00 4.90172285e+08
1.90000000e-01 2.00000000e-01 1.95000000e+00 4.92116074e+08
1.90000000e-01 2.00000000e-01 1.96000000e+00 4.94025337e+08
1.90000000e-01 2.00000000e-01 1.97000000e+00 4.95899747e+08
1.90000000e-01 2.00000000e-01 1.98000000e+00 4.97739295e+08
1.90000000e-01 2.00000000e-01 1.99000000e+00 4.99544007e+08
1.90000000e-01 2.00000000e-01 2.00000000e+00 5.01314101e+08
2.00000000e-01 2.10000000e-01 1.00000000e-02 3.53211551e+00
2.00000000e-01 2.10000000e-01 2.00000000e-02 1.78233112e+02
2.00000000e-01 2.10000000e-01 3.00000000e-02 1.13063902e+03
2.00000000e-01 2.10000000e-01 4.00000000e-02 3.85296654e+03
2.00000000e-01 2.10000000e-01 5.00000000e-02 9.70039637e+03
2.00000000e-01 2.10000000e-01 6.00000000e-02 2.04043478e+04
2.00000000e-01 2.10000000e-01 7.00000000e-02 3.80961031e+04
2.00000000e-01 2.10000000e-01 8.00000000e-02 6.54390388e+04
2.00000000e-01 2.10000000e-01 9.00000000e-02 1.05651853e+05
2.00000000e-01 2.10000000e-01 1.00000000e-01 1.62782984e+05
2.00000000e-01 2.10000000e-01 1.10000000e-01 2.41952578e+05
2.00000000e-01 2.10000000e-01 1.20000000e-01 3.50145348e+05
2.00000000e-01 2.10000000e-01 1.30000000e-01 4.97040734e+05
2.00000000e-01 2.10000000e-01 1.40000000e-01 6.97808979e+05
2.00000000e-01 2.10000000e-01 1.50000000e-01 9.90482770e+05
2.00000000e-01 2.10000000e-01 1.60000000e-01 1.41548350e+06
2.00000000e-01 2.10000000e-01 1.70000000e-01 1.81789060e+06
2.00000000e-01 2.10000000e-01 1.80000000e-01 2.24010010e+06
2.00000000e-01 2.10000000e-01 1.90000000e-01 2.69374317e+06
2.00000000e-01 2.10000000e-01 2.00000000e-01 3.18358621e+06
2.00000000e-01 2.10000000e-01 2.10000000e-01 3.71246082e+06
2.00000000e-01 2.10000000e-01 2.20000000e-01 4.28241248e+06
2.00000000e-01 2.10000000e-01 2.30000000e-01 4.89503420e+06
2.00000000e-01 2.10000000e-01 2.40000000e-01 5.55163850e+06
2.00000000e-01 2.10000000e-01 2.50000000e-01 6.25336305e+06
2.00000000e-01 2.10000000e-01 2.60000000e-01 7.00118774e+06
2.00000000e-01 2.10000000e-01 2.70000000e-01 7.79597782e+06
2.00000000e-01 2.10000000e-01 2.80000000e-01 8.63849704e+06
2.00000000e-01 2.10000000e-01 2.90000000e-01 9.52941362e+06
2.00000000e-01 2.10000000e-01 3.00000000e-01 1.04693252e+07
2.00000000e-01 2.10000000e-01 3.10000000e-01 1.14587364e+07
2.00000000e-01 2.10000000e-01 3.20000000e-01 1.24981315e+07
2.00000000e-01 2.10000000e-01 3.30000000e-01 1.35878533e+07
2.00000000e-01 2.10000000e-01 3.40000000e-01 1.47282137e+07
2.00000000e-01 2.10000000e-01 3.50000000e-01 1.59194933e+07
2.00000000e-01 2.10000000e-01 3.60000000e-01 1.71618878e+07
2.00000000e-01 2.10000000e-01 3.70000000e-01 1.84554771e+07
2.00000000e-01 2.10000000e-01 3.80000000e-01 1.98004601e+07
2.00000000e-01 2.10000000e-01 3.90000000e-01 2.11968402e+07
2.00000000e-01 2.10000000e-01 4.00000000e-01 2.26446197e+07
2.00000000e-01 2.10000000e-01 4.10000000e-01 2.41437509e+07
2.00000000e-01 2.10000000e-01 4.20000000e-01 2.56941225e+07
2.00000000e-01 2.10000000e-01 4.30000000e-01 2.72955951e+07
2.00000000e-01 2.10000000e-01 4.40000000e-01 2.89479979e+07
2.00000000e-01 2.10000000e-01 4.50000000e-01 3.06511059e+07
2.00000000e-01 2.10000000e-01 4.60000000e-01 3.24047088e+07
2.00000000e-01 2.10000000e-01 4.70000000e-01 3.42084532e+07
2.00000000e-01 2.10000000e-01 4.80000000e-01 3.60620362e+07
2.00000000e-01 2.10000000e-01 4.90000000e-01 3.79650964e+07
2.00000000e-01 2.10000000e-01 5.00000000e-01 3.99172294e+07
2.00000000e-01 2.10000000e-01 5.10000000e-01 4.19179623e+07
2.00000000e-01 2.10000000e-01 5.20000000e-01 4.39669333e+07
2.00000000e-01 2.10000000e-01 5.30000000e-01 4.60635985e+07
2.00000000e-01 2.10000000e-01 5.40000000e-01 4.82074630e+07
2.00000000e-01 2.10000000e-01 5.50000000e-01 5.03980302e+07
2.00000000e-01 2.10000000e-01 5.60000000e-01 5.26346758e+07
2.00000000e-01 2.10000000e-01 5.70000000e-01 5.49168240e+07
2.00000000e-01 2.10000000e-01 5.80000000e-01 5.72438786e+07
2.00000000e-01 2.10000000e-01 5.90000000e-01 5.96152126e+07
2.00000000e-01 2.10000000e-01 6.00000000e-01 6.20301891e+07
2.00000000e-01 2.10000000e-01 6.10000000e-01 6.44881118e+07
2.00000000e-01 2.10000000e-01 6.20000000e-01 6.69882581e+07
2.00000000e-01 2.10000000e-01 6.30000000e-01 6.95299660e+07
2.00000000e-01 2.10000000e-01 6.40000000e-01 7.21124576e+07
2.00000000e-01 2.10000000e-01 6.50000000e-01 7.47351893e+07
2.00000000e-01 2.10000000e-01 6.60000000e-01 7.73971948e+07
2.00000000e-01 2.10000000e-01 6.70000000e-01 8.00977211e+07
2.00000000e-01 2.10000000e-01 6.80000000e-01 8.28359633e+07
2.00000000e-01 2.10000000e-01 6.90000000e-01 8.56111351e+07
2.00000000e-01 2.10000000e-01 7.00000000e-01 8.84224368e+07
2.00000000e-01 2.10000000e-01 7.10000000e-01 9.12690974e+07
2.00000000e-01 2.10000000e-01 7.20000000e-01 9.41502791e+07
2.00000000e-01 2.10000000e-01 7.30000000e-01 9.70651148e+07
2.00000000e-01 2.10000000e-01 7.40000000e-01 1.00012742e+08
2.00000000e-01 2.10000000e-01 7.50000000e-01 1.02992310e+08
2.00000000e-01 2.10000000e-01 7.60000000e-01 1.06002884e+08
2.00000000e-01 2.10000000e-01 7.70000000e-01 1.09043871e+08
2.00000000e-01 2.10000000e-01 7.80000000e-01 1.12114094e+08
2.00000000e-01 2.10000000e-01 7.90000000e-01 1.15212688e+08
2.00000000e-01 2.10000000e-01 8.00000000e-01 1.18338892e+08
2.00000000e-01 2.10000000e-01 8.10000000e-01 1.21491723e+08
2.00000000e-01 2.10000000e-01 8.20000000e-01 1.24670254e+08
2.00000000e-01 2.10000000e-01 8.30000000e-01 1.27873696e+08
2.00000000e-01 2.10000000e-01 8.40000000e-01 1.31100912e+08
2.00000000e-01 2.10000000e-01 8.50000000e-01 1.34351357e+08
2.00000000e-01 2.10000000e-01 8.60000000e-01 1.37623897e+08
2.00000000e-01 2.10000000e-01 8.70000000e-01 1.40917773e+08
2.00000000e-01 2.10000000e-01 8.80000000e-01 1.44231834e+08
2.00000000e-01 2.10000000e-01 8.90000000e-01 1.47565373e+08
2.00000000e-01 2.10000000e-01 9.00000000e-01 1.50917201e+08
2.00000000e-01 2.10000000e-01 9.10000000e-01 1.54286896e+08
2.00000000e-01 2.10000000e-01 9.20000000e-01 1.57673115e+08
2.00000000e-01 2.10000000e-01 9.30000000e-01 1.61075188e+08
2.00000000e-01 2.10000000e-01 9.40000000e-01 1.64492126e+08
2.00000000e-01 2.10000000e-01 9.50000000e-01 1.67923051e+08
2.00000000e-01 2.10000000e-01 9.60000000e-01 1.71366907e+08
2.00000000e-01 2.10000000e-01 9.70000000e-01 1.74823102e+08
2.00000000e-01 2.10000000e-01 9.80000000e-01 1.78290587e+08
2.00000000e-01 2.10000000e-01 9.90000000e-01 1.81768337e+08
2.00000000e-01 2.10000000e-01 1.00000000e+00 1.85255728e+08
2.00000000e-01 2.10000000e-01 1.01000000e+00 1.88751755e+08
2.00000000e-01 2.10000000e-01 1.02000000e+00 1.92255684e+08
2.00000000e-01 2.10000000e-01 1.03000000e+00 1.95766342e+08
2.00000000e-01 2.10000000e-01 1.04000000e+00 1.99283139e+08
2.00000000e-01 2.10000000e-01 1.05000000e+00 2.02805212e+08
2.00000000e-01 2.10000000e-01 1.06000000e+00 2.06331380e+08
2.00000000e-01 2.10000000e-01 1.07000000e+00 2.09861048e+08
2.00000000e-01 2.10000000e-01 1.08000000e+00 2.13393176e+08
2.00000000e-01 2.10000000e-01 1.09000000e+00 2.16927312e+08
2.00000000e-01 2.10000000e-01 1.10000000e+00 2.20462442e+08
2.00000000e-01 2.10000000e-01 1.11000000e+00 2.23997709e+08
2.00000000e-01 2.10000000e-01 1.12000000e+00 2.27532530e+08
2.00000000e-01 2.10000000e-01 1.13000000e+00 2.31065446e+08
2.00000000e-01 2.10000000e-01 1.14000000e+00 2.34596428e+08
2.00000000e-01 2.10000000e-01 1.15000000e+00 2.38124307e+08
2.00000000e-01 2.10000000e-01 1.16000000e+00 2.41648780e+08
2.00000000e-01 2.10000000e-01 1.17000000e+00 2.45168466e+08
2.00000000e-01 2.10000000e-01 1.18000000e+00 2.48682724e+08
2.00000000e-01 2.10000000e-01 1.19000000e+00 2.52190855e+08
2.00000000e-01 2.10000000e-01 1.20000000e+00 2.55692423e+08
2.00000000e-01 2.10000000e-01 1.21000000e+00 2.59186011e+08
2.00000000e-01 2.10000000e-01 1.22000000e+00 2.62671295e+08
2.00000000e-01 2.10000000e-01 1.23000000e+00 2.66147759e+08
2.00000000e-01 2.10000000e-01 1.24000000e+00 2.69614520e+08
2.00000000e-01 2.10000000e-01 1.25000000e+00 2.73070697e+08
2.00000000e-01 2.10000000e-01 1.26000000e+00 2.76516152e+08
2.00000000e-01 2.10000000e-01 1.27000000e+00 2.79949690e+08
2.00000000e-01 2.10000000e-01 1.28000000e+00 2.83370848e+08
2.00000000e-01 2.10000000e-01 1.29000000e+00 2.86778854e+08
2.00000000e-01 2.10000000e-01 1.30000000e+00 2.90173095e+08
2.00000000e-01 2.10000000e-01 1.31000000e+00 2.93552848e+08
2.00000000e-01 2.10000000e-01 1.32000000e+00 2.96917604e+08
2.00000000e-01 2.10000000e-01 1.33000000e+00 3.00267136e+08
2.00000000e-01 2.10000000e-01 1.34000000e+00 3.03600218e+08
2.00000000e-01 2.10000000e-01 1.35000000e+00 3.06916463e+08
2.00000000e-01 2.10000000e-01 1.36000000e+00 3.10215526e+08
2.00000000e-01 2.10000000e-01 1.37000000e+00 3.13496518e+08
2.00000000e-01 2.10000000e-01 1.38000000e+00 3.16758863e+08
2.00000000e-01 2.10000000e-01 1.39000000e+00 3.20002323e+08
2.00000000e-01 2.10000000e-01 1.40000000e+00 3.23226358e+08
2.00000000e-01 2.10000000e-01 1.41000000e+00 3.26430026e+08
2.00000000e-01 2.10000000e-01 1.42000000e+00 3.29613309e+08
2.00000000e-01 2.10000000e-01 1.43000000e+00 3.32774927e+08
2.00000000e-01 2.10000000e-01 1.44000000e+00 3.35914430e+08
2.00000000e-01 2.10000000e-01 1.45000000e+00 3.39031516e+08
2.00000000e-01 2.10000000e-01 1.46000000e+00 3.42126899e+08
2.00000000e-01 2.10000000e-01 1.47000000e+00 3.45199099e+08
2.00000000e-01 2.10000000e-01 1.48000000e+00 3.48248034e+08
2.00000000e-01 2.10000000e-01 1.49000000e+00 3.51272401e+08
2.00000000e-01 2.10000000e-01 1.50000000e+00 3.54272432e+08
2.00000000e-01 2.10000000e-01 1.51000000e+00 3.57247580e+08
2.00000000e-01 2.10000000e-01 1.52000000e+00 3.60197509e+08
2.00000000e-01 2.10000000e-01 1.53000000e+00 3.63121881e+08
2.00000000e-01 2.10000000e-01 1.54000000e+00 3.66020086e+08
2.00000000e-01 2.10000000e-01 1.55000000e+00 3.68891450e+08
2.00000000e-01 2.10000000e-01 1.56000000e+00 3.71736280e+08
2.00000000e-01 2.10000000e-01 1.57000000e+00 3.74553877e+08
2.00000000e-01 2.10000000e-01 1.58000000e+00 3.77343912e+08
2.00000000e-01 2.10000000e-01 1.59000000e+00 3.80105776e+08
2.00000000e-01 2.10000000e-01 1.60000000e+00 3.82839722e+08
2.00000000e-01 2.10000000e-01 1.61000000e+00 3.85544874e+08
2.00000000e-01 2.10000000e-01 1.62000000e+00 3.88221003e+08
2.00000000e-01 2.10000000e-01 1.63000000e+00 3.90868629e+08
2.00000000e-01 2.10000000e-01 1.64000000e+00 3.93486742e+08
2.00000000e-01 2.10000000e-01 1.65000000e+00 3.96074997e+08
2.00000000e-01 2.10000000e-01 1.66000000e+00 3.98633081e+08
2.00000000e-01 2.10000000e-01 1.67000000e+00 4.01160890e+08
2.00000000e-01 2.10000000e-01 1.68000000e+00 4.03658234e+08
2.00000000e-01 2.10000000e-01 1.69000000e+00 4.06124958e+08
2.00000000e-01 2.10000000e-01 1.70000000e+00 4.08560577e+08
2.00000000e-01 2.10000000e-01 1.71000000e+00 4.10964895e+08
2.00000000e-01 2.10000000e-01 1.72000000e+00 4.13337218e+08
2.00000000e-01 2.10000000e-01 1.73000000e+00 4.15679276e+08
2.00000000e-01 2.10000000e-01 1.74000000e+00 4.17988796e+08
2.00000000e-01 2.10000000e-01 1.75000000e+00 4.20266277e+08
2.00000000e-01 2.10000000e-01 1.76000000e+00 4.22511546e+08
2.00000000e-01 2.10000000e-01 1.77000000e+00 4.24724504e+08
2.00000000e-01 2.10000000e-01 1.78000000e+00 4.26904908e+08
2.00000000e-01 2.10000000e-01 1.79000000e+00 4.29052636e+08
2.00000000e-01 2.10000000e-01 1.80000000e+00 4.31167431e+08
2.00000000e-01 2.10000000e-01 1.81000000e+00 4.33249427e+08
2.00000000e-01 2.10000000e-01 1.82000000e+00 4.35298369e+08
2.00000000e-01 2.10000000e-01 1.83000000e+00 4.37314123e+08
2.00000000e-01 2.10000000e-01 1.84000000e+00 4.39296679e+08
2.00000000e-01 2.10000000e-01 1.85000000e+00 4.41245775e+08
2.00000000e-01 2.10000000e-01 1.86000000e+00 4.43161438e+08
2.00000000e-01 2.10000000e-01 1.87000000e+00 4.45043658e+08
2.00000000e-01 2.10000000e-01 1.88000000e+00 4.46892095e+08
2.00000000e-01 2.10000000e-01 1.89000000e+00 4.48706835e+08
2.00000000e-01 2.10000000e-01 1.90000000e+00 4.50487817e+08
2.00000000e-01 2.10000000e-01 1.91000000e+00 4.52234918e+08
2.00000000e-01 2.10000000e-01 1.92000000e+00 4.53948083e+08
2.00000000e-01 2.10000000e-01 1.93000000e+00 4.55627678e+08
2.00000000e-01 2.10000000e-01 1.94000000e+00 4.57273192e+08
2.00000000e-01 2.10000000e-01 1.95000000e+00 4.58884752e+08
2.00000000e-01 2.10000000e-01 1.96000000e+00 4.60462411e+08
2.00000000e-01 2.10000000e-01 1.97000000e+00 4.62006083e+08
2.00000000e-01 2.10000000e-01 1.98000000e+00 4.63515840e+08
2.00000000e-01 2.10000000e-01 1.99000000e+00 4.64991513e+08
2.00000000e-01 2.10000000e-01 2.00000000e+00 4.66433459e+08
2.10000000e-01 2.20000000e-01 1.00000000e-02 3.71701274e+00
2.10000000e-01 2.20000000e-01 2.00000000e-02 1.87854873e+02
2.10000000e-01 2.20000000e-01 3.00000000e-02 1.19322891e+03
2.10000000e-01 2.20000000e-01 4.00000000e-02 4.07159524e+03
2.10000000e-01 2.20000000e-01 5.00000000e-02 1.02651205e+04
2.10000000e-01 2.20000000e-01 6.00000000e-02 2.16251396e+04
2.10000000e-01 2.20000000e-01 7.00000000e-02 4.04448009e+04
2.10000000e-01 2.20000000e-01 8.00000000e-02 6.96124179e+04
2.10000000e-01 2.20000000e-01 9.00000000e-02 1.12658358e+05
2.10000000e-01 2.20000000e-01 1.00000000e-01 1.74092301e+05
2.10000000e-01 2.20000000e-01 1.10000000e-01 2.59758884e+05
2.10000000e-01 2.20000000e-01 1.20000000e-01 3.77949120e+05
2.10000000e-01 2.20000000e-01 1.30000000e-01 5.41112011e+05
2.10000000e-01 2.20000000e-01 1.40000000e-01 7.73312738e+05
2.10000000e-01 2.20000000e-01 1.50000000e-01 1.14184653e+06
2.10000000e-01 2.20000000e-01 1.60000000e-01 1.50916434e+06
2.10000000e-01 2.20000000e-01 1.70000000e-01 1.88994969e+06
2.10000000e-01 2.20000000e-01 1.80000000e-01 2.29998408e+06
2.10000000e-01 2.20000000e-01 1.90000000e-01 2.74452568e+06
2.10000000e-01 2.20000000e-01 2.00000000e-01 3.22655183e+06
2.10000000e-01 2.20000000e-01 2.10000000e-01 3.74814444e+06
2.10000000e-01 2.20000000e-01 2.20000000e-01 4.31092713e+06
2.10000000e-01 2.20000000e-01 2.30000000e-01 4.91624175e+06
2.10000000e-01 2.20000000e-01 2.40000000e-01 5.56522379e+06
2.10000000e-01 2.20000000e-01 2.50000000e-01 6.25887755e+06
2.10000000e-01 2.20000000e-01 2.60000000e-01 6.99806699e+06
2.10000000e-01 2.20000000e-01 2.70000000e-01 7.78357003e+06
2.10000000e-01 2.20000000e-01 2.80000000e-01 8.61606351e+06
2.10000000e-01 2.20000000e-01 2.90000000e-01 9.49614452e+06
2.10000000e-01 2.20000000e-01 3.00000000e-01 1.04243264e+07
2.10000000e-01 2.20000000e-01 3.10000000e-01 1.14010572e+07
2.10000000e-01 2.20000000e-01 3.20000000e-01 1.24267182e+07
2.10000000e-01 2.20000000e-01 3.30000000e-01 1.35016330e+07
2.10000000e-01 2.20000000e-01 3.40000000e-01 1.46260448e+07
2.10000000e-01 2.20000000e-01 3.50000000e-01 1.58001370e+07
2.10000000e-01 2.20000000e-01 3.60000000e-01 1.70240937e+07
2.10000000e-01 2.20000000e-01 3.70000000e-01 1.82979693e+07
2.10000000e-01 2.20000000e-01 3.80000000e-01 1.96218037e+07
2.10000000e-01 2.20000000e-01 3.90000000e-01 2.09955337e+07
2.10000000e-01 2.20000000e-01 4.00000000e-01 2.24191392e+07
2.10000000e-01 2.20000000e-01 4.10000000e-01 2.38925362e+07
2.10000000e-01 2.20000000e-01 4.20000000e-01 2.54155752e+07
2.10000000e-01 2.20000000e-01 4.30000000e-01 2.69879939e+07
2.10000000e-01 2.20000000e-01 4.40000000e-01 2.86095892e+07
2.10000000e-01 2.20000000e-01 4.50000000e-01 3.02800987e+07
2.10000000e-01 2.20000000e-01 4.60000000e-01 3.19992383e+07
2.10000000e-01 2.20000000e-01 4.70000000e-01 3.37666469e+07
2.10000000e-01 2.20000000e-01 4.80000000e-01 3.55818977e+07
2.10000000e-01 2.20000000e-01 4.90000000e-01 3.74445548e+07
2.10000000e-01 2.20000000e-01 5.00000000e-01 3.93542449e+07
2.10000000e-01 2.20000000e-01 5.10000000e-01 4.13104612e+07
2.10000000e-01 2.20000000e-01 5.20000000e-01 4.33126825e+07
2.10000000e-01 2.20000000e-01 5.30000000e-01 4.53603913e+07
2.10000000e-01 2.20000000e-01 5.40000000e-01 4.74530701e+07
2.10000000e-01 2.20000000e-01 5.50000000e-01 4.95901266e+07
2.10000000e-01 2.20000000e-01 5.60000000e-01 5.17708231e+07
2.10000000e-01 2.20000000e-01 5.70000000e-01 5.39946593e+07
2.10000000e-01 2.20000000e-01 5.80000000e-01 5.62609421e+07
2.10000000e-01 2.20000000e-01 5.90000000e-01 5.85690130e+07
2.10000000e-01 2.20000000e-01 6.00000000e-01 6.09181547e+07
2.10000000e-01 2.20000000e-01 6.10000000e-01 6.33076557e+07
2.10000000e-01 2.20000000e-01 6.20000000e-01 6.57367970e+07
2.10000000e-01 2.20000000e-01 6.30000000e-01 6.82048315e+07
2.10000000e-01 2.20000000e-01 6.40000000e-01 7.07109952e+07
2.10000000e-01 2.20000000e-01 6.50000000e-01 7.32544996e+07
2.10000000e-01 2.20000000e-01 6.60000000e-01 7.58345342e+07
2.10000000e-01 2.20000000e-01 6.70000000e-01 7.84502809e+07
2.10000000e-01 2.20000000e-01 6.80000000e-01 8.11010056e+07
2.10000000e-01 2.20000000e-01 6.90000000e-01 8.37857822e+07
2.10000000e-01 2.20000000e-01 7.00000000e-01 8.65038002e+07
2.10000000e-01 2.20000000e-01 7.10000000e-01 8.92542190e+07
2.10000000e-01 2.20000000e-01 7.20000000e-01 9.20361792e+07
2.10000000e-01 2.20000000e-01 7.30000000e-01 9.48488430e+07
2.10000000e-01 2.20000000e-01 7.40000000e-01 9.76913194e+07
2.10000000e-01 2.20000000e-01 7.50000000e-01 1.00562687e+08
2.10000000e-01 2.20000000e-01 7.60000000e-01 1.03462068e+08
2.10000000e-01 2.20000000e-01 7.70000000e-01 1.06388623e+08
2.10000000e-01 2.20000000e-01 7.80000000e-01 1.09341416e+08
2.10000000e-01 2.20000000e-01 7.90000000e-01 1.12319570e+08
2.10000000e-01 2.20000000e-01 8.00000000e-01 1.15322118e+08
2.10000000e-01 2.20000000e-01 8.10000000e-01 1.18348261e+08
2.10000000e-01 2.20000000e-01 8.20000000e-01 1.21396997e+08
2.10000000e-01 2.20000000e-01 8.30000000e-01 1.24467424e+08
2.10000000e-01 2.20000000e-01 8.40000000e-01 1.27558605e+08
2.10000000e-01 2.20000000e-01 8.50000000e-01 1.30669678e+08
2.10000000e-01 2.20000000e-01 8.60000000e-01 1.33799785e+08
2.10000000e-01 2.20000000e-01 8.70000000e-01 1.36947887e+08
2.10000000e-01 2.20000000e-01 8.80000000e-01 1.40113152e+08
2.10000000e-01 2.20000000e-01 8.90000000e-01 1.43294590e+08
2.10000000e-01 2.20000000e-01 9.00000000e-01 1.46491423e+08
2.10000000e-01 2.20000000e-01 9.10000000e-01 1.49702575e+08
2.10000000e-01 2.20000000e-01 9.20000000e-01 1.52927177e+08
2.10000000e-01 2.20000000e-01 9.30000000e-01 1.56164387e+08
2.10000000e-01 2.20000000e-01 9.40000000e-01 1.59413289e+08
2.10000000e-01 2.20000000e-01 9.50000000e-01 1.62672958e+08
2.10000000e-01 2.20000000e-01 9.60000000e-01 1.65942679e+08
2.10000000e-01 2.20000000e-01 9.70000000e-01 1.69221366e+08
2.10000000e-01 2.20000000e-01 9.80000000e-01 1.72508168e+08
2.10000000e-01 2.20000000e-01 9.90000000e-01 1.75802205e+08
2.10000000e-01 2.20000000e-01 1.00000000e+00 1.79102706e+08
2.10000000e-01 2.20000000e-01 1.01000000e+00 1.82408677e+08
2.10000000e-01 2.20000000e-01 1.02000000e+00 1.85719342e+08
2.10000000e-01 2.20000000e-01 1.03000000e+00 1.89033847e+08
2.10000000e-01 2.20000000e-01 1.04000000e+00 1.92351183e+08
2.10000000e-01 2.20000000e-01 1.05000000e+00 1.95670760e+08
2.10000000e-01 2.20000000e-01 1.06000000e+00 1.98991644e+08
2.10000000e-01 2.20000000e-01 1.07000000e+00 2.02312897e+08
2.10000000e-01 2.20000000e-01 1.08000000e+00 2.05633864e+08
2.10000000e-01 2.20000000e-01 1.09000000e+00 2.08953562e+08
2.10000000e-01 2.20000000e-01 1.10000000e+00 2.12271217e+08
2.10000000e-01 2.20000000e-01 1.11000000e+00 2.15586177e+08
2.10000000e-01 2.20000000e-01 1.12000000e+00 2.18897726e+08
2.10000000e-01 2.20000000e-01 1.13000000e+00 2.22204825e+08
2.10000000e-01 2.20000000e-01 1.14000000e+00 2.25506958e+08
2.10000000e-01 2.20000000e-01 1.15000000e+00 2.28803184e+08
2.10000000e-01 2.20000000e-01 1.16000000e+00 2.32092834e+08
2.10000000e-01 2.20000000e-01 1.17000000e+00 2.35375174e+08
2.10000000e-01 2.20000000e-01 1.18000000e+00 2.38649464e+08
2.10000000e-01 2.20000000e-01 1.19000000e+00 2.41914957e+08
2.10000000e-01 2.20000000e-01 1.20000000e+00 2.45171257e+08
2.10000000e-01 2.20000000e-01 1.21000000e+00 2.48417137e+08
2.10000000e-01 2.20000000e-01 1.22000000e+00 2.51652160e+08
2.10000000e-01 2.20000000e-01 1.23000000e+00 2.54875623e+08
2.10000000e-01 2.20000000e-01 1.24000000e+00 2.58086971e+08
2.10000000e-01 2.20000000e-01 1.25000000e+00 2.61285413e+08
2.10000000e-01 2.20000000e-01 1.26000000e+00 2.64470167e+08
2.10000000e-01 2.20000000e-01 1.27000000e+00 2.67640949e+08
2.10000000e-01 2.20000000e-01 1.28000000e+00 2.70796922e+08
2.10000000e-01 2.20000000e-01 1.29000000e+00 2.73937529e+08
2.10000000e-01 2.20000000e-01 1.30000000e+00 2.77062174e+08
2.10000000e-01 2.20000000e-01 1.31000000e+00 2.80170121e+08
2.10000000e-01 2.20000000e-01 1.32000000e+00 2.83261137e+08
2.10000000e-01 2.20000000e-01 1.33000000e+00 2.86334279e+08
2.10000000e-01 2.20000000e-01 1.34000000e+00 2.89389215e+08
2.10000000e-01 2.20000000e-01 1.35000000e+00 2.92425160e+08
2.10000000e-01 2.20000000e-01 1.36000000e+00 2.95441773e+08
2.10000000e-01 2.20000000e-01 1.37000000e+00 2.98438424e+08
2.10000000e-01 2.20000000e-01 1.38000000e+00 3.01414664e+08
2.10000000e-01 2.20000000e-01 1.39000000e+00 3.04369907e+08
2.10000000e-01 2.20000000e-01 1.40000000e+00 3.07303771e+08
2.10000000e-01 2.20000000e-01 1.41000000e+00 3.10215835e+08
2.10000000e-01 2.20000000e-01 1.42000000e+00 3.13105170e+08
2.10000000e-01 2.20000000e-01 1.43000000e+00 3.15971809e+08
2.10000000e-01 2.20000000e-01 1.44000000e+00 3.18815229e+08
2.10000000e-01 2.20000000e-01 1.45000000e+00 3.21634872e+08
2.10000000e-01 2.20000000e-01 1.46000000e+00 3.24430515e+08
2.10000000e-01 2.20000000e-01 1.47000000e+00 3.27201562e+08
2.10000000e-01 2.20000000e-01 1.48000000e+00 3.29947518e+08
2.10000000e-01 2.20000000e-01 1.49000000e+00 3.32668271e+08
2.10000000e-01 2.20000000e-01 1.50000000e+00 3.35363061e+08
2.10000000e-01 2.20000000e-01 1.51000000e+00 3.38031502e+08
2.10000000e-01 2.20000000e-01 1.52000000e+00 3.40673181e+08
2.10000000e-01 2.20000000e-01 1.53000000e+00 3.43288619e+08
2.10000000e-01 2.20000000e-01 1.54000000e+00 3.45876716e+08
2.10000000e-01 2.20000000e-01 1.55000000e+00 3.48437348e+08
2.10000000e-01 2.20000000e-01 1.56000000e+00 3.50970337e+08
2.10000000e-01 2.20000000e-01 1.57000000e+00 3.53475078e+08
2.10000000e-01 2.20000000e-01 1.58000000e+00 3.55951289e+08
2.10000000e-01 2.20000000e-01 1.59000000e+00 3.58398583e+08
2.10000000e-01 2.20000000e-01 1.60000000e+00 3.60817144e+08
2.10000000e-01 2.20000000e-01 1.61000000e+00 3.63206342e+08
2.10000000e-01 2.20000000e-01 1.62000000e+00 3.65565955e+08
2.10000000e-01 2.20000000e-01 1.63000000e+00 3.67895780e+08
2.10000000e-01 2.20000000e-01 1.64000000e+00 3.70195692e+08
2.10000000e-01 2.20000000e-01 1.65000000e+00 3.72465375e+08
2.10000000e-01 2.20000000e-01 1.66000000e+00 3.74704662e+08
2.10000000e-01 2.20000000e-01 1.67000000e+00 3.76913109e+08
2.10000000e-01 2.20000000e-01 1.68000000e+00 3.79090649e+08
2.10000000e-01 2.20000000e-01 1.69000000e+00 3.81237155e+08
2.10000000e-01 2.20000000e-01 1.70000000e+00 3.83352564e+08
2.10000000e-01 2.20000000e-01 1.71000000e+00 3.85436349e+08
2.10000000e-01 2.20000000e-01 1.72000000e+00 3.87488640e+08
2.10000000e-01 2.20000000e-01 1.73000000e+00 3.89509222e+08
2.10000000e-01 2.20000000e-01 1.74000000e+00 3.91498154e+08
2.10000000e-01 2.20000000e-01 1.75000000e+00 3.93454855e+08
2.10000000e-01 2.20000000e-01 1.76000000e+00 3.95379472e+08
2.10000000e-01 2.20000000e-01 1.77000000e+00 3.97271716e+08
2.10000000e-01 2.20000000e-01 1.78000000e+00 3.99131636e+08
2.10000000e-01 2.20000000e-01 1.79000000e+00 4.00959450e+08
2.10000000e-01 2.20000000e-01 1.80000000e+00 4.02754554e+08
2.10000000e-01 2.20000000e-01 1.81000000e+00 4.04516935e+08
2.10000000e-01 2.20000000e-01 1.82000000e+00 4.06246573e+08
2.10000000e-01 2.20000000e-01 1.83000000e+00 4.07943486e+08
2.10000000e-01 2.20000000e-01 1.84000000e+00 4.09607606e+08
2.10000000e-01 2.20000000e-01 1.85000000e+00 4.11238938e+08
2.10000000e-01 2.20000000e-01 1.86000000e+00 4.12837346e+08
2.10000000e-01 2.20000000e-01 1.87000000e+00 4.14402679e+08
2.10000000e-01 2.20000000e-01 1.88000000e+00 4.15935127e+08
2.10000000e-01 2.20000000e-01 1.89000000e+00 4.17434698e+08
2.10000000e-01 2.20000000e-01 1.90000000e+00 4.18901169e+08
2.10000000e-01 2.20000000e-01 1.91000000e+00 4.20334576e+08
2.10000000e-01 2.20000000e-01 1.92000000e+00 4.21735138e+08
2.10000000e-01 2.20000000e-01 1.93000000e+00 4.23102691e+08
2.10000000e-01 2.20000000e-01 1.94000000e+00 4.24437339e+08
2.10000000e-01 2.20000000e-01 1.95000000e+00 4.25738949e+08
2.10000000e-01 2.20000000e-01 1.96000000e+00 4.27007568e+08
2.10000000e-01 2.20000000e-01 1.97000000e+00 4.28243371e+08
2.10000000e-01 2.20000000e-01 1.98000000e+00 4.29446234e+08
2.10000000e-01 2.20000000e-01 1.99000000e+00 4.30616434e+08
2.10000000e-01 2.20000000e-01 2.00000000e+00 4.31753892e+08
2.20000000e-01 2.30000000e-01 1.00000000e-02 3.90387989e+00
2.20000000e-01 2.30000000e-01 2.00000000e-02 1.97626171e+02
2.20000000e-01 2.30000000e-01 3.00000000e-02 1.25706136e+03
2.20000000e-01 2.30000000e-01 4.00000000e-02 4.29549765e+03
2.20000000e-01 2.30000000e-01 5.00000000e-02 1.08460606e+04
2.20000000e-01 2.30000000e-01 6.00000000e-02 2.28877813e+04
2.20000000e-01 2.30000000e-01 7.00000000e-02 4.28891372e+04
2.20000000e-01 2.30000000e-01 8.00000000e-02 7.39887058e+04
2.20000000e-01 2.30000000e-01 9.00000000e-02 1.20076060e+05
2.20000000e-01 2.30000000e-01 1.00000000e-01 1.86219774e+05
2.20000000e-01 2.30000000e-01 1.10000000e-01 2.79208134e+05
2.20000000e-01 2.30000000e-01 1.20000000e-01 4.09253712e+05
2.20000000e-01 2.30000000e-01 1.30000000e-01 5.94062901e+05
2.20000000e-01 2.30000000e-01 1.40000000e-01 8.89385699e+05
2.20000000e-01 2.30000000e-01 1.50000000e-01 1.23075199e+06
2.20000000e-01 2.30000000e-01 1.60000000e-01 1.57214883e+06
2.20000000e-01 2.30000000e-01 1.70000000e-01 1.94015724e+06
2.20000000e-01 2.30000000e-01 1.80000000e-01 2.34080558e+06
2.20000000e-01 2.30000000e-01 1.90000000e-01 2.77727293e+06
2.20000000e-01 2.30000000e-01 2.00000000e-01 3.25171082e+06
2.20000000e-01 2.30000000e-01 2.10000000e-01 3.76575751e+06
2.20000000e-01 2.30000000e-01 2.20000000e-01 4.32078675e+06
2.20000000e-01 2.30000000e-01 2.30000000e-01 4.91795700e+06
2.20000000e-01 2.30000000e-01 2.40000000e-01 5.55828104e+06
2.20000000e-01 2.30000000e-01 2.50000000e-01 6.24264299e+06
2.20000000e-01 2.30000000e-01 2.60000000e-01 6.97181555e+06
2.20000000e-01 2.30000000e-01 2.70000000e-01 7.74650285e+06
2.20000000e-01 2.30000000e-01 2.80000000e-01 8.56729962e+06
2.20000000e-01 2.30000000e-01 2.90000000e-01 9.43472845e+06
2.20000000e-01 2.30000000e-01 3.00000000e-01 1.03492349e+07
2.20000000e-01 2.30000000e-01 3.10000000e-01 1.13112123e+07
2.20000000e-01 2.30000000e-01 3.20000000e-01 1.23209687e+07
2.20000000e-01 2.30000000e-01 3.30000000e-01 1.33787435e+07
2.20000000e-01 2.30000000e-01 3.40000000e-01 1.44847046e+07
2.20000000e-01 2.30000000e-01 3.50000000e-01 1.56390537e+07
2.20000000e-01 2.30000000e-01 3.60000000e-01 1.68418735e+07
2.20000000e-01 2.30000000e-01 3.70000000e-01 1.80931602e+07
2.20000000e-01 2.30000000e-01 3.80000000e-01 1.93928974e+07
2.20000000e-01 2.30000000e-01 3.90000000e-01 2.07409393e+07
2.20000000e-01 2.30000000e-01 4.00000000e-01 2.21372411e+07
2.20000000e-01 2.30000000e-01 4.10000000e-01 2.35815663e+07
2.20000000e-01 2.30000000e-01 4.20000000e-01 2.50737920e+07
2.20000000e-01 2.30000000e-01 4.30000000e-01 2.66136308e+07
2.20000000e-01 2.30000000e-01 4.40000000e-01 2.82007992e+07
2.20000000e-01 2.30000000e-01 4.50000000e-01 2.98349344e+07
2.20000000e-01 2.30000000e-01 4.60000000e-01 3.15156984e+07
2.20000000e-01 2.30000000e-01 4.70000000e-01 3.32426740e+07
2.20000000e-01 2.30000000e-01 4.80000000e-01 3.50154015e+07
2.20000000e-01 2.30000000e-01 4.90000000e-01 3.68334907e+07
2.20000000e-01 2.30000000e-01 5.00000000e-01 3.86963985e+07
2.20000000e-01 2.30000000e-01 5.10000000e-01 4.06036299e+07
2.20000000e-01 2.30000000e-01 5.20000000e-01 4.25545572e+07
2.20000000e-01 2.30000000e-01 5.30000000e-01 4.45487256e+07
2.20000000e-01 2.30000000e-01 5.40000000e-01 4.65854684e+07
2.20000000e-01 2.30000000e-01 5.50000000e-01 4.86641342e+07
2.20000000e-01 2.30000000e-01 5.60000000e-01 5.07841323e+07
2.20000000e-01 2.30000000e-01 5.70000000e-01 5.29447148e+07
2.20000000e-01 2.30000000e-01 5.80000000e-01 5.51451779e+07
2.20000000e-01 2.30000000e-01 5.90000000e-01 5.73848456e+07
2.20000000e-01 2.30000000e-01 6.00000000e-01 5.96630215e+07
2.20000000e-01 2.30000000e-01 6.10000000e-01 6.19788954e+07
2.20000000e-01 2.30000000e-01 6.20000000e-01 6.43316466e+07
2.20000000e-01 2.30000000e-01 6.30000000e-01 6.67205940e+07
2.20000000e-01 2.30000000e-01 6.40000000e-01 6.91449133e+07
2.20000000e-01 2.30000000e-01 6.50000000e-01 7.16038152e+07
2.20000000e-01 2.30000000e-01 6.60000000e-01 7.40964332e+07
2.20000000e-01 2.30000000e-01 6.70000000e-01 7.66219403e+07
2.20000000e-01 2.30000000e-01 6.80000000e-01 7.91795186e+07
2.20000000e-01 2.30000000e-01 6.90000000e-01 8.17682776e+07
2.20000000e-01 2.30000000e-01 7.00000000e-01 8.43873749e+07
2.20000000e-01 2.30000000e-01 7.10000000e-01 8.70359497e+07
2.20000000e-01 2.30000000e-01 7.20000000e-01 8.97130439e+07
2.20000000e-01 2.30000000e-01 7.30000000e-01 9.24178168e+07
2.20000000e-01 2.30000000e-01 7.40000000e-01 9.51494670e+07
2.20000000e-01 2.30000000e-01 7.50000000e-01 9.79069630e+07
2.20000000e-01 2.30000000e-01 7.60000000e-01 1.00689443e+08
2.20000000e-01 2.30000000e-01 7.70000000e-01 1.03496058e+08
2.20000000e-01 2.30000000e-01 7.80000000e-01 1.06325848e+08
2.20000000e-01 2.30000000e-01 7.90000000e-01 1.09177812e+08
2.20000000e-01 2.30000000e-01 8.00000000e-01 1.12051137e+08
2.20000000e-01 2.30000000e-01 8.10000000e-01 1.14944884e+08
2.20000000e-01 2.30000000e-01 8.20000000e-01 1.17858162e+08
2.20000000e-01 2.30000000e-01 8.30000000e-01 1.20790063e+08
2.20000000e-01 2.30000000e-01 8.40000000e-01 1.23739626e+08
2.20000000e-01 2.30000000e-01 8.50000000e-01 1.26705909e+08
2.20000000e-01 2.30000000e-01 8.60000000e-01 1.29688144e+08
2.20000000e-01 2.30000000e-01 8.70000000e-01 1.32685355e+08
2.20000000e-01 2.30000000e-01 8.80000000e-01 1.35696448e+08
2.20000000e-01 2.30000000e-01 8.90000000e-01 1.38720740e+08
2.20000000e-01 2.30000000e-01 9.00000000e-01 1.41757238e+08
2.20000000e-01 2.30000000e-01 9.10000000e-01 1.44804826e+08
2.20000000e-01 2.30000000e-01 9.20000000e-01 1.47862874e+08
2.20000000e-01 2.30000000e-01 9.30000000e-01 1.50930382e+08
2.20000000e-01 2.30000000e-01 9.40000000e-01 1.54006522e+08
2.20000000e-01 2.30000000e-01 9.50000000e-01 1.57090396e+08
2.20000000e-01 2.30000000e-01 9.60000000e-01 1.60181184e+08
2.20000000e-01 2.30000000e-01 9.70000000e-01 1.63277979e+08
2.20000000e-01 2.30000000e-01 9.80000000e-01 1.66379823e+08
2.20000000e-01 2.30000000e-01 9.90000000e-01 1.69486104e+08
2.20000000e-01 2.30000000e-01 1.00000000e+00 1.72595658e+08
2.20000000e-01 2.30000000e-01 1.01000000e+00 1.75707708e+08
2.20000000e-01 2.30000000e-01 1.02000000e+00 1.78821463e+08
2.20000000e-01 2.30000000e-01 1.03000000e+00 1.81936116e+08
2.20000000e-01 2.30000000e-01 1.04000000e+00 1.85050801e+08
2.20000000e-01 2.30000000e-01 1.05000000e+00 1.88164732e+08
2.20000000e-01 2.30000000e-01 1.06000000e+00 1.91277064e+08
2.20000000e-01 2.30000000e-01 1.07000000e+00 1.94387042e+08
2.20000000e-01 2.30000000e-01 1.08000000e+00 1.97493862e+08
2.20000000e-01 2.30000000e-01 1.09000000e+00 2.00596517e+08
2.20000000e-01 2.30000000e-01 1.10000000e+00 2.03694620e+08
2.20000000e-01 2.30000000e-01 1.11000000e+00 2.06787211e+08
2.20000000e-01 2.30000000e-01 1.12000000e+00 2.09873718e+08
2.20000000e-01 2.30000000e-01 1.13000000e+00 2.12953230e+08
2.20000000e-01 2.30000000e-01 1.14000000e+00 2.16024891e+08
2.20000000e-01 2.30000000e-01 1.15000000e+00 2.19088200e+08
2.20000000e-01 2.30000000e-01 1.16000000e+00 2.22142460e+08
2.20000000e-01 2.30000000e-01 1.17000000e+00 2.25186908e+08
2.20000000e-01 2.30000000e-01 1.18000000e+00 2.28220837e+08
2.20000000e-01 2.30000000e-01 1.19000000e+00 2.31243618e+08
2.20000000e-01 2.30000000e-01 1.20000000e+00 2.34254474e+08
2.20000000e-01 2.30000000e-01 1.21000000e+00 2.37252581e+08
2.20000000e-01 2.30000000e-01 1.22000000e+00 2.40237659e+08
2.20000000e-01 2.30000000e-01 1.23000000e+00 2.43208972e+08
2.20000000e-01 2.30000000e-01 1.24000000e+00 2.46165777e+08
2.20000000e-01 2.30000000e-01 1.25000000e+00 2.49107432e+08
2.20000000e-01 2.30000000e-01 1.26000000e+00 2.52033510e+08
2.20000000e-01 2.30000000e-01 1.27000000e+00 2.54943336e+08
2.20000000e-01 2.30000000e-01 1.28000000e+00 2.57836322e+08
2.20000000e-01 2.30000000e-01 1.29000000e+00 2.60712022e+08
2.20000000e-01 2.30000000e-01 1.30000000e+00 2.63569679e+08
2.20000000e-01 2.30000000e-01 1.31000000e+00 2.66408898e+08
2.20000000e-01 2.30000000e-01 1.32000000e+00 2.69228831e+08
2.20000000e-01 2.30000000e-01 1.33000000e+00 2.72029083e+08
2.20000000e-01 2.30000000e-01 1.34000000e+00 2.74809653e+08
2.20000000e-01 2.30000000e-01 1.35000000e+00 2.77569537e+08
2.20000000e-01 2.30000000e-01 1.36000000e+00 2.80308361e+08
2.20000000e-01 2.30000000e-01 1.37000000e+00 2.83025716e+08
2.20000000e-01 2.30000000e-01 1.38000000e+00 2.85720875e+08
2.20000000e-01 2.30000000e-01 1.39000000e+00 2.88393376e+08
2.20000000e-01 2.30000000e-01 1.40000000e+00 2.91042923e+08
2.20000000e-01 2.30000000e-01 1.41000000e+00 2.93669550e+08
2.20000000e-01 2.30000000e-01 1.42000000e+00 2.96272281e+08
2.20000000e-01 2.30000000e-01 1.43000000e+00 2.98850867e+08
2.20000000e-01 2.30000000e-01 1.44000000e+00 3.01404864e+08
2.20000000e-01 2.30000000e-01 1.45000000e+00 3.03933893e+08
2.20000000e-01 2.30000000e-01 1.46000000e+00 3.06437529e+08
2.20000000e-01 2.30000000e-01 1.47000000e+00 3.08915575e+08
2.20000000e-01 2.30000000e-01 1.48000000e+00 3.11367842e+08
2.20000000e-01 2.30000000e-01 1.49000000e+00 3.13793288e+08
2.20000000e-01 2.30000000e-01 1.50000000e+00 3.16192284e+08
2.20000000e-01 2.30000000e-01 1.51000000e+00 3.18563970e+08
2.20000000e-01 2.30000000e-01 1.52000000e+00 3.20908396e+08
2.20000000e-01 2.30000000e-01 1.53000000e+00 3.23225058e+08
2.20000000e-01 2.30000000e-01 1.54000000e+00 3.25514023e+08
2.20000000e-01 2.30000000e-01 1.55000000e+00 3.27774689e+08
2.20000000e-01 2.30000000e-01 1.56000000e+00 3.30006841e+08
2.20000000e-01 2.30000000e-01 1.57000000e+00 3.32210572e+08
2.20000000e-01 2.30000000e-01 1.58000000e+00 3.34385099e+08
2.20000000e-01 2.30000000e-01 1.59000000e+00 3.36530252e+08
2.20000000e-01 2.30000000e-01 1.60000000e+00 3.38646196e+08
2.20000000e-01 2.30000000e-01 1.61000000e+00 3.40732568e+08
2.20000000e-01 2.30000000e-01 1.62000000e+00 3.42788919e+08
2.20000000e-01 2.30000000e-01 1.63000000e+00 3.44814905e+08
2.20000000e-01 2.30000000e-01 1.64000000e+00 3.46810837e+08
2.20000000e-01 2.30000000e-01 1.65000000e+00 3.48776529e+08
2.20000000e-01 2.30000000e-01 1.66000000e+00 3.50711597e+08
2.20000000e-01 2.30000000e-01 1.67000000e+00 3.52616031e+08
2.20000000e-01 2.30000000e-01 1.68000000e+00 3.54489624e+08
2.20000000e-01 2.30000000e-01 1.69000000e+00 3.56332069e+08
2.20000000e-01 2.30000000e-01 1.70000000e+00 3.58143472e+08
2.20000000e-01 2.30000000e-01 1.71000000e+00 3.59923617e+08
2.20000000e-01 2.30000000e-01 1.72000000e+00 3.61672392e+08
2.20000000e-01 2.30000000e-01 1.73000000e+00 3.63389798e+08
2.20000000e-01 2.30000000e-01 1.74000000e+00 3.65075207e+08
2.20000000e-01 2.30000000e-01 1.75000000e+00 3.66729617e+08
2.20000000e-01 2.30000000e-01 1.76000000e+00 3.68351914e+08
2.20000000e-01 2.30000000e-01 1.77000000e+00 3.69942330e+08
2.20000000e-01 2.30000000e-01 1.78000000e+00 3.71500960e+08
2.20000000e-01 2.30000000e-01 1.79000000e+00 3.73027864e+08
2.20000000e-01 2.30000000e-01 1.80000000e+00 3.74522555e+08
2.20000000e-01 2.30000000e-01 1.81000000e+00 3.75985647e+08
2.20000000e-01 2.30000000e-01 1.82000000e+00 3.77416730e+08
2.20000000e-01 2.30000000e-01 1.83000000e+00 3.78815802e+08
2.20000000e-01 2.30000000e-01 1.84000000e+00 3.80182920e+08
2.20000000e-01 2.30000000e-01 1.85000000e+00 3.81518076e+08
2.20000000e-01 2.30000000e-01 1.86000000e+00 3.82821133e+08
2.20000000e-01 2.30000000e-01 1.87000000e+00 3.84092305e+08
2.20000000e-01 2.30000000e-01 1.88000000e+00 3.85331435e+08
2.20000000e-01 2.30000000e-01 1.89000000e+00 3.86538625e+08
2.20000000e-01 2.30000000e-01 1.90000000e+00 3.87713910e+08
2.20000000e-01 2.30000000e-01 1.91000000e+00 3.88857331e+08
2.20000000e-01 2.30000000e-01 1.92000000e+00 3.89968959e+08
2.20000000e-01 2.30000000e-01 1.93000000e+00 3.91048767e+08
2.20000000e-01 2.30000000e-01 1.94000000e+00 3.92096861e+08
2.20000000e-01 2.30000000e-01 1.95000000e+00 3.93113350e+08
2.20000000e-01 2.30000000e-01 1.96000000e+00 3.94098247e+08
2.20000000e-01 2.30000000e-01 1.97000000e+00 3.95051682e+08
2.20000000e-01 2.30000000e-01 1.98000000e+00 3.95973806e+08
2.20000000e-01 2.30000000e-01 1.99000000e+00 3.96864623e+08
2.20000000e-01 2.30000000e-01 2.00000000e+00 3.97724132e+08
2.30000000e-01 2.40000000e-01 1.00000000e-02 4.09282081e+00
2.30000000e-01 2.40000000e-01 2.00000000e-02 2.07557170e+02
2.30000000e-01 2.40000000e-01 3.00000000e-02 1.32222522e+03
2.30000000e-01 2.40000000e-01 4.00000000e-02 4.52514865e+03
2.30000000e-01 2.40000000e-01 5.00000000e-02 1.14450743e+04
2.30000000e-01 2.40000000e-01 6.00000000e-02 2.41974337e+04
2.30000000e-01 2.40000000e-01 7.00000000e-02 4.54425827e+04
2.30000000e-01 2.40000000e-01 8.00000000e-02 7.86014213e+04
2.30000000e-01 2.40000000e-01 9.00000000e-02 1.27986099e+05
2.30000000e-01 2.40000000e-01 1.00000000e-01 1.99365368e+05
2.30000000e-01 2.40000000e-01 1.10000000e-01 3.00834270e+05
2.30000000e-01 2.40000000e-01 1.20000000e-01 4.45814168e+05
2.30000000e-01 2.40000000e-01 1.30000000e-01 6.69240490e+05
2.30000000e-01 2.40000000e-01 1.40000000e-01 9.82255833e+05
2.30000000e-01 2.40000000e-01 1.50000000e-01 1.28697252e+06
2.30000000e-01 2.40000000e-01 1.60000000e-01 1.61490093e+06
2.30000000e-01 2.40000000e-01 1.70000000e-01 1.97341633e+06
2.30000000e-01 2.40000000e-01 1.80000000e-01 2.36595660e+06
2.30000000e-01 2.40000000e-01 1.90000000e-01 2.79476911e+06
2.30000000e-01 2.40000000e-01 2.00000000e-01 3.26155398e+06
2.30000000e-01 2.40000000e-01 2.10000000e-01 3.76769409e+06
2.30000000e-01 2.40000000e-01 2.20000000e-01 4.31437913e+06
2.30000000e-01 2.40000000e-01 2.30000000e-01 4.90263203e+06
2.30000000e-01 2.40000000e-01 2.40000000e-01 5.53335798e+06
2.30000000e-01 2.40000000e-01 2.50000000e-01 6.20735877e+06
2.30000000e-01 2.40000000e-01 2.60000000e-01 6.92532444e+06
2.30000000e-01 2.40000000e-01 2.70000000e-01 7.68786592e+06
2.30000000e-01 2.40000000e-01 2.80000000e-01 8.49551815e+06
2.30000000e-01 2.40000000e-01 2.90000000e-01 9.34873803e+06
2.30000000e-01 2.40000000e-01 3.00000000e-01 1.02479040e+07
2.30000000e-01 2.40000000e-01 3.10000000e-01 1.11933576e+07
2.30000000e-01 2.40000000e-01 3.20000000e-01 1.21853035e+07
2.30000000e-01 2.40000000e-01 3.30000000e-01 1.32239599e+07
2.30000000e-01 2.40000000e-01 3.40000000e-01 1.43094479e+07
2.30000000e-01 2.40000000e-01 3.50000000e-01 1.54418469e+07
2.30000000e-01 2.40000000e-01 3.60000000e-01 1.66212227e+07
2.30000000e-01 2.40000000e-01 3.70000000e-01 1.78474783e+07
2.30000000e-01 2.40000000e-01 3.80000000e-01 1.91205475e+07
2.30000000e-01 2.40000000e-01 3.90000000e-01 2.04402698e+07
2.30000000e-01 2.40000000e-01 4.00000000e-01 2.18065523e+07
2.30000000e-01 2.40000000e-01 4.10000000e-01 2.32190894e+07
2.30000000e-01 2.40000000e-01 4.20000000e-01 2.46776368e+07
2.30000000e-01 2.40000000e-01 4.30000000e-01 2.61818984e+07
2.30000000e-01 2.40000000e-01 4.40000000e-01 2.77315346e+07
2.30000000e-01 2.40000000e-01 4.50000000e-01 2.93261202e+07
2.30000000e-01 2.40000000e-01 4.60000000e-01 3.09652636e+07
2.30000000e-01 2.40000000e-01 4.70000000e-01 3.26485750e+07
2.30000000e-01 2.40000000e-01 4.80000000e-01 3.43755126e+07
2.30000000e-01 2.40000000e-01 4.90000000e-01 3.61455544e+07
2.30000000e-01 2.40000000e-01 5.00000000e-01 3.79582257e+07
2.30000000e-01 2.40000000e-01 5.10000000e-01 3.98128476e+07
2.30000000e-01 2.40000000e-01 5.20000000e-01 4.17089295e+07
2.30000000e-01 2.40000000e-01 5.30000000e-01 4.36457488e+07
2.30000000e-01 2.40000000e-01 5.40000000e-01 4.56227395e+07
2.30000000e-01 2.40000000e-01 5.50000000e-01 4.76391762e+07
2.30000000e-01 2.40000000e-01 5.60000000e-01 4.96944177e+07
2.30000000e-01 2.40000000e-01 5.70000000e-01 5.17877064e+07
2.30000000e-01 2.40000000e-01 5.80000000e-01 5.39183199e+07
2.30000000e-01 2.40000000e-01 5.90000000e-01 5.60855224e+07
2.30000000e-01 2.40000000e-01 6.00000000e-01 5.82885350e+07
2.30000000e-01 2.40000000e-01 6.10000000e-01 6.05266012e+07
2.30000000e-01 2.40000000e-01 6.20000000e-01 6.27988620e+07
2.30000000e-01 2.40000000e-01 6.30000000e-01 6.51045327e+07
2.30000000e-01 2.40000000e-01 6.40000000e-01 6.74427732e+07
2.30000000e-01 2.40000000e-01 6.50000000e-01 6.98127389e+07
2.30000000e-01 2.40000000e-01 6.60000000e-01 7.22136165e+07
2.30000000e-01 2.40000000e-01 6.70000000e-01 7.46445816e+07
2.30000000e-01 2.40000000e-01 6.80000000e-01 7.71047093e+07
2.30000000e-01 2.40000000e-01 6.90000000e-01 7.95931411e+07
2.30000000e-01 2.40000000e-01 7.00000000e-01 8.21090756e+07
2.30000000e-01 2.40000000e-01 7.10000000e-01 8.46514430e+07
2.30000000e-01 2.40000000e-01 7.20000000e-01 8.72195015e+07
2.30000000e-01 2.40000000e-01 7.30000000e-01 8.98122409e+07
2.30000000e-01 2.40000000e-01 7.40000000e-01 9.24287001e+07
2.30000000e-01 2.40000000e-01 7.50000000e-01 9.50681691e+07
2.30000000e-01 2.40000000e-01 7.60000000e-01 9.77296137e+07
2.30000000e-01 2.40000000e-01 7.70000000e-01 1.00412088e+08
2.30000000e-01 2.40000000e-01 7.80000000e-01 1.03114738e+08
2.30000000e-01 2.40000000e-01 7.90000000e-01 1.05836594e+08
2.30000000e-01 2.40000000e-01 8.00000000e-01 1.08576775e+08
2.30000000e-01 2.40000000e-01 8.10000000e-01 1.11334414e+08
2.30000000e-01 2.40000000e-01 8.20000000e-01 1.14108505e+08
2.30000000e-01 2.40000000e-01 8.30000000e-01 1.16898075e+08
2.30000000e-01 2.40000000e-01 8.40000000e-01 1.19702378e+08
2.30000000e-01 2.40000000e-01 8.50000000e-01 1.22520430e+08
2.30000000e-01 2.40000000e-01 8.60000000e-01 1.25351327e+08
2.30000000e-01 2.40000000e-01 8.70000000e-01 1.28194137e+08
2.30000000e-01 2.40000000e-01 8.80000000e-01 1.31047736e+08
2.30000000e-01 2.40000000e-01 8.90000000e-01 1.33911525e+08
2.30000000e-01 2.40000000e-01 9.00000000e-01 1.36784487e+08
2.30000000e-01 2.40000000e-01 9.10000000e-01 1.39665768e+08
2.30000000e-01 2.40000000e-01 9.20000000e-01 1.42554441e+08
2.30000000e-01 2.40000000e-01 9.30000000e-01 1.45449688e+08
2.30000000e-01 2.40000000e-01 9.40000000e-01 1.48350520e+08
2.30000000e-01 2.40000000e-01 9.50000000e-01 1.51256470e+08
2.30000000e-01 2.40000000e-01 9.60000000e-01 1.54166191e+08
2.30000000e-01 2.40000000e-01 9.70000000e-01 1.57078986e+08
2.30000000e-01 2.40000000e-01 9.80000000e-01 1.59993976e+08
2.30000000e-01 2.40000000e-01 9.90000000e-01 1.62910416e+08
2.30000000e-01 2.40000000e-01 1.00000000e+00 1.65827346e+08
2.30000000e-01 2.40000000e-01 1.01000000e+00 1.68744144e+08
2.30000000e-01 2.40000000e-01 1.02000000e+00 1.71659740e+08
2.30000000e-01 2.40000000e-01 1.03000000e+00 1.74573484e+08
2.30000000e-01 2.40000000e-01 1.04000000e+00 1.77484564e+08
2.30000000e-01 2.40000000e-01 1.05000000e+00 1.80392287e+08
2.30000000e-01 2.40000000e-01 1.06000000e+00 1.83295717e+08
2.30000000e-01 2.40000000e-01 1.07000000e+00 1.86194125e+08
2.30000000e-01 2.40000000e-01 1.08000000e+00 1.89086787e+08
2.30000000e-01 2.40000000e-01 1.09000000e+00 1.91972977e+08
2.30000000e-01 2.40000000e-01 1.10000000e+00 1.94852090e+08
2.30000000e-01 2.40000000e-01 1.11000000e+00 1.97722795e+08
2.30000000e-01 2.40000000e-01 1.12000000e+00 2.00585052e+08
2.30000000e-01 2.40000000e-01 1.13000000e+00 2.03437934e+08
2.30000000e-01 2.40000000e-01 1.14000000e+00 2.06280657e+08
2.30000000e-01 2.40000000e-01 1.15000000e+00 2.09112695e+08
2.30000000e-01 2.40000000e-01 1.16000000e+00 2.11933286e+08
2.30000000e-01 2.40000000e-01 1.17000000e+00 2.14741922e+08
2.30000000e-01 2.40000000e-01 1.18000000e+00 2.17537820e+08
2.30000000e-01 2.40000000e-01 1.19000000e+00 2.20320234e+08
2.30000000e-01 2.40000000e-01 1.20000000e+00 2.23088619e+08
2.30000000e-01 2.40000000e-01 1.21000000e+00 2.25842335e+08
2.30000000e-01 2.40000000e-01 1.22000000e+00 2.28580964e+08
2.30000000e-01 2.40000000e-01 1.23000000e+00 2.31303591e+08
2.30000000e-01 2.40000000e-01 1.24000000e+00 2.34009860e+08
2.30000000e-01 2.40000000e-01 1.25000000e+00 2.36699265e+08
2.30000000e-01 2.40000000e-01 1.26000000e+00 2.39371473e+08
2.30000000e-01 2.40000000e-01 1.27000000e+00 2.42025062e+08
2.30000000e-01 2.40000000e-01 1.28000000e+00 2.44659771e+08
2.30000000e-01 2.40000000e-01 1.29000000e+00 2.47275803e+08
2.30000000e-01 2.40000000e-01 1.30000000e+00 2.49872106e+08
2.30000000e-01 2.40000000e-01 1.31000000e+00 2.52448382e+08
2.30000000e-01 2.40000000e-01 1.32000000e+00 2.55003663e+08
2.30000000e-01 2.40000000e-01 1.33000000e+00 2.57538234e+08
2.30000000e-01 2.40000000e-01 1.34000000e+00 2.60051542e+08
2.30000000e-01 2.40000000e-01 1.35000000e+00 2.62542547e+08
2.30000000e-01 2.40000000e-01 1.36000000e+00 2.65011045e+08
2.30000000e-01 2.40000000e-01 1.37000000e+00 2.67456647e+08
2.30000000e-01 2.40000000e-01 1.38000000e+00 2.69879067e+08
2.30000000e-01 2.40000000e-01 1.39000000e+00 2.72277791e+08
2.30000000e-01 2.40000000e-01 1.40000000e+00 2.74652694e+08
2.30000000e-01 2.40000000e-01 1.41000000e+00 2.77002910e+08
2.30000000e-01 2.40000000e-01 1.42000000e+00 2.79327761e+08
2.30000000e-01 2.40000000e-01 1.43000000e+00 2.81627806e+08
2.30000000e-01 2.40000000e-01 1.44000000e+00 2.83902513e+08
2.30000000e-01 2.40000000e-01 1.45000000e+00 2.86151450e+08
2.30000000e-01 2.40000000e-01 1.46000000e+00 2.88374258e+08
2.30000000e-01 2.40000000e-01 1.47000000e+00 2.90570264e+08
2.30000000e-01 2.40000000e-01 1.48000000e+00 2.92739731e+08
2.30000000e-01 2.40000000e-01 1.49000000e+00 2.94882309e+08
2.30000000e-01 2.40000000e-01 1.50000000e+00 2.96997107e+08
2.30000000e-01 2.40000000e-01 1.51000000e+00 2.99084558e+08
2.30000000e-01 2.40000000e-01 1.52000000e+00 3.01144124e+08
2.30000000e-01 2.40000000e-01 1.53000000e+00 3.03175410e+08
2.30000000e-01 2.40000000e-01 1.54000000e+00 3.05178684e+08
2.30000000e-01 2.40000000e-01 1.55000000e+00 3.07153119e+08
2.30000000e-01 2.40000000e-01 1.56000000e+00 3.09098884e+08
2.30000000e-01 2.40000000e-01 1.57000000e+00 3.11015751e+08
2.30000000e-01 2.40000000e-01 1.58000000e+00 3.12903641e+08
2.30000000e-01 2.40000000e-01 1.59000000e+00 3.14762021e+08
2.30000000e-01 2.40000000e-01 1.60000000e+00 3.16590913e+08
2.30000000e-01 2.40000000e-01 1.61000000e+00 3.18390175e+08
2.30000000e-01 2.40000000e-01 1.62000000e+00 3.20159676e+08
2.30000000e-01 2.40000000e-01 1.63000000e+00 3.21899192e+08
2.30000000e-01 2.40000000e-01 1.64000000e+00 3.23608592e+08
2.30000000e-01 2.40000000e-01 1.65000000e+00 3.25287761e+08
2.30000000e-01 2.40000000e-01 1.66000000e+00 3.26936545e+08
2.30000000e-01 2.40000000e-01 1.67000000e+00 3.28554854e+08
2.30000000e-01 2.40000000e-01 1.68000000e+00 3.30142687e+08
2.30000000e-01 2.40000000e-01 1.69000000e+00 3.31700025e+08
2.30000000e-01 2.40000000e-01 1.70000000e+00 3.33226548e+08
2.30000000e-01 2.40000000e-01 1.71000000e+00 3.34722210e+08
2.30000000e-01 2.40000000e-01 1.72000000e+00 3.36187072e+08
2.30000000e-01 2.40000000e-01 1.73000000e+00 3.37621175e+08
2.30000000e-01 2.40000000e-01 1.74000000e+00 3.39024369e+08
2.30000000e-01 2.40000000e-01 1.75000000e+00 3.40397718e+08
2.30000000e-01 2.40000000e-01 1.76000000e+00 3.41739263e+08
2.30000000e-01 2.40000000e-01 1.77000000e+00 3.43049560e+08
2.30000000e-01 2.40000000e-01 1.78000000e+00 3.44328802e+08
2.30000000e-01 2.40000000e-01 1.79000000e+00 3.45577546e+08
2.30000000e-01 2.40000000e-01 1.80000000e+00 3.46794915e+08
2.30000000e-01 2.40000000e-01 1.81000000e+00 3.47981321e+08
2.30000000e-01 2.40000000e-01 1.82000000e+00 3.49136754e+08
2.30000000e-01 2.40000000e-01 1.83000000e+00 3.50261267e+08
2.30000000e-01 2.40000000e-01 1.84000000e+00 3.51354912e+08
2.30000000e-01 2.40000000e-01 1.85000000e+00 3.52417730e+08
2.30000000e-01 2.40000000e-01 1.86000000e+00 3.53449667e+08
2.30000000e-01 2.40000000e-01 1.87000000e+00 3.54450805e+08
2.30000000e-01 2.40000000e-01 1.88000000e+00 3.55421367e+08
2.30000000e-01 2.40000000e-01 1.89000000e+00 3.56361296e+08
2.30000000e-01 2.40000000e-01 1.90000000e+00 3.57270817e+08
2.30000000e-01 2.40000000e-01 1.91000000e+00 3.58149764e+08
2.30000000e-01 2.40000000e-01 1.92000000e+00 3.58998301e+08
2.30000000e-01 2.40000000e-01 1.93000000e+00 3.59816549e+08
2.30000000e-01 2.40000000e-01 1.94000000e+00 3.60604707e+08
2.30000000e-01 2.40000000e-01 1.95000000e+00 3.61362774e+08
2.30000000e-01 2.40000000e-01 1.96000000e+00 3.62090979e+08
2.30000000e-01 2.40000000e-01 1.97000000e+00 3.62789382e+08
2.30000000e-01 2.40000000e-01 1.98000000e+00 3.63458015e+08
2.30000000e-01 2.40000000e-01 1.99000000e+00 3.64097130e+08
2.30000000e-01 2.40000000e-01 2.00000000e+00 3.64706673e+08
2.40000000e-01 2.50000000e-01 1.00000000e-02 4.28396881e+00
2.40000000e-01 2.50000000e-01 2.00000000e-02 2.17659361e+02
2.40000000e-01 2.50000000e-01 3.00000000e-02 1.38884335e+03
2.40000000e-01 2.50000000e-01 4.00000000e-02 4.76115227e+03
2.40000000e-01 2.50000000e-01 5.00000000e-02 1.20642440e+04
2.40000000e-01 2.50000000e-01 6.00000000e-02 2.55603605e+04
2.40000000e-01 2.50000000e-01 7.00000000e-02 4.81217916e+04
2.40000000e-01 2.50000000e-01 8.00000000e-02 8.34926455e+04
2.40000000e-01 2.50000000e-01 9.00000000e-02 1.36495778e+05
2.40000000e-01 2.50000000e-01 1.00000000e-01 2.13817519e+05
2.40000000e-01 2.50000000e-01 1.10000000e-01 3.25533134e+05
2.40000000e-01 2.50000000e-01 1.20000000e-01 4.91967370e+05
2.40000000e-01 2.50000000e-01 1.30000000e-01 7.61984121e+05
2.40000000e-01 2.50000000e-01 1.40000000e-01 1.03398513e+06
2.40000000e-01 2.50000000e-01 1.50000000e-01 1.32412976e+06
2.40000000e-01 2.50000000e-01 1.60000000e-01 1.64254317e+06
2.40000000e-01 2.50000000e-01 1.70000000e-01 1.99307801e+06
2.40000000e-01 2.50000000e-01 1.80000000e-01 2.37810371e+06
2.40000000e-01 2.50000000e-01 1.90000000e-01 2.79938005e+06
2.40000000e-01 2.50000000e-01 2.00000000e-01 3.25833447e+06
2.40000000e-01 2.50000000e-01 2.10000000e-01 3.75617412e+06
2.40000000e-01 2.50000000e-01 2.20000000e-01 4.29395748e+06
2.40000000e-01 2.50000000e-01 2.30000000e-01 4.87260633e+06
2.40000000e-01 2.50000000e-01 2.40000000e-01 5.49292083e+06
2.40000000e-01 2.50000000e-01 2.50000000e-01 6.15561984e+06
2.40000000e-01 2.50000000e-01 2.60000000e-01 6.86133566e+06
2.40000000e-01 2.50000000e-01 2.70000000e-01 7.61060500e+06
2.40000000e-01 2.50000000e-01 2.80000000e-01 8.40390019e+06
2.40000000e-01 2.50000000e-01 2.90000000e-01 9.24159888e+06
2.40000000e-01 2.50000000e-01 3.00000000e-01 1.01240225e+07
2.40000000e-01 2.50000000e-01 3.10000000e-01 1.10514212e+07
2.40000000e-01 2.50000000e-01 3.20000000e-01 1.20239987e+07
2.40000000e-01 2.50000000e-01 3.30000000e-01 1.30418827e+07
2.40000000e-01 2.50000000e-01 3.40000000e-01 1.41051184e+07
2.40000000e-01 2.50000000e-01 3.50000000e-01 1.52137441e+07
2.40000000e-01 2.50000000e-01 3.60000000e-01 1.63677284e+07
2.40000000e-01 2.50000000e-01 3.70000000e-01 1.75669878e+07
2.40000000e-01 2.50000000e-01 3.80000000e-01 1.88113469e+07
2.40000000e-01 2.50000000e-01 3.90000000e-01 2.01006599e+07
2.40000000e-01 2.50000000e-01 4.00000000e-01 2.14346440e+07
2.40000000e-01 2.50000000e-01 4.10000000e-01 2.28130496e+07
2.40000000e-01 2.50000000e-01 4.20000000e-01 2.42355638e+07
2.40000000e-01 2.50000000e-01 4.30000000e-01 2.57018287e+07
2.40000000e-01 2.50000000e-01 4.40000000e-01 2.72114804e+07
2.40000000e-01 2.50000000e-01 4.50000000e-01 2.87639659e+07
2.40000000e-01 2.50000000e-01 4.60000000e-01 3.03589936e+07
2.40000000e-01 2.50000000e-01 4.70000000e-01 3.19959307e+07
2.40000000e-01 2.50000000e-01 4.80000000e-01 3.36743051e+07
2.40000000e-01 2.50000000e-01 4.90000000e-01 3.53936101e+07
2.40000000e-01 2.50000000e-01 5.00000000e-01 3.71531487e+07
2.40000000e-01 2.50000000e-01 5.10000000e-01 3.89523663e+07
2.40000000e-01 2.50000000e-01 5.20000000e-01 4.07906367e+07
2.40000000e-01 2.50000000e-01 5.30000000e-01 4.26672280e+07
2.40000000e-01 2.50000000e-01 5.40000000e-01 4.45815266e+07
2.40000000e-01 2.50000000e-01 5.50000000e-01 4.65327565e+07
2.40000000e-01 2.50000000e-01 5.60000000e-01 4.85202509e+07
2.40000000e-01 2.50000000e-01 5.70000000e-01 5.05432492e+07
2.40000000e-01 2.50000000e-01 5.80000000e-01 5.26009835e+07
2.40000000e-01 2.50000000e-01 5.90000000e-01 5.46926514e+07
2.40000000e-01 2.50000000e-01 6.00000000e-01 5.68174298e+07
2.40000000e-01 2.50000000e-01 6.10000000e-01 5.89745553e+07
2.40000000e-01 2.50000000e-01 6.20000000e-01 6.11632029e+07
2.40000000e-01 2.50000000e-01 6.30000000e-01 6.33825033e+07
2.40000000e-01 2.50000000e-01 6.40000000e-01 6.56316359e+07
2.40000000e-01 2.50000000e-01 6.50000000e-01 6.79096725e+07
2.40000000e-01 2.50000000e-01 6.60000000e-01 7.02158439e+07
2.40000000e-01 2.50000000e-01 6.70000000e-01 7.25491950e+07
2.40000000e-01 2.50000000e-01 6.80000000e-01 7.49088456e+07
2.40000000e-01 2.50000000e-01 6.90000000e-01 7.72940131e+07
2.40000000e-01 2.50000000e-01 7.00000000e-01 7.97036680e+07
2.40000000e-01 2.50000000e-01 7.10000000e-01 8.21369219e+07
2.40000000e-01 2.50000000e-01 7.20000000e-01 8.45929241e+07
2.40000000e-01 2.50000000e-01 7.30000000e-01 8.70707621e+07
2.40000000e-01 2.50000000e-01 7.40000000e-01 8.95694371e+07
2.40000000e-01 2.50000000e-01 7.50000000e-01 9.20880755e+07
2.40000000e-01 2.50000000e-01 7.60000000e-01 9.46257260e+07
2.40000000e-01 2.50000000e-01 7.70000000e-01 9.71814779e+07
2.40000000e-01 2.50000000e-01 7.80000000e-01 9.97546096e+07
2.40000000e-01 2.50000000e-01 7.90000000e-01 1.02343949e+08
2.40000000e-01 2.50000000e-01 8.00000000e-01 1.04948868e+08
2.40000000e-01 2.50000000e-01 8.10000000e-01 1.07568036e+08
2.40000000e-01 2.50000000e-01 8.20000000e-01 1.10200634e+08
2.40000000e-01 2.50000000e-01 8.30000000e-01 1.12845939e+08
2.40000000e-01 2.50000000e-01 8.40000000e-01 1.15502832e+08
2.40000000e-01 2.50000000e-01 8.50000000e-01 1.18170737e+08
2.40000000e-01 2.50000000e-01 8.60000000e-01 1.20848469e+08
2.40000000e-01 2.50000000e-01 8.70000000e-01 1.23535179e+08
2.40000000e-01 2.50000000e-01 8.80000000e-01 1.26230027e+08
2.40000000e-01 2.50000000e-01 8.90000000e-01 1.28932034e+08
2.40000000e-01 2.50000000e-01 9.00000000e-01 1.31640465e+08
2.40000000e-01 2.50000000e-01 9.10000000e-01 1.34354037e+08
2.40000000e-01 2.50000000e-01 9.20000000e-01 1.37072355e+08
2.40000000e-01 2.50000000e-01 9.30000000e-01 1.39794556e+08
2.40000000e-01 2.50000000e-01 9.40000000e-01 1.42519570e+08
2.40000000e-01 2.50000000e-01 9.50000000e-01 1.45246595e+08
2.40000000e-01 2.50000000e-01 9.60000000e-01 1.47974869e+08
2.40000000e-01 2.50000000e-01 9.70000000e-01 1.50703599e+08
2.40000000e-01 2.50000000e-01 9.80000000e-01 1.53431834e+08
2.40000000e-01 2.50000000e-01 9.90000000e-01 1.56158891e+08
2.40000000e-01 2.50000000e-01 1.00000000e+00 1.58883699e+08
2.40000000e-01 2.50000000e-01 1.01000000e+00 1.61605867e+08
2.40000000e-01 2.50000000e-01 1.02000000e+00 1.64324279e+08
2.40000000e-01 2.50000000e-01 1.03000000e+00 1.67038220e+08
2.40000000e-01 2.50000000e-01 1.04000000e+00 1.69747095e+08
2.40000000e-01 2.50000000e-01 1.05000000e+00 1.72450020e+08
2.40000000e-01 2.50000000e-01 1.06000000e+00 1.75146250e+08
2.40000000e-01 2.50000000e-01 1.07000000e+00 1.77835084e+08
2.40000000e-01 2.50000000e-01 1.08000000e+00 1.80515710e+08
2.40000000e-01 2.50000000e-01 1.09000000e+00 1.83187524e+08
2.40000000e-01 2.50000000e-01 1.10000000e+00 1.85849674e+08
2.40000000e-01 2.50000000e-01 1.11000000e+00 1.88501819e+08
2.40000000e-01 2.50000000e-01 1.12000000e+00 1.91142922e+08
2.40000000e-01 2.50000000e-01 1.13000000e+00 1.93772841e+08
2.40000000e-01 2.50000000e-01 1.14000000e+00 1.96390258e+08
2.40000000e-01 2.50000000e-01 1.15000000e+00 1.98994911e+08
2.40000000e-01 2.50000000e-01 1.16000000e+00 2.01585986e+08
2.40000000e-01 2.50000000e-01 1.17000000e+00 2.04163069e+08
2.40000000e-01 2.50000000e-01 1.18000000e+00 2.06725359e+08
2.40000000e-01 2.50000000e-01 1.19000000e+00 2.09272340e+08
2.40000000e-01 2.50000000e-01 1.20000000e+00 2.11803483e+08
2.40000000e-01 2.50000000e-01 1.21000000e+00 2.14318214e+08
2.40000000e-01 2.50000000e-01 1.22000000e+00 2.16815767e+08
2.40000000e-01 2.50000000e-01 1.23000000e+00 2.19295860e+08
2.40000000e-01 2.50000000e-01 1.24000000e+00 2.21757828e+08
2.40000000e-01 2.50000000e-01 1.25000000e+00 2.24201299e+08
2.40000000e-01 2.50000000e-01 1.26000000e+00 2.26625547e+08
2.40000000e-01 2.50000000e-01 1.27000000e+00 2.29030243e+08
2.40000000e-01 2.50000000e-01 1.28000000e+00 2.31414788e+08
2.40000000e-01 2.50000000e-01 1.29000000e+00 2.33778981e+08
2.40000000e-01 2.50000000e-01 1.30000000e+00 2.36122009e+08
2.40000000e-01 2.50000000e-01 1.31000000e+00 2.38443749e+08
2.40000000e-01 2.50000000e-01 1.32000000e+00 2.40743531e+08
2.40000000e-01 2.50000000e-01 1.33000000e+00 2.43021122e+08
2.40000000e-01 2.50000000e-01 1.34000000e+00 2.45275982e+08
2.40000000e-01 2.50000000e-01 1.35000000e+00 2.47507751e+08
2.40000000e-01 2.50000000e-01 1.36000000e+00 2.49715987e+08
2.40000000e-01 2.50000000e-01 1.37000000e+00 2.51900408e+08
2.40000000e-01 2.50000000e-01 1.38000000e+00 2.54060889e+08
2.40000000e-01 2.50000000e-01 1.39000000e+00 2.56196546e+08
2.40000000e-01 2.50000000e-01 1.40000000e+00 2.58307256e+08
2.40000000e-01 2.50000000e-01 1.41000000e+00 2.60392720e+08
2.40000000e-01 2.50000000e-01 1.42000000e+00 2.62452729e+08
2.40000000e-01 2.50000000e-01 1.43000000e+00 2.64486859e+08
2.40000000e-01 2.50000000e-01 1.44000000e+00 2.66494858e+08
2.40000000e-01 2.50000000e-01 1.45000000e+00 2.68476433e+08
2.40000000e-01 2.50000000e-01 1.46000000e+00 2.70431258e+08
2.40000000e-01 2.50000000e-01 1.47000000e+00 2.72359296e+08
2.40000000e-01 2.50000000e-01 1.48000000e+00 2.74260116e+08
2.40000000e-01 2.50000000e-01 1.49000000e+00 2.76133774e+08
2.40000000e-01 2.50000000e-01 1.50000000e+00 2.77979689e+08
2.40000000e-01 2.50000000e-01 1.51000000e+00 2.79797649e+08
2.40000000e-01 2.50000000e-01 1.52000000e+00 2.81587656e+08
2.40000000e-01 2.50000000e-01 1.53000000e+00 2.83349535e+08
2.40000000e-01 2.50000000e-01 1.54000000e+00 2.85082669e+08
2.40000000e-01 2.50000000e-01 1.55000000e+00 2.86787429e+08
2.40000000e-01 2.50000000e-01 1.56000000e+00 2.88463270e+08
2.40000000e-01 2.50000000e-01 1.57000000e+00 2.90110581e+08
2.40000000e-01 2.50000000e-01 1.58000000e+00 2.91728748e+08
2.40000000e-01 2.50000000e-01 1.59000000e+00 2.93317724e+08
2.40000000e-01 2.50000000e-01 1.60000000e+00 2.94877691e+08
2.40000000e-01 2.50000000e-01 1.61000000e+00 2.96408103e+08
2.40000000e-01 2.50000000e-01 1.62000000e+00 2.97908863e+08
2.40000000e-01 2.50000000e-01 1.63000000e+00 2.99380253e+08
2.40000000e-01 2.50000000e-01 1.64000000e+00 3.00821921e+08
2.40000000e-01 2.50000000e-01 1.65000000e+00 3.02233789e+08
2.40000000e-01 2.50000000e-01 1.66000000e+00 3.03616079e+08
2.40000000e-01 2.50000000e-01 1.67000000e+00 3.04968219e+08
2.40000000e-01 2.50000000e-01 1.68000000e+00 3.06290538e+08
2.40000000e-01 2.50000000e-01 1.69000000e+00 3.07583045e+08
2.40000000e-01 2.50000000e-01 1.70000000e+00 3.08845652e+08
2.40000000e-01 2.50000000e-01 1.71000000e+00 3.10078279e+08
2.40000000e-01 2.50000000e-01 1.72000000e+00 3.11280975e+08
2.40000000e-01 2.50000000e-01 1.73000000e+00 3.12453682e+08
2.40000000e-01 2.50000000e-01 1.74000000e+00 3.13596292e+08
2.40000000e-01 2.50000000e-01 1.75000000e+00 3.14709120e+08
2.40000000e-01 2.50000000e-01 1.76000000e+00 3.15791312e+08
2.40000000e-01 2.50000000e-01 1.77000000e+00 3.16844362e+08
2.40000000e-01 2.50000000e-01 1.78000000e+00 3.17867518e+08
2.40000000e-01 2.50000000e-01 1.79000000e+00 3.18860683e+08
2.40000000e-01 2.50000000e-01 1.80000000e+00 3.19824229e+08
2.40000000e-01 2.50000000e-01 1.81000000e+00 3.20758056e+08
2.40000000e-01 2.50000000e-01 1.82000000e+00 3.21662170e+08
2.40000000e-01 2.50000000e-01 1.83000000e+00 3.22536642e+08
2.40000000e-01 2.50000000e-01 1.84000000e+00 3.23381510e+08
2.40000000e-01 2.50000000e-01 1.85000000e+00 3.24197088e+08
2.40000000e-01 2.50000000e-01 1.86000000e+00 3.24983250e+08
2.40000000e-01 2.50000000e-01 1.87000000e+00 3.25740595e+08
2.40000000e-01 2.50000000e-01 1.88000000e+00 3.26468234e+08
2.40000000e-01 2.50000000e-01 1.89000000e+00 3.27167060e+08
2.40000000e-01 2.50000000e-01 1.90000000e+00 3.27836827e+08
2.40000000e-01 2.50000000e-01 1.91000000e+00 3.28477875e+08
2.40000000e-01 2.50000000e-01 1.92000000e+00 3.29090289e+08
2.40000000e-01 2.50000000e-01 1.93000000e+00 3.29674057e+08
2.40000000e-01 2.50000000e-01 1.94000000e+00 3.30229452e+08
2.40000000e-01 2.50000000e-01 1.95000000e+00 3.30756595e+08
2.40000000e-01 2.50000000e-01 1.96000000e+00 3.31255565e+08
2.40000000e-01 2.50000000e-01 1.97000000e+00 3.31726558e+08
2.40000000e-01 2.50000000e-01 1.98000000e+00 3.32169702e+08
2.40000000e-01 2.50000000e-01 1.99000000e+00 3.32585155e+08
2.40000000e-01 2.50000000e-01 2.00000000e+00 3.32973131e+08
2.50000000e-01 2.60000000e-01 1.00000000e-02 4.47744487e+00
2.50000000e-01 2.60000000e-01 2.00000000e-02 2.27947579e+02
2.50000000e-01 2.60000000e-01 3.00000000e-02 1.45704547e+03
2.50000000e-01 2.60000000e-01 4.00000000e-02 5.00410650e+03
2.50000000e-01 2.60000000e-01 5.00000000e-02 1.27057819e+04
2.50000000e-01 2.60000000e-01 6.00000000e-02 2.69834440e+04
2.50000000e-01 2.60000000e-01 7.00000000e-02 5.09462837e+04
2.50000000e-01 2.60000000e-01 8.00000000e-02 8.87160639e+04
2.50000000e-01 2.60000000e-01 9.00000000e-02 1.45753455e+05
2.50000000e-01 2.60000000e-01 1.00000000e-01 2.30026701e+05
2.50000000e-01 2.60000000e-01 1.10000000e-01 3.55102249e+05
2.50000000e-01 2.60000000e-01 1.20000000e-01 5.63972406e+05
2.50000000e-01 2.60000000e-01 1.30000000e-01 8.12109689e+05
2.50000000e-01 2.60000000e-01 1.40000000e-01 1.06712009e+06
2.50000000e-01 2.60000000e-01 1.50000000e-01 1.34767707e+06
2.50000000e-01 2.60000000e-01 1.60000000e-01 1.65831734e+06
2.50000000e-01 2.60000000e-01 1.70000000e-01 2.00159058e+06
2.50000000e-01 2.60000000e-01 1.80000000e-01 2.37933766e+06
2.50000000e-01 2.60000000e-01 1.90000000e-01 2.79302864e+06
2.50000000e-01 2.60000000e-01 2.00000000e-01 3.24390656e+06
2.50000000e-01 2.60000000e-01 2.10000000e-01 3.73305250e+06
2.50000000e-01 2.60000000e-01 2.20000000e-01 4.26140933e+06
2.50000000e-01 2.60000000e-01 2.30000000e-01 4.82981051e+06
2.50000000e-01 2.60000000e-01 2.40000000e-01 5.43899165e+06
2.50000000e-01 2.60000000e-01 2.50000000e-01 6.08958965e+06
2.50000000e-01 2.60000000e-01 2.60000000e-01 6.78216453e+06
2.50000000e-01 2.60000000e-01 2.70000000e-01 7.51718638e+06
2.50000000e-01 2.60000000e-01 2.80000000e-01 8.29505835e+06
2.50000000e-01 2.60000000e-01 2.90000000e-01 9.11610593e+06
2.50000000e-01 2.60000000e-01 3.00000000e-01 9.98058209e+06
2.50000000e-01 2.60000000e-01 3.10000000e-01 1.08886964e+07
2.50000000e-01 2.60000000e-01 3.20000000e-01 1.18405640e+07
2.50000000e-01 2.60000000e-01 3.30000000e-01 1.28362534e+07
2.50000000e-01 2.60000000e-01 3.40000000e-01 1.38757838e+07
2.50000000e-01 2.60000000e-01 3.50000000e-01 1.49591144e+07
2.50000000e-01 2.60000000e-01 3.60000000e-01 1.60861434e+07
2.50000000e-01 2.60000000e-01 3.70000000e-01 1.72567263e+07
2.50000000e-01 2.60000000e-01 3.80000000e-01 1.84706499e+07
2.50000000e-01 2.60000000e-01 3.90000000e-01 1.97277400e+07
2.50000000e-01 2.60000000e-01 4.00000000e-01 2.10276682e+07
2.50000000e-01 2.60000000e-01 4.10000000e-01 2.23700685e+07
2.50000000e-01 2.60000000e-01 4.20000000e-01 2.37546290e+07
2.50000000e-01 2.60000000e-01 4.30000000e-01 2.51809442e+07
2.50000000e-01 2.60000000e-01 4.40000000e-01 2.66485615e+07
2.50000000e-01 2.60000000e-01 4.50000000e-01 2.81569529e+07
2.50000000e-01 2.60000000e-01 4.60000000e-01 2.97056252e+07
2.50000000e-01 2.60000000e-01 4.70000000e-01 3.12940764e+07
2.50000000e-01 2.60000000e-01 4.80000000e-01 3.29217473e+07
2.50000000e-01 2.60000000e-01 4.90000000e-01 3.45880175e+07
2.50000000e-01 2.60000000e-01 5.00000000e-01 3.62922468e+07
2.50000000e-01 2.60000000e-01 5.10000000e-01 3.80337790e+07
2.50000000e-01 2.60000000e-01 5.20000000e-01 3.98119012e+07
2.50000000e-01 2.60000000e-01 5.30000000e-01 4.16259695e+07
2.50000000e-01 2.60000000e-01 5.40000000e-01 4.34752304e+07
2.50000000e-01 2.60000000e-01 5.50000000e-01 4.53589601e+07
2.50000000e-01 2.60000000e-01 5.60000000e-01 4.72763923e+07
2.50000000e-01 2.60000000e-01 5.70000000e-01 4.92267347e+07
2.50000000e-01 2.60000000e-01 5.80000000e-01 5.12091965e+07
2.50000000e-01 2.60000000e-01 5.90000000e-01 5.32230080e+07
2.50000000e-01 2.60000000e-01 6.00000000e-01 5.52672894e+07
2.50000000e-01 2.60000000e-01 6.10000000e-01 5.73412356e+07
2.50000000e-01 2.60000000e-01 6.20000000e-01 5.94439812e+07
2.50000000e-01 2.60000000e-01 6.30000000e-01 6.15746359e+07
2.50000000e-01 2.60000000e-01 6.40000000e-01 6.37324358e+07
2.50000000e-01 2.60000000e-01 6.50000000e-01 6.59164804e+07
2.50000000e-01 2.60000000e-01 6.60000000e-01 6.81257324e+07
2.50000000e-01 2.60000000e-01 6.70000000e-01 7.03594592e+07
2.50000000e-01 2.60000000e-01 6.80000000e-01 7.26166602e+07
2.50000000e-01 2.60000000e-01 6.90000000e-01 7.48964705e+07
2.50000000e-01 2.60000000e-01 7.00000000e-01 7.71979874e+07
2.50000000e-01 2.60000000e-01 7.10000000e-01 7.95202545e+07
2.50000000e-01 2.60000000e-01 7.20000000e-01 8.18624307e+07
2.50000000e-01 2.60000000e-01 7.30000000e-01 8.42235934e+07
2.50000000e-01 2.60000000e-01 7.40000000e-01 8.66027596e+07
2.50000000e-01 2.60000000e-01 7.50000000e-01 8.89990302e+07
2.50000000e-01 2.60000000e-01 7.60000000e-01 9.14115174e+07
2.50000000e-01 2.60000000e-01 7.70000000e-01 9.38392668e+07
2.50000000e-01 2.60000000e-01 7.80000000e-01 9.62813962e+07
2.50000000e-01 2.60000000e-01 7.90000000e-01 9.87369523e+07
2.50000000e-01 2.60000000e-01 8.00000000e-01 1.01205036e+08
2.50000000e-01 2.60000000e-01 8.10000000e-01 1.03684775e+08
2.50000000e-01 2.60000000e-01 8.20000000e-01 1.06175193e+08
2.50000000e-01 2.60000000e-01 8.30000000e-01 1.08675385e+08
2.50000000e-01 2.60000000e-01 8.40000000e-01 1.11184431e+08
2.50000000e-01 2.60000000e-01 8.50000000e-01 1.13701524e+08
2.50000000e-01 2.60000000e-01 8.60000000e-01 1.16225784e+08
2.50000000e-01 2.60000000e-01 8.70000000e-01 1.18756210e+08
2.50000000e-01 2.60000000e-01 8.80000000e-01 1.21292080e+08
2.50000000e-01 2.60000000e-01 8.90000000e-01 1.23832496e+08
2.50000000e-01 2.60000000e-01 9.00000000e-01 1.26376593e+08
2.50000000e-01 2.60000000e-01 9.10000000e-01 1.28923387e+08
2.50000000e-01 2.60000000e-01 9.20000000e-01 1.31472139e+08
2.50000000e-01 2.60000000e-01 9.30000000e-01 1.34022009e+08
2.50000000e-01 2.60000000e-01 9.40000000e-01 1.36572166e+08
2.50000000e-01 2.60000000e-01 9.50000000e-01 1.39121735e+08
2.50000000e-01 2.60000000e-01 9.60000000e-01 1.41669901e+08
2.50000000e-01 2.60000000e-01 9.70000000e-01 1.44216021e+08
2.50000000e-01 2.60000000e-01 9.80000000e-01 1.46759112e+08
2.50000000e-01 2.60000000e-01 9.90000000e-01 1.49298495e+08
2.50000000e-01 2.60000000e-01 1.00000000e+00 1.51833389e+08
2.50000000e-01 2.60000000e-01 1.01000000e+00 1.54363078e+08
2.50000000e-01 2.60000000e-01 1.02000000e+00 1.56886741e+08
2.50000000e-01 2.60000000e-01 1.03000000e+00 1.59403638e+08
2.50000000e-01 2.60000000e-01 1.04000000e+00 1.61913122e+08
2.50000000e-01 2.60000000e-01 1.05000000e+00 1.64414399e+08
2.50000000e-01 2.60000000e-01 1.06000000e+00 1.66906817e+08
2.50000000e-01 2.60000000e-01 1.07000000e+00 1.69389608e+08
2.50000000e-01 2.60000000e-01 1.08000000e+00 1.71862227e+08
2.50000000e-01 2.60000000e-01 1.09000000e+00 1.74323841e+08
2.50000000e-01 2.60000000e-01 1.10000000e+00 1.76773812e+08
2.50000000e-01 2.60000000e-01 1.11000000e+00 1.79211734e+08
2.50000000e-01 2.60000000e-01 1.12000000e+00 1.81636806e+08
2.50000000e-01 2.60000000e-01 1.13000000e+00 1.84048311e+08
2.50000000e-01 2.60000000e-01 1.14000000e+00 1.86445839e+08
2.50000000e-01 2.60000000e-01 1.15000000e+00 1.88828636e+08
2.50000000e-01 2.60000000e-01 1.16000000e+00 1.91196134e+08
2.50000000e-01 2.60000000e-01 1.17000000e+00 1.93547722e+08
2.50000000e-01 2.60000000e-01 1.18000000e+00 1.95883026e+08
2.50000000e-01 2.60000000e-01 1.19000000e+00 1.98201407e+08
2.50000000e-01 2.60000000e-01 1.20000000e+00 2.00502384e+08
2.50000000e-01 2.60000000e-01 1.21000000e+00 2.02785420e+08
2.50000000e-01 2.60000000e-01 1.22000000e+00 2.05050079e+08
2.50000000e-01 2.60000000e-01 1.23000000e+00 2.07295644e+08
2.50000000e-01 2.60000000e-01 1.24000000e+00 2.09521800e+08
2.50000000e-01 2.60000000e-01 1.25000000e+00 2.11728006e+08
2.50000000e-01 2.60000000e-01 1.26000000e+00 2.13913863e+08
2.50000000e-01 2.60000000e-01 1.27000000e+00 2.16078817e+08
2.50000000e-01 2.60000000e-01 1.28000000e+00 2.18222599e+08
2.50000000e-01 2.60000000e-01 1.29000000e+00 2.20344585e+08
2.50000000e-01 2.60000000e-01 1.30000000e+00 2.22444591e+08
2.50000000e-01 2.60000000e-01 1.31000000e+00 2.24522275e+08
2.50000000e-01 2.60000000e-01 1.32000000e+00 2.26577129e+08
2.50000000e-01 2.60000000e-01 1.33000000e+00 2.28608646e+08
2.50000000e-01 2.60000000e-01 1.34000000e+00 2.30616658e+08
2.50000000e-01 2.60000000e-01 1.35000000e+00 2.32600761e+08
2.50000000e-01 2.60000000e-01 1.36000000e+00 2.34560650e+08
2.50000000e-01 2.60000000e-01 1.37000000e+00 2.36496034e+08
2.50000000e-01 2.60000000e-01 1.38000000e+00 2.38406542e+08
2.50000000e-01 2.60000000e-01 1.39000000e+00 2.40291849e+08
2.50000000e-01 2.60000000e-01 1.40000000e+00 2.42151804e+08
2.50000000e-01 2.60000000e-01 1.41000000e+00 2.43986060e+08
2.50000000e-01 2.60000000e-01 1.42000000e+00 2.45794372e+08
2.50000000e-01 2.60000000e-01 1.43000000e+00 2.47576668e+08
2.50000000e-01 2.60000000e-01 1.44000000e+00 2.49332247e+08
2.50000000e-01 2.60000000e-01 1.45000000e+00 2.51061219e+08
2.50000000e-01 2.60000000e-01 1.46000000e+00 2.52763329e+08
2.50000000e-01 2.60000000e-01 1.47000000e+00 2.54438490e+08
2.50000000e-01 2.60000000e-01 1.48000000e+00 2.56086332e+08
2.50000000e-01 2.60000000e-01 1.49000000e+00 2.57706720e+08
2.50000000e-01 2.60000000e-01 1.50000000e+00 2.59299610e+08
2.50000000e-01 2.60000000e-01 1.51000000e+00 2.60864537e+08
2.50000000e-01 2.60000000e-01 1.52000000e+00 2.62401671e+08
2.50000000e-01 2.60000000e-01 1.53000000e+00 2.63910725e+08
2.50000000e-01 2.60000000e-01 1.54000000e+00 2.65391554e+08
2.50000000e-01 2.60000000e-01 1.55000000e+00 2.66844230e+08
2.50000000e-01 2.60000000e-01 1.56000000e+00 2.68268487e+08
2.50000000e-01 2.60000000e-01 1.57000000e+00 2.69664229e+08
2.50000000e-01 2.60000000e-01 1.58000000e+00 2.71031372e+08
2.50000000e-01 2.60000000e-01 1.59000000e+00 2.72369878e+08
2.50000000e-01 2.60000000e-01 1.60000000e+00 2.73679602e+08
2.50000000e-01 2.60000000e-01 1.61000000e+00 2.74960623e+08
2.50000000e-01 2.60000000e-01 1.62000000e+00 2.76212741e+08
2.50000000e-01 2.60000000e-01 1.63000000e+00 2.77435794e+08
2.50000000e-01 2.60000000e-01 1.64000000e+00 2.78630134e+08
2.50000000e-01 2.60000000e-01 1.65000000e+00 2.79795577e+08
2.50000000e-01 2.60000000e-01 1.66000000e+00 2.80932127e+08
2.50000000e-01 2.60000000e-01 1.67000000e+00 2.82039580e+08
2.50000000e-01 2.60000000e-01 1.68000000e+00 2.83118191e+08
2.50000000e-01 2.60000000e-01 1.69000000e+00 2.84167785e+08
2.50000000e-01 2.60000000e-01 1.70000000e+00 2.85188481e+08
2.50000000e-01 2.60000000e-01 1.71000000e+00 2.86180248e+08
2.50000000e-01 2.60000000e-01 1.72000000e+00 2.87143220e+08
2.50000000e-01 2.60000000e-01 1.73000000e+00 2.88077313e+08
2.50000000e-01 2.60000000e-01 1.74000000e+00 2.88982711e+08
2.50000000e-01 2.60000000e-01 1.75000000e+00 2.89859187e+08
2.50000000e-01 2.60000000e-01 1.76000000e+00 2.90707291e+08
2.50000000e-01 2.60000000e-01 1.77000000e+00 2.91526583e+08
2.50000000e-01 2.60000000e-01 1.78000000e+00 2.92317731e+08
2.50000000e-01 2.60000000e-01 1.79000000e+00 2.93080285e+08
2.50000000e-01 2.60000000e-01 1.80000000e+00 2.93814332e+08
2.50000000e-01 2.60000000e-01 1.81000000e+00 2.94520127e+08
2.50000000e-01 2.60000000e-01 1.82000000e+00 2.95197795e+08
2.50000000e-01 2.60000000e-01 1.83000000e+00 2.95847426e+08
2.50000000e-01 2.60000000e-01 1.84000000e+00 2.96469161e+08
2.50000000e-01 2.60000000e-01 1.85000000e+00 2.97063059e+08
2.50000000e-01 2.60000000e-01 1.86000000e+00 2.97629286e+08
2.50000000e-01 2.60000000e-01 1.87000000e+00 2.98167966e+08
2.50000000e-01 2.60000000e-01 1.88000000e+00 2.98679226e+08
2.50000000e-01 2.60000000e-01 1.89000000e+00 2.99163229e+08
2.50000000e-01 2.60000000e-01 1.90000000e+00 2.99620102e+08
2.50000000e-01 2.60000000e-01 1.91000000e+00 3.00050089e+08
2.50000000e-01 2.60000000e-01 1.92000000e+00 3.00453171e+08
2.50000000e-01 2.60000000e-01 1.93000000e+00 3.00829616e+08
2.50000000e-01 2.60000000e-01 1.94000000e+00 3.01179616e+08
2.50000000e-01 2.60000000e-01 1.95000000e+00 3.01503141e+08
2.50000000e-01 2.60000000e-01 1.96000000e+00 3.01800602e+08
2.50000000e-01 2.60000000e-01 1.97000000e+00 3.02072041e+08
2.50000000e-01 2.60000000e-01 1.98000000e+00 3.02317728e+08
2.50000000e-01 2.60000000e-01 1.99000000e+00 3.02537807e+08
2.50000000e-01 2.60000000e-01 2.00000000e+00 3.02732475e+08
2.60000000e-01 2.70000000e-01 1.00000000e-02 4.67345046e+00
2.60000000e-01 2.70000000e-01 2.00000000e-02 2.38434457e+02
2.60000000e-01 2.70000000e-01 3.00000000e-02 1.52696617e+03
2.60000000e-01 2.70000000e-01 4.00000000e-02 5.25472896e+03
2.60000000e-01 2.70000000e-01 5.00000000e-02 1.33722129e+04
2.60000000e-01 2.70000000e-01 6.00000000e-02 2.84748829e+04
2.60000000e-01 2.70000000e-01 7.00000000e-02 5.39405390e+04
2.60000000e-01 2.70000000e-01 8.00000000e-02 9.43419818e+04
2.60000000e-01 2.70000000e-01 9.00000000e-02 1.55973779e+05
2.60000000e-01 2.70000000e-01 1.00000000e-01 2.48775727e+05
2.60000000e-01 2.70000000e-01 1.10000000e-01 3.95420513e+05
2.60000000e-01 2.70000000e-01 1.20000000e-01 6.19506023e+05
2.60000000e-01 2.70000000e-01 1.30000000e-01 8.42624277e+05
2.60000000e-01 2.70000000e-01 1.40000000e-01 1.08779345e+06
2.60000000e-01 2.70000000e-01 1.50000000e-01 1.36082771e+06
2.60000000e-01 2.70000000e-01 1.60000000e-01 1.66455498e+06
2.60000000e-01 2.70000000e-01 1.70000000e-01 2.00091766e+06
2.60000000e-01 2.70000000e-01 1.80000000e-01 2.37144680e+06
2.60000000e-01 2.70000000e-01 1.90000000e-01 2.77742529e+06
2.60000000e-01 2.70000000e-01 2.00000000e-01 3.21996993e+06
2.60000000e-01 2.70000000e-01 2.10000000e-01 3.70004533e+06
2.60000000e-01 2.70000000e-01 2.20000000e-01 4.21851673e+06
2.60000000e-01 2.70000000e-01 2.30000000e-01 4.77613765e+06
2.60000000e-01 2.70000000e-01 2.40000000e-01 5.37356350e+06
2.60000000e-01 2.70000000e-01 2.50000000e-01 6.01137058e+06
2.60000000e-01 2.70000000e-01 2.60000000e-01 6.69004592e+06
2.60000000e-01 2.70000000e-01 2.70000000e-01 7.41000023e+06
2.60000000e-01 2.70000000e-01 2.80000000e-01 8.17157166e+06
2.60000000e-01 2.70000000e-01 2.90000000e-01 8.97503205e+06
2.60000000e-01 2.70000000e-01 3.00000000e-01 9.82056916e+06
2.60000000e-01 2.70000000e-01 3.10000000e-01 1.07083314e+07
2.60000000e-01 2.70000000e-01 3.20000000e-01 1.16383810e+07
2.60000000e-01 2.70000000e-01 3.30000000e-01 1.26107321e+07
2.60000000e-01 2.70000000e-01 3.40000000e-01 1.36253557e+07
2.60000000e-01 2.70000000e-01 3.50000000e-01 1.46821290e+07
2.60000000e-01 2.70000000e-01 3.60000000e-01 1.57809110e+07
2.60000000e-01 2.70000000e-01 3.70000000e-01 1.69215406e+07
2.60000000e-01 2.70000000e-01 3.80000000e-01 1.81036911e+07
2.60000000e-01 2.70000000e-01 3.90000000e-01 1.93271047e+07
2.60000000e-01 2.70000000e-01 4.00000000e-01 2.05915153e+07
2.60000000e-01 2.70000000e-01 4.10000000e-01 2.18964720e+07
2.60000000e-01 2.70000000e-01 4.20000000e-01 2.32415748e+07
2.60000000e-01 2.70000000e-01 4.30000000e-01 2.46263609e+07
2.60000000e-01 2.70000000e-01 4.40000000e-01 2.60503599e+07
2.60000000e-01 2.70000000e-01 4.50000000e-01 2.75130319e+07
2.60000000e-01 2.70000000e-01 4.60000000e-01 2.90138874e+07
2.60000000e-01 2.70000000e-01 4.70000000e-01 3.05522832e+07
2.60000000e-01 2.70000000e-01 4.80000000e-01 3.21276404e+07
2.60000000e-01 2.70000000e-01 4.90000000e-01 3.37391957e+07
2.60000000e-01 2.70000000e-01 5.00000000e-01 3.53863773e+07
2.60000000e-01 2.70000000e-01 5.10000000e-01 3.70685330e+07
2.60000000e-01 2.70000000e-01 5.20000000e-01 3.87849311e+07
2.60000000e-01 2.70000000e-01 5.30000000e-01 4.05348442e+07
2.60000000e-01 2.70000000e-01 5.40000000e-01 4.23174333e+07
2.60000000e-01 2.70000000e-01 5.50000000e-01 4.41320025e+07
2.60000000e-01 2.70000000e-01 5.60000000e-01 4.59777654e+07
2.60000000e-01 2.70000000e-01 5.70000000e-01 4.78538738e+07
2.60000000e-01 2.70000000e-01 5.80000000e-01 4.97595440e+07
2.60000000e-01 2.70000000e-01 5.90000000e-01 5.16939230e+07
2.60000000e-01 2.70000000e-01 6.00000000e-01 5.36561431e+07
2.60000000e-01 2.70000000e-01 6.10000000e-01 5.56454055e+07
2.60000000e-01 2.70000000e-01 6.20000000e-01 5.76608284e+07
2.60000000e-01 2.70000000e-01 6.30000000e-01 5.97015615e+07
2.60000000e-01 2.70000000e-01 6.40000000e-01 6.17665717e+07
2.60000000e-01 2.70000000e-01 6.50000000e-01 6.38551174e+07
2.60000000e-01 2.70000000e-01 6.60000000e-01 6.59662609e+07
2.60000000e-01 2.70000000e-01 6.70000000e-01 6.80990937e+07
2.60000000e-01 2.70000000e-01 6.80000000e-01 7.02527096e+07
2.60000000e-01 2.70000000e-01 6.90000000e-01 7.24261421e+07
2.60000000e-01 2.70000000e-01 7.00000000e-01 7.46185779e+07
2.60000000e-01 2.70000000e-01 7.10000000e-01 7.68290315e+07
2.60000000e-01 2.70000000e-01 7.20000000e-01 7.90566182e+07
2.60000000e-01 2.70000000e-01 7.30000000e-01 8.13004167e+07
2.60000000e-01 2.70000000e-01 7.40000000e-01 8.35594826e+07
2.60000000e-01 2.70000000e-01 7.50000000e-01 8.58329110e+07
2.60000000e-01 2.70000000e-01 7.60000000e-01 8.81197561e+07
2.60000000e-01 2.70000000e-01 7.70000000e-01 9.04191518e+07
2.60000000e-01 2.70000000e-01 7.80000000e-01 9.27302158e+07
2.60000000e-01 2.70000000e-01 7.90000000e-01 9.50519802e+07
2.60000000e-01 2.70000000e-01 8.00000000e-01 9.73835076e+07
2.60000000e-01 2.70000000e-01 8.10000000e-01 9.97238476e+07
2.60000000e-01 2.70000000e-01 8.20000000e-01 1.02072334e+08
2.60000000e-01 2.70000000e-01 8.30000000e-01 1.04428027e+08
2.60000000e-01 2.70000000e-01 8.40000000e-01 1.06789904e+08
2.60000000e-01 2.70000000e-01 8.50000000e-01 1.09157171e+08
2.60000000e-01 2.70000000e-01 8.60000000e-01 1.11528914e+08
2.60000000e-01 2.70000000e-01 8.70000000e-01 1.13904336e+08
2.60000000e-01 2.70000000e-01 8.80000000e-01 1.16282665e+08
2.60000000e-01 2.70000000e-01 8.90000000e-01 1.18662855e+08
2.60000000e-01 2.70000000e-01 9.00000000e-01 1.21044140e+08
2.60000000e-01 2.70000000e-01 9.10000000e-01 1.23425749e+08
2.60000000e-01 2.70000000e-01 9.20000000e-01 1.25806846e+08
2.60000000e-01 2.70000000e-01 9.30000000e-01 1.28186562e+08
2.60000000e-01 2.70000000e-01 9.40000000e-01 1.30564167e+08
2.60000000e-01 2.70000000e-01 9.50000000e-01 1.32938838e+08
2.60000000e-01 2.70000000e-01 9.60000000e-01 1.35309792e+08
2.60000000e-01 2.70000000e-01 9.70000000e-01 1.37676306e+08
2.60000000e-01 2.70000000e-01 9.80000000e-01 1.40037578e+08
2.60000000e-01 2.70000000e-01 9.90000000e-01 1.42392871e+08
2.60000000e-01 2.70000000e-01 1.00000000e+00 1.44741382e+08
2.60000000e-01 2.70000000e-01 1.01000000e+00 1.47082599e+08
2.60000000e-01 2.70000000e-01 1.02000000e+00 1.49415496e+08
2.60000000e-01 2.70000000e-01 1.03000000e+00 1.51739750e+08
2.60000000e-01 2.70000000e-01 1.04000000e+00 1.54054322e+08
2.60000000e-01 2.70000000e-01 1.05000000e+00 1.56358879e+08
2.60000000e-01 2.70000000e-01 1.06000000e+00 1.58652473e+08
2.60000000e-01 2.70000000e-01 1.07000000e+00 1.60934671e+08
2.60000000e-01 2.70000000e-01 1.08000000e+00 1.63204584e+08
2.60000000e-01 2.70000000e-01 1.09000000e+00 1.65461838e+08
2.60000000e-01 2.70000000e-01 1.10000000e+00 1.67705733e+08
2.60000000e-01 2.70000000e-01 1.11000000e+00 1.69935646e+08
2.60000000e-01 2.70000000e-01 1.12000000e+00 1.72151146e+08
2.60000000e-01 2.70000000e-01 1.13000000e+00 1.74351453e+08
2.60000000e-01 2.70000000e-01 1.14000000e+00 1.76536148e+08
2.60000000e-01 2.70000000e-01 1.15000000e+00 1.78704652e+08
2.60000000e-01 2.70000000e-01 1.16000000e+00 1.80856240e+08
2.60000000e-01 2.70000000e-01 1.17000000e+00 1.82990632e+08
2.60000000e-01 2.70000000e-01 1.18000000e+00 1.85107222e+08
2.60000000e-01 2.70000000e-01 1.19000000e+00 1.87205499e+08
2.60000000e-01 2.70000000e-01 1.20000000e+00 1.89285194e+08
2.60000000e-01 2.70000000e-01 1.21000000e+00 1.91345525e+08
2.60000000e-01 2.70000000e-01 1.22000000e+00 1.93386176e+08
2.60000000e-01 2.70000000e-01 1.23000000e+00 1.95406716e+08
2.60000000e-01 2.70000000e-01 1.24000000e+00 1.97406961e+08
2.60000000e-01 2.70000000e-01 1.25000000e+00 1.99386030e+08
2.60000000e-01 2.70000000e-01 1.26000000e+00 2.01343640e+08
2.60000000e-01 2.70000000e-01 1.27000000e+00 2.03279560e+08
2.60000000e-01 2.70000000e-01 1.28000000e+00 2.05193405e+08
2.60000000e-01 2.70000000e-01 1.29000000e+00 2.07084768e+08
2.60000000e-01 2.70000000e-01 1.30000000e+00 2.08953334e+08
2.60000000e-01 2.70000000e-01 1.31000000e+00 2.10798698e+08
2.60000000e-01 2.70000000e-01 1.32000000e+00 2.12620542e+08
2.60000000e-01 2.70000000e-01 1.33000000e+00 2.14418619e+08
2.60000000e-01 2.70000000e-01 1.34000000e+00 2.16192541e+08
2.60000000e-01 2.70000000e-01 1.35000000e+00 2.17942191e+08
2.60000000e-01 2.70000000e-01 1.36000000e+00 2.19667089e+08
2.60000000e-01 2.70000000e-01 1.37000000e+00 2.21367180e+08
2.60000000e-01 2.70000000e-01 1.38000000e+00 2.23042011e+08
2.60000000e-01 2.70000000e-01 1.39000000e+00 2.24691380e+08
2.60000000e-01 2.70000000e-01 1.40000000e+00 2.26315112e+08
2.60000000e-01 2.70000000e-01 1.41000000e+00 2.27912980e+08
2.60000000e-01 2.70000000e-01 1.42000000e+00 2.29484835e+08
2.60000000e-01 2.70000000e-01 1.43000000e+00 2.31030215e+08
2.60000000e-01 2.70000000e-01 1.44000000e+00 2.32549278e+08
2.60000000e-01 2.70000000e-01 1.45000000e+00 2.34041737e+08
2.60000000e-01 2.70000000e-01 1.46000000e+00 2.35507440e+08
2.60000000e-01 2.70000000e-01 1.47000000e+00 2.36946211e+08
2.60000000e-01 2.70000000e-01 1.48000000e+00 2.38357921e+08
2.60000000e-01 2.70000000e-01 1.49000000e+00 2.39742406e+08
2.60000000e-01 2.70000000e-01 1.50000000e+00 2.41099631e+08
2.60000000e-01 2.70000000e-01 1.51000000e+00 2.42429430e+08
2.60000000e-01 2.70000000e-01 1.52000000e+00 2.43731753e+08
2.60000000e-01 2.70000000e-01 1.53000000e+00 2.45006365e+08
2.60000000e-01 2.70000000e-01 1.54000000e+00 2.46253412e+08
2.60000000e-01 2.70000000e-01 1.55000000e+00 2.47472782e+08
2.60000000e-01 2.70000000e-01 1.56000000e+00 2.48664245e+08
2.60000000e-01 2.70000000e-01 1.57000000e+00 2.49827996e+08
2.60000000e-01 2.70000000e-01 1.58000000e+00 2.50963804e+08
2.60000000e-01 2.70000000e-01 1.59000000e+00 2.52071681e+08
2.60000000e-01 2.70000000e-01 1.60000000e+00 2.53151628e+08
2.60000000e-01 2.70000000e-01 1.61000000e+00 2.54203710e+08
2.60000000e-01 2.70000000e-01 1.62000000e+00 2.55227793e+08
2.60000000e-01 2.70000000e-01 1.63000000e+00 2.56223830e+08
2.60000000e-01 2.70000000e-01 1.64000000e+00 2.57192104e+08
2.60000000e-01 2.70000000e-01 1.65000000e+00 2.58132445e+08
2.60000000e-01 2.70000000e-01 1.66000000e+00 2.59044929e+08
2.60000000e-01 2.70000000e-01 1.67000000e+00 2.59929641e+08
2.60000000e-01 2.70000000e-01 1.68000000e+00 2.60786339e+08
2.60000000e-01 2.70000000e-01 1.69000000e+00 2.61615425e+08
2.60000000e-01 2.70000000e-01 1.70000000e+00 2.62416864e+08
2.60000000e-01 2.70000000e-01 1.71000000e+00 2.63190674e+08
2.60000000e-01 2.70000000e-01 1.72000000e+00 2.63937025e+08
2.60000000e-01 2.70000000e-01 1.73000000e+00 2.64655797e+08
2.60000000e-01 2.70000000e-01 1.74000000e+00 2.65347284e+08
2.60000000e-01 2.70000000e-01 1.75000000e+00 2.66011398e+08
2.60000000e-01 2.70000000e-01 1.76000000e+00 2.66648392e+08
2.60000000e-01 2.70000000e-01 1.77000000e+00 2.67258293e+08
2.60000000e-01 2.70000000e-01 1.78000000e+00 2.67841266e+08
2.60000000e-01 2.70000000e-01 1.79000000e+00 2.68397323e+08
2.60000000e-01 2.70000000e-01 1.80000000e+00 2.68926691e+08
2.60000000e-01 2.70000000e-01 1.81000000e+00 2.69429471e+08
2.60000000e-01 2.70000000e-01 1.82000000e+00 2.69905844e+08
2.60000000e-01 2.70000000e-01 1.83000000e+00 2.70355871e+08
2.60000000e-01 2.70000000e-01 1.84000000e+00 2.70779758e+08
2.60000000e-01 2.70000000e-01 1.85000000e+00 2.71177554e+08
2.60000000e-01 2.70000000e-01 1.86000000e+00 2.71549566e+08
2.60000000e-01 2.70000000e-01 1.87000000e+00 2.71895944e+08
2.60000000e-01 2.70000000e-01 1.88000000e+00 2.72216788e+08
2.60000000e-01 2.70000000e-01 1.89000000e+00 2.72512235e+08
2.60000000e-01 2.70000000e-01 1.90000000e+00 2.72782505e+08
2.60000000e-01 2.70000000e-01 1.91000000e+00 2.73027721e+08
2.60000000e-01 2.70000000e-01 1.92000000e+00 2.73248036e+08
2.60000000e-01 2.70000000e-01 1.93000000e+00 2.73443927e+08
2.60000000e-01 2.70000000e-01 1.94000000e+00 2.73615290e+08
2.60000000e-01 2.70000000e-01 1.95000000e+00 2.73762401e+08
2.60000000e-01 2.70000000e-01 1.96000000e+00 2.73885353e+08
2.60000000e-01 2.70000000e-01 1.97000000e+00 2.73984600e+08
2.60000000e-01 2.70000000e-01 1.98000000e+00 2.74060145e+08
2.60000000e-01 2.70000000e-01 1.99000000e+00 2.74112210e+08
2.60000000e-01 2.70000000e-01 2.00000000e+00 2.74141098e+08
2.70000000e-01 2.80000000e-01 1.00000000e-02 4.87212288e+00
2.70000000e-01 2.80000000e-01 2.00000000e-02 2.49136160e+02
2.70000000e-01 2.80000000e-01 3.00000000e-02 1.59875364e+03
2.70000000e-01 2.80000000e-01 4.00000000e-02 5.51381306e+03
2.70000000e-01 2.80000000e-01 5.00000000e-02 1.40668431e+04
2.70000000e-01 2.80000000e-01 6.00000000e-02 3.00450835e+04
2.70000000e-01 2.80000000e-01 7.00000000e-02 5.71359993e+04
2.70000000e-01 2.80000000e-01 8.00000000e-02 1.00468914e+05
2.70000000e-01 2.80000000e-01 9.00000000e-02 1.67497163e+05
2.70000000e-01 2.80000000e-01 1.00000000e-01 2.71759032e+05
2.70000000e-01 2.80000000e-01 1.10000000e-01 4.52815754e+05
2.70000000e-01 2.80000000e-01 1.20000000e-01 6.48972051e+05
2.70000000e-01 2.80000000e-01 1.30000000e-01 8.61443916e+05
2.70000000e-01 2.80000000e-01 1.40000000e-01 1.09930485e+06
2.70000000e-01 2.80000000e-01 1.50000000e-01 1.36581945e+06
2.70000000e-01 2.80000000e-01 1.60000000e-01 1.66307555e+06
2.70000000e-01 2.80000000e-01 1.70000000e-01 1.99268191e+06
2.70000000e-01 2.80000000e-01 1.80000000e-01 2.35597039e+06
2.70000000e-01 2.80000000e-01 1.90000000e-01 2.75408980e+06
2.70000000e-01 2.80000000e-01 2.00000000e-01 3.18804932e+06
2.70000000e-01 2.80000000e-01 2.10000000e-01 3.65873429e+06
2.70000000e-01 2.80000000e-01 2.20000000e-01 4.16692517e+06
2.70000000e-01 2.80000000e-01 2.30000000e-01 4.71330273e+06
2.70000000e-01 2.80000000e-01 2.40000000e-01 5.29846154e+06
2.70000000e-01 2.80000000e-01 2.50000000e-01 5.92290740e+06
2.70000000e-01 2.80000000e-01 2.60000000e-01 6.58706954e+06
2.70000000e-01 2.80000000e-01 2.70000000e-01 7.29128799e+06
2.70000000e-01 2.80000000e-01 2.80000000e-01 8.03585183e+06
2.70000000e-01 2.80000000e-01 2.90000000e-01 8.82096762e+06
2.70000000e-01 2.80000000e-01 3.00000000e-01 9.64676931e+06
2.70000000e-01 2.80000000e-01 3.10000000e-01 1.05133515e+07
2.70000000e-01 2.80000000e-01 3.20000000e-01 1.14207116e+07
2.70000000e-01 2.80000000e-01 3.30000000e-01 1.23688176e+07
2.70000000e-01 2.80000000e-01 3.40000000e-01 1.33575504e+07
2.70000000e-01 2.80000000e-01 3.50000000e-01 1.43867775e+07
2.70000000e-01 2.80000000e-01 3.60000000e-01 1.54563102e+07
2.70000000e-01 2.80000000e-01 3.70000000e-01 1.65658898e+07
2.70000000e-01 2.80000000e-01 3.80000000e-01 1.77152149e+07
2.70000000e-01 2.80000000e-01 3.90000000e-01 1.89039233e+07
2.70000000e-01 2.80000000e-01 4.00000000e-01 2.01316739e+07
2.70000000e-01 2.80000000e-01 4.10000000e-01 2.13980147e+07
2.70000000e-01 2.80000000e-01 4.20000000e-01 2.27024882e+07
2.70000000e-01 2.80000000e-01 4.30000000e-01 2.40446178e+07
2.70000000e-01 2.80000000e-01 4.40000000e-01 2.54238652e+07
2.70000000e-01 2.80000000e-01 4.50000000e-01 2.68396760e+07
2.70000000e-01 2.80000000e-01 4.60000000e-01 2.82914395e+07
2.70000000e-01 2.80000000e-01 4.70000000e-01 2.97785198e+07
2.70000000e-01 2.80000000e-01 4.80000000e-01 3.13002962e+07
2.70000000e-01 2.80000000e-01 4.90000000e-01 3.28560489e+07
2.70000000e-01 2.80000000e-01 5.00000000e-01 3.44451251e+07
2.70000000e-01 2.80000000e-01 5.10000000e-01 3.60667594e+07
2.70000000e-01 2.80000000e-01 5.20000000e-01 3.77202431e+07
2.70000000e-01 2.80000000e-01 5.30000000e-01 3.94047855e+07
2.70000000e-01 2.80000000e-01 5.40000000e-01 4.11196588e+07
2.70000000e-01 2.80000000e-01 5.50000000e-01 4.28640194e+07
2.70000000e-01 2.80000000e-01 5.60000000e-01 4.46370613e+07
2.70000000e-01 2.80000000e-01 5.70000000e-01 4.64379480e+07
2.70000000e-01 2.80000000e-01 5.80000000e-01 4.82658554e+07
2.70000000e-01 2.80000000e-01 5.90000000e-01 5.01199267e+07
2.70000000e-01 2.80000000e-01 6.00000000e-01 5.19992927e+07
2.70000000e-01 2.80000000e-01 6.10000000e-01 5.39030713e+07
2.70000000e-01 2.80000000e-01 6.20000000e-01 5.58303654e+07
2.70000000e-01 2.80000000e-01 6.30000000e-01 5.77803311e+07
2.70000000e-01 2.80000000e-01 6.40000000e-01 5.97520619e+07
2.70000000e-01 2.80000000e-01 6.50000000e-01 6.17446737e+07
2.70000000e-01 2.80000000e-01 6.60000000e-01 6.37572043e+07
2.70000000e-01 2.80000000e-01 6.70000000e-01 6.57887808e+07
2.70000000e-01 2.80000000e-01 6.80000000e-01 6.78385142e+07
2.70000000e-01 2.80000000e-01 6.90000000e-01 6.99054330e+07
2.70000000e-01 2.80000000e-01 7.00000000e-01 7.19885645e+07
2.70000000e-01 2.80000000e-01 7.10000000e-01 7.40871849e+07
2.70000000e-01 2.80000000e-01 7.20000000e-01 7.62002628e+07
2.70000000e-01 2.80000000e-01 7.30000000e-01 7.83268584e+07
2.70000000e-01 2.80000000e-01 7.40000000e-01 8.04661371e+07
2.70000000e-01 2.80000000e-01 7.50000000e-01 8.26171278e+07
2.70000000e-01 2.80000000e-01 7.60000000e-01 8.47789287e+07
2.70000000e-01 2.80000000e-01 7.70000000e-01 8.69506631e+07
2.70000000e-01 2.80000000e-01 7.80000000e-01 8.91313937e+07
2.70000000e-01 2.80000000e-01 7.90000000e-01 9.13202856e+07
2.70000000e-01 2.80000000e-01 8.00000000e-01 9.35164316e+07
2.70000000e-01 2.80000000e-01 8.10000000e-01 9.57189585e+07
2.70000000e-01 2.80000000e-01 8.20000000e-01 9.79269475e+07
2.70000000e-01 2.80000000e-01 8.30000000e-01 1.00139479e+08
2.70000000e-01 2.80000000e-01 8.40000000e-01 1.02355818e+08
2.70000000e-01 2.80000000e-01 8.50000000e-01 1.04575067e+08
2.70000000e-01 2.80000000e-01 8.60000000e-01 1.06796377e+08
2.70000000e-01 2.80000000e-01 8.70000000e-01 1.09018994e+08
2.70000000e-01 2.80000000e-01 8.80000000e-01 1.11241958e+08
2.70000000e-01 2.80000000e-01 8.90000000e-01 1.13464493e+08
2.70000000e-01 2.80000000e-01 9.00000000e-01 1.15685754e+08
2.70000000e-01 2.80000000e-01 9.10000000e-01 1.17905013e+08
2.70000000e-01 2.80000000e-01 9.20000000e-01 1.20121465e+08
2.70000000e-01 2.80000000e-01 9.30000000e-01 1.22334420e+08
2.70000000e-01 2.80000000e-01 9.40000000e-01 1.24542978e+08
2.70000000e-01 2.80000000e-01 9.50000000e-01 1.26746385e+08
2.70000000e-01 2.80000000e-01 9.60000000e-01 1.28943921e+08
2.70000000e-01 2.80000000e-01 9.70000000e-01 1.31134940e+08
2.70000000e-01 2.80000000e-01 9.80000000e-01 1.33318560e+08
2.70000000e-01 2.80000000e-01 9.90000000e-01 1.35494257e+08
2.70000000e-01 2.80000000e-01 1.00000000e+00 1.37661336e+08
2.70000000e-01 2.80000000e-01 1.01000000e+00 1.39819064e+08
2.70000000e-01 2.80000000e-01 1.02000000e+00 1.41966845e+08
2.70000000e-01 2.80000000e-01 1.03000000e+00 1.44103760e+08
2.70000000e-01 2.80000000e-01 1.04000000e+00 1.46229478e+08
2.70000000e-01 2.80000000e-01 1.05000000e+00 1.48343377e+08
2.70000000e-01 2.80000000e-01 1.06000000e+00 1.50444575e+08
2.70000000e-01 2.80000000e-01 1.07000000e+00 1.52532621e+08
2.70000000e-01 2.80000000e-01 1.08000000e+00 1.54606719e+08
2.70000000e-01 2.80000000e-01 1.09000000e+00 1.56666601e+08
2.70000000e-01 2.80000000e-01 1.10000000e+00 1.58711422e+08
2.70000000e-01 2.80000000e-01 1.11000000e+00 1.60740992e+08
2.70000000e-01 2.80000000e-01 1.12000000e+00 1.62754590e+08
2.70000000e-01 2.80000000e-01 1.13000000e+00 1.64751746e+08
2.70000000e-01 2.80000000e-01 1.14000000e+00 1.66731772e+08
2.70000000e-01 2.80000000e-01 1.15000000e+00 1.68694304e+08
2.70000000e-01 2.80000000e-01 1.16000000e+00 1.70638946e+08
2.70000000e-01 2.80000000e-01 1.17000000e+00 1.72565042e+08
2.70000000e-01 2.80000000e-01 1.18000000e+00 1.74472273e+08
2.70000000e-01 2.80000000e-01 1.19000000e+00 1.76360082e+08
2.70000000e-01 2.80000000e-01 1.20000000e+00 1.78228041e+08
2.70000000e-01 2.80000000e-01 1.21000000e+00 1.80075997e+08
2.70000000e-01 2.80000000e-01 1.22000000e+00 1.81903317e+08
2.70000000e-01 2.80000000e-01 1.23000000e+00 1.83709565e+08
2.70000000e-01 2.80000000e-01 1.24000000e+00 1.85494528e+08
2.70000000e-01 2.80000000e-01 1.25000000e+00 1.87257746e+08
2.70000000e-01 2.80000000e-01 1.26000000e+00 1.88998828e+08
2.70000000e-01 2.80000000e-01 1.27000000e+00 1.90717637e+08
2.70000000e-01 2.80000000e-01 1.28000000e+00 1.92413720e+08
2.70000000e-01 2.80000000e-01 1.29000000e+00 1.94086707e+08
2.70000000e-01 2.80000000e-01 1.30000000e+00 1.95736360e+08
2.70000000e-01 2.80000000e-01 1.31000000e+00 1.97362266e+08
2.70000000e-01 2.80000000e-01 1.32000000e+00 1.98964378e+08
2.70000000e-01 2.80000000e-01 1.33000000e+00 2.00542687e+08
2.70000000e-01 2.80000000e-01 1.34000000e+00 2.02096414e+08
2.70000000e-01 2.80000000e-01 1.35000000e+00 2.03625543e+08
2.70000000e-01 2.80000000e-01 1.36000000e+00 2.05129793e+08
2.70000000e-01 2.80000000e-01 1.37000000e+00 2.06609069e+08
2.70000000e-01 2.80000000e-01 1.38000000e+00 2.08063080e+08
2.70000000e-01 2.80000000e-01 1.39000000e+00 2.09491674e+08
2.70000000e-01 2.80000000e-01 1.40000000e+00 2.10894594e+08
2.70000000e-01 2.80000000e-01 1.41000000e+00 2.12271845e+08
2.70000000e-01 2.80000000e-01 1.42000000e+00 2.13623236e+08
2.70000000e-01 2.80000000e-01 1.43000000e+00 2.14948532e+08
2.70000000e-01 2.80000000e-01 1.44000000e+00 2.16247612e+08
2.70000000e-01 2.80000000e-01 1.45000000e+00 2.17520442e+08
2.70000000e-01 2.80000000e-01 1.46000000e+00 2.18766858e+08
2.70000000e-01 2.80000000e-01 1.47000000e+00 2.19986599e+08
2.70000000e-01 2.80000000e-01 1.48000000e+00 2.21179900e+08
2.70000000e-01 2.80000000e-01 1.49000000e+00 2.22346449e+08
2.70000000e-01 2.80000000e-01 1.50000000e+00 2.23486269e+08
2.70000000e-01 2.80000000e-01 1.51000000e+00 2.24599376e+08
2.70000000e-01 2.80000000e-01 1.52000000e+00 2.25685418e+08
2.70000000e-01 2.80000000e-01 1.53000000e+00 2.26744762e+08
2.70000000e-01 2.80000000e-01 1.54000000e+00 2.27777149e+08
2.70000000e-01 2.80000000e-01 1.55000000e+00 2.28782729e+08
2.70000000e-01 2.80000000e-01 1.56000000e+00 2.29761219e+08
2.70000000e-01 2.80000000e-01 1.57000000e+00 2.30712710e+08
2.70000000e-01 2.80000000e-01 1.58000000e+00 2.31637200e+08
2.70000000e-01 2.80000000e-01 1.59000000e+00 2.32534809e+08
2.70000000e-01 2.80000000e-01 1.60000000e+00 2.33405652e+08
2.70000000e-01 2.80000000e-01 1.61000000e+00 2.34249585e+08
2.70000000e-01 2.80000000e-01 1.62000000e+00 2.35066664e+08
2.70000000e-01 2.80000000e-01 1.63000000e+00 2.35856901e+08
2.70000000e-01 2.80000000e-01 1.64000000e+00 2.36620537e+08
2.70000000e-01 2.80000000e-01 1.65000000e+00 2.37357445e+08
2.70000000e-01 2.80000000e-01 1.66000000e+00 2.38067609e+08
2.70000000e-01 2.80000000e-01 1.67000000e+00 2.38751426e+08
2.70000000e-01 2.80000000e-01 1.68000000e+00 2.39408851e+08
2.70000000e-01 2.80000000e-01 1.69000000e+00 2.40039883e+08
2.70000000e-01 2.80000000e-01 1.70000000e+00 2.40644704e+08
2.70000000e-01 2.80000000e-01 1.71000000e+00 2.41223402e+08
2.70000000e-01 2.80000000e-01 1.72000000e+00 2.41776018e+08
2.70000000e-01 2.80000000e-01 1.73000000e+00 2.42302837e+08
2.70000000e-01 2.80000000e-01 1.74000000e+00 2.42803756e+08
2.70000000e-01 2.80000000e-01 1.75000000e+00 2.43278996e+08
2.70000000e-01 2.80000000e-01 1.76000000e+00 2.43728751e+08
2.70000000e-01 2.80000000e-01 1.77000000e+00 2.44153132e+08
2.70000000e-01 2.80000000e-01 1.78000000e+00 2.44552205e+08
2.70000000e-01 2.80000000e-01 1.79000000e+00 2.44925914e+08
2.70000000e-01 2.80000000e-01 1.80000000e+00 2.45275033e+08
2.70000000e-01 2.80000000e-01 1.81000000e+00 2.45599274e+08
2.70000000e-01 2.80000000e-01 1.82000000e+00 2.45898907e+08
2.70000000e-01 2.80000000e-01 1.83000000e+00 2.46174131e+08
2.70000000e-01 2.80000000e-01 1.84000000e+00 2.46425035e+08
2.70000000e-01 2.80000000e-01 1.85000000e+00 2.46651851e+08
2.70000000e-01 2.80000000e-01 1.86000000e+00 2.46854788e+08
2.70000000e-01 2.80000000e-01 1.87000000e+00 2.47034059e+08
2.70000000e-01 2.80000000e-01 1.88000000e+00 2.47189751e+08
2.70000000e-01 2.80000000e-01 1.89000000e+00 2.47322077e+08
2.70000000e-01 2.80000000e-01 1.90000000e+00 2.47431296e+08
2.70000000e-01 2.80000000e-01 1.91000000e+00 2.47517528e+08
2.70000000e-01 2.80000000e-01 1.92000000e+00 2.47581029e+08
2.70000000e-01 2.80000000e-01 1.93000000e+00 2.47622019e+08
2.70000000e-01 2.80000000e-01 1.94000000e+00 2.47640677e+08
2.70000000e-01 2.80000000e-01 1.95000000e+00 2.47637264e+08
2.70000000e-01 2.80000000e-01 1.96000000e+00 2.47611943e+08
2.70000000e-01 2.80000000e-01 1.97000000e+00 2.47564944e+08
2.70000000e-01 2.80000000e-01 1.98000000e+00 2.47496512e+08
2.70000000e-01 2.80000000e-01 1.99000000e+00 2.47406828e+08
2.70000000e-01 2.80000000e-01 2.00000000e+00 2.47296175e+08
2.80000000e-01 2.90000000e-01 1.00000000e-02 5.07357492e+00
2.80000000e-01 2.90000000e-01 2.00000000e-02 2.60066719e+02
2.80000000e-01 2.90000000e-01 3.00000000e-02 1.67257563e+03
2.80000000e-01 2.90000000e-01 4.00000000e-02 5.78224573e+03
2.80000000e-01 2.90000000e-01 5.00000000e-02 1.47930712e+04
2.80000000e-01 2.90000000e-01 6.00000000e-02 3.17065361e+04
2.80000000e-01 2.90000000e-01 7.00000000e-02 6.05740757e+04
2.80000000e-01 2.90000000e-01 8.00000000e-02 1.07239013e+05
2.80000000e-01 2.90000000e-01 9.00000000e-02 1.80926582e+05
2.80000000e-01 2.90000000e-01 1.00000000e-01 3.06102976e+05
2.80000000e-01 2.90000000e-01 1.10000000e-01 4.83950391e+05
2.80000000e-01 2.90000000e-01 1.20000000e-01 6.66768482e+05
2.80000000e-01 2.90000000e-01 1.30000000e-01 8.71999054e+05
2.80000000e-01 2.90000000e-01 1.40000000e-01 1.10371970e+06
2.80000000e-01 2.90000000e-01 1.50000000e-01 1.36423002e+06
2.80000000e-01 2.90000000e-01 1.60000000e-01 1.65522804e+06
2.80000000e-01 2.90000000e-01 1.70000000e-01 1.97811086e+06
2.80000000e-01 2.90000000e-01 1.80000000e-01 2.33407390e+06
2.80000000e-01 2.90000000e-01 1.90000000e-01 2.72415959e+06
2.80000000e-01 2.90000000e-01 2.00000000e-01 3.14929125e+06
2.80000000e-01 2.90000000e-01 2.10000000e-01 3.61027789e+06
2.80000000e-01 2.90000000e-01 2.20000000e-01 4.10782626e+06
2.80000000e-01 2.90000000e-01 2.30000000e-01 4.64255661e+06
2.80000000e-01 2.90000000e-01 2.40000000e-01 5.21499370e+06
2.80000000e-01 2.90000000e-01 2.50000000e-01 5.82558444e+06
2.80000000e-01 2.90000000e-01 2.60000000e-01 6.47469388e+06
2.80000000e-01 2.90000000e-01 2.70000000e-01 7.16261636e+06
2.80000000e-01 2.90000000e-01 2.80000000e-01 7.88956692e+06
2.80000000e-01 2.90000000e-01 2.90000000e-01 8.65570473e+06
2.80000000e-01 2.90000000e-01 3.00000000e-01 9.46110286e+06
2.80000000e-01 2.90000000e-01 3.10000000e-01 1.03057920e+07
2.80000000e-01 2.90000000e-01 3.20000000e-01 1.11897255e+07
2.80000000e-01 2.90000000e-01 3.30000000e-01 1.21128185e+07
2.80000000e-01 2.90000000e-01 3.40000000e-01 1.30749152e+07
2.80000000e-01 2.90000000e-01 3.50000000e-01 1.40757870e+07
2.80000000e-01 2.90000000e-01 3.60000000e-01 1.51152388e+07
2.80000000e-01 2.90000000e-01 3.70000000e-01 1.61929321e+07
2.80000000e-01 2.90000000e-01 3.80000000e-01 1.73085522e+07
2.80000000e-01 2.90000000e-01 3.90000000e-01 1.84617007e+07
2.80000000e-01 2.90000000e-01 4.00000000e-01 1.96519335e+07
2.80000000e-01 2.90000000e-01 4.10000000e-01 2.08787933e+07
2.80000000e-01 2.90000000e-01 4.20000000e-01 2.21417864e+07
2.80000000e-01 2.90000000e-01 4.30000000e-01 2.34403631e+07
2.80000000e-01 2.90000000e-01 4.40000000e-01 2.47739543e+07
2.80000000e-01 2.90000000e-01 4.50000000e-01 2.61419605e+07
2.80000000e-01 2.90000000e-01 4.60000000e-01 2.75437612e+07
2.80000000e-01 2.90000000e-01 4.70000000e-01 2.89786670e+07
2.80000000e-01 2.90000000e-01 4.80000000e-01 3.04460351e+07
2.80000000e-01 2.90000000e-01 4.90000000e-01 3.19451448e+07
2.80000000e-01 2.90000000e-01 5.00000000e-01 3.34752712e+07
2.80000000e-01 2.90000000e-01 5.10000000e-01 3.50356726e+07
2.80000000e-01 2.90000000e-01 5.20000000e-01 3.66255201e+07
2.80000000e-01 2.90000000e-01 5.30000000e-01 3.82440498e+07
2.80000000e-01 2.90000000e-01 5.40000000e-01 3.98904709e+07
2.80000000e-01 2.90000000e-01 5.50000000e-01 4.15639542e+07
2.80000000e-01 2.90000000e-01 5.60000000e-01 4.32636859e+07
2.80000000e-01 2.90000000e-01 5.70000000e-01 4.49888352e+07
2.80000000e-01 2.90000000e-01 5.80000000e-01 4.67385227e+07
2.80000000e-01 2.90000000e-01 5.90000000e-01 4.85118435e+07
2.80000000e-01 2.90000000e-01 6.00000000e-01 5.03079436e+07
2.80000000e-01 2.90000000e-01 6.10000000e-01 5.21259616e+07
2.80000000e-01 2.90000000e-01 6.20000000e-01 5.39649827e+07
2.80000000e-01 2.90000000e-01 6.30000000e-01 5.58241318e+07
2.80000000e-01 2.90000000e-01 6.40000000e-01 5.77024986e+07
2.80000000e-01 2.90000000e-01 6.50000000e-01 5.95991671e+07
2.80000000e-01 2.90000000e-01 6.60000000e-01 6.15132447e+07
2.80000000e-01 2.90000000e-01 6.70000000e-01 6.34437775e+07
2.80000000e-01 2.90000000e-01 6.80000000e-01 6.53898893e+07
2.80000000e-01 2.90000000e-01 6.90000000e-01 6.73506657e+07
2.80000000e-01 2.90000000e-01 7.00000000e-01 6.93251633e+07
2.80000000e-01 2.90000000e-01 7.10000000e-01 7.13125212e+07
2.80000000e-01 2.90000000e-01 7.20000000e-01 7.33118155e+07
2.80000000e-01 2.90000000e-01 7.30000000e-01 7.53221296e+07
2.80000000e-01 2.90000000e-01 7.40000000e-01 7.73426081e+07
2.80000000e-01 2.90000000e-01 7.50000000e-01 7.93722929e+07
2.80000000e-01 2.90000000e-01 7.60000000e-01 8.14102943e+07
2.80000000e-01 2.90000000e-01 7.70000000e-01 8.34557109e+07
2.80000000e-01 2.90000000e-01 7.80000000e-01 8.55076815e+07
2.80000000e-01 2.90000000e-01 7.90000000e-01 8.75654526e+07
2.80000000e-01 2.90000000e-01 8.00000000e-01 8.96279588e+07
2.80000000e-01 2.90000000e-01 8.10000000e-01 9.16944197e+07
2.80000000e-01 2.90000000e-01 8.20000000e-01 9.37640501e+07
2.80000000e-01 2.90000000e-01 8.30000000e-01 9.58359812e+07
2.80000000e-01 2.90000000e-01 8.40000000e-01 9.79093466e+07
2.80000000e-01 2.90000000e-01 8.50000000e-01 9.99832457e+07
2.80000000e-01 2.90000000e-01 8.60000000e-01 1.02057007e+08
2.80000000e-01 2.90000000e-01 8.70000000e-01 1.04129746e+08
2.80000000e-01 2.90000000e-01 8.80000000e-01 1.06200743e+08
2.80000000e-01 2.90000000e-01 8.90000000e-01 1.08269104e+08
2.80000000e-01 2.90000000e-01 9.00000000e-01 1.10334140e+08
2.80000000e-01 2.90000000e-01 9.10000000e-01 1.12394914e+08
2.80000000e-01 2.90000000e-01 9.20000000e-01 1.14450823e+08
2.80000000e-01 2.90000000e-01 9.30000000e-01 1.16501143e+08
2.80000000e-01 2.90000000e-01 9.40000000e-01 1.18545121e+08
2.80000000e-01 2.90000000e-01 9.50000000e-01 1.20582085e+08
2.80000000e-01 2.90000000e-01 9.60000000e-01 1.22611151e+08
2.80000000e-01 2.90000000e-01 9.70000000e-01 1.24631867e+08
2.80000000e-01 2.90000000e-01 9.80000000e-01 1.26643456e+08
2.80000000e-01 2.90000000e-01 9.90000000e-01 1.28645370e+08
2.80000000e-01 2.90000000e-01 1.00000000e+00 1.30636719e+08
2.80000000e-01 2.90000000e-01 1.01000000e+00 1.32617063e+08
2.80000000e-01 2.90000000e-01 1.02000000e+00 1.34585601e+08
2.80000000e-01 2.90000000e-01 1.03000000e+00 1.36541849e+08
2.80000000e-01 2.90000000e-01 1.04000000e+00 1.38485239e+08
2.80000000e-01 2.90000000e-01 1.05000000e+00 1.40415043e+08
2.80000000e-01 2.90000000e-01 1.06000000e+00 1.42330788e+08
2.80000000e-01 2.90000000e-01 1.07000000e+00 1.44232107e+08
2.80000000e-01 2.90000000e-01 1.08000000e+00 1.46118241e+08
2.80000000e-01 2.90000000e-01 1.09000000e+00 1.47988740e+08
2.80000000e-01 2.90000000e-01 1.10000000e+00 1.49842878e+08
2.80000000e-01 2.90000000e-01 1.11000000e+00 1.51680383e+08
2.80000000e-01 2.90000000e-01 1.12000000e+00 1.53500632e+08
2.80000000e-01 2.90000000e-01 1.13000000e+00 1.55303425e+08
2.80000000e-01 2.90000000e-01 1.14000000e+00 1.57088116e+08
2.80000000e-01 2.90000000e-01 1.15000000e+00 1.58854151e+08
2.80000000e-01 2.90000000e-01 1.16000000e+00 1.60601158e+08
2.80000000e-01 2.90000000e-01 1.17000000e+00 1.62329036e+08
2.80000000e-01 2.90000000e-01 1.18000000e+00 1.64037128e+08
2.80000000e-01 2.90000000e-01 1.19000000e+00 1.65724867e+08
2.80000000e-01 2.90000000e-01 1.20000000e+00 1.67392207e+08
2.80000000e-01 2.90000000e-01 1.21000000e+00 1.69038652e+08
2.80000000e-01 2.90000000e-01 1.22000000e+00 1.70663892e+08
2.80000000e-01 2.90000000e-01 1.23000000e+00 1.72267454e+08
2.80000000e-01 2.90000000e-01 1.24000000e+00 1.73849354e+08
2.80000000e-01 2.90000000e-01 1.25000000e+00 1.75408853e+08
2.80000000e-01 2.90000000e-01 1.26000000e+00 1.76945992e+08
2.80000000e-01 2.90000000e-01 1.27000000e+00 1.78460277e+08
2.80000000e-01 2.90000000e-01 1.28000000e+00 1.79951430e+08
2.80000000e-01 2.90000000e-01 1.29000000e+00 1.81419323e+08
2.80000000e-01 2.90000000e-01 1.30000000e+00 1.82863718e+08
2.80000000e-01 2.90000000e-01 1.31000000e+00 1.84284255e+08
2.80000000e-01 2.90000000e-01 1.32000000e+00 1.85680789e+08
2.80000000e-01 2.90000000e-01 1.33000000e+00 1.87053138e+08
2.80000000e-01 2.90000000e-01 1.34000000e+00 1.88401077e+08
2.80000000e-01 2.90000000e-01 1.35000000e+00 1.89724379e+08
2.80000000e-01 2.90000000e-01 1.36000000e+00 1.91023087e+08
2.80000000e-01 2.90000000e-01 1.37000000e+00 1.92296982e+08
2.80000000e-01 2.90000000e-01 1.38000000e+00 1.93545725e+08
2.80000000e-01 2.90000000e-01 1.39000000e+00 1.94769355e+08
2.80000000e-01 2.90000000e-01 1.40000000e+00 1.95967659e+08
2.80000000e-01 2.90000000e-01 1.41000000e+00 1.97140572e+08
2.80000000e-01 2.90000000e-01 1.42000000e+00 1.98287958e+08
2.80000000e-01 2.90000000e-01 1.43000000e+00 1.99409655e+08
2.80000000e-01 2.90000000e-01 1.44000000e+00 2.00505739e+08
2.80000000e-01 2.90000000e-01 1.45000000e+00 2.01576064e+08
2.80000000e-01 2.90000000e-01 1.46000000e+00 2.02620593e+08
2.80000000e-01 2.90000000e-01 1.47000000e+00 2.03639261e+08
2.80000000e-01 2.90000000e-01 1.48000000e+00 2.04632068e+08
2.80000000e-01 2.90000000e-01 1.49000000e+00 2.05598875e+08
2.80000000e-01 2.90000000e-01 1.50000000e+00 2.06539706e+08
2.80000000e-01 2.90000000e-01 1.51000000e+00 2.07454320e+08
2.80000000e-01 2.90000000e-01 1.52000000e+00 2.08343253e+08
2.80000000e-01 2.90000000e-01 1.53000000e+00 2.09206197e+08
2.80000000e-01 2.90000000e-01 1.54000000e+00 2.10043216e+08
2.80000000e-01 2.90000000e-01 1.55000000e+00 2.10854333e+08
2.80000000e-01 2.90000000e-01 1.56000000e+00 2.11639567e+08
2.80000000e-01 2.90000000e-01 1.57000000e+00 2.12398967e+08
2.80000000e-01 2.90000000e-01 1.58000000e+00 2.13132504e+08
2.80000000e-01 2.90000000e-01 1.59000000e+00 2.13840320e+08
2.80000000e-01 2.90000000e-01 1.60000000e+00 2.14522572e+08
2.80000000e-01 2.90000000e-01 1.61000000e+00 2.15179108e+08
2.80000000e-01 2.90000000e-01 1.62000000e+00 2.15810093e+08
2.80000000e-01 2.90000000e-01 1.63000000e+00 2.16415630e+08
2.80000000e-01 2.90000000e-01 1.64000000e+00 2.16995935e+08
2.80000000e-01 2.90000000e-01 1.65000000e+00 2.17550823e+08
2.80000000e-01 2.90000000e-01 1.66000000e+00 2.18080610e+08
2.80000000e-01 2.90000000e-01 1.67000000e+00 2.18585354e+08
2.80000000e-01 2.90000000e-01 1.68000000e+00 2.19065131e+08
2.80000000e-01 2.90000000e-01 1.69000000e+00 2.19520199e+08
2.80000000e-01 2.90000000e-01 1.70000000e+00 2.19950671e+08
2.80000000e-01 2.90000000e-01 1.71000000e+00 2.20356642e+08
2.80000000e-01 2.90000000e-01 1.72000000e+00 2.20738102e+08
2.80000000e-01 2.90000000e-01 1.73000000e+00 2.21095310e+08
2.80000000e-01 2.90000000e-01 1.74000000e+00 2.21428494e+08
2.80000000e-01 2.90000000e-01 1.75000000e+00 2.21737612e+08
2.80000000e-01 2.90000000e-01 1.76000000e+00 2.22023105e+08
2.80000000e-01 2.90000000e-01 1.77000000e+00 2.22285051e+08
2.80000000e-01 2.90000000e-01 1.78000000e+00 2.22523606e+08
2.80000000e-01 2.90000000e-01 1.79000000e+00 2.22738890e+08
2.80000000e-01 2.90000000e-01 1.80000000e+00 2.22931116e+08
2.80000000e-01 2.90000000e-01 1.81000000e+00 2.23100922e+08
2.80000000e-01 2.90000000e-01 1.82000000e+00 2.23247589e+08
2.80000000e-01 2.90000000e-01 1.83000000e+00 2.23371744e+08
2.80000000e-01 2.90000000e-01 1.84000000e+00 2.23473630e+08
2.80000000e-01 2.90000000e-01 1.85000000e+00 2.23553363e+08
2.80000000e-01 2.90000000e-01 1.86000000e+00 2.23611267e+08
2.80000000e-01 2.90000000e-01 1.87000000e+00 2.23647461e+08
2.80000000e-01 2.90000000e-01 1.88000000e+00 2.23662144e+08
2.80000000e-01 2.90000000e-01 1.89000000e+00 2.23655587e+08
2.80000000e-01 2.90000000e-01 1.90000000e+00 2.23627954e+08
2.80000000e-01 2.90000000e-01 1.91000000e+00 2.23579522e+08
2.80000000e-01 2.90000000e-01 1.92000000e+00 2.23510493e+08
2.80000000e-01 2.90000000e-01 1.93000000e+00 2.23421135e+08
2.80000000e-01 2.90000000e-01 1.94000000e+00 2.23311611e+08
2.80000000e-01 2.90000000e-01 1.95000000e+00 2.23182086e+08
2.80000000e-01 2.90000000e-01 1.96000000e+00 2.23032877e+08
2.80000000e-01 2.90000000e-01 1.97000000e+00 2.22864126e+08
2.80000000e-01 2.90000000e-01 1.98000000e+00 2.22676192e+08
2.80000000e-01 2.90000000e-01 1.99000000e+00 2.22469265e+08
2.80000000e-01 2.90000000e-01 2.00000000e+00 2.22243613e+08
2.90000000e-01 3.00000000e-01 1.00000000e-02 5.27805456e+00
2.90000000e-01 3.00000000e-01 2.00000000e-02 2.71246113e+02
2.90000000e-01 3.00000000e-01 3.00000000e-02 1.74862438e+03
2.90000000e-01 3.00000000e-01 4.00000000e-02 6.06107979e+03
2.90000000e-01 3.00000000e-01 5.00000000e-02 1.55553939e+04
2.90000000e-01 3.00000000e-01 6.00000000e-02 3.34750402e+04
2.90000000e-01 3.00000000e-01 7.00000000e-02 6.43108087e+04
2.90000000e-01 3.00000000e-01 8.00000000e-02 1.14874590e+05
2.90000000e-01 3.00000000e-01 9.00000000e-02 1.97614399e+05
2.90000000e-01 3.00000000e-01 1.00000000e-01 3.44432521e+05
2.90000000e-01 3.00000000e-01 1.10000000e-01 5.01607519e+05
2.90000000e-01 3.00000000e-01 1.20000000e-01 6.76916730e+05
2.90000000e-01 3.00000000e-01 1.30000000e-01 8.76351769e+05
2.90000000e-01 3.00000000e-01 1.40000000e-01 1.10254748e+06
2.90000000e-01 3.00000000e-01 1.50000000e-01 1.35733325e+06
2.90000000e-01 3.00000000e-01 1.60000000e-01 1.64217520e+06
2.90000000e-01 3.00000000e-01 1.70000000e-01 1.95832248e+06
2.90000000e-01 3.00000000e-01 1.80000000e-01 2.30686654e+06
2.90000000e-01 3.00000000e-01 1.90000000e-01 2.68876443e+06
2.90000000e-01 3.00000000e-01 2.00000000e-01 3.10485936e+06
2.90000000e-01 3.00000000e-01 2.10000000e-01 3.55589270e+06
2.90000000e-01 3.00000000e-01 2.20000000e-01 4.04250753e+06
2.90000000e-01 3.00000000e-01 2.30000000e-01 4.56525646e+06
2.90000000e-01 3.00000000e-01 2.40000000e-01 5.12460730e+06
2.90000000e-01 3.00000000e-01 2.50000000e-01 5.72094502e+06
2.90000000e-01 3.00000000e-01 2.60000000e-01 6.35458194e+06
2.90000000e-01 3.00000000e-01 2.70000000e-01 7.02574391e+06
2.90000000e-01 3.00000000e-01 2.80000000e-01 7.73459977e+06
2.90000000e-01 3.00000000e-01 2.90000000e-01 8.48124539e+06
2.90000000e-01 3.00000000e-01 3.00000000e-01 9.26571138e+06
2.90000000e-01 3.00000000e-01 3.10000000e-01 1.00879645e+07
2.90000000e-01 3.00000000e-01 3.20000000e-01 1.09479105e+07
2.90000000e-01 3.00000000e-01 3.30000000e-01 1.18454106e+07
2.90000000e-01 3.00000000e-01 3.40000000e-01 1.27802727e+07
2.90000000e-01 3.00000000e-01 3.50000000e-01 1.37522391e+07
2.90000000e-01 3.00000000e-01 3.60000000e-01 1.47610035e+07
2.90000000e-01 3.00000000e-01 3.70000000e-01 1.58062136e+07
2.90000000e-01 3.00000000e-01 3.80000000e-01 1.68875314e+07
2.90000000e-01 3.00000000e-01 3.90000000e-01 1.80044867e+07
2.90000000e-01 3.00000000e-01 4.00000000e-01 1.91565927e+07
2.90000000e-01 3.00000000e-01 4.10000000e-01 2.03433873e+07
2.90000000e-01 3.00000000e-01 4.20000000e-01 2.15642726e+07
2.90000000e-01 3.00000000e-01 4.30000000e-01 2.28186889e+07
2.90000000e-01 3.00000000e-01 4.40000000e-01 2.41060584e+07
2.90000000e-01 3.00000000e-01 4.50000000e-01 2.54257456e+07
2.90000000e-01 3.00000000e-01 4.60000000e-01 2.67769946e+07
2.90000000e-01 3.00000000e-01 4.70000000e-01 2.81592352e+07
2.90000000e-01 3.00000000e-01 4.80000000e-01 2.95717147e+07
2.90000000e-01 3.00000000e-01 4.90000000e-01 3.10136993e+07
2.90000000e-01 3.00000000e-01 5.00000000e-01 3.24844322e+07
2.90000000e-01 3.00000000e-01 5.10000000e-01 3.39831293e+07
2.90000000e-01 3.00000000e-01 5.20000000e-01 3.55089834e+07
2.90000000e-01 3.00000000e-01 5.30000000e-01 3.70612054e+07
2.90000000e-01 3.00000000e-01 5.40000000e-01 3.86389820e+07
2.90000000e-01 3.00000000e-01 5.50000000e-01 4.02414311e+07
2.90000000e-01 3.00000000e-01 5.60000000e-01 4.18677385e+07
2.90000000e-01 3.00000000e-01 5.70000000e-01 4.35170344e+07
2.90000000e-01 3.00000000e-01 5.80000000e-01 4.51884467e+07
2.90000000e-01 3.00000000e-01 5.90000000e-01 4.68810946e+07
2.90000000e-01 3.00000000e-01 6.00000000e-01 4.85940956e+07
2.90000000e-01 3.00000000e-01 6.10000000e-01 5.03265486e+07
2.90000000e-01 3.00000000e-01 6.20000000e-01 5.20775757e+07
2.90000000e-01 3.00000000e-01 6.30000000e-01 5.38462660e+07
2.90000000e-01 3.00000000e-01 6.40000000e-01 5.56317232e+07
2.90000000e-01 3.00000000e-01 6.50000000e-01 5.74330377e+07
2.90000000e-01 3.00000000e-01 6.60000000e-01 5.92492904e+07
2.90000000e-01 3.00000000e-01 6.70000000e-01 6.10795711e+07
2.90000000e-01 3.00000000e-01 6.80000000e-01 6.29229811e+07
2.90000000e-01 3.00000000e-01 6.90000000e-01 6.47786156e+07
2.90000000e-01 3.00000000e-01 7.00000000e-01 6.66455743e+07
2.90000000e-01 3.00000000e-01 7.10000000e-01 6.85229517e+07
2.90000000e-01 3.00000000e-01 7.20000000e-01 7.04098832e+07
2.90000000e-01 3.00000000e-01 7.30000000e-01 7.23054302e+07
2.90000000e-01 3.00000000e-01 7.40000000e-01 7.42088274e+07
2.90000000e-01 3.00000000e-01 7.50000000e-01 7.61190280e+07
2.90000000e-01 3.00000000e-01 7.60000000e-01 7.80352135e+07
2.90000000e-01 3.00000000e-01 7.70000000e-01 7.99565205e+07
2.90000000e-01 3.00000000e-01 7.80000000e-01 8.18820422e+07
2.90000000e-01 3.00000000e-01 7.90000000e-01 8.38109697e+07
2.90000000e-01 3.00000000e-01 8.00000000e-01 8.57424931e+07
2.90000000e-01 3.00000000e-01 8.10000000e-01 8.76757787e+07
2.90000000e-01 3.00000000e-01 8.20000000e-01 8.96099488e+07
2.90000000e-01 3.00000000e-01 8.30000000e-01 9.15441911e+07
2.90000000e-01 3.00000000e-01 8.40000000e-01 9.34777444e+07
2.90000000e-01 3.00000000e-01 8.50000000e-01 9.54097199e+07
2.90000000e-01 3.00000000e-01 8.60000000e-01 9.73393990e+07
2.90000000e-01 3.00000000e-01 8.70000000e-01 9.92661408e+07
2.90000000e-01 3.00000000e-01 8.80000000e-01 1.01188978e+08
2.90000000e-01 3.00000000e-01 8.90000000e-01 1.03107243e+08
2.90000000e-01 3.00000000e-01 9.00000000e-01 1.05020261e+08
2.90000000e-01 3.00000000e-01 9.10000000e-01 1.06927190e+08
2.90000000e-01 3.00000000e-01 9.20000000e-01 1.08827311e+08
2.90000000e-01 3.00000000e-01 9.30000000e-01 1.10720015e+08
2.90000000e-01 3.00000000e-01 9.40000000e-01 1.12604610e+08
2.90000000e-01 3.00000000e-01 9.50000000e-01 1.14480418e+08
2.90000000e-01 3.00000000e-01 9.60000000e-01 1.16346747e+08
2.90000000e-01 3.00000000e-01 9.70000000e-01 1.18202984e+08
2.90000000e-01 3.00000000e-01 9.80000000e-01 1.20048453e+08
2.90000000e-01 3.00000000e-01 9.90000000e-01 1.21882589e+08
2.90000000e-01 3.00000000e-01 1.00000000e+00 1.23704787e+08
2.90000000e-01 3.00000000e-01 1.01000000e+00 1.25514432e+08
2.90000000e-01 3.00000000e-01 1.02000000e+00 1.27311082e+08
2.90000000e-01 3.00000000e-01 1.03000000e+00 1.29093819e+08
2.90000000e-01 3.00000000e-01 1.04000000e+00 1.30862407e+08
2.90000000e-01 3.00000000e-01 1.05000000e+00 1.32616176e+08
2.90000000e-01 3.00000000e-01 1.06000000e+00 1.34354626e+08
2.90000000e-01 3.00000000e-01 1.07000000e+00 1.36077171e+08
2.90000000e-01 3.00000000e-01 1.08000000e+00 1.37783655e+08
2.90000000e-01 3.00000000e-01 1.09000000e+00 1.39473358e+08
2.90000000e-01 3.00000000e-01 1.10000000e+00 1.41145688e+08
2.90000000e-01 3.00000000e-01 1.11000000e+00 1.42800484e+08
2.90000000e-01 3.00000000e-01 1.12000000e+00 1.44437125e+08
2.90000000e-01 3.00000000e-01 1.13000000e+00 1.46055290e+08
2.90000000e-01 3.00000000e-01 1.14000000e+00 1.47654442e+08
2.90000000e-01 3.00000000e-01 1.15000000e+00 1.49234406e+08
2.90000000e-01 3.00000000e-01 1.16000000e+00 1.50794691e+08
2.90000000e-01 3.00000000e-01 1.17000000e+00 1.52334953e+08
2.90000000e-01 3.00000000e-01 1.18000000e+00 1.53854760e+08
2.90000000e-01 3.00000000e-01 1.19000000e+00 1.55353810e+08
2.90000000e-01 3.00000000e-01 1.20000000e+00 1.56831876e+08
2.90000000e-01 3.00000000e-01 1.21000000e+00 1.58288581e+08
2.90000000e-01 3.00000000e-01 1.22000000e+00 1.59723698e+08
2.90000000e-01 3.00000000e-01 1.23000000e+00 1.61136893e+08
2.90000000e-01 3.00000000e-01 1.24000000e+00 1.62527850e+08
2.90000000e-01 3.00000000e-01 1.25000000e+00 1.63896393e+08
2.90000000e-01 3.00000000e-01 1.26000000e+00 1.65242252e+08
2.90000000e-01 3.00000000e-01 1.27000000e+00 1.66565143e+08
2.90000000e-01 3.00000000e-01 1.28000000e+00 1.67864927e+08
2.90000000e-01 3.00000000e-01 1.29000000e+00 1.69141516e+08
2.90000000e-01 3.00000000e-01 1.30000000e+00 1.70394477e+08
2.90000000e-01 3.00000000e-01 1.31000000e+00 1.71623652e+08
2.90000000e-01 3.00000000e-01 1.32000000e+00 1.72829050e+08
2.90000000e-01 3.00000000e-01 1.33000000e+00 1.74010425e+08
2.90000000e-01 3.00000000e-01 1.34000000e+00 1.75167676e+08
2.90000000e-01 3.00000000e-01 1.35000000e+00 1.76300498e+08
2.90000000e-01 3.00000000e-01 1.36000000e+00 1.77408998e+08
2.90000000e-01 3.00000000e-01 1.37000000e+00 1.78493008e+08
2.90000000e-01 3.00000000e-01 1.38000000e+00 1.79552531e+08
2.90000000e-01 3.00000000e-01 1.39000000e+00 1.80587292e+08
2.90000000e-01 3.00000000e-01 1.40000000e+00 1.81597250e+08
2.90000000e-01 3.00000000e-01 1.41000000e+00 1.82582373e+08
2.90000000e-01 3.00000000e-01 1.42000000e+00 1.83542568e+08
2.90000000e-01 3.00000000e-01 1.43000000e+00 1.84477886e+08
2.90000000e-01 3.00000000e-01 1.44000000e+00 1.85388042e+08
2.90000000e-01 3.00000000e-01 1.45000000e+00 1.86273377e+08
2.90000000e-01 3.00000000e-01 1.46000000e+00 1.87133724e+08
2.90000000e-01 3.00000000e-01 1.47000000e+00 1.87969055e+08
2.90000000e-01 3.00000000e-01 1.48000000e+00 1.88779364e+08
2.90000000e-01 3.00000000e-01 1.49000000e+00 1.89564740e+08
2.90000000e-01 3.00000000e-01 1.50000000e+00 1.90325113e+08
2.90000000e-01 3.00000000e-01 1.51000000e+00 1.91060628e+08
2.90000000e-01 3.00000000e-01 1.52000000e+00 1.91771240e+08
2.90000000e-01 3.00000000e-01 1.53000000e+00 1.92456935e+08
2.90000000e-01 3.00000000e-01 1.54000000e+00 1.93117795e+08
2.90000000e-01 3.00000000e-01 1.55000000e+00 1.93753951e+08
2.90000000e-01 3.00000000e-01 1.56000000e+00 1.94365481e+08
2.90000000e-01 3.00000000e-01 1.57000000e+00 1.94952379e+08
2.90000000e-01 3.00000000e-01 1.58000000e+00 1.95514768e+08
2.90000000e-01 3.00000000e-01 1.59000000e+00 1.96052797e+08
2.90000000e-01 3.00000000e-01 1.60000000e+00 1.96566532e+08
2.90000000e-01 3.00000000e-01 1.61000000e+00 1.97056173e+08
2.90000000e-01 3.00000000e-01 1.62000000e+00 1.97521693e+08
2.90000000e-01 3.00000000e-01 1.63000000e+00 1.97963281e+08
2.90000000e-01 3.00000000e-01 1.64000000e+00 1.98380902e+08
2.90000000e-01 3.00000000e-01 1.65000000e+00 1.98774876e+08
2.90000000e-01 3.00000000e-01 1.66000000e+00 1.99145262e+08
2.90000000e-01 3.00000000e-01 1.67000000e+00 1.99492249e+08
2.90000000e-01 3.00000000e-01 1.68000000e+00 1.99815895e+08
2.90000000e-01 3.00000000e-01 1.69000000e+00 2.00116465e+08
2.90000000e-01 3.00000000e-01 1.70000000e+00 2.00394159e+08
2.90000000e-01 3.00000000e-01 1.71000000e+00 2.00648999e+08
2.90000000e-01 3.00000000e-01 1.72000000e+00 2.00881126e+08
2.90000000e-01 3.00000000e-01 1.73000000e+00 2.01090847e+08
2.90000000e-01 3.00000000e-01 1.74000000e+00 2.01278228e+08
2.90000000e-01 3.00000000e-01 1.75000000e+00 2.01443720e+08
2.90000000e-01 3.00000000e-01 1.76000000e+00 2.01587164e+08
2.90000000e-01 3.00000000e-01 1.77000000e+00 2.01708948e+08
2.90000000e-01 3.00000000e-01 1.78000000e+00 2.01809155e+08
2.90000000e-01 3.00000000e-01 1.79000000e+00 2.01888047e+08
2.90000000e-01 3.00000000e-01 1.80000000e+00 2.01945949e+08
2.90000000e-01 3.00000000e-01 1.81000000e+00 2.01982864e+08
2.90000000e-01 3.00000000e-01 1.82000000e+00 2.01999212e+08
2.90000000e-01 3.00000000e-01 1.83000000e+00 2.01994939e+08
2.90000000e-01 3.00000000e-01 1.84000000e+00 2.01970377e+08
2.90000000e-01 3.00000000e-01 1.85000000e+00 2.01925750e+08
2.90000000e-01 3.00000000e-01 1.86000000e+00 2.01861314e+08
2.90000000e-01 3.00000000e-01 1.87000000e+00 2.01777257e+08
2.90000000e-01 3.00000000e-01 1.88000000e+00 2.01673775e+08
2.90000000e-01 3.00000000e-01 1.89000000e+00 2.01551145e+08
2.90000000e-01 3.00000000e-01 1.90000000e+00 2.01409457e+08
2.90000000e-01 3.00000000e-01 1.91000000e+00 2.01249360e+08
2.90000000e-01 3.00000000e-01 1.92000000e+00 2.01070620e+08
2.90000000e-01 3.00000000e-01 1.93000000e+00 2.00873624e+08
2.90000000e-01 3.00000000e-01 1.94000000e+00 2.00658632e+08
2.90000000e-01 3.00000000e-01 1.95000000e+00 2.00425909e+08
2.90000000e-01 3.00000000e-01 1.96000000e+00 2.00175632e+08
2.90000000e-01 3.00000000e-01 1.97000000e+00 1.99907950e+08
2.90000000e-01 3.00000000e-01 1.98000000e+00 1.99623303e+08
2.90000000e-01 3.00000000e-01 1.99000000e+00 1.99321925e+08
2.90000000e-01 3.00000000e-01 2.00000000e+00 1.99003928e+08
3.00000000e-01 3.10000000e-01 1.00000000e-02 5.48572135e+00
3.00000000e-01 3.10000000e-01 2.00000000e-02 2.82693552e+02
3.00000000e-01 3.10000000e-01 3.00000000e-02 1.82711401e+03
3.00000000e-01 3.10000000e-01 4.00000000e-02 6.35154173e+03
3.00000000e-01 3.10000000e-01 5.00000000e-02 1.63589719e+04
3.00000000e-01 3.10000000e-01 6.00000000e-02 3.53710757e+04
3.00000000e-01 3.10000000e-01 7.00000000e-02 6.84262693e+04
3.00000000e-01 3.10000000e-01 8.00000000e-02 1.23765646e+05
3.00000000e-01 3.10000000e-01 9.00000000e-02 2.23398144e+05
3.00000000e-01 3.10000000e-01 1.00000000e-01 3.63440687e+05
3.00000000e-01 3.10000000e-01 1.10000000e-01 5.11802319e+05
3.00000000e-01 3.10000000e-01 1.20000000e-01 6.81532126e+05
3.00000000e-01 3.10000000e-01 1.30000000e-01 8.75888082e+05
3.00000000e-01 3.10000000e-01 1.40000000e-01 1.09688609e+06
3.00000000e-01 3.10000000e-01 1.50000000e-01 1.34608561e+06
3.00000000e-01 3.10000000e-01 1.60000000e-01 1.62479778e+06
3.00000000e-01 3.10000000e-01 1.70000000e-01 1.93416277e+06
3.00000000e-01 3.10000000e-01 1.80000000e-01 2.27518324e+06
3.00000000e-01 3.10000000e-01 1.90000000e-01 2.64874082e+06
3.00000000e-01 3.10000000e-01 2.00000000e-01 3.05561388e+06
3.00000000e-01 3.10000000e-01 2.10000000e-01 3.49647186e+06
3.00000000e-01 3.10000000e-01 2.20000000e-01 3.97189682e+06
3.00000000e-01 3.10000000e-01 2.30000000e-01 4.48238215e+06
3.00000000e-01 3.10000000e-01 2.40000000e-01 5.02833950e+06
3.00000000e-01 3.10000000e-01 2.50000000e-01 5.61009468e+06
3.00000000e-01 3.10000000e-01 2.60000000e-01 6.22790311e+06
3.00000000e-01 3.10000000e-01 2.70000000e-01 6.88193640e+06
3.00000000e-01 3.10000000e-01 2.80000000e-01 7.57230761e+06
3.00000000e-01 3.10000000e-01 2.90000000e-01 8.29906464e+06
3.00000000e-01 3.10000000e-01 3.00000000e-01 9.06217590e+06
3.00000000e-01 3.10000000e-01 3.10000000e-01 9.86157331e+06
3.00000000e-01 3.10000000e-01 3.20000000e-01 1.06971052e+07
3.00000000e-01 3.10000000e-01 3.30000000e-01 1.15685883e+07
3.00000000e-01 3.10000000e-01 3.40000000e-01 1.24757648e+07
3.00000000e-01 3.10000000e-01 3.50000000e-01 1.34183430e+07
3.00000000e-01 3.10000000e-01 3.60000000e-01 1.43959827e+07
3.00000000e-01 3.10000000e-01 3.70000000e-01 1.54082837e+07
3.00000000e-01 3.10000000e-01 3.80000000e-01 1.64548302e+07
3.00000000e-01 3.10000000e-01 3.90000000e-01 1.75351361e+07
3.00000000e-01 3.10000000e-01 4.00000000e-01 1.86487079e+07
3.00000000e-01 3.10000000e-01 4.10000000e-01 1.97949883e+07
3.00000000e-01 3.10000000e-01 4.20000000e-01 2.09733849e+07
3.00000000e-01 3.10000000e-01 4.30000000e-01 2.21833181e+07
3.00000000e-01 3.10000000e-01 4.40000000e-01 2.34241372e+07
3.00000000e-01 3.10000000e-01 4.50000000e-01 2.46951564e+07
3.00000000e-01 3.10000000e-01 4.60000000e-01 2.59957143e+07
3.00000000e-01 3.10000000e-01 4.70000000e-01 2.73250635e+07
3.00000000e-01 3.10000000e-01 4.80000000e-01 2.86824447e+07
3.00000000e-01 3.10000000e-01 4.90000000e-01 3.00671430e+07
3.00000000e-01 3.10000000e-01 5.00000000e-01 3.14783655e+07
3.00000000e-01 3.10000000e-01 5.10000000e-01 3.29153322e+07
3.00000000e-01 3.10000000e-01 5.20000000e-01 3.43772190e+07
3.00000000e-01 3.10000000e-01 5.30000000e-01 3.58631664e+07
3.00000000e-01 3.10000000e-01 5.40000000e-01 3.73723402e+07
3.00000000e-01 3.10000000e-01 5.50000000e-01 3.89039274e+07
3.00000000e-01 3.10000000e-01 5.60000000e-01 4.04570489e+07
3.00000000e-01 3.10000000e-01 5.70000000e-01 4.20308257e+07
3.00000000e-01 3.10000000e-01 5.80000000e-01 4.36243730e+07
3.00000000e-01 3.10000000e-01 5.90000000e-01 4.52368226e+07
3.00000000e-01 3.10000000e-01 6.00000000e-01 4.68672425e+07
3.00000000e-01 3.10000000e-01 6.10000000e-01 4.85147945e+07
3.00000000e-01 3.10000000e-01 6.20000000e-01 5.01785597e+07
3.00000000e-01 3.10000000e-01 6.30000000e-01 5.18576324e+07
3.00000000e-01 3.10000000e-01 6.40000000e-01 5.35511106e+07
3.00000000e-01 3.10000000e-01 6.50000000e-01 5.52580827e+07
3.00000000e-01 3.10000000e-01 6.60000000e-01 5.69777131e+07
3.00000000e-01 3.10000000e-01 6.70000000e-01 5.87090197e+07
3.00000000e-01 3.10000000e-01 6.80000000e-01 6.04511422e+07
3.00000000e-01 3.10000000e-01 6.90000000e-01 6.22031514e+07
3.00000000e-01 3.10000000e-01 7.00000000e-01 6.39642015e+07
3.00000000e-01 3.10000000e-01 7.10000000e-01 6.57333811e+07
3.00000000e-01 3.10000000e-01 7.20000000e-01 6.75098218e+07
3.00000000e-01 3.10000000e-01 7.30000000e-01 6.92926354e+07
3.00000000e-01 3.10000000e-01 7.40000000e-01 7.10810668e+07
3.00000000e-01 3.10000000e-01 7.50000000e-01 7.28740281e+07
3.00000000e-01 3.10000000e-01 7.60000000e-01 7.46708027e+07
3.00000000e-01 3.10000000e-01 7.70000000e-01 7.64705392e+07
3.00000000e-01 3.10000000e-01 7.80000000e-01 7.82724087e+07
3.00000000e-01 3.10000000e-01 7.90000000e-01 8.00755849e+07
3.00000000e-01 3.10000000e-01 8.00000000e-01 8.18792546e+07
3.00000000e-01 3.10000000e-01 8.10000000e-01 8.36825847e+07
3.00000000e-01 3.10000000e-01 8.20000000e-01 8.54848075e+07
3.00000000e-01 3.10000000e-01 8.30000000e-01 8.72851024e+07
3.00000000e-01 3.10000000e-01 8.40000000e-01 8.90827123e+07
3.00000000e-01 3.10000000e-01 8.50000000e-01 9.08768902e+07
3.00000000e-01 3.10000000e-01 8.60000000e-01 9.26668506e+07
3.00000000e-01 3.10000000e-01 8.70000000e-01 9.44519160e+07
3.00000000e-01 3.10000000e-01 8.80000000e-01 9.62313661e+07
3.00000000e-01 3.10000000e-01 8.90000000e-01 9.80044162e+07
3.00000000e-01 3.10000000e-01 9.00000000e-01 9.97704306e+07
3.00000000e-01 3.10000000e-01 9.10000000e-01 1.01528711e+08
3.00000000e-01 3.10000000e-01 9.20000000e-01 1.03278591e+08
3.00000000e-01 3.10000000e-01 9.30000000e-01 1.05019377e+08
3.00000000e-01 3.10000000e-01 9.40000000e-01 1.06750424e+08
3.00000000e-01 3.10000000e-01 9.50000000e-01 1.08471202e+08
3.00000000e-01 3.10000000e-01 9.60000000e-01 1.10181000e+08
3.00000000e-01 3.10000000e-01 9.70000000e-01 1.11879262e+08
3.00000000e-01 3.10000000e-01 9.80000000e-01 1.13565363e+08
3.00000000e-01 3.10000000e-01 9.90000000e-01 1.15238736e+08
3.00000000e-01 3.10000000e-01 1.00000000e+00 1.16898876e+08
3.00000000e-01 3.10000000e-01 1.01000000e+00 1.18545133e+08
3.00000000e-01 3.10000000e-01 1.02000000e+00 1.20177120e+08
3.00000000e-01 3.10000000e-01 1.03000000e+00 1.21794308e+08
3.00000000e-01 3.10000000e-01 1.04000000e+00 1.23396089e+08
3.00000000e-01 3.10000000e-01 1.05000000e+00 1.24982078e+08
3.00000000e-01 3.10000000e-01 1.06000000e+00 1.26551815e+08
3.00000000e-01 3.10000000e-01 1.07000000e+00 1.28104799e+08
3.00000000e-01 3.10000000e-01 1.08000000e+00 1.29640629e+08
3.00000000e-01 3.10000000e-01 1.09000000e+00 1.31158879e+08
3.00000000e-01 3.10000000e-01 1.10000000e+00 1.32659162e+08
3.00000000e-01 3.10000000e-01 1.11000000e+00 1.34140969e+08
3.00000000e-01 3.10000000e-01 1.12000000e+00 1.35603985e+08
3.00000000e-01 3.10000000e-01 1.13000000e+00 1.37047845e+08
3.00000000e-01 3.10000000e-01 1.14000000e+00 1.38472156e+08
3.00000000e-01 3.10000000e-01 1.15000000e+00 1.39876638e+08
3.00000000e-01 3.10000000e-01 1.16000000e+00 1.41260927e+08
3.00000000e-01 3.10000000e-01 1.17000000e+00 1.42624831e+08
3.00000000e-01 3.10000000e-01 1.18000000e+00 1.43967956e+08
3.00000000e-01 3.10000000e-01 1.19000000e+00 1.45289984e+08
3.00000000e-01 3.10000000e-01 1.20000000e+00 1.46590753e+08
3.00000000e-01 3.10000000e-01 1.21000000e+00 1.47869896e+08
3.00000000e-01 3.10000000e-01 1.22000000e+00 1.49127310e+08
3.00000000e-01 3.10000000e-01 1.23000000e+00 1.50362684e+08
3.00000000e-01 3.10000000e-01 1.24000000e+00 1.51575778e+08
3.00000000e-01 3.10000000e-01 1.25000000e+00 1.52766314e+08
3.00000000e-01 3.10000000e-01 1.26000000e+00 1.53934329e+08
3.00000000e-01 3.10000000e-01 1.27000000e+00 1.55079489e+08
3.00000000e-01 3.10000000e-01 1.28000000e+00 1.56201718e+08
3.00000000e-01 3.10000000e-01 1.29000000e+00 1.57300760e+08
3.00000000e-01 3.10000000e-01 1.30000000e+00 1.58376741e+08
3.00000000e-01 3.10000000e-01 1.31000000e+00 1.59429169e+08
3.00000000e-01 3.10000000e-01 1.32000000e+00 1.60458149e+08
3.00000000e-01 3.10000000e-01 1.33000000e+00 1.61463409e+08
3.00000000e-01 3.10000000e-01 1.34000000e+00 1.62444998e+08
3.00000000e-01 3.10000000e-01 1.35000000e+00 1.63402794e+08
3.00000000e-01 3.10000000e-01 1.36000000e+00 1.64336599e+08
3.00000000e-01 3.10000000e-01 1.37000000e+00 1.65246640e+08
3.00000000e-01 3.10000000e-01 1.38000000e+00 1.66132703e+08
3.00000000e-01 3.10000000e-01 1.39000000e+00 1.66994705e+08
3.00000000e-01 3.10000000e-01 1.40000000e+00 1.67832731e+08
3.00000000e-01 3.10000000e-01 1.41000000e+00 1.68646625e+08
3.00000000e-01 3.10000000e-01 1.42000000e+00 1.69436455e+08
3.00000000e-01 3.10000000e-01 1.43000000e+00 1.70202253e+08
3.00000000e-01 3.10000000e-01 1.44000000e+00 1.70943994e+08
3.00000000e-01 3.10000000e-01 1.45000000e+00 1.71661669e+08
3.00000000e-01 3.10000000e-01 1.46000000e+00 1.72355321e+08
3.00000000e-01 3.10000000e-01 1.47000000e+00 1.73025080e+08
3.00000000e-01 3.10000000e-01 1.48000000e+00 1.73670905e+08
3.00000000e-01 3.10000000e-01 1.49000000e+00 1.74292731e+08
3.00000000e-01 3.10000000e-01 1.50000000e+00 1.74890869e+08
3.00000000e-01 3.10000000e-01 1.51000000e+00 1.75465156e+08
3.00000000e-01 3.10000000e-01 1.52000000e+00 1.76015770e+08
3.00000000e-01 3.10000000e-01 1.53000000e+00 1.76542872e+08
3.00000000e-01 3.10000000e-01 1.54000000e+00 1.77046481e+08
3.00000000e-01 3.10000000e-01 1.55000000e+00 1.77526700e+08
3.00000000e-01 3.10000000e-01 1.56000000e+00 1.77983577e+08
3.00000000e-01 3.10000000e-01 1.57000000e+00 1.78417341e+08
3.00000000e-01 3.10000000e-01 1.58000000e+00 1.78827919e+08
3.00000000e-01 3.10000000e-01 1.59000000e+00 1.79215504e+08
3.00000000e-01 3.10000000e-01 1.60000000e+00 1.79580520e+08
3.00000000e-01 3.10000000e-01 1.61000000e+00 1.79922885e+08
3.00000000e-01 3.10000000e-01 1.62000000e+00 1.80242694e+08
3.00000000e-01 3.10000000e-01 1.63000000e+00 1.80540129e+08
3.00000000e-01 3.10000000e-01 1.64000000e+00 1.80815314e+08
3.00000000e-01 3.10000000e-01 1.65000000e+00 1.81068450e+08
3.00000000e-01 3.10000000e-01 1.66000000e+00 1.81299674e+08
3.00000000e-01 3.10000000e-01 1.67000000e+00 1.81509223e+08
3.00000000e-01 3.10000000e-01 1.68000000e+00 1.81697240e+08
3.00000000e-01 3.10000000e-01 1.69000000e+00 1.81863937e+08
3.00000000e-01 3.10000000e-01 1.70000000e+00 1.82009443e+08
3.00000000e-01 3.10000000e-01 1.71000000e+00 1.82133945e+08
3.00000000e-01 3.10000000e-01 1.72000000e+00 1.82237637e+08
3.00000000e-01 3.10000000e-01 1.73000000e+00 1.82320715e+08
3.00000000e-01 3.10000000e-01 1.74000000e+00 1.82383446e+08
3.00000000e-01 3.10000000e-01 1.75000000e+00 1.82425879e+08
3.00000000e-01 3.10000000e-01 1.76000000e+00 1.82448330e+08
3.00000000e-01 3.10000000e-01 1.77000000e+00 1.82450969e+08
3.00000000e-01 3.10000000e-01 1.78000000e+00 1.82434130e+08
3.00000000e-01 3.10000000e-01 1.79000000e+00 1.82397961e+08
3.00000000e-01 3.10000000e-01 1.80000000e+00 1.82342601e+08
3.00000000e-01 3.10000000e-01 1.81000000e+00 1.82268301e+08
3.00000000e-01 3.10000000e-01 1.82000000e+00 1.82175234e+08
3.00000000e-01 3.10000000e-01 1.83000000e+00 1.82063667e+08
3.00000000e-01 3.10000000e-01 1.84000000e+00 1.81933947e+08
3.00000000e-01 3.10000000e-01 1.85000000e+00 1.81786231e+08
3.00000000e-01 3.10000000e-01 1.86000000e+00 1.81620645e+08
3.00000000e-01 3.10000000e-01 1.87000000e+00 1.81437569e+08
3.00000000e-01 3.10000000e-01 1.88000000e+00 1.81237153e+08
3.00000000e-01 3.10000000e-01 1.89000000e+00 1.81019659e+08
3.00000000e-01 3.10000000e-01 1.90000000e+00 1.80785317e+08
3.00000000e-01 3.10000000e-01 1.91000000e+00 1.80534317e+08
3.00000000e-01 3.10000000e-01 1.92000000e+00 1.80266968e+08
3.00000000e-01 3.10000000e-01 1.93000000e+00 1.79983483e+08
3.00000000e-01 3.10000000e-01 1.94000000e+00 1.79684179e+08
3.00000000e-01 3.10000000e-01 1.95000000e+00 1.79369184e+08
3.00000000e-01 3.10000000e-01 1.96000000e+00 1.79038709e+08
3.00000000e-01 3.10000000e-01 1.97000000e+00 1.78693169e+08
3.00000000e-01 3.10000000e-01 1.98000000e+00 1.78332694e+08
3.00000000e-01 3.10000000e-01 1.99000000e+00 1.77957546e+08
3.00000000e-01 3.10000000e-01 2.00000000e+00 1.77567971e+08
3.10000000e-01 3.20000000e-01 1.00000000e-02 5.69674837e+00
3.10000000e-01 3.20000000e-01 2.00000000e-02 2.94428594e+02
3.10000000e-01 3.20000000e-01 3.00000000e-02 1.90826836e+03
3.10000000e-01 3.20000000e-01 4.00000000e-02 6.65498529e+03
3.10000000e-01 3.20000000e-01 5.00000000e-02 1.72101044e+04
3.10000000e-01 3.20000000e-01 6.00000000e-02 3.74209048e+04
3.10000000e-01 3.20000000e-01 7.00000000e-02 7.30403486e+04
3.10000000e-01 3.20000000e-01 8.00000000e-02 1.34756776e+05
3.10000000e-01 3.20000000e-01 9.00000000e-02 2.49029066e+05
3.10000000e-01 3.20000000e-01 1.00000000e-01 3.74206894e+05
3.10000000e-01 3.20000000e-01 1.10000000e-01 5.16930580e+05
3.10000000e-01 3.20000000e-01 1.20000000e-01 6.81976453e+05
3.10000000e-01 3.20000000e-01 1.30000000e-01 8.71649493e+05
3.10000000e-01 3.20000000e-01 1.40000000e-01 1.08763485e+06
3.10000000e-01 3.20000000e-01 1.50000000e-01 1.33131898e+06
3.10000000e-01 3.20000000e-01 1.60000000e-01 1.60389960e+06
3.10000000e-01 3.20000000e-01 1.70000000e-01 1.90642709e+06
3.10000000e-01 3.20000000e-01 1.80000000e-01 2.23982813e+06
3.10000000e-01 3.20000000e-01 1.90000000e-01 2.60491315e+06
3.10000000e-01 3.20000000e-01 2.00000000e-01 3.00239984e+06
3.10000000e-01 3.20000000e-01 2.10000000e-01 3.43289859e+06
3.10000000e-01 3.20000000e-01 2.20000000e-01 3.89692804e+06
3.10000000e-01 3.20000000e-01 2.30000000e-01 4.39492721e+06
3.10000000e-01 3.20000000e-01 2.40000000e-01 4.92724962e+06
3.10000000e-01 3.20000000e-01 2.50000000e-01 5.49416775e+06
3.10000000e-01 3.20000000e-01 2.60000000e-01 6.09587589e+06
3.10000000e-01 3.20000000e-01 2.70000000e-01 6.73250459e+06
3.10000000e-01 3.20000000e-01 2.80000000e-01 7.40410891e+06
3.10000000e-01 3.20000000e-01 2.90000000e-01 8.11067291e+06
3.10000000e-01 3.20000000e-01 3.00000000e-01 8.85213468e+06
3.10000000e-01 3.20000000e-01 3.10000000e-01 9.62836815e+06
3.10000000e-01 3.20000000e-01 3.20000000e-01 1.04391788e+07
3.10000000e-01 3.20000000e-01 3.30000000e-01 1.12843256e+07
3.10000000e-01 3.20000000e-01 3.40000000e-01 1.21635204e+07
3.10000000e-01 3.20000000e-01 3.50000000e-01 1.30764166e+07
3.10000000e-01 3.20000000e-01 3.60000000e-01 1.40226240e+07
3.10000000e-01 3.20000000e-01 3.70000000e-01 1.50017317e+07
3.10000000e-01 3.20000000e-01 3.80000000e-01 1.60132638e+07
3.10000000e-01 3.20000000e-01 3.90000000e-01 1.70566905e+07
3.10000000e-01 3.20000000e-01 4.00000000e-01 1.81314830e+07
3.10000000e-01 3.20000000e-01 4.10000000e-01 1.92370669e+07
3.10000000e-01 3.20000000e-01 4.20000000e-01 2.03728082e+07
3.10000000e-01 3.20000000e-01 4.30000000e-01 2.15380730e+07
3.10000000e-01 3.20000000e-01 4.40000000e-01 2.27322006e+07
3.10000000e-01 3.20000000e-01 4.50000000e-01 2.39544949e+07
3.10000000e-01 3.20000000e-01 4.60000000e-01 2.52042523e+07
3.10000000e-01 3.20000000e-01 4.70000000e-01 2.64806876e+07
3.10000000e-01 3.20000000e-01 4.80000000e-01 2.77830514e+07
3.10000000e-01 3.20000000e-01 4.90000000e-01 2.91105671e+07
3.10000000e-01 3.20000000e-01 5.00000000e-01 3.04624780e+07
3.10000000e-01 3.20000000e-01 5.10000000e-01 3.18379049e+07
3.10000000e-01 3.20000000e-01 5.20000000e-01 3.32360460e+07
3.10000000e-01 3.20000000e-01 5.30000000e-01 3.46560521e+07
3.10000000e-01 3.20000000e-01 5.40000000e-01 3.60970801e+07
3.10000000e-01 3.20000000e-01 5.50000000e-01 3.75582778e+07
3.10000000e-01 3.20000000e-01 5.60000000e-01 3.90387624e+07
3.10000000e-01 3.20000000e-01 5.70000000e-01 4.05376531e+07
3.10000000e-01 3.20000000e-01 5.80000000e-01 4.20540773e+07
3.10000000e-01 3.20000000e-01 5.90000000e-01 4.35871768e+07
3.10000000e-01 3.20000000e-01 6.00000000e-01 4.51359509e+07
3.10000000e-01 3.20000000e-01 6.10000000e-01 4.66996039e+07
3.10000000e-01 3.20000000e-01 6.20000000e-01 4.82772255e+07
3.10000000e-01 3.20000000e-01 6.30000000e-01 4.98678703e+07
3.10000000e-01 3.20000000e-01 6.40000000e-01 5.14707179e+07
3.10000000e-01 3.20000000e-01 6.50000000e-01 5.30848310e+07
3.10000000e-01 3.20000000e-01 6.60000000e-01 5.47093338e+07
3.10000000e-01 3.20000000e-01 6.70000000e-01 5.63433289e+07
3.10000000e-01 3.20000000e-01 6.80000000e-01 5.79859443e+07
3.10000000e-01 3.20000000e-01 6.90000000e-01 5.96362909e+07
3.10000000e-01 3.20000000e-01 7.00000000e-01 6.12934862e+07
3.10000000e-01 3.20000000e-01 7.10000000e-01 6.29566789e+07
3.10000000e-01 3.20000000e-01 7.20000000e-01 6.46250155e+07
3.10000000e-01 3.20000000e-01 7.30000000e-01 6.62975222e+07
3.10000000e-01 3.20000000e-01 7.40000000e-01 6.79735483e+07
3.10000000e-01 3.20000000e-01 7.50000000e-01 6.96522236e+07
3.10000000e-01 3.20000000e-01 7.60000000e-01 7.13326121e+07
3.10000000e-01 3.20000000e-01 7.70000000e-01 7.30139312e+07
3.10000000e-01 3.20000000e-01 7.80000000e-01 7.46954184e+07
3.10000000e-01 3.20000000e-01 7.90000000e-01 7.63762585e+07
3.10000000e-01 3.20000000e-01 8.00000000e-01 7.80556475e+07
3.10000000e-01 3.20000000e-01 8.10000000e-01 7.97328206e+07
3.10000000e-01 3.20000000e-01 8.20000000e-01 8.14070196e+07
3.10000000e-01 3.20000000e-01 8.30000000e-01 8.30775036e+07
3.10000000e-01 3.20000000e-01 8.40000000e-01 8.47435358e+07
3.10000000e-01 3.20000000e-01 8.50000000e-01 8.64044035e+07
3.10000000e-01 3.20000000e-01 8.60000000e-01 8.80593617e+07
3.10000000e-01 3.20000000e-01 8.70000000e-01 8.97077279e+07
3.10000000e-01 3.20000000e-01 8.80000000e-01 9.13487244e+07
3.10000000e-01 3.20000000e-01 8.90000000e-01 9.29818370e+07
3.10000000e-01 3.20000000e-01 9.00000000e-01 9.46063695e+07
3.10000000e-01 3.20000000e-01 9.10000000e-01 9.62216608e+07
3.10000000e-01 3.20000000e-01 9.20000000e-01 9.78270908e+07
3.10000000e-01 3.20000000e-01 9.30000000e-01 9.94220738e+07
3.10000000e-01 3.20000000e-01 9.40000000e-01 1.01005951e+08
3.10000000e-01 3.20000000e-01 9.50000000e-01 1.02578176e+08
3.10000000e-01 3.20000000e-01 9.60000000e-01 1.04138195e+08
3.10000000e-01 3.20000000e-01 9.70000000e-01 1.05685442e+08
3.10000000e-01 3.20000000e-01 9.80000000e-01 1.07219396e+08
3.10000000e-01 3.20000000e-01 9.90000000e-01 1.08739532e+08
3.10000000e-01 3.20000000e-01 1.00000000e+00 1.10245198e+08
3.10000000e-01 3.20000000e-01 1.01000000e+00 1.11736170e+08
3.10000000e-01 3.20000000e-01 1.02000000e+00 1.13211907e+08
3.10000000e-01 3.20000000e-01 1.03000000e+00 1.14671767e+08
3.10000000e-01 3.20000000e-01 1.04000000e+00 1.16115470e+08
3.10000000e-01 3.20000000e-01 1.05000000e+00 1.17542362e+08
3.10000000e-01 3.20000000e-01 1.06000000e+00 1.18952259e+08
3.10000000e-01 3.20000000e-01 1.07000000e+00 1.20344749e+08
3.10000000e-01 3.20000000e-01 1.08000000e+00 1.21719365e+08
3.10000000e-01 3.20000000e-01 1.09000000e+00 1.23075726e+08
3.10000000e-01 3.20000000e-01 1.10000000e+00 1.24413564e+08
3.10000000e-01 3.20000000e-01 1.11000000e+00 1.25732516e+08
3.10000000e-01 3.20000000e-01 1.12000000e+00 1.27032223e+08
3.10000000e-01 3.20000000e-01 1.13000000e+00 1.28312417e+08
3.10000000e-01 3.20000000e-01 1.14000000e+00 1.29572640e+08
3.10000000e-01 3.20000000e-01 1.15000000e+00 1.30812736e+08
3.10000000e-01 3.20000000e-01 1.16000000e+00 1.32032461e+08
3.10000000e-01 3.20000000e-01 1.17000000e+00 1.33231437e+08
3.10000000e-01 3.20000000e-01 1.18000000e+00 1.34409540e+08
3.10000000e-01 3.20000000e-01 1.19000000e+00 1.35566501e+08
3.10000000e-01 3.20000000e-01 1.20000000e+00 1.36702081e+08
3.10000000e-01 3.20000000e-01 1.21000000e+00 1.37816105e+08
3.10000000e-01 3.20000000e-01 1.22000000e+00 1.38908373e+08
3.10000000e-01 3.20000000e-01 1.23000000e+00 1.39978740e+08
3.10000000e-01 3.20000000e-01 1.24000000e+00 1.41026972e+08
3.10000000e-01 3.20000000e-01 1.25000000e+00 1.42052911e+08
3.10000000e-01 3.20000000e-01 1.26000000e+00 1.43056513e+08
3.10000000e-01 3.20000000e-01 1.27000000e+00 1.44037675e+08
3.10000000e-01 3.20000000e-01 1.28000000e+00 1.44996200e+08
3.10000000e-01 3.20000000e-01 1.29000000e+00 1.45932007e+08
3.10000000e-01 3.20000000e-01 1.30000000e+00 1.46844996e+08
3.10000000e-01 3.20000000e-01 1.31000000e+00 1.47735045e+08
3.10000000e-01 3.20000000e-01 1.32000000e+00 1.48602177e+08
3.10000000e-01 3.20000000e-01 1.33000000e+00 1.49446301e+08
3.10000000e-01 3.20000000e-01 1.34000000e+00 1.50267427e+08
3.10000000e-01 3.20000000e-01 1.35000000e+00 1.51065289e+08
3.10000000e-01 3.20000000e-01 1.36000000e+00 1.51840066e+08
3.10000000e-01 3.20000000e-01 1.37000000e+00 1.52591728e+08
3.10000000e-01 3.20000000e-01 1.38000000e+00 1.53320227e+08
3.10000000e-01 3.20000000e-01 1.39000000e+00 1.54025594e+08
3.10000000e-01 3.20000000e-01 1.40000000e+00 1.54707792e+08
3.10000000e-01 3.20000000e-01 1.41000000e+00 1.55366896e+08
3.10000000e-01 3.20000000e-01 1.42000000e+00 1.56002868e+08
3.10000000e-01 3.20000000e-01 1.43000000e+00 1.56615771e+08
3.10000000e-01 3.20000000e-01 1.44000000e+00 1.57205705e+08
3.10000000e-01 3.20000000e-01 1.45000000e+00 1.57772772e+08
3.10000000e-01 3.20000000e-01 1.46000000e+00 1.58316940e+08
3.10000000e-01 3.20000000e-01 1.47000000e+00 1.58838303e+08
3.10000000e-01 3.20000000e-01 1.48000000e+00 1.59336939e+08
3.10000000e-01 3.20000000e-01 1.49000000e+00 1.59813000e+08
3.10000000e-01 3.20000000e-01 1.50000000e+00 1.60266476e+08
3.10000000e-01 3.20000000e-01 1.51000000e+00 1.60697579e+08
3.10000000e-01 3.20000000e-01 1.52000000e+00 1.61106429e+08
3.10000000e-01 3.20000000e-01 1.53000000e+00 1.61492788e+08
3.10000000e-01 3.20000000e-01 1.54000000e+00 1.61857326e+08
3.10000000e-01 3.20000000e-01 1.55000000e+00 1.62199891e+08
3.10000000e-01 3.20000000e-01 1.56000000e+00 1.62520646e+08
3.10000000e-01 3.20000000e-01 1.57000000e+00 1.62819765e+08
3.10000000e-01 3.20000000e-01 1.58000000e+00 1.63097378e+08
3.10000000e-01 3.20000000e-01 1.59000000e+00 1.63353575e+08
3.10000000e-01 3.20000000e-01 1.60000000e+00 1.63588620e+08
3.10000000e-01 3.20000000e-01 1.61000000e+00 1.63802580e+08
3.10000000e-01 3.20000000e-01 1.62000000e+00 1.63995685e+08
3.10000000e-01 3.20000000e-01 1.63000000e+00 1.64168144e+08
3.10000000e-01 3.20000000e-01 1.64000000e+00 1.64320059e+08
3.10000000e-01 3.20000000e-01 1.65000000e+00 1.64451651e+08
3.10000000e-01 3.20000000e-01 1.66000000e+00 1.64563153e+08
3.10000000e-01 3.20000000e-01 1.67000000e+00 1.64654614e+08
3.10000000e-01 3.20000000e-01 1.68000000e+00 1.64726336e+08
3.10000000e-01 3.20000000e-01 1.69000000e+00 1.64778473e+08
3.10000000e-01 3.20000000e-01 1.70000000e+00 1.64811333e+08
3.10000000e-01 3.20000000e-01 1.71000000e+00 1.64824842e+08
3.10000000e-01 3.20000000e-01 1.72000000e+00 1.64819534e+08
3.10000000e-01 3.20000000e-01 1.73000000e+00 1.64795478e+08
3.10000000e-01 3.20000000e-01 1.74000000e+00 1.64752964e+08
3.10000000e-01 3.20000000e-01 1.75000000e+00 1.64692168e+08
3.10000000e-01 3.20000000e-01 1.76000000e+00 1.64613241e+08
3.10000000e-01 3.20000000e-01 1.77000000e+00 1.64516428e+08
3.10000000e-01 3.20000000e-01 1.78000000e+00 1.64402001e+08
3.10000000e-01 3.20000000e-01 1.79000000e+00 1.64270123e+08
3.10000000e-01 3.20000000e-01 1.80000000e+00 1.64121158e+08
3.10000000e-01 3.20000000e-01 1.81000000e+00 1.63955229e+08
3.10000000e-01 3.20000000e-01 1.82000000e+00 1.63772549e+08
3.10000000e-01 3.20000000e-01 1.83000000e+00 1.63573472e+08
3.10000000e-01 3.20000000e-01 1.84000000e+00 1.63358193e+08
3.10000000e-01 3.20000000e-01 1.85000000e+00 1.63126724e+08
3.10000000e-01 3.20000000e-01 1.86000000e+00 1.62879542e+08
3.10000000e-01 3.20000000e-01 1.87000000e+00 1.62616895e+08
3.10000000e-01 3.20000000e-01 1.88000000e+00 1.62338896e+08
3.10000000e-01 3.20000000e-01 1.89000000e+00 1.62045841e+08
3.10000000e-01 3.20000000e-01 1.90000000e+00 1.61738033e+08
3.10000000e-01 3.20000000e-01 1.91000000e+00 1.61415612e+08
3.10000000e-01 3.20000000e-01 1.92000000e+00 1.61078886e+08
3.10000000e-01 3.20000000e-01 1.93000000e+00 1.60728039e+08
3.10000000e-01 3.20000000e-01 1.94000000e+00 1.60363348e+08
3.10000000e-01 3.20000000e-01 1.95000000e+00 1.59985105e+08
3.10000000e-01 3.20000000e-01 1.96000000e+00 1.59593459e+08
3.10000000e-01 3.20000000e-01 1.97000000e+00 1.59188701e+08
3.10000000e-01 3.20000000e-01 1.98000000e+00 1.58771094e+08
3.10000000e-01 3.20000000e-01 1.99000000e+00 1.58340821e+08
3.10000000e-01 3.20000000e-01 2.00000000e+00 1.57898221e+08
3.20000000e-01 3.30000000e-01 1.00000000e-02 5.91134883e+00
3.20000000e-01 3.30000000e-01 2.00000000e-02 3.06474979e+02
3.20000000e-01 3.30000000e-01 3.00000000e-02 1.99236429e+03
3.20000000e-01 3.30000000e-01 4.00000000e-02 6.97310339e+03
3.20000000e-01 3.30000000e-01 5.00000000e-02 1.81169169e+04
3.20000000e-01 3.30000000e-01 6.00000000e-02 3.96619337e+04
3.20000000e-01 3.30000000e-01 7.00000000e-02 7.83553269e+04
3.20000000e-01 3.30000000e-01 8.00000000e-02 1.51453251e+05
3.20000000e-01 3.30000000e-01 9.00000000e-02 2.61382793e+05
3.20000000e-01 3.30000000e-01 1.00000000e-01 3.80034652e+05
3.20000000e-01 3.30000000e-01 1.10000000e-01 5.18342262e+05
3.20000000e-01 3.30000000e-01 1.20000000e-01 6.79170721e+05
3.20000000e-01 3.30000000e-01 1.30000000e-01 8.64377179e+05
3.20000000e-01 3.30000000e-01 1.40000000e-01 1.07544167e+06
3.20000000e-01 3.30000000e-01 1.50000000e-01 1.31362978e+06
3.20000000e-01 3.30000000e-01 1.60000000e-01 1.58004963e+06
3.20000000e-01 3.30000000e-01 1.70000000e-01 1.87566883e+06
3.20000000e-01 3.30000000e-01 1.80000000e-01 2.20135259e+06
3.20000000e-01 3.30000000e-01 1.90000000e-01 2.55784695e+06
3.20000000e-01 3.30000000e-01 2.00000000e-01 2.94580581e+06
3.20000000e-01 3.30000000e-01 2.10000000e-01 3.36578208e+06
3.20000000e-01 3.30000000e-01 2.20000000e-01 3.81824207e+06
3.20000000e-01 3.30000000e-01 2.30000000e-01 4.30356200e+06
3.20000000e-01 3.30000000e-01 2.40000000e-01 4.82203666e+06
3.20000000e-01 3.30000000e-01 2.50000000e-01 5.37389320e+06
3.20000000e-01 3.30000000e-01 2.60000000e-01 5.95927116e+06
3.20000000e-01 3.30000000e-01 2.70000000e-01 6.57825194e+06
3.20000000e-01 3.30000000e-01 2.80000000e-01 7.23083929e+06
3.20000000e-01 3.30000000e-01 2.90000000e-01 7.91697695e+06
3.20000000e-01 3.30000000e-01 3.00000000e-01 8.63653881e+06
3.20000000e-01 3.30000000e-01 3.10000000e-01 9.38935936e+06
3.20000000e-01 3.30000000e-01 3.20000000e-01 1.01751980e+07
3.20000000e-01 3.30000000e-01 3.30000000e-01 1.09937808e+07
3.20000000e-01 3.30000000e-01 3.40000000e-01 1.18447884e+07
3.20000000e-01 3.30000000e-01 3.50000000e-01 1.27277968e+07
3.20000000e-01 3.30000000e-01 3.60000000e-01 1.36423856e+07
3.20000000e-01 3.30000000e-01 3.70000000e-01 1.45880536e+07
3.20000000e-01 3.30000000e-01 3.80000000e-01 1.55643585e+07
3.20000000e-01 3.30000000e-01 3.90000000e-01 1.65707352e+07
3.20000000e-01 3.30000000e-01 4.00000000e-01 1.76066016e+07
3.20000000e-01 3.30000000e-01 4.10000000e-01 1.86713792e+07
3.20000000e-01 3.30000000e-01 4.20000000e-01 1.97643897e+07
3.20000000e-01 3.30000000e-01 4.30000000e-01 2.08849852e+07
3.20000000e-01 3.30000000e-01 4.40000000e-01 2.20324670e+07
3.20000000e-01 3.30000000e-01 4.50000000e-01 2.32061199e+07
3.20000000e-01 3.30000000e-01 4.60000000e-01 2.44051464e+07
3.20000000e-01 3.30000000e-01 4.70000000e-01 2.56288421e+07
3.20000000e-01 3.30000000e-01 4.80000000e-01 2.68763955e+07
3.20000000e-01 3.30000000e-01 4.90000000e-01 2.81469948e+07
3.20000000e-01 3.30000000e-01 5.00000000e-01 2.94398278e+07
3.20000000e-01 3.30000000e-01 5.10000000e-01 3.07540966e+07
3.20000000e-01 3.30000000e-01 5.20000000e-01 3.20889210e+07
3.20000000e-01 3.30000000e-01 5.30000000e-01 3.34434754e+07
3.20000000e-01 3.30000000e-01 5.40000000e-01 3.48169566e+07
3.20000000e-01 3.30000000e-01 5.50000000e-01 3.62084431e+07
3.20000000e-01 3.30000000e-01 5.60000000e-01 3.76170346e+07
3.20000000e-01 3.30000000e-01 5.70000000e-01 3.90418865e+07
3.20000000e-01 3.30000000e-01 5.80000000e-01 4.04820274e+07
3.20000000e-01 3.30000000e-01 5.90000000e-01 4.19367148e+07
3.20000000e-01 3.30000000e-01 6.00000000e-01 4.34049950e+07
3.20000000e-01 3.30000000e-01 6.10000000e-01 4.48860098e+07
3.20000000e-01 3.30000000e-01 6.20000000e-01 4.63788024e+07
3.20000000e-01 3.30000000e-01 6.30000000e-01 4.78825137e+07
3.20000000e-01 3.30000000e-01 6.40000000e-01 4.93962638e+07
3.20000000e-01 3.30000000e-01 6.50000000e-01 5.09191842e+07
3.20000000e-01 3.30000000e-01 6.60000000e-01 5.24503902e+07
3.20000000e-01 3.30000000e-01 6.70000000e-01 5.39889999e+07
3.20000000e-01 3.30000000e-01 6.80000000e-01 5.55341737e+07
3.20000000e-01 3.30000000e-01 6.90000000e-01 5.70850046e+07
3.20000000e-01 3.30000000e-01 7.00000000e-01 5.86407033e+07
3.20000000e-01 3.30000000e-01 7.10000000e-01 6.02003016e+07
3.20000000e-01 3.30000000e-01 7.20000000e-01 6.17631154e+07
3.20000000e-01 3.30000000e-01 7.30000000e-01 6.33282542e+07
3.20000000e-01 3.30000000e-01 7.40000000e-01 6.48948693e+07
3.20000000e-01 3.30000000e-01 7.50000000e-01 6.64622159e+07
3.20000000e-01 3.30000000e-01 7.60000000e-01 6.80294206e+07
3.20000000e-01 3.30000000e-01 7.70000000e-01 6.95957308e+07
3.20000000e-01 3.30000000e-01 7.80000000e-01 7.11603663e+07
3.20000000e-01 3.30000000e-01 7.90000000e-01 7.27226017e+07
3.20000000e-01 3.30000000e-01 8.00000000e-01 7.42816072e+07
3.20000000e-01 3.30000000e-01 8.10000000e-01 7.58366840e+07
3.20000000e-01 3.30000000e-01 8.20000000e-01 7.73870193e+07
3.20000000e-01 3.30000000e-01 8.30000000e-01 7.89321138e+07
3.20000000e-01 3.30000000e-01 8.40000000e-01 8.04711550e+07
3.20000000e-01 3.30000000e-01 8.50000000e-01 8.20034403e+07
3.20000000e-01 3.30000000e-01 8.60000000e-01 8.35283298e+07
3.20000000e-01 3.30000000e-01 8.70000000e-01 8.50451664e+07
3.20000000e-01 3.30000000e-01 8.80000000e-01 8.65533044e+07
3.20000000e-01 3.30000000e-01 8.90000000e-01 8.80520874e+07
3.20000000e-01 3.30000000e-01 9.00000000e-01 8.95409156e+07
3.20000000e-01 3.30000000e-01 9.10000000e-01 9.10191397e+07
3.20000000e-01 3.30000000e-01 9.20000000e-01 9.24863800e+07
3.20000000e-01 3.30000000e-01 9.30000000e-01 9.39419340e+07
3.20000000e-01 3.30000000e-01 9.40000000e-01 9.53852321e+07
3.20000000e-01 3.30000000e-01 9.50000000e-01 9.68157441e+07
3.20000000e-01 3.30000000e-01 9.60000000e-01 9.82329937e+07
3.20000000e-01 3.30000000e-01 9.70000000e-01 9.96364130e+07
3.20000000e-01 3.30000000e-01 9.80000000e-01 1.01025560e+08
3.20000000e-01 3.30000000e-01 9.90000000e-01 1.02400110e+08
3.20000000e-01 3.30000000e-01 1.00000000e+00 1.03759221e+08
3.20000000e-01 3.30000000e-01 1.01000000e+00 1.05102905e+08
3.20000000e-01 3.30000000e-01 1.02000000e+00 1.06430432e+08
3.20000000e-01 3.30000000e-01 1.03000000e+00 1.07741475e+08
3.20000000e-01 3.30000000e-01 1.04000000e+00 1.09035645e+08
3.20000000e-01 3.30000000e-01 1.05000000e+00 1.10312496e+08
3.20000000e-01 3.30000000e-01 1.06000000e+00 1.11571790e+08
3.20000000e-01 3.30000000e-01 1.07000000e+00 1.12813126e+08
3.20000000e-01 3.30000000e-01 1.08000000e+00 1.14036098e+08
3.20000000e-01 3.30000000e-01 1.09000000e+00 1.15240517e+08
3.20000000e-01 3.30000000e-01 1.10000000e+00 1.16425950e+08
3.20000000e-01 3.30000000e-01 1.11000000e+00 1.17592043e+08
3.20000000e-01 3.30000000e-01 1.12000000e+00 1.18738726e+08
3.20000000e-01 3.30000000e-01 1.13000000e+00 1.19865735e+08
3.20000000e-01 3.30000000e-01 1.14000000e+00 1.20972736e+08
3.20000000e-01 3.30000000e-01 1.15000000e+00 1.22059480e+08
3.20000000e-01 3.30000000e-01 1.16000000e+00 1.23125824e+08
3.20000000e-01 3.30000000e-01 1.17000000e+00 1.24171568e+08
3.20000000e-01 3.30000000e-01 1.18000000e+00 1.25196270e+08
3.20000000e-01 3.30000000e-01 1.19000000e+00 1.26199999e+08
3.20000000e-01 3.30000000e-01 1.20000000e+00 1.27182529e+08
3.20000000e-01 3.30000000e-01 1.21000000e+00 1.28143664e+08
3.20000000e-01 3.30000000e-01 1.22000000e+00 1.29083340e+08
3.20000000e-01 3.30000000e-01 1.23000000e+00 1.30001481e+08
3.20000000e-01 3.30000000e-01 1.24000000e+00 1.30897771e+08
3.20000000e-01 3.30000000e-01 1.25000000e+00 1.31772275e+08
3.20000000e-01 3.30000000e-01 1.26000000e+00 1.32624969e+08
3.20000000e-01 3.30000000e-01 1.27000000e+00 1.33455513e+08
3.20000000e-01 3.30000000e-01 1.28000000e+00 1.34263971e+08
3.20000000e-01 3.30000000e-01 1.29000000e+00 1.35050280e+08
3.20000000e-01 3.30000000e-01 1.30000000e+00 1.35814247e+08
3.20000000e-01 3.30000000e-01 1.31000000e+00 1.36556150e+08
3.20000000e-01 3.30000000e-01 1.32000000e+00 1.37275816e+08
3.20000000e-01 3.30000000e-01 1.33000000e+00 1.37973279e+08
3.20000000e-01 3.30000000e-01 1.34000000e+00 1.38648421e+08
3.20000000e-01 3.30000000e-01 1.35000000e+00 1.39301304e+08
3.20000000e-01 3.30000000e-01 1.36000000e+00 1.39931973e+08
3.20000000e-01 3.30000000e-01 1.37000000e+00 1.40540436e+08
3.20000000e-01 3.30000000e-01 1.38000000e+00 1.41126738e+08
3.20000000e-01 3.30000000e-01 1.39000000e+00 1.41690940e+08
3.20000000e-01 3.30000000e-01 1.40000000e+00 1.42233017e+08
3.20000000e-01 3.30000000e-01 1.41000000e+00 1.42753053e+08
3.20000000e-01 3.30000000e-01 1.42000000e+00 1.43251059e+08
3.20000000e-01 3.30000000e-01 1.43000000e+00 1.43727312e+08
3.20000000e-01 3.30000000e-01 1.44000000e+00 1.44181754e+08
3.20000000e-01 3.30000000e-01 1.45000000e+00 1.44614384e+08
3.20000000e-01 3.30000000e-01 1.46000000e+00 1.45025455e+08
3.20000000e-01 3.30000000e-01 1.47000000e+00 1.45415085e+08
3.20000000e-01 3.30000000e-01 1.48000000e+00 1.45783210e+08
3.20000000e-01 3.30000000e-01 1.49000000e+00 1.46130175e+08
3.20000000e-01 3.30000000e-01 1.50000000e+00 1.46455981e+08
3.20000000e-01 3.30000000e-01 1.51000000e+00 1.46760796e+08
3.20000000e-01 3.30000000e-01 1.52000000e+00 1.47044727e+08
3.20000000e-01 3.30000000e-01 1.53000000e+00 1.47307963e+08
3.20000000e-01 3.30000000e-01 1.54000000e+00 1.47550644e+08
3.20000000e-01 3.30000000e-01 1.55000000e+00 1.47772863e+08
3.20000000e-01 3.30000000e-01 1.56000000e+00 1.47974904e+08
3.20000000e-01 3.30000000e-01 1.57000000e+00 1.48156785e+08
3.20000000e-01 3.30000000e-01 1.58000000e+00 1.48318792e+08
3.20000000e-01 3.30000000e-01 1.59000000e+00 1.48461213e+08
3.20000000e-01 3.30000000e-01 1.60000000e+00 1.48583974e+08
3.20000000e-01 3.30000000e-01 1.61000000e+00 1.48687362e+08
3.20000000e-01 3.30000000e-01 1.62000000e+00 1.48771582e+08
3.20000000e-01 3.30000000e-01 1.63000000e+00 1.48836861e+08
3.20000000e-01 3.30000000e-01 1.64000000e+00 1.48883284e+08
3.20000000e-01 3.30000000e-01 1.65000000e+00 1.48911165e+08
3.20000000e-01 3.30000000e-01 1.66000000e+00 1.48920723e+08
3.20000000e-01 3.30000000e-01 1.67000000e+00 1.48912128e+08
3.20000000e-01 3.30000000e-01 1.68000000e+00 1.48885534e+08
3.20000000e-01 3.30000000e-01 1.69000000e+00 1.48841189e+08
3.20000000e-01 3.30000000e-01 1.70000000e+00 1.48779346e+08
3.20000000e-01 3.30000000e-01 1.71000000e+00 1.48700180e+08
3.20000000e-01 3.30000000e-01 1.72000000e+00 1.48603971e+08
3.20000000e-01 3.30000000e-01 1.73000000e+00 1.48490905e+08
3.20000000e-01 3.30000000e-01 1.74000000e+00 1.48361149e+08
3.20000000e-01 3.30000000e-01 1.75000000e+00 1.48214984e+08
3.20000000e-01 3.30000000e-01 1.76000000e+00 1.48052721e+08
3.20000000e-01 3.30000000e-01 1.77000000e+00 1.47874330e+08
3.20000000e-01 3.30000000e-01 1.78000000e+00 1.47680347e+08
3.20000000e-01 3.30000000e-01 1.79000000e+00 1.47470935e+08
3.20000000e-01 3.30000000e-01 1.80000000e+00 1.47246238e+08
3.20000000e-01 3.30000000e-01 1.81000000e+00 1.47006513e+08
3.20000000e-01 3.30000000e-01 1.82000000e+00 1.46752069e+08
3.20000000e-01 3.30000000e-01 1.83000000e+00 1.46483001e+08
3.20000000e-01 3.30000000e-01 1.84000000e+00 1.46199678e+08
3.20000000e-01 3.30000000e-01 1.85000000e+00 1.45902563e+08
3.20000000e-01 3.30000000e-01 1.86000000e+00 1.45591404e+08
3.20000000e-01 3.30000000e-01 1.87000000e+00 1.45266749e+08
3.20000000e-01 3.30000000e-01 1.88000000e+00 1.44928676e+08
3.20000000e-01 3.30000000e-01 1.89000000e+00 1.44577494e+08
3.20000000e-01 3.30000000e-01 1.90000000e+00 1.44213473e+08
3.20000000e-01 3.30000000e-01 1.91000000e+00 1.43836690e+08
3.20000000e-01 3.30000000e-01 1.92000000e+00 1.43447657e+08
3.20000000e-01 3.30000000e-01 1.93000000e+00 1.43046525e+08
3.20000000e-01 3.30000000e-01 1.94000000e+00 1.42633479e+08
3.20000000e-01 3.30000000e-01 1.95000000e+00 1.42208804e+08
3.20000000e-01 3.30000000e-01 1.96000000e+00 1.41772708e+08
3.20000000e-01 3.30000000e-01 1.97000000e+00 1.41325418e+08
3.20000000e-01 3.30000000e-01 1.98000000e+00 1.40867203e+08
3.20000000e-01 3.30000000e-01 1.99000000e+00 1.40398252e+08
3.20000000e-01 3.30000000e-01 2.00000000e+00 1.39918884e+08
3.30000000e-01 3.40000000e-01 1.00000000e-02 6.12981796e+00
3.30000000e-01 3.40000000e-01 2.00000000e-02 3.18859762e+02
3.30000000e-01 3.40000000e-01 3.00000000e-02 2.07971718e+03
3.30000000e-01 3.40000000e-01 4.00000000e-02 7.30789671e+03
3.30000000e-01 3.40000000e-01 5.00000000e-02 1.90897447e+04
3.30000000e-01 3.40000000e-01 6.00000000e-02 4.21474704e+04
3.30000000e-01 3.40000000e-01 7.00000000e-02 8.47679920e+04
3.30000000e-01 3.40000000e-01 8.00000000e-02 1.69818901e+05
3.30000000e-01 3.40000000e-01 9.00000000e-02 2.68207637e+05
3.30000000e-01 3.40000000e-01 1.00000000e-01 3.82453042e+05
3.30000000e-01 3.40000000e-01 1.10000000e-01 5.16944017e+05
3.30000000e-01 3.40000000e-01 1.20000000e-01 6.73820491e+05
3.30000000e-01 3.40000000e-01 1.30000000e-01 8.54683909e+05
3.30000000e-01 3.40000000e-01 1.40000000e-01 1.06087970e+06
3.30000000e-01 3.40000000e-01 1.50000000e-01 1.29357686e+06
3.30000000e-01 3.40000000e-01 1.60000000e-01 1.55380166e+06
3.30000000e-01 3.40000000e-01 1.70000000e-01 1.84246245e+06
3.30000000e-01 3.40000000e-01 1.80000000e-01 2.16034976e+06
3.30000000e-01 3.40000000e-01 1.90000000e-01 2.50815749e+06
3.30000000e-01 3.40000000e-01 2.00000000e-01 2.88647651e+06
3.30000000e-01 3.40000000e-01 2.10000000e-01 3.29580278e+06
3.30000000e-01 3.40000000e-01 2.20000000e-01 3.73654949e+06
3.30000000e-01 3.40000000e-01 2.30000000e-01 4.20904273e+06
3.30000000e-01 3.40000000e-01 2.40000000e-01 4.71352783e+06
3.30000000e-01 3.40000000e-01 2.50000000e-01 5.25016854e+06
3.30000000e-01 3.40000000e-01 2.60000000e-01 5.81906588e+06
3.30000000e-01 3.40000000e-01 2.70000000e-01 6.42024466e+06
3.30000000e-01 3.40000000e-01 2.80000000e-01 7.05366103e+06
3.30000000e-01 3.40000000e-01 2.90000000e-01 7.71921023e+06
3.30000000e-01 3.40000000e-01 3.00000000e-01 8.41672761e+06
3.30000000e-01 3.40000000e-01 3.10000000e-01 9.14599182e+06
3.30000000e-01 3.40000000e-01 3.20000000e-01 9.90673216e+06
3.30000000e-01 3.40000000e-01 3.30000000e-01 1.06986259e+07
3.30000000e-01 3.40000000e-01 3.40000000e-01 1.15212822e+07
3.30000000e-01 3.40000000e-01 3.50000000e-01 1.23742968e+07
3.30000000e-01 3.40000000e-01 3.60000000e-01 1.32571892e+07
3.30000000e-01 3.40000000e-01 3.70000000e-01 1.41694633e+07
3.30000000e-01 3.40000000e-01 3.80000000e-01 1.51105950e+07
3.30000000e-01 3.40000000e-01 3.90000000e-01 1.60799908e+07
3.30000000e-01 3.40000000e-01 4.00000000e-01 1.70770553e+07
3.30000000e-01 3.40000000e-01 4.10000000e-01 1.81011265e+07
3.30000000e-01 3.40000000e-01 4.20000000e-01 1.91515425e+07
3.30000000e-01 3.40000000e-01 4.30000000e-01 2.02275946e+07
3.30000000e-01 3.40000000e-01 4.40000000e-01 2.13285845e+07
3.30000000e-01 3.40000000e-01 4.50000000e-01 2.24537881e+07
3.30000000e-01 3.40000000e-01 4.60000000e-01 2.36024022e+07
3.30000000e-01 3.40000000e-01 4.70000000e-01 2.47736663e+07
3.30000000e-01 3.40000000e-01 4.80000000e-01 2.59667842e+07
3.30000000e-01 3.40000000e-01 4.90000000e-01 2.71809320e+07
3.30000000e-01 3.40000000e-01 5.00000000e-01 2.84153124e+07
3.30000000e-01 3.40000000e-01 5.10000000e-01 2.96690670e+07
3.30000000e-01 3.40000000e-01 5.20000000e-01 3.09413287e+07
3.30000000e-01 3.40000000e-01 5.30000000e-01 3.22312885e+07
3.30000000e-01 3.40000000e-01 5.40000000e-01 3.35380377e+07
3.30000000e-01 3.40000000e-01 5.50000000e-01 3.48606783e+07
3.30000000e-01 3.40000000e-01 5.60000000e-01 3.61984214e+07
3.30000000e-01 3.40000000e-01 5.70000000e-01 3.75503483e+07
3.30000000e-01 3.40000000e-01 5.80000000e-01 3.89155687e+07
3.30000000e-01 3.40000000e-01 5.90000000e-01 4.02932151e+07
3.30000000e-01 3.40000000e-01 6.00000000e-01 4.16823813e+07
3.30000000e-01 3.40000000e-01 6.10000000e-01 4.30821973e+07
3.30000000e-01 3.40000000e-01 6.20000000e-01 4.44918410e+07
3.30000000e-01 3.40000000e-01 6.30000000e-01 4.59103880e+07
3.30000000e-01 3.40000000e-01 6.40000000e-01 4.73369473e+07
3.30000000e-01 3.40000000e-01 6.50000000e-01 4.87707264e+07
3.30000000e-01 3.40000000e-01 6.60000000e-01 5.02108198e+07
3.30000000e-01 3.40000000e-01 6.70000000e-01 5.16562966e+07
3.30000000e-01 3.40000000e-01 6.80000000e-01 5.31064012e+07
3.30000000e-01 3.40000000e-01 6.90000000e-01 5.45603024e+07
3.30000000e-01 3.40000000e-01 7.00000000e-01 5.60171528e+07
3.30000000e-01 3.40000000e-01 7.10000000e-01 5.74761029e+07
3.30000000e-01 3.40000000e-01 7.20000000e-01 5.89364025e+07
3.30000000e-01 3.40000000e-01 7.30000000e-01 6.03971728e+07
3.30000000e-01 3.40000000e-01 7.40000000e-01 6.18576594e+07
3.30000000e-01 3.40000000e-01 7.50000000e-01 6.33171439e+07
3.30000000e-01 3.40000000e-01 7.60000000e-01 6.47747463e+07
3.30000000e-01 3.40000000e-01 7.70000000e-01 6.62297929e+07
3.30000000e-01 3.40000000e-01 7.80000000e-01 6.76815420e+07
3.30000000e-01 3.40000000e-01 7.90000000e-01 6.91291249e+07
3.30000000e-01 3.40000000e-01 8.00000000e-01 7.05720361e+07
3.30000000e-01 3.40000000e-01 8.10000000e-01 7.20095252e+07
3.30000000e-01 3.40000000e-01 8.20000000e-01 7.34408728e+07
3.30000000e-01 3.40000000e-01 8.30000000e-01 7.48654075e+07
3.30000000e-01 3.40000000e-01 8.40000000e-01 7.62824821e+07
3.30000000e-01 3.40000000e-01 8.50000000e-01 7.76914362e+07
3.30000000e-01 3.40000000e-01 8.60000000e-01 7.90916872e+07
3.30000000e-01 3.40000000e-01 8.70000000e-01 8.04825419e+07
3.30000000e-01 3.40000000e-01 8.80000000e-01 8.18634633e+07
3.30000000e-01 3.40000000e-01 8.90000000e-01 8.32338499e+07
3.30000000e-01 3.40000000e-01 9.00000000e-01 8.45931603e+07
3.30000000e-01 3.40000000e-01 9.10000000e-01 8.59408665e+07
3.30000000e-01 3.40000000e-01 9.20000000e-01 8.72763753e+07
3.30000000e-01 3.40000000e-01 9.30000000e-01 8.85992102e+07
3.30000000e-01 3.40000000e-01 9.40000000e-01 8.99088611e+07
3.30000000e-01 3.40000000e-01 9.50000000e-01 9.12049262e+07
3.30000000e-01 3.40000000e-01 9.60000000e-01 9.24867800e+07
3.30000000e-01 3.40000000e-01 9.70000000e-01 9.37540382e+07
3.30000000e-01 3.40000000e-01 9.80000000e-01 9.50062290e+07
3.30000000e-01 3.40000000e-01 9.90000000e-01 9.62429781e+07
3.30000000e-01 3.40000000e-01 1.00000000e+00 9.74638282e+07
3.30000000e-01 3.40000000e-01 1.01000000e+00 9.86684684e+07
3.30000000e-01 3.40000000e-01 1.02000000e+00 9.98564069e+07
3.30000000e-01 3.40000000e-01 1.03000000e+00 1.01027460e+08
3.30000000e-01 3.40000000e-01 1.04000000e+00 1.02181142e+08
3.30000000e-01 3.40000000e-01 1.05000000e+00 1.03317150e+08
3.30000000e-01 3.40000000e-01 1.06000000e+00 1.04435220e+08
3.30000000e-01 3.40000000e-01 1.07000000e+00 1.05534989e+08
3.30000000e-01 3.40000000e-01 1.08000000e+00 1.06616173e+08
3.30000000e-01 3.40000000e-01 1.09000000e+00 1.07678554e+08
3.30000000e-01 3.40000000e-01 1.10000000e+00 1.08721757e+08
3.30000000e-01 3.40000000e-01 1.11000000e+00 1.09745675e+08
3.30000000e-01 3.40000000e-01 1.12000000e+00 1.10750156e+08
3.30000000e-01 3.40000000e-01 1.13000000e+00 1.11734852e+08
3.30000000e-01 3.40000000e-01 1.14000000e+00 1.12699616e+08
3.30000000e-01 3.40000000e-01 1.15000000e+00 1.13644239e+08
3.30000000e-01 3.40000000e-01 1.16000000e+00 1.14568481e+08
3.30000000e-01 3.40000000e-01 1.17000000e+00 1.15472306e+08
3.30000000e-01 3.40000000e-01 1.18000000e+00 1.16355628e+08
3.30000000e-01 3.40000000e-01 1.19000000e+00 1.17218102e+08
3.30000000e-01 3.40000000e-01 1.20000000e+00 1.18059696e+08
3.30000000e-01 3.40000000e-01 1.21000000e+00 1.18880235e+08
3.30000000e-01 3.40000000e-01 1.22000000e+00 1.19679867e+08
3.30000000e-01 3.40000000e-01 1.23000000e+00 1.20458278e+08
3.30000000e-01 3.40000000e-01 1.24000000e+00 1.21215509e+08
3.30000000e-01 3.40000000e-01 1.25000000e+00 1.21951511e+08
3.30000000e-01 3.40000000e-01 1.26000000e+00 1.22666080e+08
3.30000000e-01 3.40000000e-01 1.27000000e+00 1.23359371e+08
3.30000000e-01 3.40000000e-01 1.28000000e+00 1.24031271e+08
3.30000000e-01 3.40000000e-01 1.29000000e+00 1.24681847e+08
3.30000000e-01 3.40000000e-01 1.30000000e+00 1.25311008e+08
3.30000000e-01 3.40000000e-01 1.31000000e+00 1.25918779e+08
3.30000000e-01 3.40000000e-01 1.32000000e+00 1.26505087e+08
3.30000000e-01 3.40000000e-01 1.33000000e+00 1.27069765e+08
3.30000000e-01 3.40000000e-01 1.34000000e+00 1.27613482e+08
3.30000000e-01 3.40000000e-01 1.35000000e+00 1.28135897e+08
3.30000000e-01 3.40000000e-01 1.36000000e+00 1.28637106e+08
3.30000000e-01 3.40000000e-01 1.37000000e+00 1.29117178e+08
3.30000000e-01 3.40000000e-01 1.38000000e+00 1.29576195e+08
3.30000000e-01 3.40000000e-01 1.39000000e+00 1.30014215e+08
3.30000000e-01 3.40000000e-01 1.40000000e+00 1.30431341e+08
3.30000000e-01 3.40000000e-01 1.41000000e+00 1.30827601e+08
3.30000000e-01 3.40000000e-01 1.42000000e+00 1.31203128e+08
3.30000000e-01 3.40000000e-01 1.43000000e+00 1.31558231e+08
3.30000000e-01 3.40000000e-01 1.44000000e+00 1.31892626e+08
3.30000000e-01 3.40000000e-01 1.45000000e+00 1.32206727e+08
3.30000000e-01 3.40000000e-01 1.46000000e+00 1.32500546e+08
3.30000000e-01 3.40000000e-01 1.47000000e+00 1.32774251e+08
3.30000000e-01 3.40000000e-01 1.48000000e+00 1.33027998e+08
3.30000000e-01 3.40000000e-01 1.49000000e+00 1.33261958e+08
3.30000000e-01 3.40000000e-01 1.50000000e+00 1.33476214e+08
3.30000000e-01 3.40000000e-01 1.51000000e+00 1.33670976e+08
3.30000000e-01 3.40000000e-01 1.52000000e+00 1.33846382e+08
3.30000000e-01 3.40000000e-01 1.53000000e+00 1.34002632e+08
3.30000000e-01 3.40000000e-01 1.54000000e+00 1.34139900e+08
3.30000000e-01 3.40000000e-01 1.55000000e+00 1.34258361e+08
3.30000000e-01 3.40000000e-01 1.56000000e+00 1.34358134e+08
3.30000000e-01 3.40000000e-01 1.57000000e+00 1.34439477e+08
3.30000000e-01 3.40000000e-01 1.58000000e+00 1.34502576e+08
3.30000000e-01 3.40000000e-01 1.59000000e+00 1.34547600e+08
3.30000000e-01 3.40000000e-01 1.60000000e+00 1.34574743e+08
3.30000000e-01 3.40000000e-01 1.61000000e+00 1.34584265e+08
3.30000000e-01 3.40000000e-01 1.62000000e+00 1.34576328e+08
3.30000000e-01 3.40000000e-01 1.63000000e+00 1.34551136e+08
3.30000000e-01 3.40000000e-01 1.64000000e+00 1.34508936e+08
3.30000000e-01 3.40000000e-01 1.65000000e+00 1.34449929e+08
3.30000000e-01 3.40000000e-01 1.66000000e+00 1.34374284e+08
3.30000000e-01 3.40000000e-01 1.67000000e+00 1.34282315e+08
3.30000000e-01 3.40000000e-01 1.68000000e+00 1.34174155e+08
3.30000000e-01 3.40000000e-01 1.69000000e+00 1.34050042e+08
3.30000000e-01 3.40000000e-01 1.70000000e+00 1.33910253e+08
3.30000000e-01 3.40000000e-01 1.71000000e+00 1.33754985e+08
3.30000000e-01 3.40000000e-01 1.72000000e+00 1.33584447e+08
3.30000000e-01 3.40000000e-01 1.73000000e+00 1.33398844e+08
3.30000000e-01 3.40000000e-01 1.74000000e+00 1.33198517e+08
3.30000000e-01 3.40000000e-01 1.75000000e+00 1.32983600e+08
3.30000000e-01 3.40000000e-01 1.76000000e+00 1.32754395e+08
3.30000000e-01 3.40000000e-01 1.77000000e+00 1.32511056e+08
3.30000000e-01 3.40000000e-01 1.78000000e+00 1.32253951e+08
3.30000000e-01 3.40000000e-01 1.79000000e+00 1.31983036e+08
3.30000000e-01 3.40000000e-01 1.80000000e+00 1.31698916e+08
3.30000000e-01 3.40000000e-01 1.81000000e+00 1.31401660e+08
3.30000000e-01 3.40000000e-01 1.82000000e+00 1.31091516e+08
3.30000000e-01 3.40000000e-01 1.83000000e+00 1.30768773e+08
3.30000000e-01 3.40000000e-01 1.84000000e+00 1.30433549e+08
3.30000000e-01 3.40000000e-01 1.85000000e+00 1.30086094e+08
3.30000000e-01 3.40000000e-01 1.86000000e+00 1.29726812e+08
3.30000000e-01 3.40000000e-01 1.87000000e+00 1.29355773e+08
3.30000000e-01 3.40000000e-01 1.88000000e+00 1.28973236e+08
3.30000000e-01 3.40000000e-01 1.89000000e+00 1.28579471e+08
3.30000000e-01 3.40000000e-01 1.90000000e+00 1.28174729e+08
3.30000000e-01 3.40000000e-01 1.91000000e+00 1.27759222e+08
3.30000000e-01 3.40000000e-01 1.92000000e+00 1.27333173e+08
3.30000000e-01 3.40000000e-01 1.93000000e+00 1.26896888e+08
3.30000000e-01 3.40000000e-01 1.94000000e+00 1.26450485e+08
3.30000000e-01 3.40000000e-01 1.95000000e+00 1.25994289e+08
3.30000000e-01 3.40000000e-01 1.96000000e+00 1.25528337e+08
3.30000000e-01 3.40000000e-01 1.97000000e+00 1.25053194e+08
3.30000000e-01 3.40000000e-01 1.98000000e+00 1.24568896e+08
3.30000000e-01 3.40000000e-01 1.99000000e+00 1.24075706e+08
3.30000000e-01 3.40000000e-01 2.00000000e+00 1.23573818e+08
3.40000000e-01 3.50000000e-01 1.00000000e-02 6.35231854e+00
3.40000000e-01 3.50000000e-01 2.00000000e-02 3.31607968e+02
3.40000000e-01 3.50000000e-01 3.00000000e-02 2.17065136e+03
3.40000000e-01 3.50000000e-01 4.00000000e-02 7.66172014e+03
3.40000000e-01 3.50000000e-01 5.00000000e-02 2.01419315e+04
3.40000000e-01 3.50000000e-01 6.00000000e-02 4.49602873e+04
3.40000000e-01 3.50000000e-01 7.00000000e-02 9.34558031e+04
3.40000000e-01 3.50000000e-01 8.00000000e-02 1.78540991e+05
3.40000000e-01 3.50000000e-01 9.00000000e-02 2.71662323e+05
3.40000000e-01 3.50000000e-01 1.00000000e-01 3.82362179e+05
3.40000000e-01 3.50000000e-01 1.10000000e-01 5.13358648e+05
3.40000000e-01 3.50000000e-01 1.20000000e-01 6.66430746e+05
3.40000000e-01 3.50000000e-01 1.30000000e-01 8.43019152e+05
3.40000000e-01 3.50000000e-01 1.40000000e-01 1.04436271e+06
3.40000000e-01 3.50000000e-01 1.50000000e-01 1.27154996e+06
3.40000000e-01 3.50000000e-01 1.60000000e-01 1.52554051e+06
3.40000000e-01 3.50000000e-01 1.70000000e-01 1.80717446e+06
3.40000000e-01 3.50000000e-01 1.80000000e-01 2.11719043e+06
3.40000000e-01 3.50000000e-01 1.90000000e-01 2.45621683e+06
3.40000000e-01 3.50000000e-01 2.00000000e-01 2.82479368e+06
3.40000000e-01 3.50000000e-01 2.10000000e-01 3.22336324e+06
3.40000000e-01 3.50000000e-01 2.20000000e-01 3.65228407e+06
3.40000000e-01 3.50000000e-01 2.30000000e-01 4.11182992e+06
3.40000000e-01 3.50000000e-01 2.40000000e-01 4.60219445e+06
3.40000000e-01 3.50000000e-01 2.50000000e-01 5.12349443e+06
3.40000000e-01 3.50000000e-01 2.60000000e-01 5.67578017e+06
3.40000000e-01 3.50000000e-01 2.70000000e-01 6.25903070e+06
3.40000000e-01 3.50000000e-01 2.80000000e-01 6.87315272e+06
3.40000000e-01 3.50000000e-01 2.90000000e-01 7.51799898e+06
3.40000000e-01 3.50000000e-01 3.00000000e-01 8.19336254e+06
3.40000000e-01 3.50000000e-01 3.10000000e-01 8.89897394e+06
3.40000000e-01 3.50000000e-01 3.20000000e-01 9.63451957e+06
3.40000000e-01 3.50000000e-01 3.30000000e-01 1.03996463e+07
3.40000000e-01 3.50000000e-01 3.40000000e-01 1.11939383e+07
3.40000000e-01 3.50000000e-01 3.50000000e-01 1.20169296e+07
3.40000000e-01 3.50000000e-01 3.60000000e-01 1.28681293e+07
3.40000000e-01 3.50000000e-01 3.70000000e-01 1.37469992e+07
3.40000000e-01 3.50000000e-01 3.80000000e-01 1.46529624e+07
3.40000000e-01 3.50000000e-01 3.90000000e-01 1.55854224e+07
3.40000000e-01 3.50000000e-01 4.00000000e-01 1.65437478e+07
3.40000000e-01 3.50000000e-01 4.10000000e-01 1.75272572e+07
3.40000000e-01 3.50000000e-01 4.20000000e-01 1.85352604e+07
3.40000000e-01 3.50000000e-01 4.30000000e-01 1.95670394e+07
3.40000000e-01 3.50000000e-01 4.40000000e-01 2.06218696e+07
3.40000000e-01 3.50000000e-01 4.50000000e-01 2.16989846e+07
3.40000000e-01 3.50000000e-01 4.60000000e-01 2.27975993e+07
3.40000000e-01 3.50000000e-01 4.70000000e-01 2.39169232e+07
3.40000000e-01 3.50000000e-01 4.80000000e-01 2.50561523e+07
3.40000000e-01 3.50000000e-01 4.90000000e-01 2.62144634e+07
3.40000000e-01 3.50000000e-01 5.00000000e-01 2.73910147e+07
3.40000000e-01 3.50000000e-01 5.10000000e-01 2.85849852e+07
3.40000000e-01 3.50000000e-01 5.20000000e-01 2.97954776e+07
3.40000000e-01 3.50000000e-01 5.30000000e-01 3.10216570e+07
3.40000000e-01 3.50000000e-01 5.40000000e-01 3.22626643e+07
3.40000000e-01 3.50000000e-01 5.50000000e-01 3.35176270e+07
3.40000000e-01 3.50000000e-01 5.60000000e-01 3.47856718e+07
3.40000000e-01 3.50000000e-01 5.70000000e-01 3.60659374e+07
3.40000000e-01 3.50000000e-01 5.80000000e-01 3.73575371e+07
3.40000000e-01 3.50000000e-01 5.90000000e-01 3.86595778e+07
3.40000000e-01 3.50000000e-01 6.00000000e-01 3.99712295e+07
3.40000000e-01 3.50000000e-01 6.10000000e-01 4.12916048e+07
3.40000000e-01 3.50000000e-01 6.20000000e-01 4.26198418e+07
3.40000000e-01 3.50000000e-01 6.30000000e-01 4.39550860e+07
3.40000000e-01 3.50000000e-01 6.40000000e-01 4.52964888e+07
3.40000000e-01 3.50000000e-01 6.50000000e-01 4.66431922e+07
3.40000000e-01 3.50000000e-01 6.60000000e-01 4.79943620e+07
3.40000000e-01 3.50000000e-01 6.70000000e-01 4.93491670e+07
3.40000000e-01 3.50000000e-01 6.80000000e-01 5.07067845e+07
3.40000000e-01 3.50000000e-01 6.90000000e-01 5.20664175e+07
3.40000000e-01 3.50000000e-01 7.00000000e-01 5.34272338e+07
3.40000000e-01 3.50000000e-01 7.10000000e-01 5.47884824e+07
3.40000000e-01 3.50000000e-01 7.20000000e-01 5.61493560e+07
3.40000000e-01 3.50000000e-01 7.30000000e-01 5.75090491e+07
3.40000000e-01 3.50000000e-01 7.40000000e-01 5.88668755e+07
3.40000000e-01 3.50000000e-01 7.50000000e-01 6.02220420e+07
3.40000000e-01 3.50000000e-01 7.60000000e-01 6.15738522e+07
3.40000000e-01 3.50000000e-01 7.70000000e-01 6.29215746e+07
3.40000000e-01 3.50000000e-01 7.80000000e-01 6.42645016e+07
3.40000000e-01 3.50000000e-01 7.90000000e-01 6.56019368e+07
3.40000000e-01 3.50000000e-01 8.00000000e-01 6.69332258e+07
3.40000000e-01 3.50000000e-01 8.10000000e-01 6.82576600e+07
3.40000000e-01 3.50000000e-01 8.20000000e-01 6.95746702e+07
3.40000000e-01 3.50000000e-01 8.30000000e-01 7.08836307e+07
3.40000000e-01 3.50000000e-01 8.40000000e-01 7.21838598e+07
3.40000000e-01 3.50000000e-01 8.50000000e-01 7.34747776e+07
3.40000000e-01 3.50000000e-01 8.60000000e-01 7.47558184e+07
3.40000000e-01 3.50000000e-01 8.70000000e-01 7.60264341e+07
3.40000000e-01 3.50000000e-01 8.80000000e-01 7.72860421e+07
3.40000000e-01 3.50000000e-01 8.90000000e-01 7.85340976e+07
3.40000000e-01 3.50000000e-01 9.00000000e-01 7.97701398e+07
3.40000000e-01 3.50000000e-01 9.10000000e-01 8.09936156e+07
3.40000000e-01 3.50000000e-01 9.20000000e-01 8.22040674e+07
3.40000000e-01 3.50000000e-01 9.30000000e-01 8.34010195e+07
3.40000000e-01 3.50000000e-01 9.40000000e-01 8.45839361e+07
3.40000000e-01 3.50000000e-01 9.50000000e-01 8.57524948e+07
3.40000000e-01 3.50000000e-01 9.60000000e-01 8.69063013e+07
3.40000000e-01 3.50000000e-01 9.70000000e-01 8.80448860e+07
3.40000000e-01 3.50000000e-01 9.80000000e-01 8.91678450e+07
3.40000000e-01 3.50000000e-01 9.90000000e-01 9.02748362e+07
3.40000000e-01 3.50000000e-01 1.00000000e+00 9.13655160e+07
3.40000000e-01 3.50000000e-01 1.01000000e+00 9.24395131e+07
3.40000000e-01 3.50000000e-01 1.02000000e+00 9.34965340e+07
3.40000000e-01 3.50000000e-01 1.03000000e+00 9.45362402e+07
3.40000000e-01 3.50000000e-01 1.04000000e+00 9.55583228e+07
3.40000000e-01 3.50000000e-01 1.05000000e+00 9.65625611e+07
3.40000000e-01 3.50000000e-01 1.06000000e+00 9.75485990e+07
3.40000000e-01 3.50000000e-01 1.07000000e+00 9.85163475e+07
3.40000000e-01 3.50000000e-01 1.08000000e+00 9.94654173e+07
3.40000000e-01 3.50000000e-01 1.09000000e+00 1.00395614e+08
3.40000000e-01 3.50000000e-01 1.10000000e+00 1.01306797e+08
3.40000000e-01 3.50000000e-01 1.11000000e+00 1.02198729e+08
3.40000000e-01 3.50000000e-01 1.12000000e+00 1.03071282e+08
3.40000000e-01 3.50000000e-01 1.13000000e+00 1.03924226e+08
3.40000000e-01 3.50000000e-01 1.14000000e+00 1.04757418e+08
3.40000000e-01 3.50000000e-01 1.15000000e+00 1.05570754e+08
3.40000000e-01 3.50000000e-01 1.16000000e+00 1.06364167e+08
3.40000000e-01 3.50000000e-01 1.17000000e+00 1.07137460e+08
3.40000000e-01 3.50000000e-01 1.18000000e+00 1.07890561e+08
3.40000000e-01 3.50000000e-01 1.19000000e+00 1.08623450e+08
3.40000000e-01 3.50000000e-01 1.20000000e+00 1.09335891e+08
3.40000000e-01 3.50000000e-01 1.21000000e+00 1.10027941e+08
3.40000000e-01 3.50000000e-01 1.22000000e+00 1.10699508e+08
3.40000000e-01 3.50000000e-01 1.23000000e+00 1.11350687e+08
3.40000000e-01 3.50000000e-01 1.24000000e+00 1.11981256e+08
3.40000000e-01 3.50000000e-01 1.25000000e+00 1.12591363e+08
3.40000000e-01 3.50000000e-01 1.26000000e+00 1.13180830e+08
3.40000000e-01 3.50000000e-01 1.27000000e+00 1.13749745e+08
3.40000000e-01 3.50000000e-01 1.28000000e+00 1.14298125e+08
3.40000000e-01 3.50000000e-01 1.29000000e+00 1.14826002e+08
3.40000000e-01 3.50000000e-01 1.30000000e+00 1.15333417e+08
3.40000000e-01 3.50000000e-01 1.31000000e+00 1.15820442e+08
3.40000000e-01 3.50000000e-01 1.32000000e+00 1.16287051e+08
3.40000000e-01 3.50000000e-01 1.33000000e+00 1.16733375e+08
3.40000000e-01 3.50000000e-01 1.34000000e+00 1.17159422e+08
3.40000000e-01 3.50000000e-01 1.35000000e+00 1.17565296e+08
3.40000000e-01 3.50000000e-01 1.36000000e+00 1.17951072e+08
3.40000000e-01 3.50000000e-01 1.37000000e+00 1.18316922e+08
3.40000000e-01 3.50000000e-01 1.38000000e+00 1.18662877e+08
3.40000000e-01 3.50000000e-01 1.39000000e+00 1.18989076e+08
3.40000000e-01 3.50000000e-01 1.40000000e+00 1.19295613e+08
3.40000000e-01 3.50000000e-01 1.41000000e+00 1.19582578e+08
3.40000000e-01 3.50000000e-01 1.42000000e+00 1.19850142e+08
3.40000000e-01 3.50000000e-01 1.43000000e+00 1.20098436e+08
3.40000000e-01 3.50000000e-01 1.44000000e+00 1.20327636e+08
3.40000000e-01 3.50000000e-01 1.45000000e+00 1.20537871e+08
3.40000000e-01 3.50000000e-01 1.46000000e+00 1.20729293e+08
3.40000000e-01 3.50000000e-01 1.47000000e+00 1.20902042e+08
3.40000000e-01 3.50000000e-01 1.48000000e+00 1.21056318e+08
3.40000000e-01 3.50000000e-01 1.49000000e+00 1.21192246e+08
3.40000000e-01 3.50000000e-01 1.50000000e+00 1.21310003e+08
3.40000000e-01 3.50000000e-01 1.51000000e+00 1.21409845e+08
3.40000000e-01 3.50000000e-01 1.52000000e+00 1.21491903e+08
3.40000000e-01 3.50000000e-01 1.53000000e+00 1.21556388e+08
3.40000000e-01 3.50000000e-01 1.54000000e+00 1.21603468e+08
3.40000000e-01 3.50000000e-01 1.55000000e+00 1.21633340e+08
3.40000000e-01 3.50000000e-01 1.56000000e+00 1.21646208e+08
3.40000000e-01 3.50000000e-01 1.57000000e+00 1.21642239e+08
3.40000000e-01 3.50000000e-01 1.58000000e+00 1.21621743e+08
3.40000000e-01 3.50000000e-01 1.59000000e+00 1.21584785e+08
3.40000000e-01 3.50000000e-01 1.60000000e+00 1.21531681e+08
3.40000000e-01 3.50000000e-01 1.61000000e+00 1.21462637e+08
3.40000000e-01 3.50000000e-01 1.62000000e+00 1.21377949e+08
3.40000000e-01 3.50000000e-01 1.63000000e+00 1.21277631e+08
3.40000000e-01 3.50000000e-01 1.64000000e+00 1.21161897e+08
3.40000000e-01 3.50000000e-01 1.65000000e+00 1.21031219e+08
3.40000000e-01 3.50000000e-01 1.66000000e+00 1.20885687e+08
3.40000000e-01 3.50000000e-01 1.67000000e+00 1.20725573e+08
3.40000000e-01 3.50000000e-01 1.68000000e+00 1.20551027e+08
3.40000000e-01 3.50000000e-01 1.69000000e+00 1.20362322e+08
3.40000000e-01 3.50000000e-01 1.70000000e+00 1.20159707e+08
3.40000000e-01 3.50000000e-01 1.71000000e+00 1.19943404e+08
3.40000000e-01 3.50000000e-01 1.72000000e+00 1.19713631e+08
3.40000000e-01 3.50000000e-01 1.73000000e+00 1.19470603e+08
3.40000000e-01 3.50000000e-01 1.74000000e+00 1.19214579e+08
3.40000000e-01 3.50000000e-01 1.75000000e+00 1.18945782e+08
3.40000000e-01 3.50000000e-01 1.76000000e+00 1.18664504e+08
3.40000000e-01 3.50000000e-01 1.77000000e+00 1.18370936e+08
3.40000000e-01 3.50000000e-01 1.78000000e+00 1.18065311e+08
3.40000000e-01 3.50000000e-01 1.79000000e+00 1.17747863e+08
3.40000000e-01 3.50000000e-01 1.80000000e+00 1.17418890e+08
3.40000000e-01 3.50000000e-01 1.81000000e+00 1.17078398e+08
3.40000000e-01 3.50000000e-01 1.82000000e+00 1.16726956e+08
3.40000000e-01 3.50000000e-01 1.83000000e+00 1.16364592e+08
3.40000000e-01 3.50000000e-01 1.84000000e+00 1.15991578e+08
3.40000000e-01 3.50000000e-01 1.85000000e+00 1.15608177e+08
3.40000000e-01 3.50000000e-01 1.86000000e+00 1.15214598e+08
3.40000000e-01 3.50000000e-01 1.87000000e+00 1.14810997e+08
3.40000000e-01 3.50000000e-01 1.88000000e+00 1.14397729e+08
3.40000000e-01 3.50000000e-01 1.89000000e+00 1.13974981e+08
3.40000000e-01 3.50000000e-01 1.90000000e+00 1.13543001e+08
3.40000000e-01 3.50000000e-01 1.91000000e+00 1.13101988e+08
3.40000000e-01 3.50000000e-01 1.92000000e+00 1.12652185e+08
3.40000000e-01 3.50000000e-01 1.93000000e+00 1.12193810e+08
3.40000000e-01 3.50000000e-01 1.94000000e+00 1.11727061e+08
3.40000000e-01 3.50000000e-01 1.95000000e+00 1.11252196e+08
3.40000000e-01 3.50000000e-01 1.96000000e+00 1.10769428e+08
3.40000000e-01 3.50000000e-01 1.97000000e+00 1.10278978e+08
3.40000000e-01 3.50000000e-01 1.98000000e+00 1.09781050e+08
3.40000000e-01 3.50000000e-01 1.99000000e+00 1.09275901e+08
3.40000000e-01 3.50000000e-01 2.00000000e+00 1.08763697e+08
3.50000000e-01 3.60000000e-01 1.00000000e-02 6.57909862e+00
3.50000000e-01 3.60000000e-01 2.00000000e-02 3.44752664e+02
3.50000000e-01 3.60000000e-01 3.00000000e-02 2.26559526e+03
3.50000000e-01 3.60000000e-01 4.00000000e-02 8.03748418e+03
3.50000000e-01 3.60000000e-01 5.00000000e-02 2.12917449e+04
3.50000000e-01 3.60000000e-01 6.00000000e-02 4.82434214e+04
3.50000000e-01 3.60000000e-01 7.00000000e-02 1.06785708e+05
3.50000000e-01 3.60000000e-01 8.00000000e-02 1.83215732e+05
3.50000000e-01 3.60000000e-01 9.00000000e-02 2.72779747e+05
3.50000000e-01 3.60000000e-01 1.00000000e-01 3.80366541e+05
3.50000000e-01 3.60000000e-01 1.10000000e-01 5.08054333e+05
3.50000000e-01 3.60000000e-01 1.20000000e-01 6.57411022e+05
3.50000000e-01 3.60000000e-01 1.30000000e-01 8.29758651e+05
3.50000000e-01 3.60000000e-01 1.40000000e-01 1.02625196e+06
3.50000000e-01 3.60000000e-01 1.50000000e-01 1.24790972e+06
3.50000000e-01 3.60000000e-01 1.60000000e-01 1.49562655e+06
3.50000000e-01 3.60000000e-01 1.70000000e-01 1.77018531e+06
3.50000000e-01 3.60000000e-01 1.80000000e-01 2.07226346e+06
3.50000000e-01 3.60000000e-01 1.90000000e-01 2.40243946e+06
3.50000000e-01 3.60000000e-01 2.00000000e-01 2.76119503e+06
3.50000000e-01 3.60000000e-01 2.10000000e-01 3.14892345e+06
3.50000000e-01 3.60000000e-01 2.20000000e-01 3.56592959e+06
3.50000000e-01 3.60000000e-01 2.30000000e-01 4.01243797e+06
3.50000000e-01 3.60000000e-01 2.40000000e-01 4.48859471e+06
3.50000000e-01 3.60000000e-01 2.50000000e-01 4.99446789e+06
3.50000000e-01 3.60000000e-01 2.60000000e-01 5.53006137e+06
3.50000000e-01 3.60000000e-01 2.70000000e-01 6.09530530e+06
3.50000000e-01 3.60000000e-01 2.80000000e-01 6.69006939e+06
3.50000000e-01 3.60000000e-01 2.90000000e-01 7.31415783e+06
3.50000000e-01 3.60000000e-01 3.00000000e-01 7.96732774e+06
3.50000000e-01 3.60000000e-01 3.10000000e-01 8.64927120e+06
3.50000000e-01 3.60000000e-01 3.20000000e-01 9.35964504e+06
3.50000000e-01 3.60000000e-01 3.30000000e-01 1.00980300e+07
3.50000000e-01 3.60000000e-01 3.40000000e-01 1.08639850e+07
3.50000000e-01 3.60000000e-01 3.50000000e-01 1.16570283e+07
3.50000000e-01 3.60000000e-01 3.60000000e-01 1.24766305e+07
3.50000000e-01 3.60000000e-01 3.70000000e-01 1.33222102e+07
3.50000000e-01 3.60000000e-01 3.80000000e-01 1.41931787e+07
3.50000000e-01 3.60000000e-01 3.90000000e-01 1.50889102e+07
3.50000000e-01 3.60000000e-01 4.00000000e-01 1.60087368e+07
3.50000000e-01 3.60000000e-01 4.10000000e-01 1.69519700e+07
3.50000000e-01 3.60000000e-01 4.20000000e-01 1.79179036e+07
3.50000000e-01 3.60000000e-01 4.30000000e-01 1.89057922e+07
3.50000000e-01 3.60000000e-01 4.40000000e-01 1.99148836e+07
3.50000000e-01 3.60000000e-01 4.50000000e-01 2.09444144e+07
3.50000000e-01 3.60000000e-01 4.60000000e-01 2.19935911e+07
3.50000000e-01 3.60000000e-01 4.70000000e-01 2.30615957e+07
3.50000000e-01 3.60000000e-01 4.80000000e-01 2.41476226e+07
3.50000000e-01 3.60000000e-01 4.90000000e-01 2.52508328e+07
3.50000000e-01 3.60000000e-01 5.00000000e-01 2.63703919e+07
3.50000000e-01 3.60000000e-01 5.10000000e-01 2.75054522e+07
3.50000000e-01 3.60000000e-01 5.20000000e-01 2.86551658e+07
3.50000000e-01 3.60000000e-01 5.30000000e-01 2.98186815e+07
3.50000000e-01 3.60000000e-01 5.40000000e-01 3.09951085e+07
3.50000000e-01 3.60000000e-01 5.50000000e-01 3.21836062e+07
3.50000000e-01 3.60000000e-01 5.60000000e-01 3.33833151e+07
3.50000000e-01 3.60000000e-01 5.70000000e-01 3.45933511e+07
3.50000000e-01 3.60000000e-01 5.80000000e-01 3.58128764e+07
3.50000000e-01 3.60000000e-01 5.90000000e-01 3.70410018e+07
3.50000000e-01 3.60000000e-01 6.00000000e-01 3.82768962e+07
3.50000000e-01 3.60000000e-01 6.10000000e-01 3.95197040e+07
3.50000000e-01 3.60000000e-01 6.20000000e-01 4.07685968e+07
3.50000000e-01 3.60000000e-01 6.30000000e-01 4.20227040e+07
3.50000000e-01 3.60000000e-01 6.40000000e-01 4.32812082e+07
3.50000000e-01 3.60000000e-01 6.50000000e-01 4.45432625e+07
3.50000000e-01 3.60000000e-01 6.60000000e-01 4.58080768e+07
3.50000000e-01 3.60000000e-01 6.70000000e-01 4.70748390e+07
3.50000000e-01 3.60000000e-01 6.80000000e-01 4.83427573e+07
3.50000000e-01 3.60000000e-01 6.90000000e-01 4.96110403e+07
3.50000000e-01 3.60000000e-01 7.00000000e-01 5.08789269e+07
3.50000000e-01 3.60000000e-01 7.10000000e-01 5.21456353e+07
3.50000000e-01 3.60000000e-01 7.20000000e-01 5.34103987e+07
3.50000000e-01 3.60000000e-01 7.30000000e-01 5.46725587e+07
3.50000000e-01 3.60000000e-01 7.40000000e-01 5.59313599e+07
3.50000000e-01 3.60000000e-01 7.50000000e-01 5.71860739e+07
3.50000000e-01 3.60000000e-01 7.60000000e-01 5.84360429e+07
3.50000000e-01 3.60000000e-01 7.70000000e-01 5.96805567e+07
3.50000000e-01 3.60000000e-01 7.80000000e-01 6.09189552e+07
3.50000000e-01 3.60000000e-01 7.90000000e-01 6.21505831e+07
3.50000000e-01 3.60000000e-01 8.00000000e-01 6.33748557e+07
3.50000000e-01 3.60000000e-01 8.10000000e-01 6.45911105e+07
3.50000000e-01 3.60000000e-01 8.20000000e-01 6.57987457e+07
3.50000000e-01 3.60000000e-01 8.30000000e-01 6.69971969e+07
3.50000000e-01 3.60000000e-01 8.40000000e-01 6.81859013e+07
3.50000000e-01 3.60000000e-01 8.50000000e-01 6.93642773e+07
3.50000000e-01 3.60000000e-01 8.60000000e-01 7.05317934e+07
3.50000000e-01 3.60000000e-01 8.70000000e-01 7.16879801e+07
3.50000000e-01 3.60000000e-01 8.80000000e-01 7.28322255e+07
3.50000000e-01 3.60000000e-01 8.90000000e-01 7.39641982e+07
3.50000000e-01 3.60000000e-01 9.00000000e-01 7.50833078e+07
3.50000000e-01 3.60000000e-01 9.10000000e-01 7.61891537e+07
3.50000000e-01 3.60000000e-01 9.20000000e-01 7.72812945e+07
3.50000000e-01 3.60000000e-01 9.30000000e-01 7.83593052e+07
3.50000000e-01 3.60000000e-01 9.40000000e-01 7.94227822e+07
3.50000000e-01 3.60000000e-01 9.50000000e-01 8.04713432e+07
3.50000000e-01 3.60000000e-01 9.60000000e-01 8.15045821e+07
3.50000000e-01 3.60000000e-01 9.70000000e-01 8.25221971e+07
3.50000000e-01 3.60000000e-01 9.80000000e-01 8.35238200e+07
3.50000000e-01 3.60000000e-01 9.90000000e-01 8.45091087e+07
3.50000000e-01 3.60000000e-01 1.00000000e+00 8.54777716e+07
3.50000000e-01 3.60000000e-01 1.01000000e+00 8.64295928e+07
3.50000000e-01 3.60000000e-01 1.02000000e+00 8.73641523e+07
3.50000000e-01 3.60000000e-01 1.03000000e+00 8.82813058e+07
3.50000000e-01 3.60000000e-01 1.04000000e+00 8.91808352e+07
3.50000000e-01 3.60000000e-01 1.05000000e+00 9.00624374e+07
3.50000000e-01 3.60000000e-01 1.06000000e+00 9.09257995e+07
3.50000000e-01 3.60000000e-01 1.07000000e+00 9.17709241e+07
3.50000000e-01 3.60000000e-01 1.08000000e+00 9.25975000e+07
3.50000000e-01 3.60000000e-01 1.09000000e+00 9.34053284e+07
3.50000000e-01 3.60000000e-01 1.10000000e+00 9.41944938e+07
3.50000000e-01 3.60000000e-01 1.11000000e+00 9.49645715e+07
3.50000000e-01 3.60000000e-01 1.12000000e+00 9.57155169e+07
3.50000000e-01 3.60000000e-01 1.13000000e+00 9.64471752e+07
3.50000000e-01 3.60000000e-01 1.14000000e+00 9.71595294e+07
3.50000000e-01 3.60000000e-01 1.15000000e+00 9.78525025e+07
3.50000000e-01 3.60000000e-01 1.16000000e+00 9.85261008e+07
3.50000000e-01 3.60000000e-01 1.17000000e+00 9.91799598e+07
3.50000000e-01 3.60000000e-01 1.18000000e+00 9.98142356e+07
3.50000000e-01 3.60000000e-01 1.19000000e+00 1.00428871e+08
3.50000000e-01 3.60000000e-01 1.20000000e+00 1.01023758e+08
3.50000000e-01 3.60000000e-01 1.21000000e+00 1.01598933e+08
3.50000000e-01 3.60000000e-01 1.22000000e+00 1.02154350e+08
3.50000000e-01 3.60000000e-01 1.23000000e+00 1.02690057e+08
3.50000000e-01 3.60000000e-01 1.24000000e+00 1.03206044e+08
3.50000000e-01 3.60000000e-01 1.25000000e+00 1.03702320e+08
3.50000000e-01 3.60000000e-01 1.26000000e+00 1.04178969e+08
3.50000000e-01 3.60000000e-01 1.27000000e+00 1.04635982e+08
3.50000000e-01 3.60000000e-01 1.28000000e+00 1.05073443e+08
3.50000000e-01 3.60000000e-01 1.29000000e+00 1.05491399e+08
3.50000000e-01 3.60000000e-01 1.30000000e+00 1.05889912e+08
3.50000000e-01 3.60000000e-01 1.31000000e+00 1.06269045e+08
3.50000000e-01 3.60000000e-01 1.32000000e+00 1.06628899e+08
3.50000000e-01 3.60000000e-01 1.33000000e+00 1.06969555e+08
3.50000000e-01 3.60000000e-01 1.34000000e+00 1.07291145e+08
3.50000000e-01 3.60000000e-01 1.35000000e+00 1.07593817e+08
3.50000000e-01 3.60000000e-01 1.36000000e+00 1.07877557e+08
3.50000000e-01 3.60000000e-01 1.37000000e+00 1.08142593e+08
3.50000000e-01 3.60000000e-01 1.38000000e+00 1.08389016e+08
3.50000000e-01 3.60000000e-01 1.39000000e+00 1.08616960e+08
3.50000000e-01 3.60000000e-01 1.40000000e+00 1.08826617e+08
3.50000000e-01 3.60000000e-01 1.41000000e+00 1.09018088e+08
3.50000000e-01 3.60000000e-01 1.42000000e+00 1.09191503e+08
3.50000000e-01 3.60000000e-01 1.43000000e+00 1.09347082e+08
3.50000000e-01 3.60000000e-01 1.44000000e+00 1.09485012e+08
3.50000000e-01 3.60000000e-01 1.45000000e+00 1.09605336e+08
3.50000000e-01 3.60000000e-01 1.46000000e+00 1.09708355e+08
3.50000000e-01 3.60000000e-01 1.47000000e+00 1.09794123e+08
3.50000000e-01 3.60000000e-01 1.48000000e+00 1.09862978e+08
3.50000000e-01 3.60000000e-01 1.49000000e+00 1.09915043e+08
3.50000000e-01 3.60000000e-01 1.50000000e+00 1.09950519e+08
3.50000000e-01 3.60000000e-01 1.51000000e+00 1.09969580e+08
3.50000000e-01 3.60000000e-01 1.52000000e+00 1.09972457e+08
3.50000000e-01 3.60000000e-01 1.53000000e+00 1.09959299e+08
3.50000000e-01 3.60000000e-01 1.54000000e+00 1.09930345e+08
3.50000000e-01 3.60000000e-01 1.55000000e+00 1.09885792e+08
3.50000000e-01 3.60000000e-01 1.56000000e+00 1.09825880e+08
3.50000000e-01 3.60000000e-01 1.57000000e+00 1.09750808e+08
3.50000000e-01 3.60000000e-01 1.58000000e+00 1.09660783e+08
3.50000000e-01 3.60000000e-01 1.59000000e+00 1.09556022e+08
3.50000000e-01 3.60000000e-01 1.60000000e+00 1.09436752e+08
3.50000000e-01 3.60000000e-01 1.61000000e+00 1.09303223e+08
3.50000000e-01 3.60000000e-01 1.62000000e+00 1.09155635e+08
3.50000000e-01 3.60000000e-01 1.63000000e+00 1.08994211e+08
3.50000000e-01 3.60000000e-01 1.64000000e+00 1.08819213e+08
3.50000000e-01 3.60000000e-01 1.65000000e+00 1.08630831e+08
3.50000000e-01 3.60000000e-01 1.66000000e+00 1.08429323e+08
3.50000000e-01 3.60000000e-01 1.67000000e+00 1.08214892e+08
3.50000000e-01 3.60000000e-01 1.68000000e+00 1.07987760e+08
3.50000000e-01 3.60000000e-01 1.69000000e+00 1.07748211e+08
3.50000000e-01 3.60000000e-01 1.70000000e+00 1.07496437e+08
3.50000000e-01 3.60000000e-01 1.71000000e+00 1.07232688e+08
3.50000000e-01 3.60000000e-01 1.72000000e+00 1.06957201e+08
3.50000000e-01 3.60000000e-01 1.73000000e+00 1.06670168e+08
3.50000000e-01 3.60000000e-01 1.74000000e+00 1.06371859e+08
3.50000000e-01 3.60000000e-01 1.75000000e+00 1.06062515e+08
3.50000000e-01 3.60000000e-01 1.76000000e+00 1.05742323e+08
3.50000000e-01 3.60000000e-01 1.77000000e+00 1.05411538e+08
3.50000000e-01 3.60000000e-01 1.78000000e+00 1.05070416e+08
3.50000000e-01 3.60000000e-01 1.79000000e+00 1.04719201e+08
3.50000000e-01 3.60000000e-01 1.80000000e+00 1.04358065e+08
3.50000000e-01 3.60000000e-01 1.81000000e+00 1.03987296e+08
3.50000000e-01 3.60000000e-01 1.82000000e+00 1.03607095e+08
3.50000000e-01 3.60000000e-01 1.83000000e+00 1.03217709e+08
3.50000000e-01 3.60000000e-01 1.84000000e+00 1.02819318e+08
3.50000000e-01 3.60000000e-01 1.85000000e+00 1.02412185e+08
3.50000000e-01 3.60000000e-01 1.86000000e+00 1.01996517e+08
3.50000000e-01 3.60000000e-01 1.87000000e+00 1.01572607e+08
3.50000000e-01 3.60000000e-01 1.88000000e+00 1.01140494e+08
3.50000000e-01 3.60000000e-01 1.89000000e+00 1.00700575e+08
3.50000000e-01 3.60000000e-01 1.90000000e+00 1.00253032e+08
3.50000000e-01 3.60000000e-01 1.91000000e+00 9.97980427e+07
3.50000000e-01 3.60000000e-01 1.92000000e+00 9.93358566e+07
3.50000000e-01 3.60000000e-01 1.93000000e+00 9.88666693e+07
3.50000000e-01 3.60000000e-01 1.94000000e+00 9.83906605e+07
3.50000000e-01 3.60000000e-01 1.95000000e+00 9.79081733e+07
3.50000000e-01 3.60000000e-01 1.96000000e+00 9.74192704e+07
3.50000000e-01 3.60000000e-01 1.97000000e+00 9.69242127e+07
3.50000000e-01 3.60000000e-01 1.98000000e+00 9.64232120e+07
3.50000000e-01 3.60000000e-01 1.99000000e+00 9.59164591e+07
3.50000000e-01 3.60000000e-01 2.00000000e+00 9.54041627e+07
3.60000000e-01 3.70000000e-01 1.00000000e-02 6.81044918e+00
3.60000000e-01 3.70000000e-01 2.00000000e-02 3.58328422e+02
3.60000000e-01 3.70000000e-01 3.00000000e-02 2.36500752e+03
3.60000000e-01 3.70000000e-01 4.00000000e-02 8.43895853e+03
3.60000000e-01 3.70000000e-01 5.00000000e-02 2.25655172e+04
3.60000000e-01 3.70000000e-01 6.00000000e-02 5.22999082e+04
3.60000000e-01 3.70000000e-01 7.00000000e-02 1.14031988e+05
3.60000000e-01 3.70000000e-01 8.00000000e-02 1.85494755e+05
3.60000000e-01 3.70000000e-01 9.00000000e-02 2.72188904e+05
3.60000000e-01 3.70000000e-01 1.00000000e-01 3.76904508e+05
3.60000000e-01 3.70000000e-01 1.10000000e-01 5.01396166e+05
3.60000000e-01 3.70000000e-01 1.20000000e-01 6.47090451e+05
3.60000000e-01 3.70000000e-01 1.30000000e-01 8.15217623e+05
3.60000000e-01 3.70000000e-01 1.40000000e-01 1.00685923e+06
3.60000000e-01 3.70000000e-01 1.50000000e-01 1.22296889e+06
3.60000000e-01 3.70000000e-01 1.60000000e-01 1.46438229e+06
3.60000000e-01 3.70000000e-01 1.70000000e-01 1.73182736e+06
3.60000000e-01 3.70000000e-01 1.80000000e-01 2.02592572e+06
3.60000000e-01 3.70000000e-01 1.90000000e-01 2.34720124e+06
3.60000000e-01 3.70000000e-01 2.00000000e-01 2.69608496e+06
3.60000000e-01 3.70000000e-01 2.10000000e-01 3.07292106e+06
3.60000000e-01 3.70000000e-01 2.20000000e-01 3.47795932e+06
3.60000000e-01 3.70000000e-01 2.30000000e-01 3.91137969e+06
3.60000000e-01 3.70000000e-01 2.40000000e-01 4.37328194e+06
3.60000000e-01 3.70000000e-01 2.50000000e-01 4.86369188e+06
3.60000000e-01 3.70000000e-01 2.60000000e-01 5.38256064e+06
3.60000000e-01 3.70000000e-01 2.70000000e-01 5.92978021e+06
3.60000000e-01 3.70000000e-01 2.80000000e-01 6.50517262e+06
3.60000000e-01 3.70000000e-01 2.90000000e-01 7.10851402e+06
3.60000000e-01 3.70000000e-01 3.00000000e-01 7.73951041e+06
3.60000000e-01 3.70000000e-01 3.10000000e-01 8.39782406e+06
3.60000000e-01 3.70000000e-01 3.20000000e-01 9.08306296e+06
3.60000000e-01 3.70000000e-01 3.30000000e-01 9.79478569e+06
3.60000000e-01 3.70000000e-01 3.40000000e-01 1.05325236e+07
3.60000000e-01 3.70000000e-01 3.50000000e-01 1.12957564e+07
3.60000000e-01 3.70000000e-01 3.60000000e-01 1.20839218e+07
3.60000000e-01 3.70000000e-01 3.70000000e-01 1.28964295e+07
3.60000000e-01 3.70000000e-01 3.80000000e-01 1.37326640e+07
3.60000000e-01 3.70000000e-01 3.90000000e-01 1.45919507e+07
3.60000000e-01 3.70000000e-01 4.00000000e-01 1.54736144e+07
3.60000000e-01 3.70000000e-01 4.10000000e-01 1.63769657e+07
3.60000000e-01 3.70000000e-01 4.20000000e-01 1.73012538e+07
3.60000000e-01 3.70000000e-01 4.30000000e-01 1.82457367e+07
3.60000000e-01 3.70000000e-01 4.40000000e-01 1.92096434e+07
3.60000000e-01 3.70000000e-01 4.50000000e-01 2.01922011e+07
3.60000000e-01 3.70000000e-01 4.60000000e-01 2.11925973e+07
3.60000000e-01 3.70000000e-01 4.70000000e-01 2.22100170e+07
3.60000000e-01 3.70000000e-01 4.80000000e-01 2.32436328e+07
3.60000000e-01 3.70000000e-01 4.90000000e-01 2.42926399e+07
3.60000000e-01 3.70000000e-01 5.00000000e-01 2.53561785e+07
3.60000000e-01 3.70000000e-01 5.10000000e-01 2.64334023e+07
3.60000000e-01 3.70000000e-01 5.20000000e-01 2.75234667e+07
3.60000000e-01 3.70000000e-01 5.30000000e-01 2.86255143e+07
3.60000000e-01 3.70000000e-01 5.40000000e-01 2.97386940e+07
3.60000000e-01 3.70000000e-01 5.50000000e-01 3.08621515e+07
3.60000000e-01 3.70000000e-01 5.60000000e-01 3.19950410e+07
3.60000000e-01 3.70000000e-01 5.70000000e-01 3.31364691e+07
3.60000000e-01 3.70000000e-01 5.80000000e-01 3.42856559e+07
3.60000000e-01 3.70000000e-01 5.90000000e-01 3.54417042e+07
3.60000000e-01 3.70000000e-01 6.00000000e-01 3.66037913e+07
3.60000000e-01 3.70000000e-01 6.10000000e-01 3.77710944e+07
3.60000000e-01 3.70000000e-01 6.20000000e-01 3.89427797e+07
3.60000000e-01 3.70000000e-01 6.30000000e-01 4.01180401e+07
3.60000000e-01 3.70000000e-01 6.40000000e-01 4.12960551e+07
3.60000000e-01 3.70000000e-01 6.50000000e-01 4.24760443e+07
3.60000000e-01 3.70000000e-01 6.60000000e-01 4.36571696e+07
3.60000000e-01 3.70000000e-01 6.70000000e-01 4.48387077e+07
3.60000000e-01 3.70000000e-01 6.80000000e-01 4.60198806e+07
3.60000000e-01 3.70000000e-01 6.90000000e-01 4.71999413e+07
3.60000000e-01 3.70000000e-01 7.00000000e-01 4.83781280e+07
3.60000000e-01 3.70000000e-01 7.10000000e-01 4.95537254e+07
3.60000000e-01 3.70000000e-01 7.20000000e-01 5.07260312e+07
3.60000000e-01 3.70000000e-01 7.30000000e-01 5.18943411e+07
3.60000000e-01 3.70000000e-01 7.40000000e-01 5.30579641e+07
3.60000000e-01 3.70000000e-01 7.50000000e-01 5.42162360e+07
3.60000000e-01 3.70000000e-01 7.60000000e-01 5.53685084e+07
3.60000000e-01 3.70000000e-01 7.70000000e-01 5.65141523e+07
3.60000000e-01 3.70000000e-01 7.80000000e-01 5.76525293e+07
3.60000000e-01 3.70000000e-01 7.90000000e-01 5.87830364e+07
3.60000000e-01 3.70000000e-01 8.00000000e-01 5.99050824e+07
3.60000000e-01 3.70000000e-01 8.10000000e-01 6.10181339e+07
3.60000000e-01 3.70000000e-01 8.20000000e-01 6.21215675e+07
3.60000000e-01 3.70000000e-01 8.30000000e-01 6.32148895e+07
3.60000000e-01 3.70000000e-01 8.40000000e-01 6.42975561e+07
3.60000000e-01 3.70000000e-01 8.50000000e-01 6.53690674e+07
3.60000000e-01 3.70000000e-01 8.60000000e-01 6.64289424e+07
3.60000000e-01 3.70000000e-01 8.70000000e-01 6.74767026e+07
3.60000000e-01 3.70000000e-01 8.80000000e-01 6.85118860e+07
3.60000000e-01 3.70000000e-01 8.90000000e-01 6.95340726e+07
3.60000000e-01 3.70000000e-01 9.00000000e-01 7.05428302e+07
3.60000000e-01 3.70000000e-01 9.10000000e-01 7.15377421e+07
3.60000000e-01 3.70000000e-01 9.20000000e-01 7.25184369e+07
3.60000000e-01 3.70000000e-01 9.30000000e-01 7.34845465e+07
3.60000000e-01 3.70000000e-01 9.40000000e-01 7.44357330e+07
3.60000000e-01 3.70000000e-01 9.50000000e-01 7.53716147e+07
3.60000000e-01 3.70000000e-01 9.60000000e-01 7.62918864e+07
3.60000000e-01 3.70000000e-01 9.70000000e-01 7.71962659e+07
3.60000000e-01 3.70000000e-01 9.80000000e-01 7.80844360e+07
3.60000000e-01 3.70000000e-01 9.90000000e-01 7.89561652e+07
3.60000000e-01 3.70000000e-01 1.00000000e+00 7.98111260e+07
3.60000000e-01 3.70000000e-01 1.01000000e+00 8.06491481e+07
3.60000000e-01 3.70000000e-01 1.02000000e+00 8.14698878e+07
3.60000000e-01 3.70000000e-01 1.03000000e+00 8.22732892e+07
3.60000000e-01 3.70000000e-01 1.04000000e+00 8.30590807e+07
3.60000000e-01 3.70000000e-01 1.05000000e+00 8.38270672e+07
3.60000000e-01 3.70000000e-01 1.06000000e+00 8.45770902e+07
3.60000000e-01 3.70000000e-01 1.07000000e+00 8.53090441e+07
3.60000000e-01 3.70000000e-01 1.08000000e+00 8.60227184e+07
3.60000000e-01 3.70000000e-01 1.09000000e+00 8.67180290e+07
3.60000000e-01 3.70000000e-01 1.10000000e+00 8.73947965e+07
3.60000000e-01 3.70000000e-01 1.11000000e+00 8.80530530e+07
3.60000000e-01 3.70000000e-01 1.12000000e+00 8.86926021e+07
3.60000000e-01 3.70000000e-01 1.13000000e+00 8.93133992e+07
3.60000000e-01 3.70000000e-01 1.14000000e+00 8.99153522e+07
3.60000000e-01 3.70000000e-01 1.15000000e+00 9.04985033e+07
3.60000000e-01 3.70000000e-01 1.16000000e+00 9.10628025e+07
3.60000000e-01 3.70000000e-01 1.17000000e+00 9.16081767e+07
3.60000000e-01 3.70000000e-01 1.18000000e+00 9.21345560e+07
3.60000000e-01 3.70000000e-01 1.19000000e+00 9.26420498e+07
3.60000000e-01 3.70000000e-01 1.20000000e+00 9.31305833e+07
3.60000000e-01 3.70000000e-01 1.21000000e+00 9.36001877e+07
3.60000000e-01 3.70000000e-01 1.22000000e+00 9.40509620e+07
3.60000000e-01 3.70000000e-01 1.23000000e+00 9.44828237e+07
3.60000000e-01 3.70000000e-01 1.24000000e+00 9.48959121e+07
3.60000000e-01 3.70000000e-01 1.25000000e+00 9.52901715e+07
3.60000000e-01 3.70000000e-01 1.26000000e+00 9.56658850e+07
3.60000000e-01 3.70000000e-01 1.27000000e+00 9.60230118e+07
3.60000000e-01 3.70000000e-01 1.28000000e+00 9.63616083e+07
3.60000000e-01 3.70000000e-01 1.29000000e+00 9.66817715e+07
3.60000000e-01 3.70000000e-01 1.30000000e+00 9.69836198e+07
3.60000000e-01 3.70000000e-01 1.31000000e+00 9.72672303e+07
3.60000000e-01 3.70000000e-01 1.32000000e+00 9.75327607e+07
3.60000000e-01 3.70000000e-01 1.33000000e+00 9.77803160e+07
3.60000000e-01 3.70000000e-01 1.34000000e+00 9.80098850e+07
3.60000000e-01 3.70000000e-01 1.35000000e+00 9.82218700e+07
3.60000000e-01 3.70000000e-01 1.36000000e+00 9.84162522e+07
3.60000000e-01 3.70000000e-01 1.37000000e+00 9.85932364e+07
3.60000000e-01 3.70000000e-01 1.38000000e+00 9.87528574e+07
3.60000000e-01 3.70000000e-01 1.39000000e+00 9.88954533e+07
3.60000000e-01 3.70000000e-01 1.40000000e+00 9.90210691e+07
3.60000000e-01 3.70000000e-01 1.41000000e+00 9.91299174e+07
3.60000000e-01 3.70000000e-01 1.42000000e+00 9.92221492e+07
3.60000000e-01 3.70000000e-01 1.43000000e+00 9.92979865e+07
3.60000000e-01 3.70000000e-01 1.44000000e+00 9.93576014e+07
3.60000000e-01 3.70000000e-01 1.45000000e+00 9.94012015e+07
3.60000000e-01 3.70000000e-01 1.46000000e+00 9.94289007e+07
3.60000000e-01 3.70000000e-01 1.47000000e+00 9.94409224e+07
3.60000000e-01 3.70000000e-01 1.48000000e+00 9.94375296e+07
3.60000000e-01 3.70000000e-01 1.49000000e+00 9.94187969e+07
3.60000000e-01 3.70000000e-01 1.50000000e+00 9.93850144e+07
3.60000000e-01 3.70000000e-01 1.51000000e+00 9.93363530e+07
3.60000000e-01 3.70000000e-01 1.52000000e+00 9.92730708e+07
3.60000000e-01 3.70000000e-01 1.53000000e+00 9.91953419e+07
3.60000000e-01 3.70000000e-01 1.54000000e+00 9.91033893e+07
3.60000000e-01 3.70000000e-01 1.55000000e+00 9.89974588e+07
3.60000000e-01 3.70000000e-01 1.56000000e+00 9.88777922e+07
3.60000000e-01 3.70000000e-01 1.57000000e+00 9.87445365e+07
3.60000000e-01 3.70000000e-01 1.58000000e+00 9.85979672e+07
3.60000000e-01 3.70000000e-01 1.59000000e+00 9.84382866e+07
3.60000000e-01 3.70000000e-01 1.60000000e+00 9.82657497e+07
3.60000000e-01 3.70000000e-01 1.61000000e+00 9.80805429e+07
3.60000000e-01 3.70000000e-01 1.62000000e+00 9.78829367e+07
3.60000000e-01 3.70000000e-01 1.63000000e+00 9.76731201e+07
3.60000000e-01 3.70000000e-01 1.64000000e+00 9.74513259e+07
3.60000000e-01 3.70000000e-01 1.65000000e+00 9.72177927e+07
3.60000000e-01 3.70000000e-01 1.66000000e+00 9.69727902e+07
3.60000000e-01 3.70000000e-01 1.67000000e+00 9.67165071e+07
3.60000000e-01 3.70000000e-01 1.68000000e+00 9.64492592e+07
3.60000000e-01 3.70000000e-01 1.69000000e+00 9.61711087e+07
3.60000000e-01 3.70000000e-01 1.70000000e+00 9.58823851e+07
3.60000000e-01 3.70000000e-01 1.71000000e+00 9.55833031e+07
3.60000000e-01 3.70000000e-01 1.72000000e+00 9.52740894e+07
3.60000000e-01 3.70000000e-01 1.73000000e+00 9.49549992e+07
3.60000000e-01 3.70000000e-01 1.74000000e+00 9.46262395e+07
3.60000000e-01 3.70000000e-01 1.75000000e+00 9.42880523e+07
3.60000000e-01 3.70000000e-01 1.76000000e+00 9.39406552e+07
3.60000000e-01 3.70000000e-01 1.77000000e+00 9.35842669e+07
3.60000000e-01 3.70000000e-01 1.78000000e+00 9.32191431e+07
3.60000000e-01 3.70000000e-01 1.79000000e+00 9.28454582e+07
3.60000000e-01 3.70000000e-01 1.80000000e+00 9.24634682e+07
3.60000000e-01 3.70000000e-01 1.81000000e+00 9.20733888e+07
3.60000000e-01 3.70000000e-01 1.82000000e+00 9.16754851e+07
3.60000000e-01 3.70000000e-01 1.83000000e+00 9.12698764e+07
3.60000000e-01 3.70000000e-01 1.84000000e+00 9.08568347e+07
3.60000000e-01 3.70000000e-01 1.85000000e+00 9.04365799e+07
3.60000000e-01 3.70000000e-01 1.86000000e+00 9.00093248e+07
3.60000000e-01 3.70000000e-01 1.87000000e+00 8.95752535e+07
3.60000000e-01 3.70000000e-01 1.88000000e+00 8.91346243e+07
3.60000000e-01 3.70000000e-01 1.89000000e+00 8.86874369e+07
3.60000000e-01 3.70000000e-01 1.90000000e+00 8.82342603e+07
3.60000000e-01 3.70000000e-01 1.91000000e+00 8.77751131e+07
3.60000000e-01 3.70000000e-01 1.92000000e+00 8.73101990e+07
3.60000000e-01 3.70000000e-01 1.93000000e+00 8.68397365e+07
3.60000000e-01 3.70000000e-01 1.94000000e+00 8.63639196e+07
3.60000000e-01 3.70000000e-01 1.95000000e+00 8.58829539e+07
3.60000000e-01 3.70000000e-01 1.96000000e+00 8.53969733e+07
3.60000000e-01 3.70000000e-01 1.97000000e+00 8.49062336e+07
3.60000000e-01 3.70000000e-01 1.98000000e+00 8.44109001e+07
3.60000000e-01 3.70000000e-01 1.99000000e+00 8.39111880e+07
3.60000000e-01 3.70000000e-01 2.00000000e+00 8.34072349e+07
3.70000000e-01 3.80000000e-01 1.00000000e-02 7.04671582e+00
3.70000000e-01 3.80000000e-01 2.00000000e-02 3.72373298e+02
3.70000000e-01 3.80000000e-01 3.00000000e-02 2.46946231e+03
3.70000000e-01 3.80000000e-01 4.00000000e-02 8.87076222e+03
3.70000000e-01 3.80000000e-01 5.00000000e-02 2.40027774e+04
3.70000000e-01 3.80000000e-01 6.00000000e-02 5.83486659e+04
3.70000000e-01 3.80000000e-01 7.00000000e-02 1.17667915e+05
3.70000000e-01 3.80000000e-01 8.00000000e-02 1.86132563e+05
3.70000000e-01 3.80000000e-01 9.00000000e-02 2.70301055e+05
3.70000000e-01 3.80000000e-01 1.00000000e-01 3.72286081e+05
3.70000000e-01 3.80000000e-01 1.10000000e-01 4.93649586e+05
3.70000000e-01 3.80000000e-01 1.20000000e-01 6.35711180e+05
3.70000000e-01 3.80000000e-01 1.30000000e-01 7.99624404e+05
3.70000000e-01 3.80000000e-01 1.40000000e-01 9.86406085e+05
3.70000000e-01 3.80000000e-01 1.50000000e-01 1.19694889e+06
3.70000000e-01 3.80000000e-01 1.60000000e-01 1.43203389e+06
3.70000000e-01 3.80000000e-01 1.70000000e-01 1.69233096e+06
3.70000000e-01 3.80000000e-01 1.80000000e-01 1.97841129e+06
3.70000000e-01 3.80000000e-01 1.90000000e-01 2.29074603e+06
3.70000000e-01 3.80000000e-01 2.00000000e-01 2.62971747e+06
3.70000000e-01 3.80000000e-01 2.10000000e-01 2.99561730e+06
3.70000000e-01 3.80000000e-01 2.20000000e-01 3.38865425e+06
3.70000000e-01 3.80000000e-01 2.30000000e-01 3.80895881e+06
3.70000000e-01 3.80000000e-01 2.40000000e-01 4.25657988e+06
3.70000000e-01 3.80000000e-01 2.50000000e-01 4.73150209e+06
3.70000000e-01 3.80000000e-01 2.60000000e-01 5.23363814e+06
3.70000000e-01 3.80000000e-01 2.70000000e-01 5.76283438e+06
3.70000000e-01 3.80000000e-01 2.80000000e-01 6.31887802e+06
3.70000000e-01 3.80000000e-01 2.90000000e-01 6.90150164e+06
3.70000000e-01 3.80000000e-01 3.00000000e-01 7.51037920e+06
3.70000000e-01 3.80000000e-01 3.10000000e-01 8.14513563e+06
3.70000000e-01 3.80000000e-01 3.20000000e-01 8.80535056e+06
3.70000000e-01 3.80000000e-01 3.30000000e-01 9.49054912e+06
3.70000000e-01 3.80000000e-01 3.40000000e-01 1.02002315e+07
3.70000000e-01 3.80000000e-01 3.50000000e-01 1.09338422e+07
3.70000000e-01 3.80000000e-01 3.60000000e-01 1.16908088e+07
3.70000000e-01 3.80000000e-01 3.70000000e-01 1.24705056e+07
3.70000000e-01 3.80000000e-01 3.80000000e-01 1.32722929e+07
3.70000000e-01 3.80000000e-01 3.90000000e-01 1.40954904e+07
3.70000000e-01 3.80000000e-01 4.00000000e-01 1.49393953e+07
3.70000000e-01 3.80000000e-01 4.10000000e-01 1.58032977e+07
3.70000000e-01 3.80000000e-01 4.20000000e-01 1.66864490e+07
3.70000000e-01 3.80000000e-01 4.30000000e-01 1.75880810e+07
3.70000000e-01 3.80000000e-01 4.40000000e-01 1.85074285e+07
3.70000000e-01 3.80000000e-01 4.50000000e-01 1.94436857e+07
3.70000000e-01 3.80000000e-01 4.60000000e-01 2.03960537e+07
3.70000000e-01 3.80000000e-01 4.70000000e-01 2.13637236e+07
3.70000000e-01 3.80000000e-01 4.80000000e-01 2.23458582e+07
3.70000000e-01 3.80000000e-01 4.90000000e-01 2.33416326e+07
3.70000000e-01 3.80000000e-01 5.00000000e-01 2.43501934e+07
3.70000000e-01 3.80000000e-01 5.10000000e-01 2.53707222e+07
3.70000000e-01 3.80000000e-01 5.20000000e-01 2.64023700e+07
3.70000000e-01 3.80000000e-01 5.30000000e-01 2.74442816e+07
3.70000000e-01 3.80000000e-01 5.40000000e-01 2.84956231e+07
3.70000000e-01 3.80000000e-01 5.50000000e-01 2.95555472e+07
3.70000000e-01 3.80000000e-01 5.60000000e-01 3.06232037e+07
3.70000000e-01 3.80000000e-01 5.70000000e-01 3.16977783e+07
3.70000000e-01 3.80000000e-01 5.80000000e-01 3.27784268e+07
3.70000000e-01 3.80000000e-01 5.90000000e-01 3.38643243e+07
3.70000000e-01 3.80000000e-01 6.00000000e-01 3.49546619e+07
3.70000000e-01 3.80000000e-01 6.10000000e-01 3.60486170e+07
3.70000000e-01 3.80000000e-01 6.20000000e-01 3.71453973e+07
3.70000000e-01 3.80000000e-01 6.30000000e-01 3.82441948e+07
3.70000000e-01 3.80000000e-01 6.40000000e-01 3.93442619e+07
3.70000000e-01 3.80000000e-01 6.50000000e-01 4.04448046e+07
3.70000000e-01 3.80000000e-01 6.60000000e-01 4.15450666e+07
3.70000000e-01 3.80000000e-01 6.70000000e-01 4.26443131e+07
3.70000000e-01 3.80000000e-01 6.80000000e-01 4.37417801e+07
3.70000000e-01 3.80000000e-01 6.90000000e-01 4.48368059e+07
3.70000000e-01 3.80000000e-01 7.00000000e-01 4.59286502e+07
3.70000000e-01 3.80000000e-01 7.10000000e-01 4.70166366e+07
3.70000000e-01 3.80000000e-01 7.20000000e-01 4.81000934e+07
3.70000000e-01 3.80000000e-01 7.30000000e-01 4.91783337e+07
3.70000000e-01 3.80000000e-01 7.40000000e-01 5.02507353e+07
3.70000000e-01 3.80000000e-01 7.50000000e-01 5.13166359e+07
3.70000000e-01 3.80000000e-01 7.60000000e-01 5.23754880e+07
3.70000000e-01 3.80000000e-01 7.70000000e-01 5.34266495e+07
3.70000000e-01 3.80000000e-01 7.80000000e-01 5.44695693e+07
3.70000000e-01 3.80000000e-01 7.90000000e-01 5.55036645e+07
3.70000000e-01 3.80000000e-01 8.00000000e-01 5.65284068e+07
3.70000000e-01 3.80000000e-01 8.10000000e-01 5.75432447e+07
3.70000000e-01 3.80000000e-01 8.20000000e-01 5.85476736e+07
3.70000000e-01 3.80000000e-01 8.30000000e-01 5.95412062e+07
3.70000000e-01 3.80000000e-01 8.40000000e-01 6.05233750e+07
3.70000000e-01 3.80000000e-01 8.50000000e-01 6.14937018e+07
3.70000000e-01 3.80000000e-01 8.60000000e-01 6.24517735e+07
3.70000000e-01 3.80000000e-01 8.70000000e-01 6.33971367e+07
3.70000000e-01 3.80000000e-01 8.80000000e-01 6.43293900e+07
3.70000000e-01 3.80000000e-01 8.90000000e-01 6.52481441e+07
3.70000000e-01 3.80000000e-01 9.00000000e-01 6.61530309e+07
3.70000000e-01 3.80000000e-01 9.10000000e-01 6.70436949e+07
3.70000000e-01 3.80000000e-01 9.20000000e-01 6.79197698e+07
3.70000000e-01 3.80000000e-01 9.30000000e-01 6.87809949e+07
3.70000000e-01 3.80000000e-01 9.40000000e-01 6.96270413e+07
3.70000000e-01 3.80000000e-01 9.50000000e-01 7.04576045e+07
3.70000000e-01 3.80000000e-01 9.60000000e-01 7.12723942e+07
3.70000000e-01 3.80000000e-01 9.70000000e-01 7.20711836e+07
3.70000000e-01 3.80000000e-01 9.80000000e-01 7.28537143e+07
3.70000000e-01 3.80000000e-01 9.90000000e-01 7.36197866e+07
3.70000000e-01 3.80000000e-01 1.00000000e+00 7.43691449e+07
3.70000000e-01 3.80000000e-01 1.01000000e+00 7.51015296e+07
3.70000000e-01 3.80000000e-01 1.02000000e+00 7.58169575e+07
3.70000000e-01 3.80000000e-01 1.03000000e+00 7.65151402e+07
3.70000000e-01 3.80000000e-01 1.04000000e+00 7.71959317e+07
3.70000000e-01 3.80000000e-01 1.05000000e+00 7.78592827e+07
3.70000000e-01 3.80000000e-01 1.06000000e+00 7.85049247e+07
3.70000000e-01 3.80000000e-01 1.07000000e+00 7.91328267e+07
3.70000000e-01 3.80000000e-01 1.08000000e+00 7.97428067e+07
3.70000000e-01 3.80000000e-01 1.09000000e+00 8.03349709e+07
3.70000000e-01 3.80000000e-01 1.10000000e+00 8.09091244e+07
3.70000000e-01 3.80000000e-01 1.11000000e+00 8.14651772e+07
3.70000000e-01 3.80000000e-01 1.12000000e+00 8.20031560e+07
3.70000000e-01 3.80000000e-01 1.13000000e+00 8.25230081e+07
3.70000000e-01 3.80000000e-01 1.14000000e+00 8.30246694e+07
3.70000000e-01 3.80000000e-01 1.15000000e+00 8.35082252e+07
3.70000000e-01 3.80000000e-01 1.16000000e+00 8.39735654e+07
3.70000000e-01 3.80000000e-01 1.17000000e+00 8.44207889e+07
3.70000000e-01 3.80000000e-01 1.18000000e+00 8.48499071e+07
3.70000000e-01 3.80000000e-01 1.19000000e+00 8.52608962e+07
3.70000000e-01 3.80000000e-01 1.20000000e+00 8.56538132e+07
3.70000000e-01 3.80000000e-01 1.21000000e+00 8.60287611e+07
3.70000000e-01 3.80000000e-01 1.22000000e+00 8.63857608e+07
3.70000000e-01 3.80000000e-01 1.23000000e+00 8.67248811e+07
3.70000000e-01 3.80000000e-01 1.24000000e+00 8.70462222e+07
3.70000000e-01 3.80000000e-01 1.25000000e+00 8.73498568e+07
3.70000000e-01 3.80000000e-01 1.26000000e+00 8.76358908e+07
3.70000000e-01 3.80000000e-01 1.27000000e+00 8.79044417e+07
3.70000000e-01 3.80000000e-01 1.28000000e+00 8.81556006e+07
3.70000000e-01 3.80000000e-01 1.29000000e+00 8.83894556e+07
3.70000000e-01 3.80000000e-01 1.30000000e+00 8.86061814e+07
3.70000000e-01 3.80000000e-01 1.31000000e+00 8.88059115e+07
3.70000000e-01 3.80000000e-01 1.32000000e+00 8.89887319e+07
3.70000000e-01 3.80000000e-01 1.33000000e+00 8.91548284e+07
3.70000000e-01 3.80000000e-01 1.34000000e+00 8.93043981e+07
3.70000000e-01 3.80000000e-01 1.35000000e+00 8.94375460e+07
3.70000000e-01 3.80000000e-01 1.36000000e+00 8.95544519e+07
3.70000000e-01 3.80000000e-01 1.37000000e+00 8.96551865e+07
3.70000000e-01 3.80000000e-01 1.38000000e+00 8.97400635e+07
3.70000000e-01 3.80000000e-01 1.39000000e+00 8.98092284e+07
3.70000000e-01 3.80000000e-01 1.40000000e+00 8.98628598e+07
3.70000000e-01 3.80000000e-01 1.41000000e+00 8.99010832e+07
3.70000000e-01 3.80000000e-01 1.42000000e+00 8.99241435e+07
3.70000000e-01 3.80000000e-01 1.43000000e+00 8.99322219e+07
3.70000000e-01 3.80000000e-01 1.44000000e+00 8.99255261e+07
3.70000000e-01 3.80000000e-01 1.45000000e+00 8.99042205e+07
3.70000000e-01 3.80000000e-01 1.46000000e+00 8.98685516e+07
3.70000000e-01 3.80000000e-01 1.47000000e+00 8.98186896e+07
3.70000000e-01 3.80000000e-01 1.48000000e+00 8.97548869e+07
3.70000000e-01 3.80000000e-01 1.49000000e+00 8.96772557e+07
3.70000000e-01 3.80000000e-01 1.50000000e+00 8.95862395e+07
3.70000000e-01 3.80000000e-01 1.51000000e+00 8.94818452e+07
3.70000000e-01 3.80000000e-01 1.52000000e+00 8.93643393e+07
3.70000000e-01 3.80000000e-01 1.53000000e+00 8.92339493e+07
3.70000000e-01 3.80000000e-01 1.54000000e+00 8.90908767e+07
3.70000000e-01 3.80000000e-01 1.55000000e+00 8.89353700e+07
3.70000000e-01 3.80000000e-01 1.56000000e+00 8.87676537e+07
3.70000000e-01 3.80000000e-01 1.57000000e+00 8.85879449e+07
3.70000000e-01 3.80000000e-01 1.58000000e+00 8.83965008e+07
3.70000000e-01 3.80000000e-01 1.59000000e+00 8.81934973e+07
3.70000000e-01 3.80000000e-01 1.60000000e+00 8.79791745e+07
3.70000000e-01 3.80000000e-01 1.61000000e+00 8.77537855e+07
3.70000000e-01 3.80000000e-01 1.62000000e+00 8.75175242e+07
3.70000000e-01 3.80000000e-01 1.63000000e+00 8.72705988e+07
3.70000000e-01 3.80000000e-01 1.64000000e+00 8.70133161e+07
3.70000000e-01 3.80000000e-01 1.65000000e+00 8.67458508e+07
3.70000000e-01 3.80000000e-01 1.66000000e+00 8.64684490e+07
3.70000000e-01 3.80000000e-01 1.67000000e+00 8.61813301e+07
3.70000000e-01 3.80000000e-01 1.68000000e+00 8.58847325e+07
3.70000000e-01 3.80000000e-01 1.69000000e+00 8.55788625e+07
3.70000000e-01 3.80000000e-01 1.70000000e+00 8.52639459e+07
3.70000000e-01 3.80000000e-01 1.71000000e+00 8.49402168e+07
3.70000000e-01 3.80000000e-01 1.72000000e+00 8.46078751e+07
3.70000000e-01 3.80000000e-01 1.73000000e+00 8.42671523e+07
3.70000000e-01 3.80000000e-01 1.74000000e+00 8.39183043e+07
3.70000000e-01 3.80000000e-01 1.75000000e+00 8.35615113e+07
3.70000000e-01 3.80000000e-01 1.76000000e+00 8.31970083e+07
3.70000000e-01 3.80000000e-01 1.77000000e+00 8.28250002e+07
3.70000000e-01 3.80000000e-01 1.78000000e+00 8.24457246e+07
3.70000000e-01 3.80000000e-01 1.79000000e+00 8.20593769e+07
3.70000000e-01 3.80000000e-01 1.80000000e+00 8.16661555e+07
3.70000000e-01 3.80000000e-01 1.81000000e+00 8.12663018e+07
3.70000000e-01 3.80000000e-01 1.82000000e+00 8.08600118e+07
3.70000000e-01 3.80000000e-01 1.83000000e+00 8.04475057e+07
3.70000000e-01 3.80000000e-01 1.84000000e+00 8.00289681e+07
3.70000000e-01 3.80000000e-01 1.85000000e+00 7.96046007e+07
3.70000000e-01 3.80000000e-01 1.86000000e+00 7.91746125e+07
3.70000000e-01 3.80000000e-01 1.87000000e+00 7.87392012e+07
3.70000000e-01 3.80000000e-01 1.88000000e+00 7.82985698e+07
3.70000000e-01 3.80000000e-01 1.89000000e+00 7.78529126e+07
3.70000000e-01 3.80000000e-01 1.90000000e+00 7.74024357e+07
3.70000000e-01 3.80000000e-01 1.91000000e+00 7.69472732e+07
3.70000000e-01 3.80000000e-01 1.92000000e+00 7.64876568e+07
3.70000000e-01 3.80000000e-01 1.93000000e+00 7.60237704e+07
3.70000000e-01 3.80000000e-01 1.94000000e+00 7.55558282e+07
3.70000000e-01 3.80000000e-01 1.95000000e+00 7.50839194e+07
3.70000000e-01 3.80000000e-01 1.96000000e+00 7.46083104e+07
3.70000000e-01 3.80000000e-01 1.97000000e+00 7.41291354e+07
3.70000000e-01 3.80000000e-01 1.98000000e+00 7.36465777e+07
3.70000000e-01 3.80000000e-01 1.99000000e+00 7.31607919e+07
3.70000000e-01 3.80000000e-01 2.00000000e+00 7.26719373e+07
3.80000000e-01 3.90000000e-01 1.00000000e-02 7.28816054e+00
3.80000000e-01 3.90000000e-01 2.00000000e-02 3.86933397e+02
3.80000000e-01 3.90000000e-01 3.00000000e-02 2.57961554e+03
3.80000000e-01 3.90000000e-01 4.00000000e-02 9.33910732e+03
3.80000000e-01 3.90000000e-01 5.00000000e-02 2.56698059e+04
3.80000000e-01 3.90000000e-01 6.00000000e-02 6.57744388e+04
3.80000000e-01 3.90000000e-01 7.00000000e-02 1.19467504e+05
3.80000000e-01 3.90000000e-01 8.00000000e-02 1.85580223e+05
3.80000000e-01 3.90000000e-01 9.00000000e-02 2.67416736e+05
3.80000000e-01 3.90000000e-01 1.00000000e-01 3.66758587e+05
3.80000000e-01 3.90000000e-01 1.10000000e-01 4.85035656e+05
3.80000000e-01 3.90000000e-01 1.20000000e-01 6.23482910e+05
3.80000000e-01 3.90000000e-01 1.30000000e-01 7.83185622e+05
3.80000000e-01 3.90000000e-01 1.40000000e-01 9.65099999e+05
3.80000000e-01 3.90000000e-01 1.50000000e-01 1.17006256e+06
3.80000000e-01 3.90000000e-01 1.60000000e-01 1.39879636e+06
3.80000000e-01 3.90000000e-01 1.70000000e-01 1.65192371e+06
3.80000000e-01 3.90000000e-01 1.80000000e-01 1.92996077e+06
3.80000000e-01 3.90000000e-01 1.90000000e-01 2.23333286e+06
3.80000000e-01 3.90000000e-01 2.00000000e-01 2.56237205e+06
3.80000000e-01 3.90000000e-01 2.10000000e-01 2.91732195e+06
3.80000000e-01 3.90000000e-01 2.20000000e-01 3.29834375e+06
3.80000000e-01 3.90000000e-01 2.30000000e-01 3.70552321e+06
3.80000000e-01 3.90000000e-01 2.40000000e-01 4.13886876e+06
3.80000000e-01 3.90000000e-01 2.50000000e-01 4.59832333e+06
3.80000000e-01 3.90000000e-01 2.60000000e-01 5.08375319e+06
3.80000000e-01 3.90000000e-01 2.70000000e-01 5.59497179e+06
3.80000000e-01 3.90000000e-01 2.80000000e-01 6.13172898e+06
3.80000000e-01 3.90000000e-01 2.90000000e-01 6.69371866e+06
3.80000000e-01 3.90000000e-01 3.00000000e-01 7.28057909e+06
3.80000000e-01 3.90000000e-01 3.10000000e-01 7.89190776e+06
3.80000000e-01 3.90000000e-01 3.20000000e-01 8.52724876e+06
3.80000000e-01 3.90000000e-01 3.30000000e-01 9.18610884e+06
3.80000000e-01 3.90000000e-01 3.40000000e-01 9.86794941e+06
3.80000000e-01 3.90000000e-01 3.50000000e-01 1.05722026e+07
3.80000000e-01 3.90000000e-01 3.60000000e-01 1.12982586e+07
3.80000000e-01 3.90000000e-01 3.70000000e-01 1.20454807e+07
3.80000000e-01 3.90000000e-01 3.80000000e-01 1.28132106e+07
3.80000000e-01 3.90000000e-01 3.90000000e-01 1.36007505e+07
3.80000000e-01 3.90000000e-01 4.00000000e-01 1.44073857e+07
3.80000000e-01 3.90000000e-01 4.10000000e-01 1.52323820e+07
3.80000000e-01 3.90000000e-01 4.20000000e-01 1.60749894e+07
3.80000000e-01 3.90000000e-01 4.30000000e-01 1.69344378e+07
3.80000000e-01 3.90000000e-01 4.40000000e-01 1.78099343e+07
3.80000000e-01 3.90000000e-01 4.50000000e-01 1.87006861e+07
3.80000000e-01 3.90000000e-01 4.60000000e-01 1.96058837e+07
3.80000000e-01 3.90000000e-01 4.70000000e-01 2.05247218e+07
3.80000000e-01 3.90000000e-01 4.80000000e-01 2.14563591e+07
3.80000000e-01 3.90000000e-01 4.90000000e-01 2.23999790e+07
3.80000000e-01 3.90000000e-01 5.00000000e-01 2.33547519e+07
3.80000000e-01 3.90000000e-01 5.10000000e-01 2.43198319e+07
3.80000000e-01 3.90000000e-01 5.20000000e-01 2.52943929e+07
3.80000000e-01 3.90000000e-01 5.30000000e-01 2.62776109e+07
3.80000000e-01 3.90000000e-01 5.40000000e-01 2.72686372e+07
3.80000000e-01 3.90000000e-01 5.50000000e-01 2.82666555e+07
3.80000000e-01 3.90000000e-01 5.60000000e-01 2.92708406e+07
3.80000000e-01 3.90000000e-01 5.70000000e-01 3.02803935e+07
3.80000000e-01 3.90000000e-01 5.80000000e-01 3.12944690e+07
3.80000000e-01 3.90000000e-01 5.90000000e-01 3.23122835e+07
3.80000000e-01 3.90000000e-01 6.00000000e-01 3.33330228e+07
3.80000000e-01 3.90000000e-01 6.10000000e-01 3.43559372e+07
3.80000000e-01 3.90000000e-01 6.20000000e-01 3.53802243e+07
3.80000000e-01 3.90000000e-01 6.30000000e-01 3.64051354e+07
3.80000000e-01 3.90000000e-01 6.40000000e-01 3.74299104e+07
3.80000000e-01 3.90000000e-01 6.50000000e-01 3.84538212e+07
3.80000000e-01 3.90000000e-01 6.60000000e-01 3.94761470e+07
3.80000000e-01 3.90000000e-01 6.70000000e-01 4.04961637e+07
3.80000000e-01 3.90000000e-01 6.80000000e-01 4.15131861e+07
3.80000000e-01 3.90000000e-01 6.90000000e-01 4.25265286e+07
3.80000000e-01 3.90000000e-01 7.00000000e-01 4.35355140e+07
3.80000000e-01 3.90000000e-01 7.10000000e-01 4.45394980e+07
3.80000000e-01 3.90000000e-01 7.20000000e-01 4.55378439e+07
3.80000000e-01 3.90000000e-01 7.30000000e-01 4.65299271e+07
3.80000000e-01 3.90000000e-01 7.40000000e-01 4.75151590e+07
3.80000000e-01 3.90000000e-01 7.50000000e-01 4.84929393e+07
3.80000000e-01 3.90000000e-01 7.60000000e-01 4.94626881e+07
3.80000000e-01 3.90000000e-01 7.70000000e-01 5.04238913e+07
3.80000000e-01 3.90000000e-01 7.80000000e-01 5.13759905e+07
3.80000000e-01 3.90000000e-01 7.90000000e-01 5.23184569e+07
3.80000000e-01 3.90000000e-01 8.00000000e-01 5.32508148e+07
3.80000000e-01 3.90000000e-01 8.10000000e-01 5.41725850e+07
3.80000000e-01 3.90000000e-01 8.20000000e-01 5.50832963e+07
3.80000000e-01 3.90000000e-01 8.30000000e-01 5.59824693e+07
3.80000000e-01 3.90000000e-01 8.40000000e-01 5.68697499e+07
3.80000000e-01 3.90000000e-01 8.50000000e-01 5.77446529e+07
3.80000000e-01 3.90000000e-01 8.60000000e-01 5.86068087e+07
3.80000000e-01 3.90000000e-01 8.70000000e-01 5.94558273e+07
3.80000000e-01 3.90000000e-01 8.80000000e-01 6.02913535e+07
3.80000000e-01 3.90000000e-01 8.90000000e-01 6.11130588e+07
3.80000000e-01 3.90000000e-01 9.00000000e-01 6.19206159e+07
3.80000000e-01 3.90000000e-01 9.10000000e-01 6.27137162e+07
3.80000000e-01 3.90000000e-01 9.20000000e-01 6.34920334e+07
3.80000000e-01 3.90000000e-01 9.30000000e-01 6.42553249e+07
3.80000000e-01 3.90000000e-01 9.40000000e-01 6.50033898e+07
3.80000000e-01 3.90000000e-01 9.50000000e-01 6.57358896e+07
3.80000000e-01 3.90000000e-01 9.60000000e-01 6.64526382e+07
3.80000000e-01 3.90000000e-01 9.70000000e-01 6.71534187e+07
3.80000000e-01 3.90000000e-01 9.80000000e-01 6.78380600e+07
3.80000000e-01 3.90000000e-01 9.90000000e-01 6.85063076e+07
3.80000000e-01 3.90000000e-01 1.00000000e+00 6.91580659e+07
3.80000000e-01 3.90000000e-01 1.01000000e+00 6.97932415e+07
3.80000000e-01 3.90000000e-01 1.02000000e+00 7.04115668e+07
3.80000000e-01 3.90000000e-01 1.03000000e+00 7.10129492e+07
3.80000000e-01 3.90000000e-01 1.04000000e+00 7.15973386e+07
3.80000000e-01 3.90000000e-01 1.05000000e+00 7.21646032e+07
3.80000000e-01 3.90000000e-01 1.06000000e+00 7.27146901e+07
3.80000000e-01 3.90000000e-01 1.07000000e+00 7.32475280e+07
3.80000000e-01 3.90000000e-01 1.08000000e+00 7.37630157e+07
3.80000000e-01 3.90000000e-01 1.09000000e+00 7.42611752e+07
3.80000000e-01 3.90000000e-01 1.10000000e+00 7.47419245e+07
3.80000000e-01 3.90000000e-01 1.11000000e+00 7.52052323e+07
3.80000000e-01 3.90000000e-01 1.12000000e+00 7.56511546e+07
3.80000000e-01 3.90000000e-01 1.13000000e+00 7.60796437e+07
3.80000000e-01 3.90000000e-01 1.14000000e+00 7.64907473e+07
3.80000000e-01 3.90000000e-01 1.15000000e+00 7.68844757e+07
3.80000000e-01 3.90000000e-01 1.16000000e+00 7.72609014e+07
3.80000000e-01 3.90000000e-01 1.17000000e+00 7.76200284e+07
3.80000000e-01 3.90000000e-01 1.18000000e+00 7.79618872e+07
3.80000000e-01 3.90000000e-01 1.19000000e+00 7.82866148e+07
3.80000000e-01 3.90000000e-01 1.20000000e+00 7.85942547e+07
3.80000000e-01 3.90000000e-01 1.21000000e+00 7.88848764e+07
3.80000000e-01 3.90000000e-01 1.22000000e+00 7.91585567e+07
3.80000000e-01 3.90000000e-01 1.23000000e+00 7.94154133e+07
3.80000000e-01 3.90000000e-01 1.24000000e+00 7.96555656e+07
3.80000000e-01 3.90000000e-01 1.25000000e+00 7.98791269e+07
3.80000000e-01 3.90000000e-01 1.26000000e+00 8.00862160e+07
3.80000000e-01 3.90000000e-01 1.27000000e+00 8.02769549e+07
3.80000000e-01 3.90000000e-01 1.28000000e+00 8.04514990e+07
3.80000000e-01 3.90000000e-01 1.29000000e+00 8.06099913e+07
3.80000000e-01 3.90000000e-01 1.30000000e+00 8.07525599e+07
3.80000000e-01 3.90000000e-01 1.31000000e+00 8.08793543e+07
3.80000000e-01 3.90000000e-01 1.32000000e+00 8.09905952e+07
3.80000000e-01 3.90000000e-01 1.33000000e+00 8.10863571e+07
3.80000000e-01 3.90000000e-01 1.34000000e+00 8.11668440e+07
3.80000000e-01 3.90000000e-01 1.35000000e+00 8.12322201e+07
3.80000000e-01 3.90000000e-01 1.36000000e+00 8.12826878e+07
3.80000000e-01 3.90000000e-01 1.37000000e+00 8.13184517e+07
3.80000000e-01 3.90000000e-01 1.38000000e+00 8.13396701e+07
3.80000000e-01 3.90000000e-01 1.39000000e+00 8.13464945e+07
3.80000000e-01 3.90000000e-01 1.40000000e+00 8.13392305e+07
3.80000000e-01 3.90000000e-01 1.41000000e+00 8.13179798e+07
3.80000000e-01 3.90000000e-01 1.42000000e+00 8.12829931e+07
3.80000000e-01 3.90000000e-01 1.43000000e+00 8.12344190e+07
3.80000000e-01 3.90000000e-01 1.44000000e+00 8.11725091e+07
3.80000000e-01 3.90000000e-01 1.45000000e+00 8.10974900e+07
3.80000000e-01 3.90000000e-01 1.46000000e+00 8.10095455e+07
3.80000000e-01 3.90000000e-01 1.47000000e+00 8.09088689e+07
3.80000000e-01 3.90000000e-01 1.48000000e+00 8.07957221e+07
3.80000000e-01 3.90000000e-01 1.49000000e+00 8.06702698e+07
3.80000000e-01 3.90000000e-01 1.50000000e+00 8.05327885e+07
3.80000000e-01 3.90000000e-01 1.51000000e+00 8.03834828e+07
3.80000000e-01 3.90000000e-01 1.52000000e+00 8.02225559e+07
3.80000000e-01 3.90000000e-01 1.53000000e+00 8.00502482e+07
3.80000000e-01 3.90000000e-01 1.54000000e+00 7.98667555e+07
3.80000000e-01 3.90000000e-01 1.55000000e+00 7.96723208e+07
3.80000000e-01 3.90000000e-01 1.56000000e+00 7.94671836e+07
3.80000000e-01 3.90000000e-01 1.57000000e+00 7.92515232e+07
3.80000000e-01 3.90000000e-01 1.58000000e+00 7.90256161e+07
3.80000000e-01 3.90000000e-01 1.59000000e+00 7.87896733e+07
3.80000000e-01 3.90000000e-01 1.60000000e+00 7.85438793e+07
3.80000000e-01 3.90000000e-01 1.61000000e+00 7.82884831e+07
3.80000000e-01 3.90000000e-01 1.62000000e+00 7.80237263e+07
3.80000000e-01 3.90000000e-01 1.63000000e+00 7.77498211e+07
3.80000000e-01 3.90000000e-01 1.64000000e+00 7.74669792e+07
3.80000000e-01 3.90000000e-01 1.65000000e+00 7.71754589e+07
3.80000000e-01 3.90000000e-01 1.66000000e+00 7.68754500e+07
3.80000000e-01 3.90000000e-01 1.67000000e+00 7.65671572e+07
3.80000000e-01 3.90000000e-01 1.68000000e+00 7.62508444e+07
3.80000000e-01 3.90000000e-01 1.69000000e+00 7.59267022e+07
3.80000000e-01 3.90000000e-01 1.70000000e+00 7.55949564e+07
3.80000000e-01 3.90000000e-01 1.71000000e+00 7.52558092e+07
3.80000000e-01 3.90000000e-01 1.72000000e+00 7.49094963e+07
3.80000000e-01 3.90000000e-01 1.73000000e+00 7.45561987e+07
3.80000000e-01 3.90000000e-01 1.74000000e+00 7.41961572e+07
3.80000000e-01 3.90000000e-01 1.75000000e+00 7.38295934e+07
3.80000000e-01 3.90000000e-01 1.76000000e+00 7.34566323e+07
3.80000000e-01 3.90000000e-01 1.77000000e+00 7.30775776e+07
3.80000000e-01 3.90000000e-01 1.78000000e+00 7.26925679e+07
3.80000000e-01 3.90000000e-01 1.79000000e+00 7.23018785e+07
3.80000000e-01 3.90000000e-01 1.80000000e+00 7.19056521e+07
3.80000000e-01 3.90000000e-01 1.81000000e+00 7.15040662e+07
3.80000000e-01 3.90000000e-01 1.82000000e+00 7.10973195e+07
3.80000000e-01 3.90000000e-01 1.83000000e+00 7.06856606e+07
3.80000000e-01 3.90000000e-01 1.84000000e+00 7.02692548e+07
3.80000000e-01 3.90000000e-01 1.85000000e+00 6.98482888e+07
3.80000000e-01 3.90000000e-01 1.86000000e+00 6.94229233e+07
3.80000000e-01 3.90000000e-01 1.87000000e+00 6.89934021e+07
3.80000000e-01 3.90000000e-01 1.88000000e+00 6.85598508e+07
3.80000000e-01 3.90000000e-01 1.89000000e+00 6.81224915e+07
3.80000000e-01 3.90000000e-01 1.90000000e+00 6.76816454e+07
3.80000000e-01 3.90000000e-01 1.91000000e+00 6.72370764e+07
3.80000000e-01 3.90000000e-01 1.92000000e+00 6.67892999e+07
3.80000000e-01 3.90000000e-01 1.93000000e+00 6.63383591e+07
3.80000000e-01 3.90000000e-01 1.94000000e+00 6.58844239e+07
3.80000000e-01 3.90000000e-01 1.95000000e+00 6.54277108e+07
3.80000000e-01 3.90000000e-01 1.96000000e+00 6.49683557e+07
3.80000000e-01 3.90000000e-01 1.97000000e+00 6.45065330e+07
3.80000000e-01 3.90000000e-01 1.98000000e+00 6.40423534e+07
3.80000000e-01 3.90000000e-01 1.99000000e+00 6.35760115e+07
3.80000000e-01 3.90000000e-01 2.00000000e+00 6.31076325e+07
3.90000000e-01 4.00000000e-01 1.00000000e-02 7.53515407e+00
3.90000000e-01 4.00000000e-01 2.00000000e-02 4.02056082e+02
3.90000000e-01 4.00000000e-01 3.00000000e-02 2.69625729e+03
3.90000000e-01 4.00000000e-01 4.00000000e-02 9.85227758e+03
3.90000000e-01 4.00000000e-01 5.00000000e-02 2.76966725e+04
3.90000000e-01 4.00000000e-01 6.00000000e-02 6.92406909e+04
3.90000000e-01 4.00000000e-01 7.00000000e-02 1.20060655e+05
3.90000000e-01 4.00000000e-01 8.00000000e-02 1.84132284e+05
3.90000000e-01 4.00000000e-01 9.00000000e-02 2.63751825e+05
3.90000000e-01 4.00000000e-01 1.00000000e-01 3.60504343e+05
3.90000000e-01 4.00000000e-01 1.10000000e-01 4.75720901e+05
3.90000000e-01 4.00000000e-01 1.20000000e-01 6.10563785e+05
3.90000000e-01 4.00000000e-01 1.30000000e-01 7.66055890e+05
3.90000000e-01 4.00000000e-01 1.40000000e-01 9.43094533e+05
3.90000000e-01 4.00000000e-01 1.50000000e-01 1.14246371e+06
3.90000000e-01 4.00000000e-01 1.60000000e-01 1.36483469e+06
3.90000000e-01 4.00000000e-01 1.70000000e-01 1.61077711e+06
3.90000000e-01 4.00000000e-01 1.80000000e-01 1.88075982e+06
3.90000000e-01 4.00000000e-01 1.90000000e-01 2.17515645e+06
3.90000000e-01 4.00000000e-01 2.00000000e-01 2.49425268e+06
3.90000000e-01 4.00000000e-01 2.10000000e-01 2.83824638e+06
3.90000000e-01 4.00000000e-01 2.20000000e-01 3.20725949e+06
3.90000000e-01 4.00000000e-01 2.30000000e-01 3.60133241e+06
3.90000000e-01 4.00000000e-01 2.40000000e-01 4.02042947e+06
3.90000000e-01 4.00000000e-01 2.50000000e-01 4.46445372e+06
3.90000000e-01 4.00000000e-01 2.60000000e-01 4.93323901e+06
3.90000000e-01 4.00000000e-01 2.70000000e-01 5.42655442e+06
3.90000000e-01 4.00000000e-01 2.80000000e-01 5.94411508e+06
3.90000000e-01 4.00000000e-01 2.90000000e-01 6.48558372e+06
3.90000000e-01 4.00000000e-01 3.00000000e-01 7.05057044e+06
3.90000000e-01 4.00000000e-01 3.10000000e-01 7.63864268e+06
3.90000000e-01 4.00000000e-01 3.20000000e-01 8.24931095e+06
3.90000000e-01 4.00000000e-01 3.30000000e-01 8.88206147e+06
3.90000000e-01 4.00000000e-01 3.40000000e-01 9.53632822e+06
3.90000000e-01 4.00000000e-01 3.50000000e-01 1.02115183e+07
3.90000000e-01 4.00000000e-01 3.60000000e-01 1.09070080e+07
3.90000000e-01 4.00000000e-01 3.70000000e-01 1.16221414e+07
3.90000000e-01 4.00000000e-01 3.80000000e-01 1.23562433e+07
3.90000000e-01 4.00000000e-01 3.90000000e-01 1.31085983e+07
3.90000000e-01 4.00000000e-01 4.00000000e-01 1.38784894e+07
3.90000000e-01 4.00000000e-01 4.10000000e-01 1.46651697e+07
3.90000000e-01 4.00000000e-01 4.20000000e-01 1.54678756e+07
3.90000000e-01 4.00000000e-01 4.30000000e-01 1.62858353e+07
3.90000000e-01 4.00000000e-01 4.40000000e-01 1.71182600e+07
3.90000000e-01 4.00000000e-01 4.50000000e-01 1.79643487e+07
3.90000000e-01 4.00000000e-01 4.60000000e-01 1.88233002e+07
3.90000000e-01 4.00000000e-01 4.70000000e-01 1.96942950e+07
3.90000000e-01 4.00000000e-01 4.80000000e-01 2.05765104e+07
3.90000000e-01 4.00000000e-01 4.90000000e-01 2.14691317e+07
3.90000000e-01 4.00000000e-01 5.00000000e-01 2.23713372e+07
3.90000000e-01 4.00000000e-01 5.10000000e-01 2.32823028e+07
3.90000000e-01 4.00000000e-01 5.20000000e-01 2.42012107e+07
3.90000000e-01 4.00000000e-01 5.30000000e-01 2.51272344e+07
3.90000000e-01 4.00000000e-01 5.40000000e-01 2.60595638e+07
3.90000000e-01 4.00000000e-01 5.50000000e-01 2.69973943e+07
3.90000000e-01 4.00000000e-01 5.60000000e-01 2.79399122e+07
3.90000000e-01 4.00000000e-01 5.70000000e-01 2.88863286e+07
3.90000000e-01 4.00000000e-01 5.80000000e-01 2.98358539e+07
3.90000000e-01 4.00000000e-01 5.90000000e-01 3.07877128e+07
3.90000000e-01 4.00000000e-01 6.00000000e-01 3.17411337e+07
3.90000000e-01 4.00000000e-01 6.10000000e-01 3.26953652e+07
3.90000000e-01 4.00000000e-01 6.20000000e-01 3.36496719e+07
3.90000000e-01 4.00000000e-01 6.30000000e-01 3.46032970e+07
3.90000000e-01 4.00000000e-01 6.40000000e-01 3.55555482e+07
3.90000000e-01 4.00000000e-01 6.50000000e-01 3.65056846e+07
3.90000000e-01 4.00000000e-01 6.60000000e-01 3.74530379e+07
3.90000000e-01 4.00000000e-01 6.70000000e-01 3.83969523e+07
3.90000000e-01 4.00000000e-01 6.80000000e-01 3.93367601e+07
3.90000000e-01 4.00000000e-01 6.90000000e-01 4.02718232e+07
3.90000000e-01 4.00000000e-01 7.00000000e-01 4.12014761e+07
3.90000000e-01 4.00000000e-01 7.10000000e-01 4.21251316e+07
3.90000000e-01 4.00000000e-01 7.20000000e-01 4.30421913e+07
3.90000000e-01 4.00000000e-01 7.30000000e-01 4.39520823e+07
3.90000000e-01 4.00000000e-01 7.40000000e-01 4.48542095e+07
3.90000000e-01 4.00000000e-01 7.50000000e-01 4.57480563e+07
3.90000000e-01 4.00000000e-01 7.60000000e-01 4.66331294e+07
3.90000000e-01 4.00000000e-01 7.70000000e-01 4.75088968e+07
3.90000000e-01 4.00000000e-01 7.80000000e-01 4.83748689e+07
3.90000000e-01 4.00000000e-01 7.90000000e-01 4.92305699e+07
3.90000000e-01 4.00000000e-01 8.00000000e-01 5.00755411e+07
3.90000000e-01 4.00000000e-01 8.10000000e-01 5.09093534e+07
3.90000000e-01 4.00000000e-01 8.20000000e-01 5.17315692e+07
3.90000000e-01 4.00000000e-01 8.30000000e-01 5.25418152e+07
3.90000000e-01 4.00000000e-01 8.40000000e-01 5.33396924e+07
3.90000000e-01 4.00000000e-01 8.50000000e-01 5.41248787e+07
3.90000000e-01 4.00000000e-01 8.60000000e-01 5.48969783e+07
3.90000000e-01 4.00000000e-01 8.70000000e-01 5.56556695e+07
3.90000000e-01 4.00000000e-01 8.80000000e-01 5.64006399e+07
3.90000000e-01 4.00000000e-01 8.90000000e-01 5.71316068e+07
3.90000000e-01 4.00000000e-01 9.00000000e-01 5.78482759e+07
3.90000000e-01 4.00000000e-01 9.10000000e-01 5.85503515e+07
3.90000000e-01 4.00000000e-01 9.20000000e-01 5.92376591e+07
3.90000000e-01 4.00000000e-01 9.30000000e-01 5.99099406e+07
3.90000000e-01 4.00000000e-01 9.40000000e-01 6.05669886e+07
3.90000000e-01 4.00000000e-01 9.50000000e-01 6.12085880e+07
3.90000000e-01 4.00000000e-01 9.60000000e-01 6.18345742e+07
3.90000000e-01 4.00000000e-01 9.70000000e-01 6.24447899e+07
3.90000000e-01 4.00000000e-01 9.80000000e-01 6.30390423e+07
3.90000000e-01 4.00000000e-01 9.90000000e-01 6.36172209e+07
3.90000000e-01 4.00000000e-01 1.00000000e+00 6.41792099e+07
3.90000000e-01 4.00000000e-01 1.01000000e+00 6.47248991e+07
3.90000000e-01 4.00000000e-01 1.02000000e+00 6.52541810e+07
3.90000000e-01 4.00000000e-01 1.03000000e+00 6.57669820e+07
3.90000000e-01 4.00000000e-01 1.04000000e+00 6.62632706e+07
3.90000000e-01 4.00000000e-01 1.05000000e+00 6.67429318e+07
3.90000000e-01 4.00000000e-01 1.06000000e+00 6.72059709e+07
3.90000000e-01 4.00000000e-01 1.07000000e+00 6.76523242e+07
3.90000000e-01 4.00000000e-01 1.08000000e+00 6.80820116e+07
3.90000000e-01 4.00000000e-01 1.09000000e+00 6.84950036e+07
3.90000000e-01 4.00000000e-01 1.10000000e+00 6.88913074e+07
3.90000000e-01 4.00000000e-01 1.11000000e+00 6.92709983e+07
3.90000000e-01 4.00000000e-01 1.12000000e+00 6.96340084e+07
3.90000000e-01 4.00000000e-01 1.13000000e+00 6.99804086e+07
3.90000000e-01 4.00000000e-01 1.14000000e+00 7.03102334e+07
3.90000000e-01 4.00000000e-01 1.15000000e+00 7.06236025e+07
3.90000000e-01 4.00000000e-01 1.16000000e+00 7.09204862e+07
3.90000000e-01 4.00000000e-01 1.17000000e+00 7.12010326e+07
3.90000000e-01 4.00000000e-01 1.18000000e+00 7.14653482e+07
3.90000000e-01 4.00000000e-01 1.19000000e+00 7.17135034e+07
3.90000000e-01 4.00000000e-01 1.20000000e+00 7.19455554e+07
3.90000000e-01 4.00000000e-01 1.21000000e+00 7.21616713e+07
3.90000000e-01 4.00000000e-01 1.22000000e+00 7.23619128e+07
3.90000000e-01 4.00000000e-01 1.23000000e+00 7.25465141e+07
3.90000000e-01 4.00000000e-01 1.24000000e+00 7.27155118e+07
3.90000000e-01 4.00000000e-01 1.25000000e+00 7.28690241e+07
3.90000000e-01 4.00000000e-01 1.26000000e+00 7.30072501e+07
3.90000000e-01 4.00000000e-01 1.27000000e+00 7.31303013e+07
3.90000000e-01 4.00000000e-01 1.28000000e+00 7.32383456e+07
3.90000000e-01 4.00000000e-01 1.29000000e+00 7.33315817e+07
3.90000000e-01 4.00000000e-01 1.30000000e+00 7.34101367e+07
3.90000000e-01 4.00000000e-01 1.31000000e+00 7.34741605e+07
3.90000000e-01 4.00000000e-01 1.32000000e+00 7.35239068e+07
3.90000000e-01 4.00000000e-01 1.33000000e+00 7.35594783e+07
3.90000000e-01 4.00000000e-01 1.34000000e+00 7.35810968e+07
3.90000000e-01 4.00000000e-01 1.35000000e+00 7.35889666e+07
3.90000000e-01 4.00000000e-01 1.36000000e+00 7.35832659e+07
3.90000000e-01 4.00000000e-01 1.37000000e+00 7.35641663e+07
3.90000000e-01 4.00000000e-01 1.38000000e+00 7.35318954e+07
3.90000000e-01 4.00000000e-01 1.39000000e+00 7.34866839e+07
3.90000000e-01 4.00000000e-01 1.40000000e+00 7.34286688e+07
3.90000000e-01 4.00000000e-01 1.41000000e+00 7.33580934e+07
3.90000000e-01 4.00000000e-01 1.42000000e+00 7.32751543e+07
3.90000000e-01 4.00000000e-01 1.43000000e+00 7.31800591e+07
3.90000000e-01 4.00000000e-01 1.44000000e+00 7.30730428e+07
3.90000000e-01 4.00000000e-01 1.45000000e+00 7.29543180e+07
3.90000000e-01 4.00000000e-01 1.46000000e+00 7.28240731e+07
3.90000000e-01 4.00000000e-01 1.47000000e+00 7.26825568e+07
3.90000000e-01 4.00000000e-01 1.48000000e+00 7.25299630e+07
3.90000000e-01 4.00000000e-01 1.49000000e+00 7.23665057e+07
3.90000000e-01 4.00000000e-01 1.50000000e+00 7.21924487e+07
3.90000000e-01 4.00000000e-01 1.51000000e+00 7.20079877e+07
3.90000000e-01 4.00000000e-01 1.52000000e+00 7.18133488e+07
3.90000000e-01 4.00000000e-01 1.53000000e+00 7.16087337e+07
3.90000000e-01 4.00000000e-01 1.54000000e+00 7.13943692e+07
3.90000000e-01 4.00000000e-01 1.55000000e+00 7.11705048e+07
3.90000000e-01 4.00000000e-01 1.56000000e+00 7.09373272e+07
3.90000000e-01 4.00000000e-01 1.57000000e+00 7.06951067e+07
3.90000000e-01 4.00000000e-01 1.58000000e+00 7.04440081e+07
3.90000000e-01 4.00000000e-01 1.59000000e+00 7.01842658e+07
3.90000000e-01 4.00000000e-01 1.60000000e+00 6.99160999e+07
3.90000000e-01 4.00000000e-01 1.61000000e+00 6.96397384e+07
3.90000000e-01 4.00000000e-01 1.62000000e+00 6.93553820e+07
3.90000000e-01 4.00000000e-01 1.63000000e+00 6.90632640e+07
3.90000000e-01 4.00000000e-01 1.64000000e+00 6.87636228e+07
3.90000000e-01 4.00000000e-01 1.65000000e+00 6.84566390e+07
3.90000000e-01 4.00000000e-01 1.66000000e+00 6.81425207e+07
3.90000000e-01 4.00000000e-01 1.67000000e+00 6.78214953e+07
3.90000000e-01 4.00000000e-01 1.68000000e+00 6.74937791e+07
3.90000000e-01 4.00000000e-01 1.69000000e+00 6.71595604e+07
3.90000000e-01 4.00000000e-01 1.70000000e+00 6.68190518e+07
3.90000000e-01 4.00000000e-01 1.71000000e+00 6.64724575e+07
3.90000000e-01 4.00000000e-01 1.72000000e+00 6.61199968e+07
3.90000000e-01 4.00000000e-01 1.73000000e+00 6.57618351e+07
3.90000000e-01 4.00000000e-01 1.74000000e+00 6.53982533e+07
3.90000000e-01 4.00000000e-01 1.75000000e+00 6.50293265e+07
3.90000000e-01 4.00000000e-01 1.76000000e+00 6.46552950e+07
3.90000000e-01 4.00000000e-01 1.77000000e+00 6.42763963e+07
3.90000000e-01 4.00000000e-01 1.78000000e+00 6.38927740e+07
3.90000000e-01 4.00000000e-01 1.79000000e+00 6.35046278e+07
3.90000000e-01 4.00000000e-01 1.80000000e+00 6.31121457e+07
3.90000000e-01 4.00000000e-01 1.81000000e+00 6.27155281e+07
3.90000000e-01 4.00000000e-01 1.82000000e+00 6.23149397e+07
3.90000000e-01 4.00000000e-01 1.83000000e+00 6.19105674e+07
3.90000000e-01 4.00000000e-01 1.84000000e+00 6.15025723e+07
3.90000000e-01 4.00000000e-01 1.85000000e+00 6.10911454e+07
3.90000000e-01 4.00000000e-01 1.86000000e+00 6.06764320e+07
3.90000000e-01 4.00000000e-01 1.87000000e+00 6.02586360e+07
3.90000000e-01 4.00000000e-01 1.88000000e+00 5.98378935e+07
3.90000000e-01 4.00000000e-01 1.89000000e+00 5.94143225e+07
3.90000000e-01 4.00000000e-01 1.90000000e+00 5.89883127e+07
3.90000000e-01 4.00000000e-01 1.91000000e+00 5.85597212e+07
3.90000000e-01 4.00000000e-01 1.92000000e+00 5.81289136e+07
3.90000000e-01 4.00000000e-01 1.93000000e+00 5.76958768e+07
3.90000000e-01 4.00000000e-01 1.94000000e+00 5.72608674e+07
3.90000000e-01 4.00000000e-01 1.95000000e+00 5.68240099e+07
3.90000000e-01 4.00000000e-01 1.96000000e+00 5.63854721e+07
3.90000000e-01 4.00000000e-01 1.97000000e+00 5.59453715e+07
3.90000000e-01 4.00000000e-01 1.98000000e+00 5.55038628e+07
3.90000000e-01 4.00000000e-01 1.99000000e+00 5.50610137e+07
3.90000000e-01 4.00000000e-01 2.00000000e+00 5.46170487e+07
4.00000000e-01 4.10000000e-01 1.00000000e-02 7.78802782e+00
4.00000000e-01 4.10000000e-01 2.00000000e-02 4.17798907e+02
4.00000000e-01 4.10000000e-01 3.00000000e-02 2.82037015e+03
4.00000000e-01 4.10000000e-01 4.00000000e-02 1.04222415e+04
4.00000000e-01 4.10000000e-01 5.00000000e-02 3.04675377e+04
4.00000000e-01 4.10000000e-01 6.00000000e-02 7.09871509e+04
4.00000000e-01 4.10000000e-01 7.00000000e-02 1.19796645e+05
4.00000000e-01 4.10000000e-01 8.00000000e-02 1.82000147e+05
4.00000000e-01 4.10000000e-01 9.00000000e-02 2.59475206e+05
4.00000000e-01 4.10000000e-01 1.00000000e-01 3.53675670e+05
4.00000000e-01 4.10000000e-01 1.10000000e-01 4.65850601e+05
4.00000000e-01 4.10000000e-01 1.20000000e-01 5.97096401e+05
4.00000000e-01 4.10000000e-01 1.30000000e-01 7.48379543e+05
4.00000000e-01 4.10000000e-01 1.40000000e-01 9.20541482e+05
4.00000000e-01 4.10000000e-01 1.50000000e-01 1.11431352e+06
4.00000000e-01 4.10000000e-01 1.60000000e-01 1.33031743e+06
4.00000000e-01 4.10000000e-01 1.70000000e-01 1.56907233e+06
4.00000000e-01 4.10000000e-01 1.80000000e-01 1.83099942e+06
4.00000000e-01 4.10000000e-01 1.90000000e-01 2.11642593e+06
4.00000000e-01 4.10000000e-01 2.00000000e-01 2.42559309e+06
4.00000000e-01 4.10000000e-01 2.10000000e-01 2.75865513e+06
4.00000000e-01 4.10000000e-01 2.20000000e-01 3.11568786e+06
4.00000000e-01 4.10000000e-01 2.30000000e-01 3.49669127e+06
4.00000000e-01 4.10000000e-01 2.40000000e-01 3.90159400e+06
4.00000000e-01 4.10000000e-01 2.50000000e-01 4.33025863e+06
4.00000000e-01 4.10000000e-01 2.60000000e-01 4.78247985e+06
4.00000000e-01 4.10000000e-01 2.70000000e-01 5.25799761e+06
4.00000000e-01 4.10000000e-01 2.80000000e-01 5.75649438e+06
4.00000000e-01 4.10000000e-01 2.90000000e-01 6.27759736e+06
4.00000000e-01 4.10000000e-01 3.00000000e-01 6.82089277e+06
4.00000000e-01 4.10000000e-01 3.10000000e-01 7.38591357e+06
4.00000000e-01 4.10000000e-01 3.20000000e-01 7.97215270e+06
4.00000000e-01 4.10000000e-01 3.30000000e-01 8.57906657e+06
4.00000000e-01 4.10000000e-01 3.40000000e-01 9.20608387e+06
4.00000000e-01 4.10000000e-01 3.50000000e-01 9.85257204e+06
4.00000000e-01 4.10000000e-01 3.60000000e-01 1.05178995e+07
4.00000000e-01 4.10000000e-01 3.70000000e-01 1.12013993e+07
4.00000000e-01 4.10000000e-01 3.80000000e-01 1.19023709e+07
4.00000000e-01 4.10000000e-01 3.90000000e-01 1.26201021e+07
4.00000000e-01 4.10000000e-01 4.00000000e-01 1.33538589e+07
4.00000000e-01 4.10000000e-01 4.10000000e-01 1.41028899e+07
4.00000000e-01 4.10000000e-01 4.20000000e-01 1.48664256e+07
4.00000000e-01 4.10000000e-01 4.30000000e-01 1.56436944e+07
4.00000000e-01 4.10000000e-01 4.40000000e-01 1.64339035e+07
4.00000000e-01 4.10000000e-01 4.50000000e-01 1.72362623e+07
4.00000000e-01 4.10000000e-01 4.60000000e-01 1.80499685e+07
4.00000000e-01 4.10000000e-01 4.70000000e-01 1.88742022e+07
4.00000000e-01 4.10000000e-01 4.80000000e-01 1.97081674e+07
4.00000000e-01 4.10000000e-01 4.90000000e-01 2.05510456e+07
4.00000000e-01 4.10000000e-01 5.00000000e-01 2.14020262e+07
4.00000000e-01 4.10000000e-01 5.10000000e-01 2.22602935e+07
4.00000000e-01 4.10000000e-01 5.20000000e-01 2.31250623e+07
4.00000000e-01 4.10000000e-01 5.30000000e-01 2.39955155e+07
4.00000000e-01 4.10000000e-01 5.40000000e-01 2.48708617e+07
4.00000000e-01 4.10000000e-01 5.50000000e-01 2.57503063e+07
4.00000000e-01 4.10000000e-01 5.60000000e-01 2.66330937e+07
4.00000000e-01 4.10000000e-01 5.70000000e-01 2.75184087e+07
4.00000000e-01 4.10000000e-01 5.80000000e-01 2.84055304e+07
4.00000000e-01 4.10000000e-01 5.90000000e-01 2.92936854e+07
4.00000000e-01 4.10000000e-01 6.00000000e-01 3.01821511e+07
4.00000000e-01 4.10000000e-01 6.10000000e-01 3.10701917e+07
4.00000000e-01 4.10000000e-01 6.20000000e-01 3.19570950e+07
4.00000000e-01 4.10000000e-01 6.30000000e-01 3.28421686e+07
4.00000000e-01 4.10000000e-01 6.40000000e-01 3.37247237e+07
4.00000000e-01 4.10000000e-01 6.50000000e-01 3.46040997e+07
4.00000000e-01 4.10000000e-01 6.60000000e-01 3.54796255e+07
4.00000000e-01 4.10000000e-01 6.70000000e-01 3.63506687e+07
4.00000000e-01 4.10000000e-01 6.80000000e-01 3.72166308e+07
4.00000000e-01 4.10000000e-01 6.90000000e-01 3.80768672e+07
4.00000000e-01 4.10000000e-01 7.00000000e-01 3.89308238e+07
4.00000000e-01 4.10000000e-01 7.10000000e-01 3.97779030e+07
4.00000000e-01 4.10000000e-01 7.20000000e-01 4.06175747e+07
4.00000000e-01 4.10000000e-01 7.30000000e-01 4.14492957e+07
4.00000000e-01 4.10000000e-01 7.40000000e-01 4.22725459e+07
4.00000000e-01 4.10000000e-01 7.50000000e-01 4.30868259e+07
4.00000000e-01 4.10000000e-01 7.60000000e-01 4.38916634e+07
4.00000000e-01 4.10000000e-01 7.70000000e-01 4.46865929e+07
4.00000000e-01 4.10000000e-01 7.80000000e-01 4.54711719e+07
4.00000000e-01 4.10000000e-01 7.90000000e-01 4.62449517e+07
4.00000000e-01 4.10000000e-01 8.00000000e-01 4.70075414e+07
4.00000000e-01 4.10000000e-01 8.10000000e-01 4.77585555e+07
4.00000000e-01 4.10000000e-01 8.20000000e-01 4.84976220e+07
4.00000000e-01 4.10000000e-01 8.30000000e-01 4.92243688e+07
4.00000000e-01 4.10000000e-01 8.40000000e-01 4.99384734e+07
4.00000000e-01 4.10000000e-01 8.50000000e-01 5.06396241e+07
4.00000000e-01 4.10000000e-01 8.60000000e-01 5.13275057e+07
4.00000000e-01 4.10000000e-01 8.70000000e-01 5.20018478e+07
4.00000000e-01 4.10000000e-01 8.80000000e-01 5.26623696e+07
4.00000000e-01 4.10000000e-01 8.90000000e-01 5.33088225e+07
4.00000000e-01 4.10000000e-01 9.00000000e-01 5.39409809e+07
4.00000000e-01 4.10000000e-01 9.10000000e-01 5.45586416e+07
4.00000000e-01 4.10000000e-01 9.20000000e-01 5.51615619e+07
4.00000000e-01 4.10000000e-01 9.30000000e-01 5.57495800e+07
4.00000000e-01 4.10000000e-01 9.40000000e-01 5.63225226e+07
4.00000000e-01 4.10000000e-01 9.50000000e-01 5.68802562e+07
4.00000000e-01 4.10000000e-01 9.60000000e-01 5.74226353e+07
4.00000000e-01 4.10000000e-01 9.70000000e-01 5.79495216e+07
4.00000000e-01 4.10000000e-01 9.80000000e-01 5.84608188e+07
4.00000000e-01 4.10000000e-01 9.90000000e-01 5.89564292e+07
4.00000000e-01 4.10000000e-01 1.00000000e+00 5.94362717e+07
4.00000000e-01 4.10000000e-01 1.01000000e+00 5.99002559e+07
4.00000000e-01 4.10000000e-01 1.02000000e+00 6.03483517e+07
4.00000000e-01 4.10000000e-01 1.03000000e+00 6.07805096e+07
4.00000000e-01 4.10000000e-01 1.04000000e+00 6.11966844e+07
4.00000000e-01 4.10000000e-01 1.05000000e+00 6.15969041e+07
4.00000000e-01 4.10000000e-01 1.06000000e+00 6.19811332e+07
4.00000000e-01 4.10000000e-01 1.07000000e+00 6.23493800e+07
4.00000000e-01 4.10000000e-01 1.08000000e+00 6.27016350e+07
4.00000000e-01 4.10000000e-01 1.09000000e+00 6.30380100e+07
4.00000000e-01 4.10000000e-01 1.10000000e+00 6.33584586e+07
4.00000000e-01 4.10000000e-01 1.11000000e+00 6.36630528e+07
4.00000000e-01 4.10000000e-01 1.12000000e+00 6.39519033e+07
4.00000000e-01 4.10000000e-01 1.13000000e+00 6.42250091e+07
4.00000000e-01 4.10000000e-01 1.14000000e+00 6.44825215e+07
4.00000000e-01 4.10000000e-01 1.15000000e+00 6.47244161e+07
4.00000000e-01 4.10000000e-01 1.16000000e+00 6.49509064e+07
4.00000000e-01 4.10000000e-01 1.17000000e+00 6.51620046e+07
4.00000000e-01 4.10000000e-01 1.18000000e+00 6.53578680e+07
4.00000000e-01 4.10000000e-01 1.19000000e+00 6.55385644e+07
4.00000000e-01 4.10000000e-01 1.20000000e+00 6.57042722e+07
4.00000000e-01 4.10000000e-01 1.21000000e+00 6.58551223e+07
4.00000000e-01 4.10000000e-01 1.22000000e+00 6.59912588e+07
4.00000000e-01 4.10000000e-01 1.23000000e+00 6.61128138e+07
4.00000000e-01 4.10000000e-01 1.24000000e+00 6.62199227e+07
4.00000000e-01 4.10000000e-01 1.25000000e+00 6.63127390e+07
4.00000000e-01 4.10000000e-01 1.26000000e+00 6.63914453e+07
4.00000000e-01 4.10000000e-01 1.27000000e+00 6.64562297e+07
4.00000000e-01 4.10000000e-01 1.28000000e+00 6.65072641e+07
4.00000000e-01 4.10000000e-01 1.29000000e+00 6.65446612e+07
4.00000000e-01 4.10000000e-01 1.30000000e+00 6.65686551e+07
4.00000000e-01 4.10000000e-01 1.31000000e+00 6.65793930e+07
4.00000000e-01 4.10000000e-01 1.32000000e+00 6.65771014e+07
4.00000000e-01 4.10000000e-01 1.33000000e+00 6.65619869e+07
4.00000000e-01 4.10000000e-01 1.34000000e+00 6.65342144e+07
4.00000000e-01 4.10000000e-01 1.35000000e+00 6.64939663e+07
4.00000000e-01 4.10000000e-01 1.36000000e+00 6.64414666e+07
4.00000000e-01 4.10000000e-01 1.37000000e+00 6.63769254e+07
4.00000000e-01 4.10000000e-01 1.38000000e+00 6.63005055e+07
4.00000000e-01 4.10000000e-01 1.39000000e+00 6.62124749e+07
4.00000000e-01 4.10000000e-01 1.40000000e+00 6.61130250e+07
4.00000000e-01 4.10000000e-01 1.41000000e+00 6.60023176e+07
4.00000000e-01 4.10000000e-01 1.42000000e+00 6.58806730e+07
4.00000000e-01 4.10000000e-01 1.43000000e+00 6.57482285e+07
4.00000000e-01 4.10000000e-01 1.44000000e+00 6.56051892e+07
4.00000000e-01 4.10000000e-01 1.45000000e+00 6.54518334e+07
4.00000000e-01 4.10000000e-01 1.46000000e+00 6.52883180e+07
4.00000000e-01 4.10000000e-01 1.47000000e+00 6.51149259e+07
4.00000000e-01 4.10000000e-01 1.48000000e+00 6.49317749e+07
4.00000000e-01 4.10000000e-01 1.49000000e+00 6.47391865e+07
4.00000000e-01 4.10000000e-01 1.50000000e+00 6.45373117e+07
4.00000000e-01 4.10000000e-01 1.51000000e+00 6.43263898e+07
4.00000000e-01 4.10000000e-01 1.52000000e+00 6.41066238e+07
4.00000000e-01 4.10000000e-01 1.53000000e+00 6.38782172e+07
4.00000000e-01 4.10000000e-01 1.54000000e+00 6.36414442e+07
4.00000000e-01 4.10000000e-01 1.55000000e+00 6.33964887e+07
4.00000000e-01 4.10000000e-01 1.56000000e+00 6.31435818e+07
4.00000000e-01 4.10000000e-01 1.57000000e+00 6.28829248e+07
4.00000000e-01 4.10000000e-01 1.58000000e+00 6.26147319e+07
4.00000000e-01 4.10000000e-01 1.59000000e+00 6.23392150e+07
4.00000000e-01 4.10000000e-01 1.60000000e+00 6.20565809e+07
4.00000000e-01 4.10000000e-01 1.61000000e+00 6.17670371e+07
4.00000000e-01 4.10000000e-01 1.62000000e+00 6.14708263e+07
4.00000000e-01 4.10000000e-01 1.63000000e+00 6.11680835e+07
4.00000000e-01 4.10000000e-01 1.64000000e+00 6.08590976e+07
4.00000000e-01 4.10000000e-01 1.65000000e+00 6.05440299e+07
4.00000000e-01 4.10000000e-01 1.66000000e+00 6.02230891e+07
4.00000000e-01 4.10000000e-01 1.67000000e+00 5.98964718e+07
4.00000000e-01 4.10000000e-01 1.68000000e+00 5.95643830e+07
4.00000000e-01 4.10000000e-01 1.69000000e+00 5.92270112e+07
4.00000000e-01 4.10000000e-01 1.70000000e+00 5.88845602e+07
4.00000000e-01 4.10000000e-01 1.71000000e+00 5.85372149e+07
4.00000000e-01 4.10000000e-01 1.72000000e+00 5.81851542e+07
4.00000000e-01 4.10000000e-01 1.73000000e+00 5.78285855e+07
4.00000000e-01 4.10000000e-01 1.74000000e+00 5.74676834e+07
4.00000000e-01 4.10000000e-01 1.75000000e+00 5.71026383e+07
4.00000000e-01 4.10000000e-01 1.76000000e+00 5.67336262e+07
4.00000000e-01 4.10000000e-01 1.77000000e+00 5.63608148e+07
4.00000000e-01 4.10000000e-01 1.78000000e+00 5.59843874e+07
4.00000000e-01 4.10000000e-01 1.79000000e+00 5.56045267e+07
4.00000000e-01 4.10000000e-01 1.80000000e+00 5.52213711e+07
4.00000000e-01 4.10000000e-01 1.81000000e+00 5.48351387e+07
4.00000000e-01 4.10000000e-01 1.82000000e+00 5.44459491e+07
4.00000000e-01 4.10000000e-01 1.83000000e+00 5.40539930e+07
4.00000000e-01 4.10000000e-01 1.84000000e+00 5.36594238e+07
4.00000000e-01 4.10000000e-01 1.85000000e+00 5.32624027e+07
4.00000000e-01 4.10000000e-01 1.86000000e+00 5.28630784e+07
4.00000000e-01 4.10000000e-01 1.87000000e+00 5.24615974e+07
4.00000000e-01 4.10000000e-01 1.88000000e+00 5.20581215e+07
4.00000000e-01 4.10000000e-01 1.89000000e+00 5.16527892e+07
4.00000000e-01 4.10000000e-01 1.90000000e+00 5.12458288e+07
4.00000000e-01 4.10000000e-01 1.91000000e+00 5.08372413e+07
4.00000000e-01 4.10000000e-01 1.92000000e+00 5.04272102e+07
4.00000000e-01 4.10000000e-01 1.93000000e+00 5.00158997e+07
4.00000000e-01 4.10000000e-01 1.94000000e+00 4.96034253e+07
4.00000000e-01 4.10000000e-01 1.95000000e+00 4.91899184e+07
4.00000000e-01 4.10000000e-01 1.96000000e+00 4.87755074e+07
4.00000000e-01 4.10000000e-01 1.97000000e+00 4.83603184e+07
4.00000000e-01 4.10000000e-01 1.98000000e+00 4.79445104e+07
4.00000000e-01 4.10000000e-01 1.99000000e+00 4.75281582e+07
4.00000000e-01 4.10000000e-01 2.00000000e+00 4.71113913e+07
4.10000000e-01 4.20000000e-01 1.00000000e-02 8.04723948e+00
4.10000000e-01 4.20000000e-01 2.00000000e-02 4.34224305e+02
4.10000000e-01 4.20000000e-01 3.00000000e-02 2.95316961e+03
4.10000000e-01 4.20000000e-01 4.00000000e-02 1.10668605e+04
4.10000000e-01 4.20000000e-01 5.00000000e-02 3.47865707e+04
4.10000000e-01 4.20000000e-01 6.00000000e-02 7.17502407e+04
4.10000000e-01 4.20000000e-01 7.00000000e-02 1.18895299e+05
4.10000000e-01 4.20000000e-01 8.00000000e-02 1.79331773e+05
4.10000000e-01 4.20000000e-01 9.00000000e-02 2.54707367e+05
4.10000000e-01 4.20000000e-01 1.00000000e-01 3.46377121e+05
4.10000000e-01 4.20000000e-01 1.10000000e-01 4.55519530e+05
4.10000000e-01 4.20000000e-01 1.20000000e-01 5.83172384e+05
4.10000000e-01 4.20000000e-01 1.30000000e-01 7.30243511e+05
4.10000000e-01 4.20000000e-01 1.40000000e-01 8.97525003e+05
4.10000000e-01 4.20000000e-01 1.50000000e-01 1.08569535e+06
4.10000000e-01 4.20000000e-01 1.60000000e-01 1.29532771e+06
4.10000000e-01 4.20000000e-01 1.70000000e-01 1.52689268e+06
4.10000000e-01 4.20000000e-01 1.80000000e-01 1.78076550e+06
4.10000000e-01 4.20000000e-01 1.90000000e-01 2.05722968e+06
4.10000000e-01 4.20000000e-01 2.00000000e-01 2.35648009e+06
4.10000000e-01 4.20000000e-01 2.10000000e-01 2.67862932e+06
4.10000000e-01 4.20000000e-01 2.20000000e-01 3.02371411e+06
4.10000000e-01 4.20000000e-01 2.30000000e-01 3.39169680e+06
4.10000000e-01 4.20000000e-01 2.40000000e-01 3.78246465e+06
4.10000000e-01 4.20000000e-01 2.50000000e-01 4.19584289e+06
4.10000000e-01 4.20000000e-01 2.60000000e-01 4.63159868e+06
4.10000000e-01 4.20000000e-01 2.70000000e-01 5.08943275e+06
4.10000000e-01 4.20000000e-01 2.80000000e-01 5.56900354e+06
4.10000000e-01 4.20000000e-01 2.90000000e-01 6.06990766e+06
4.10000000e-01 4.20000000e-01 3.00000000e-01 6.59170088e+06
4.10000000e-01 4.20000000e-01 3.10000000e-01 7.13389299e+06
4.10000000e-01 4.20000000e-01 3.20000000e-01 7.69595686e+06
4.10000000e-01 4.20000000e-01 3.30000000e-01 8.27732780e+06
4.10000000e-01 4.20000000e-01 3.40000000e-01 8.87740819e+06
4.10000000e-01 4.20000000e-01 3.50000000e-01 9.49556889e+06
4.10000000e-01 4.20000000e-01 3.60000000e-01 1.01311499e+07
4.10000000e-01 4.20000000e-01 3.70000000e-01 1.07834694e+07
4.10000000e-01 4.20000000e-01 3.80000000e-01 1.14518276e+07
4.10000000e-01 4.20000000e-01 3.90000000e-01 1.21354993e+07
4.10000000e-01 4.20000000e-01 4.00000000e-01 1.28337406e+07
4.10000000e-01 4.20000000e-01 4.10000000e-01 1.35458021e+07
4.10000000e-01 4.20000000e-01 4.20000000e-01 1.42709181e+07
4.10000000e-01 4.20000000e-01 4.30000000e-01 1.50083117e+07
4.10000000e-01 4.20000000e-01 4.40000000e-01 1.57571914e+07
4.10000000e-01 4.20000000e-01 4.50000000e-01 1.65167694e+07
4.10000000e-01 4.20000000e-01 4.60000000e-01 1.72862496e+07
4.10000000e-01 4.20000000e-01 4.70000000e-01 1.80648337e+07
4.10000000e-01 4.20000000e-01 4.80000000e-01 1.88517205e+07
4.10000000e-01 4.20000000e-01 4.90000000e-01 1.96461173e+07
4.10000000e-01 4.20000000e-01 5.00000000e-01 2.04472266e+07
4.10000000e-01 4.20000000e-01 5.10000000e-01 2.12542535e+07
4.10000000e-01 4.20000000e-01 5.20000000e-01 2.20664116e+07
4.10000000e-01 4.20000000e-01 5.30000000e-01 2.28829016e+07
4.10000000e-01 4.20000000e-01 5.40000000e-01 2.37029941e+07
4.10000000e-01 4.20000000e-01 5.50000000e-01 2.45258723e+07
4.10000000e-01 4.20000000e-01 5.60000000e-01 2.53508360e+07
4.10000000e-01 4.20000000e-01 5.70000000e-01 2.61771357e+07
4.10000000e-01 4.20000000e-01 5.80000000e-01 2.70039916e+07
4.10000000e-01 4.20000000e-01 5.90000000e-01 2.78307293e+07
4.10000000e-01 4.20000000e-01 6.00000000e-01 2.86566042e+07
4.10000000e-01 4.20000000e-01 6.10000000e-01 2.94809384e+07
4.10000000e-01 4.20000000e-01 6.20000000e-01 3.03030582e+07
4.10000000e-01 4.20000000e-01 6.30000000e-01 3.11222956e+07
4.10000000e-01 4.20000000e-01 6.40000000e-01 3.19379863e+07
4.10000000e-01 4.20000000e-01 6.50000000e-01 3.27495433e+07
4.10000000e-01 4.20000000e-01 6.60000000e-01 3.35563068e+07
4.10000000e-01 4.20000000e-01 6.70000000e-01 3.43577035e+07
4.10000000e-01 4.20000000e-01 6.80000000e-01 3.51531089e+07
4.10000000e-01 4.20000000e-01 6.90000000e-01 3.59420324e+07
4.10000000e-01 4.20000000e-01 7.00000000e-01 3.67238743e+07
4.10000000e-01 4.20000000e-01 7.10000000e-01 3.74981188e+07
4.10000000e-01 4.20000000e-01 7.20000000e-01 3.82642703e+07
4.10000000e-01 4.20000000e-01 7.30000000e-01 3.90218170e+07
4.10000000e-01 4.20000000e-01 7.40000000e-01 3.97702987e+07
4.10000000e-01 4.20000000e-01 7.50000000e-01 4.05092619e+07
4.10000000e-01 4.20000000e-01 7.60000000e-01 4.12382486e+07
4.10000000e-01 4.20000000e-01 7.70000000e-01 4.19568617e+07
4.10000000e-01 4.20000000e-01 7.80000000e-01 4.26646760e+07
4.10000000e-01 4.20000000e-01 7.90000000e-01 4.33613561e+07
4.10000000e-01 4.20000000e-01 8.00000000e-01 4.40465046e+07
4.10000000e-01 4.20000000e-01 8.10000000e-01 4.47198172e+07
4.10000000e-01 4.20000000e-01 8.20000000e-01 4.53809105e+07
4.10000000e-01 4.20000000e-01 8.30000000e-01 4.60294866e+07
4.10000000e-01 4.20000000e-01 8.40000000e-01 4.66652593e+07
4.10000000e-01 4.20000000e-01 8.50000000e-01 4.72879692e+07
4.10000000e-01 4.20000000e-01 8.60000000e-01 4.78973440e+07
4.10000000e-01 4.20000000e-01 8.70000000e-01 4.84931697e+07
4.10000000e-01 4.20000000e-01 8.80000000e-01 4.90752159e+07
4.10000000e-01 4.20000000e-01 8.90000000e-01 4.96432731e+07
4.10000000e-01 4.20000000e-01 9.00000000e-01 5.01971318e+07
4.10000000e-01 4.20000000e-01 9.10000000e-01 5.07366394e+07
4.10000000e-01 4.20000000e-01 9.20000000e-01 5.12616216e+07
4.10000000e-01 4.20000000e-01 9.30000000e-01 5.17719620e+07
4.10000000e-01 4.20000000e-01 9.40000000e-01 5.22675125e+07
4.10000000e-01 4.20000000e-01 9.50000000e-01 5.27481560e+07
4.10000000e-01 4.20000000e-01 9.60000000e-01 5.32138377e+07
4.10000000e-01 4.20000000e-01 9.70000000e-01 5.36644223e+07
4.10000000e-01 4.20000000e-01 9.80000000e-01 5.40999100e+07
4.10000000e-01 4.20000000e-01 9.90000000e-01 5.45201448e+07
4.10000000e-01 4.20000000e-01 1.00000000e+00 5.49251016e+07
4.10000000e-01 4.20000000e-01 1.01000000e+00 5.53148394e+07
4.10000000e-01 4.20000000e-01 1.02000000e+00 5.56892512e+07
4.10000000e-01 4.20000000e-01 1.03000000e+00 5.60483690e+07
4.10000000e-01 4.20000000e-01 1.04000000e+00 5.63921561e+07
4.10000000e-01 4.20000000e-01 1.05000000e+00 5.67207284e+07
4.10000000e-01 4.20000000e-01 1.06000000e+00 5.70339979e+07
4.10000000e-01 4.20000000e-01 1.07000000e+00 5.73320284e+07
4.10000000e-01 4.20000000e-01 1.08000000e+00 5.76149059e+07
4.10000000e-01 4.20000000e-01 1.09000000e+00 5.78826734e+07
4.10000000e-01 4.20000000e-01 1.10000000e+00 5.81354068e+07
4.10000000e-01 4.20000000e-01 1.11000000e+00 5.83732105e+07
4.10000000e-01 4.20000000e-01 1.12000000e+00 5.85961168e+07
4.10000000e-01 4.20000000e-01 1.13000000e+00 5.88042242e+07
4.10000000e-01 4.20000000e-01 1.14000000e+00 5.89976739e+07
4.10000000e-01 4.20000000e-01 1.15000000e+00 5.91765128e+07
4.10000000e-01 4.20000000e-01 1.16000000e+00 5.93409449e+07
4.10000000e-01 4.20000000e-01 1.17000000e+00 5.94910508e+07
4.10000000e-01 4.20000000e-01 1.18000000e+00 5.96269862e+07
4.10000000e-01 4.20000000e-01 1.19000000e+00 5.97488658e+07
4.10000000e-01 4.20000000e-01 1.20000000e+00 5.98568211e+07
4.10000000e-01 4.20000000e-01 1.21000000e+00 5.99510514e+07
4.10000000e-01 4.20000000e-01 1.22000000e+00 6.00316719e+07
4.10000000e-01 4.20000000e-01 1.23000000e+00 6.00988608e+07
4.10000000e-01 4.20000000e-01 1.24000000e+00 6.01527939e+07
4.10000000e-01 4.20000000e-01 1.25000000e+00 6.01936095e+07
4.10000000e-01 4.20000000e-01 1.26000000e+00 6.02215229e+07
4.10000000e-01 4.20000000e-01 1.27000000e+00 6.02367076e+07
4.10000000e-01 4.20000000e-01 1.28000000e+00 6.02393222e+07
4.10000000e-01 4.20000000e-01 1.29000000e+00 6.02295859e+07
4.10000000e-01 4.20000000e-01 1.30000000e+00 6.02076443e+07
4.10000000e-01 4.20000000e-01 1.31000000e+00 6.01737621e+07
4.10000000e-01 4.20000000e-01 1.32000000e+00 6.01280948e+07
4.10000000e-01 4.20000000e-01 1.33000000e+00 6.00708684e+07
4.10000000e-01 4.20000000e-01 1.34000000e+00 6.00022322e+07
4.10000000e-01 4.20000000e-01 1.35000000e+00 5.99223944e+07
4.10000000e-01 4.20000000e-01 1.36000000e+00 5.98316303e+07
4.10000000e-01 4.20000000e-01 1.37000000e+00 5.97301235e+07
4.10000000e-01 4.20000000e-01 1.38000000e+00 5.96180342e+07
4.10000000e-01 4.20000000e-01 1.39000000e+00 5.94955974e+07
4.10000000e-01 4.20000000e-01 1.40000000e+00 5.93630337e+07
4.10000000e-01 4.20000000e-01 1.41000000e+00 5.92205889e+07
4.10000000e-01 4.20000000e-01 1.42000000e+00 5.90684251e+07
4.10000000e-01 4.20000000e-01 1.43000000e+00 5.89068149e+07
4.10000000e-01 4.20000000e-01 1.44000000e+00 5.87359266e+07
4.10000000e-01 4.20000000e-01 1.45000000e+00 5.85559680e+07
4.10000000e-01 4.20000000e-01 1.46000000e+00 5.83671760e+07
4.10000000e-01 4.20000000e-01 1.47000000e+00 5.81697552e+07
4.10000000e-01 4.20000000e-01 1.48000000e+00 5.79639504e+07
4.10000000e-01 4.20000000e-01 1.49000000e+00 5.77499232e+07
4.10000000e-01 4.20000000e-01 1.50000000e+00 5.75279293e+07
4.10000000e-01 4.20000000e-01 1.51000000e+00 5.72981455e+07
4.10000000e-01 4.20000000e-01 1.52000000e+00 5.70608140e+07
4.10000000e-01 4.20000000e-01 1.53000000e+00 5.68161278e+07
4.10000000e-01 4.20000000e-01 1.54000000e+00 5.65643278e+07
4.10000000e-01 4.20000000e-01 1.55000000e+00 5.63055934e+07
4.10000000e-01 4.20000000e-01 1.56000000e+00 5.60401607e+07
4.10000000e-01 4.20000000e-01 1.57000000e+00 5.57681915e+07
4.10000000e-01 4.20000000e-01 1.58000000e+00 5.54899080e+07
4.10000000e-01 4.20000000e-01 1.59000000e+00 5.52055149e+07
4.10000000e-01 4.20000000e-01 1.60000000e+00 5.49152207e+07
4.10000000e-01 4.20000000e-01 1.61000000e+00 5.46192117e+07
4.10000000e-01 4.20000000e-01 1.62000000e+00 5.43176539e+07
4.10000000e-01 4.20000000e-01 1.63000000e+00 5.40108179e+07
4.10000000e-01 4.20000000e-01 1.64000000e+00 5.36988566e+07
4.10000000e-01 4.20000000e-01 1.65000000e+00 5.33819789e+07
4.10000000e-01 4.20000000e-01 1.66000000e+00 5.30603621e+07
4.10000000e-01 4.20000000e-01 1.67000000e+00 5.27342027e+07
4.10000000e-01 4.20000000e-01 1.68000000e+00 5.24036715e+07
4.10000000e-01 4.20000000e-01 1.69000000e+00 5.20689454e+07
4.10000000e-01 4.20000000e-01 1.70000000e+00 5.17302134e+07
4.10000000e-01 4.20000000e-01 1.71000000e+00 5.13876492e+07
4.10000000e-01 4.20000000e-01 1.72000000e+00 5.10414546e+07
4.10000000e-01 4.20000000e-01 1.73000000e+00 5.06917688e+07
4.10000000e-01 4.20000000e-01 1.74000000e+00 5.03387898e+07
4.10000000e-01 4.20000000e-01 1.75000000e+00 4.99826671e+07
4.10000000e-01 4.20000000e-01 1.76000000e+00 4.96235624e+07
4.10000000e-01 4.20000000e-01 1.77000000e+00 4.92616534e+07
4.10000000e-01 4.20000000e-01 1.78000000e+00 4.88970976e+07
4.10000000e-01 4.20000000e-01 1.79000000e+00 4.85300470e+07
4.10000000e-01 4.20000000e-01 1.80000000e+00 4.81606500e+07
4.10000000e-01 4.20000000e-01 1.81000000e+00 4.77890778e+07
4.10000000e-01 4.20000000e-01 1.82000000e+00 4.74154532e+07
4.10000000e-01 4.20000000e-01 1.83000000e+00 4.70399495e+07
4.10000000e-01 4.20000000e-01 1.84000000e+00 4.66626992e+07
4.10000000e-01 4.20000000e-01 1.85000000e+00 4.62838388e+07
4.10000000e-01 4.20000000e-01 1.86000000e+00 4.59035133e+07
4.10000000e-01 4.20000000e-01 1.87000000e+00 4.55218703e+07
4.10000000e-01 4.20000000e-01 1.88000000e+00 4.51390383e+07
4.10000000e-01 4.20000000e-01 1.89000000e+00 4.47551453e+07
4.10000000e-01 4.20000000e-01 1.90000000e+00 4.43703336e+07
4.10000000e-01 4.20000000e-01 1.91000000e+00 4.39846689e+07
4.10000000e-01 4.20000000e-01 1.92000000e+00 4.35983182e+07
4.10000000e-01 4.20000000e-01 1.93000000e+00 4.32114197e+07
4.10000000e-01 4.20000000e-01 1.94000000e+00 4.28240507e+07
4.10000000e-01 4.20000000e-01 1.95000000e+00 4.24363491e+07
4.10000000e-01 4.20000000e-01 1.96000000e+00 4.20484130e+07
4.10000000e-01 4.20000000e-01 1.97000000e+00 4.16603433e+07
4.10000000e-01 4.20000000e-01 1.98000000e+00 4.12722560e+07
4.10000000e-01 4.20000000e-01 1.99000000e+00 4.08842901e+07
4.10000000e-01 4.20000000e-01 2.00000000e+00 4.04965151e+07
4.20000000e-01 4.30000000e-01 1.00000000e-02 8.31325987e+00
4.20000000e-01 4.30000000e-01 2.00000000e-02 4.51411499e+02
4.20000000e-01 4.30000000e-01 3.00000000e-02 3.09619320e+03
4.20000000e-01 4.30000000e-01 4.00000000e-02 1.18158369e+04
4.20000000e-01 4.30000000e-01 5.00000000e-02 3.71033664e+04
4.20000000e-01 4.30000000e-01 6.00000000e-02 7.18525265e+04
4.20000000e-01 4.30000000e-01 7.00000000e-02 1.17513381e+05
4.20000000e-01 4.30000000e-01 8.00000000e-02 1.76248591e+05
4.20000000e-01 4.30000000e-01 9.00000000e-02 2.49559056e+05
4.20000000e-01 4.30000000e-01 1.00000000e-01 3.38717622e+05
4.20000000e-01 4.30000000e-01 1.10000000e-01 4.44839630e+05
4.20000000e-01 4.30000000e-01 1.20000000e-01 5.68905786e+05
4.20000000e-01 4.30000000e-01 1.30000000e-01 7.11772123e+05
4.20000000e-01 4.30000000e-01 1.40000000e-01 8.74178565e+05
4.20000000e-01 4.30000000e-01 1.50000000e-01 1.05675501e+06
4.20000000e-01 4.30000000e-01 1.60000000e-01 1.26002774e+06
4.20000000e-01 4.30000000e-01 1.70000000e-01 1.48441993e+06
4.20000000e-01 4.30000000e-01 1.80000000e-01 1.73026154e+06
4.20000000e-01 4.30000000e-01 1.90000000e-01 1.99779305e+06
4.20000000e-01 4.30000000e-01 2.00000000e-01 2.28716775e+06
4.20000000e-01 4.30000000e-01 2.10000000e-01 2.59846000e+06
4.20000000e-01 4.30000000e-01 2.20000000e-01 2.93166272e+06
4.20000000e-01 4.30000000e-01 2.30000000e-01 3.28670258e+06
4.20000000e-01 4.30000000e-01 2.40000000e-01 3.66343249e+06
4.20000000e-01 4.30000000e-01 2.50000000e-01 4.06164635e+06
4.20000000e-01 4.30000000e-01 2.60000000e-01 4.48107423e+06
4.20000000e-01 4.30000000e-01 2.70000000e-01 4.92139215e+06
4.20000000e-01 4.30000000e-01 2.80000000e-01 5.38222421e+06
4.20000000e-01 4.30000000e-01 2.90000000e-01 5.86314534e+06
4.20000000e-01 4.30000000e-01 3.00000000e-01 6.36368580e+06
4.20000000e-01 4.30000000e-01 3.10000000e-01 6.88333631e+06
4.20000000e-01 4.30000000e-01 3.20000000e-01 7.42154857e+06
4.20000000e-01 4.30000000e-01 3.30000000e-01 7.97773877e+06
4.20000000e-01 4.30000000e-01 3.40000000e-01 8.55129248e+06
4.20000000e-01 4.30000000e-01 3.50000000e-01 9.14156737e+06
4.20000000e-01 4.30000000e-01 3.60000000e-01 9.74789627e+06
4.20000000e-01 4.30000000e-01 3.70000000e-01 1.03695849e+07
4.20000000e-01 4.30000000e-01 3.80000000e-01 1.10059271e+07
4.20000000e-01 4.30000000e-01 3.90000000e-01 1.16561929e+07
4.20000000e-01 4.30000000e-01 4.00000000e-01 1.23196469e+07
4.20000000e-01 4.30000000e-01 4.10000000e-01 1.29955223e+07
4.20000000e-01 4.30000000e-01 4.20000000e-01 1.36830589e+07
4.20000000e-01 4.30000000e-01 4.30000000e-01 1.43814775e+07
4.20000000e-01 4.30000000e-01 4.40000000e-01 1.50900128e+07
4.20000000e-01 4.30000000e-01 4.50000000e-01 1.58078650e+07
4.20000000e-01 4.30000000e-01 4.60000000e-01 1.65342635e+07
4.20000000e-01 4.30000000e-01 4.70000000e-01 1.72684106e+07
4.20000000e-01 4.30000000e-01 4.80000000e-01 1.80095229e+07
4.20000000e-01 4.30000000e-01 4.90000000e-01 1.87568219e+07
4.20000000e-01 4.30000000e-01 5.00000000e-01 1.95095296e+07
4.20000000e-01 4.30000000e-01 5.10000000e-01 2.02668629e+07
4.20000000e-01 4.30000000e-01 5.20000000e-01 2.10280728e+07
4.20000000e-01 4.30000000e-01 5.30000000e-01 2.17924010e+07
4.20000000e-01 4.30000000e-01 5.40000000e-01 2.25590873e+07
4.20000000e-01 4.30000000e-01 5.50000000e-01 2.33274030e+07
4.20000000e-01 4.30000000e-01 5.60000000e-01 2.40966086e+07
4.20000000e-01 4.30000000e-01 5.70000000e-01 2.48659950e+07
4.20000000e-01 4.30000000e-01 5.80000000e-01 2.56348632e+07
4.20000000e-01 4.30000000e-01 5.90000000e-01 2.64025330e+07
4.20000000e-01 4.30000000e-01 6.00000000e-01 2.71683048e+07
4.20000000e-01 4.30000000e-01 6.10000000e-01 2.79315435e+07
4.20000000e-01 4.30000000e-01 6.20000000e-01 2.86915857e+07
4.20000000e-01 4.30000000e-01 6.30000000e-01 2.94478274e+07
4.20000000e-01 4.30000000e-01 6.40000000e-01 3.01996473e+07
4.20000000e-01 4.30000000e-01 6.50000000e-01 3.09464547e+07
4.20000000e-01 4.30000000e-01 6.60000000e-01 3.16876735e+07
4.20000000e-01 4.30000000e-01 6.70000000e-01 3.24227229e+07
4.20000000e-01 4.30000000e-01 6.80000000e-01 3.31510898e+07
4.20000000e-01 4.30000000e-01 6.90000000e-01 3.38722484e+07
4.20000000e-01 4.30000000e-01 7.00000000e-01 3.45856979e+07
4.20000000e-01 4.30000000e-01 7.10000000e-01 3.52909403e+07
4.20000000e-01 4.30000000e-01 7.20000000e-01 3.59875157e+07
4.20000000e-01 4.30000000e-01 7.30000000e-01 3.66749664e+07
4.20000000e-01 4.30000000e-01 7.40000000e-01 3.73528710e+07
4.20000000e-01 4.30000000e-01 7.50000000e-01 3.80208216e+07
4.20000000e-01 4.30000000e-01 7.60000000e-01 3.86784229e+07
4.20000000e-01 4.30000000e-01 7.70000000e-01 3.93253010e+07
4.20000000e-01 4.30000000e-01 7.80000000e-01 3.99610948e+07
4.20000000e-01 4.30000000e-01 7.90000000e-01 4.05854971e+07
4.20000000e-01 4.30000000e-01 8.00000000e-01 4.11981202e+07
4.20000000e-01 4.30000000e-01 8.10000000e-01 4.17987571e+07
4.20000000e-01 4.30000000e-01 8.20000000e-01 4.23870638e+07
4.20000000e-01 4.30000000e-01 8.30000000e-01 4.29627855e+07
4.20000000e-01 4.30000000e-01 8.40000000e-01 4.35256841e+07
4.20000000e-01 4.30000000e-01 8.50000000e-01 4.40755363e+07
4.20000000e-01 4.30000000e-01 8.60000000e-01 4.46120774e+07
4.20000000e-01 4.30000000e-01 8.70000000e-01 4.51351815e+07
4.20000000e-01 4.30000000e-01 8.80000000e-01 4.56446572e+07
4.20000000e-01 4.30000000e-01 8.90000000e-01 4.61403121e+07
4.20000000e-01 4.30000000e-01 9.00000000e-01 4.66220047e+07
4.20000000e-01 4.30000000e-01 9.10000000e-01 4.70896093e+07
4.20000000e-01 4.30000000e-01 9.20000000e-01 4.75430096e+07
4.20000000e-01 4.30000000e-01 9.30000000e-01 4.79821275e+07
4.20000000e-01 4.30000000e-01 9.40000000e-01 4.84068139e+07
4.20000000e-01 4.30000000e-01 9.50000000e-01 4.88170323e+07
4.20000000e-01 4.30000000e-01 9.60000000e-01 4.92127228e+07
4.20000000e-01 4.30000000e-01 9.70000000e-01 4.95938379e+07
4.20000000e-01 4.30000000e-01 9.80000000e-01 4.99603295e+07
4.20000000e-01 4.30000000e-01 9.90000000e-01 5.03121948e+07
4.20000000e-01 4.30000000e-01 1.00000000e+00 5.06494178e+07
4.20000000e-01 4.30000000e-01 1.01000000e+00 5.09719979e+07
4.20000000e-01 4.30000000e-01 1.02000000e+00 5.12799807e+07
4.20000000e-01 4.30000000e-01 1.03000000e+00 5.15733445e+07
4.20000000e-01 4.30000000e-01 1.04000000e+00 5.18521444e+07
4.20000000e-01 4.30000000e-01 1.05000000e+00 5.21164387e+07
4.20000000e-01 4.30000000e-01 1.06000000e+00 5.23662865e+07
4.20000000e-01 4.30000000e-01 1.07000000e+00 5.26017360e+07
4.20000000e-01 4.30000000e-01 1.08000000e+00 5.28228634e+07
4.20000000e-01 4.30000000e-01 1.09000000e+00 5.30297743e+07
4.20000000e-01 4.30000000e-01 1.10000000e+00 5.32225251e+07
4.20000000e-01 4.30000000e-01 1.11000000e+00 5.34012922e+07
4.20000000e-01 4.30000000e-01 1.12000000e+00 5.35661117e+07
4.20000000e-01 4.30000000e-01 1.13000000e+00 5.37171347e+07
4.20000000e-01 4.30000000e-01 1.14000000e+00 5.38544910e+07
4.20000000e-01 4.30000000e-01 1.15000000e+00 5.39782866e+07
4.20000000e-01 4.30000000e-01 1.16000000e+00 5.40886530e+07
4.20000000e-01 4.30000000e-01 1.17000000e+00 5.41858048e+07
4.20000000e-01 4.30000000e-01 1.18000000e+00 5.42698420e+07
4.20000000e-01 4.30000000e-01 1.19000000e+00 5.43409087e+07
4.20000000e-01 4.30000000e-01 1.20000000e+00 5.43991661e+07
4.20000000e-01 4.30000000e-01 1.21000000e+00 5.44447997e+07
4.20000000e-01 4.30000000e-01 1.22000000e+00 5.44779721e+07
4.20000000e-01 4.30000000e-01 1.23000000e+00 5.44988643e+07
4.20000000e-01 4.30000000e-01 1.24000000e+00 5.45076575e+07
4.20000000e-01 4.30000000e-01 1.25000000e+00 5.45045308e+07
4.20000000e-01 4.30000000e-01 1.26000000e+00 5.44896688e+07
4.20000000e-01 4.30000000e-01 1.27000000e+00 5.44632744e+07
4.20000000e-01 4.30000000e-01 1.28000000e+00 5.44255428e+07
4.20000000e-01 4.30000000e-01 1.29000000e+00 5.43766436e+07
4.20000000e-01 4.30000000e-01 1.30000000e+00 5.43167900e+07
4.20000000e-01 4.30000000e-01 1.31000000e+00 5.42461871e+07
4.20000000e-01 4.30000000e-01 1.32000000e+00 5.41650304e+07
4.20000000e-01 4.30000000e-01 1.33000000e+00 5.40735207e+07
4.20000000e-01 4.30000000e-01 1.34000000e+00 5.39718743e+07
4.20000000e-01 4.30000000e-01 1.35000000e+00 5.38603056e+07
4.20000000e-01 4.30000000e-01 1.36000000e+00 5.37389818e+07
4.20000000e-01 4.30000000e-01 1.37000000e+00 5.36081811e+07
4.20000000e-01 4.30000000e-01 1.38000000e+00 5.34680625e+07
4.20000000e-01 4.30000000e-01 1.39000000e+00 5.33188550e+07
4.20000000e-01 4.30000000e-01 1.40000000e+00 5.31607592e+07
4.20000000e-01 4.30000000e-01 1.41000000e+00 5.29939770e+07
4.20000000e-01 4.30000000e-01 1.42000000e+00 5.28187570e+07
4.20000000e-01 4.30000000e-01 1.43000000e+00 5.26352820e+07
4.20000000e-01 4.30000000e-01 1.44000000e+00 5.24437678e+07
4.20000000e-01 4.30000000e-01 1.45000000e+00 5.22444000e+07
4.20000000e-01 4.30000000e-01 1.46000000e+00 5.20374389e+07
4.20000000e-01 4.30000000e-01 1.47000000e+00 5.18230762e+07
4.20000000e-01 4.30000000e-01 1.48000000e+00 5.16015157e+07
4.20000000e-01 4.30000000e-01 1.49000000e+00 5.13729657e+07
4.20000000e-01 4.30000000e-01 1.50000000e+00 5.11376215e+07
4.20000000e-01 4.30000000e-01 1.51000000e+00 5.08956940e+07
4.20000000e-01 4.30000000e-01 1.52000000e+00 5.06473873e+07
4.20000000e-01 4.30000000e-01 1.53000000e+00 5.03929076e+07
4.20000000e-01 4.30000000e-01 1.54000000e+00 5.01324292e+07
4.20000000e-01 4.30000000e-01 1.55000000e+00 4.98661926e+07
4.20000000e-01 4.30000000e-01 1.56000000e+00 4.95943778e+07
4.20000000e-01 4.30000000e-01 1.57000000e+00 4.93171773e+07
4.20000000e-01 4.30000000e-01 1.58000000e+00 4.90348053e+07
4.20000000e-01 4.30000000e-01 1.59000000e+00 4.87474346e+07
4.20000000e-01 4.30000000e-01 1.60000000e+00 4.84552412e+07
4.20000000e-01 4.30000000e-01 1.61000000e+00 4.81584233e+07
4.20000000e-01 4.30000000e-01 1.62000000e+00 4.78571778e+07
4.20000000e-01 4.30000000e-01 1.63000000e+00 4.75516615e+07
4.20000000e-01 4.30000000e-01 1.64000000e+00 4.72420925e+07
4.20000000e-01 4.30000000e-01 1.65000000e+00 4.69286145e+07
4.20000000e-01 4.30000000e-01 1.66000000e+00 4.66114032e+07
4.20000000e-01 4.30000000e-01 1.67000000e+00 4.62906477e+07
4.20000000e-01 4.30000000e-01 1.68000000e+00 4.59665093e+07
4.20000000e-01 4.30000000e-01 1.69000000e+00 4.56391738e+07
4.20000000e-01 4.30000000e-01 1.70000000e+00 4.53087946e+07
4.20000000e-01 4.30000000e-01 1.71000000e+00 4.49755384e+07
4.20000000e-01 4.30000000e-01 1.72000000e+00 4.46395831e+07
4.20000000e-01 4.30000000e-01 1.73000000e+00 4.43010471e+07
4.20000000e-01 4.30000000e-01 1.74000000e+00 4.39601136e+07
4.20000000e-01 4.30000000e-01 1.75000000e+00 4.36169324e+07
4.20000000e-01 4.30000000e-01 1.76000000e+00 4.32716613e+07
4.20000000e-01 4.30000000e-01 1.77000000e+00 4.29244152e+07
4.20000000e-01 4.30000000e-01 1.78000000e+00 4.25753540e+07
4.20000000e-01 4.30000000e-01 1.79000000e+00 4.22246127e+07
4.20000000e-01 4.30000000e-01 1.80000000e+00 4.18723590e+07
4.20000000e-01 4.30000000e-01 1.81000000e+00 4.15186953e+07
4.20000000e-01 4.30000000e-01 1.82000000e+00 4.11637673e+07
4.20000000e-01 4.30000000e-01 1.83000000e+00 4.08076988e+07
4.20000000e-01 4.30000000e-01 1.84000000e+00 4.04506429e+07
4.20000000e-01 4.30000000e-01 1.85000000e+00 4.00927150e+07
4.20000000e-01 4.30000000e-01 1.86000000e+00 3.97340320e+07
4.20000000e-01 4.30000000e-01 1.87000000e+00 3.93747137e+07
4.20000000e-01 4.30000000e-01 1.88000000e+00 3.90148789e+07
4.20000000e-01 4.30000000e-01 1.89000000e+00 3.86546435e+07
4.20000000e-01 4.30000000e-01 1.90000000e+00 3.82941100e+07
4.20000000e-01 4.30000000e-01 1.91000000e+00 3.79333855e+07
4.20000000e-01 4.30000000e-01 1.92000000e+00 3.75725891e+07
4.20000000e-01 4.30000000e-01 1.93000000e+00 3.72118202e+07
4.20000000e-01 4.30000000e-01 1.94000000e+00 3.68511969e+07
4.20000000e-01 4.30000000e-01 1.95000000e+00 3.64907942e+07
4.20000000e-01 4.30000000e-01 1.96000000e+00 3.61307350e+07
4.20000000e-01 4.30000000e-01 1.97000000e+00 3.57710681e+07
4.20000000e-01 4.30000000e-01 1.98000000e+00 3.54118902e+07
4.20000000e-01 4.30000000e-01 1.99000000e+00 3.50533283e+07
4.20000000e-01 4.30000000e-01 2.00000000e+00 3.46954560e+07
4.30000000e-01 4.40000000e-01 1.00000000e-02 8.58639557e+00
4.30000000e-01 4.40000000e-01 2.00000000e-02 4.69439483e+02
4.30000000e-01 4.40000000e-01 3.00000000e-02 3.25144181e+03
4.30000000e-01 4.40000000e-01 4.00000000e-02 1.27261481e+04
4.30000000e-01 4.40000000e-01 5.00000000e-02 3.81983415e+04
4.30000000e-01 4.40000000e-01 6.00000000e-02 7.14793284e+04
4.30000000e-01 4.40000000e-01 7.00000000e-02 1.15758676e+05
4.30000000e-01 4.40000000e-01 8.00000000e-02 1.72834289e+05
4.30000000e-01 4.40000000e-01 9.00000000e-02 2.44100177e+05
4.30000000e-01 4.40000000e-01 1.00000000e-01 3.30758898e+05
4.30000000e-01 4.40000000e-01 1.10000000e-01 4.33867455e+05
4.30000000e-01 4.40000000e-01 1.20000000e-01 5.54352016e+05
4.30000000e-01 4.40000000e-01 1.30000000e-01 6.93017901e+05
4.30000000e-01 4.40000000e-01 1.40000000e-01 8.50555282e+05
4.30000000e-01 4.40000000e-01 1.50000000e-01 1.02754725e+06
4.30000000e-01 4.40000000e-01 1.60000000e-01 1.22447136e+06
4.30000000e-01 4.40000000e-01 1.70000000e-01 1.44170857e+06
4.30000000e-01 4.40000000e-01 1.80000000e-01 1.67954359e+06
4.30000000e-01 4.40000000e-01 1.90000000e-01 1.93817551e+06
4.30000000e-01 4.40000000e-01 2.00000000e-01 2.21771727e+06
4.30000000e-01 4.40000000e-01 2.10000000e-01 2.51820370e+06
4.30000000e-01 4.40000000e-01 2.20000000e-01 2.83959370e+06
4.30000000e-01 4.40000000e-01 2.30000000e-01 3.18177642e+06
4.30000000e-01 4.40000000e-01 2.40000000e-01 3.54457348e+06
4.30000000e-01 4.40000000e-01 2.50000000e-01 3.92774354e+06
4.30000000e-01 4.40000000e-01 2.60000000e-01 4.33098753e+06
4.30000000e-01 4.40000000e-01 2.70000000e-01 4.75395684e+06
4.30000000e-01 4.40000000e-01 2.80000000e-01 5.19624779e+06
4.30000000e-01 4.40000000e-01 2.90000000e-01 5.65741494e+06
4.30000000e-01 4.40000000e-01 3.00000000e-01 6.13696337e+06
4.30000000e-01 4.40000000e-01 3.10000000e-01 6.63436554e+06
4.30000000e-01 4.40000000e-01 3.20000000e-01 7.14905544e+06
4.30000000e-01 4.40000000e-01 3.30000000e-01 7.68043567e+06
4.30000000e-01 4.40000000e-01 3.40000000e-01 8.22787507e+06
4.30000000e-01 4.40000000e-01 3.50000000e-01 8.79072460e+06
4.30000000e-01 4.40000000e-01 3.60000000e-01 9.36830485e+06
4.30000000e-01 4.40000000e-01 3.70000000e-01 9.95992156e+06
4.30000000e-01 4.40000000e-01 3.80000000e-01 1.05648631e+07
4.30000000e-01 4.40000000e-01 3.90000000e-01 1.11823936e+07
4.30000000e-01 4.40000000e-01 4.00000000e-01 1.18117741e+07
4.30000000e-01 4.40000000e-01 4.10000000e-01 1.24522504e+07
4.30000000e-01 4.40000000e-01 4.20000000e-01 1.31030624e+07
4.30000000e-01 4.40000000e-01 4.30000000e-01 1.37634492e+07
4.30000000e-01 4.40000000e-01 4.40000000e-01 1.44326320e+07
4.30000000e-01 4.40000000e-01 4.50000000e-01 1.51098382e+07
4.30000000e-01 4.40000000e-01 4.60000000e-01 1.57942982e+07
4.30000000e-01 4.40000000e-01 4.70000000e-01 1.64852383e+07
4.30000000e-01 4.40000000e-01 4.80000000e-01 1.71818968e+07
4.30000000e-01 4.40000000e-01 4.90000000e-01 1.78834952e+07
4.30000000e-01 4.40000000e-01 5.00000000e-01 1.85892955e+07
4.30000000e-01 4.40000000e-01 5.10000000e-01 1.92985312e+07
4.30000000e-01 4.40000000e-01 5.20000000e-01 2.00104675e+07
4.30000000e-01 4.40000000e-01 5.30000000e-01 2.07243734e+07
4.30000000e-01 4.40000000e-01 5.40000000e-01 2.14395284e+07
4.30000000e-01 4.40000000e-01 5.50000000e-01 2.21552077e+07
4.30000000e-01 4.40000000e-01 5.60000000e-01 2.28707293e+07
4.30000000e-01 4.40000000e-01 5.70000000e-01 2.35854060e+07
4.30000000e-01 4.40000000e-01 5.80000000e-01 2.42985663e+07
4.30000000e-01 4.40000000e-01 5.90000000e-01 2.50095577e+07
4.30000000e-01 4.40000000e-01 6.00000000e-01 2.57177436e+07
4.30000000e-01 4.40000000e-01 6.10000000e-01 2.64224916e+07
4.30000000e-01 4.40000000e-01 6.20000000e-01 2.71232033e+07
4.30000000e-01 4.40000000e-01 6.30000000e-01 2.78192969e+07
4.30000000e-01 4.40000000e-01 6.40000000e-01 2.85101804e+07
4.30000000e-01 4.40000000e-01 6.50000000e-01 2.91953122e+07
4.30000000e-01 4.40000000e-01 6.60000000e-01 2.98741587e+07
4.30000000e-01 4.40000000e-01 6.70000000e-01 3.05461890e+07
4.30000000e-01 4.40000000e-01 6.80000000e-01 3.12109208e+07
4.30000000e-01 4.40000000e-01 6.90000000e-01 3.18678716e+07
4.30000000e-01 4.40000000e-01 7.00000000e-01 3.25165744e+07
4.30000000e-01 4.40000000e-01 7.10000000e-01 3.31565846e+07
4.30000000e-01 4.40000000e-01 7.20000000e-01 3.37874817e+07
4.30000000e-01 4.40000000e-01 7.30000000e-01 3.44088606e+07
4.30000000e-01 4.40000000e-01 7.40000000e-01 3.50203340e+07
4.30000000e-01 4.40000000e-01 7.50000000e-01 3.56215390e+07
4.30000000e-01 4.40000000e-01 7.60000000e-01 3.62121270e+07
4.30000000e-01 4.40000000e-01 7.70000000e-01 3.67917733e+07
4.30000000e-01 4.40000000e-01 7.80000000e-01 3.73601551e+07
4.30000000e-01 4.40000000e-01 7.90000000e-01 3.79170004e+07
4.30000000e-01 4.40000000e-01 8.00000000e-01 3.84620134e+07
4.30000000e-01 4.40000000e-01 8.10000000e-01 3.89949555e+07
4.30000000e-01 4.40000000e-01 8.20000000e-01 3.95155688e+07
4.30000000e-01 4.40000000e-01 8.30000000e-01 4.00236307e+07
4.30000000e-01 4.40000000e-01 8.40000000e-01 4.05189568e+07
4.30000000e-01 4.40000000e-01 8.50000000e-01 4.10013254e+07
4.30000000e-01 4.40000000e-01 8.60000000e-01 4.14706000e+07
4.30000000e-01 4.40000000e-01 8.70000000e-01 4.19266147e+07
4.30000000e-01 4.40000000e-01 8.80000000e-01 4.23692335e+07
4.30000000e-01 4.40000000e-01 8.90000000e-01 4.27983150e+07
4.30000000e-01 4.40000000e-01 9.00000000e-01 4.32137716e+07
4.30000000e-01 4.40000000e-01 9.10000000e-01 4.36155023e+07
4.30000000e-01 4.40000000e-01 9.20000000e-01 4.40034216e+07
4.30000000e-01 4.40000000e-01 9.30000000e-01 4.43774740e+07
4.30000000e-01 4.40000000e-01 9.40000000e-01 4.47376155e+07
4.30000000e-01 4.40000000e-01 9.50000000e-01 4.50837955e+07
4.30000000e-01 4.40000000e-01 9.60000000e-01 4.54159766e+07
4.30000000e-01 4.40000000e-01 9.70000000e-01 4.57341432e+07
4.30000000e-01 4.40000000e-01 9.80000000e-01 4.60383304e+07
4.30000000e-01 4.40000000e-01 9.90000000e-01 4.63285340e+07
4.30000000e-01 4.40000000e-01 1.00000000e+00 4.66047550e+07
4.30000000e-01 4.40000000e-01 1.01000000e+00 4.68670547e+07
4.30000000e-01 4.40000000e-01 1.02000000e+00 4.71154751e+07
4.30000000e-01 4.40000000e-01 1.03000000e+00 4.73500628e+07
4.30000000e-01 4.40000000e-01 1.04000000e+00 4.75708814e+07
4.30000000e-01 4.40000000e-01 1.05000000e+00 4.77779837e+07
4.30000000e-01 4.40000000e-01 1.06000000e+00 4.79714975e+07
4.30000000e-01 4.40000000e-01 1.07000000e+00 4.81514948e+07
4.30000000e-01 4.40000000e-01 1.08000000e+00 4.83180595e+07
4.30000000e-01 4.40000000e-01 1.09000000e+00 4.84713352e+07
4.30000000e-01 4.40000000e-01 1.10000000e+00 4.86113963e+07
4.30000000e-01 4.40000000e-01 1.11000000e+00 4.87384389e+07
4.30000000e-01 4.40000000e-01 1.12000000e+00 4.88525011e+07
4.30000000e-01 4.40000000e-01 1.13000000e+00 4.89537544e+07
4.30000000e-01 4.40000000e-01 1.14000000e+00 4.90423636e+07
4.30000000e-01 4.40000000e-01 1.15000000e+00 4.91184561e+07
4.30000000e-01 4.40000000e-01 1.16000000e+00 4.91821885e+07
4.30000000e-01 4.40000000e-01 1.17000000e+00 4.92337118e+07
4.30000000e-01 4.40000000e-01 1.18000000e+00 4.92732314e+07
4.30000000e-01 4.40000000e-01 1.19000000e+00 4.93009008e+07
4.30000000e-01 4.40000000e-01 1.20000000e+00 4.93168589e+07
4.30000000e-01 4.40000000e-01 1.21000000e+00 4.93213268e+07
4.30000000e-01 4.40000000e-01 1.22000000e+00 4.93144271e+07
4.30000000e-01 4.40000000e-01 1.23000000e+00 4.92964116e+07
4.30000000e-01 4.40000000e-01 1.24000000e+00 4.92674512e+07
4.30000000e-01 4.40000000e-01 1.25000000e+00 4.92277369e+07
4.30000000e-01 4.40000000e-01 1.26000000e+00 4.91774334e+07
4.30000000e-01 4.40000000e-01 1.27000000e+00 4.91167601e+07
4.30000000e-01 4.40000000e-01 1.28000000e+00 4.90459047e+07
4.30000000e-01 4.40000000e-01 1.29000000e+00 4.89650984e+07
4.30000000e-01 4.40000000e-01 1.30000000e+00 4.88744908e+07
4.30000000e-01 4.40000000e-01 1.31000000e+00 4.87743121e+07
4.30000000e-01 4.40000000e-01 1.32000000e+00 4.86647784e+07
4.30000000e-01 4.40000000e-01 1.33000000e+00 4.85460881e+07
4.30000000e-01 4.40000000e-01 1.34000000e+00 4.84184461e+07
4.30000000e-01 4.40000000e-01 1.35000000e+00 4.82820436e+07
4.30000000e-01 4.40000000e-01 1.36000000e+00 4.81371150e+07
4.30000000e-01 4.40000000e-01 1.37000000e+00 4.79838499e+07
4.30000000e-01 4.40000000e-01 1.38000000e+00 4.78224673e+07
4.30000000e-01 4.40000000e-01 1.39000000e+00 4.76531648e+07
4.30000000e-01 4.40000000e-01 1.40000000e+00 4.74761590e+07
4.30000000e-01 4.40000000e-01 1.41000000e+00 4.72916430e+07
4.30000000e-01 4.40000000e-01 1.42000000e+00 4.70998388e+07
4.30000000e-01 4.40000000e-01 1.43000000e+00 4.69009465e+07
4.30000000e-01 4.40000000e-01 1.44000000e+00 4.66951559e+07
4.30000000e-01 4.40000000e-01 1.45000000e+00 4.64827074e+07
4.30000000e-01 4.40000000e-01 1.46000000e+00 4.62637617e+07
4.30000000e-01 4.40000000e-01 1.47000000e+00 4.60385375e+07
4.30000000e-01 4.40000000e-01 1.48000000e+00 4.58072412e+07
4.30000000e-01 4.40000000e-01 1.49000000e+00 4.55700503e+07
4.30000000e-01 4.40000000e-01 1.50000000e+00 4.53271900e+07
4.30000000e-01 4.40000000e-01 1.51000000e+00 4.50788494e+07
4.30000000e-01 4.40000000e-01 1.52000000e+00 4.48252033e+07
4.30000000e-01 4.40000000e-01 1.53000000e+00 4.45664626e+07
4.30000000e-01 4.40000000e-01 1.54000000e+00 4.43028012e+07
4.30000000e-01 4.40000000e-01 1.55000000e+00 4.40344289e+07
4.30000000e-01 4.40000000e-01 1.56000000e+00 4.37614902e+07
4.30000000e-01 4.40000000e-01 1.57000000e+00 4.34842037e+07
4.30000000e-01 4.40000000e-01 1.58000000e+00 4.32027402e+07
4.30000000e-01 4.40000000e-01 1.59000000e+00 4.29172767e+07
4.30000000e-01 4.40000000e-01 1.60000000e+00 4.26279885e+07
4.30000000e-01 4.40000000e-01 1.61000000e+00 4.23350576e+07
4.30000000e-01 4.40000000e-01 1.62000000e+00 4.20386549e+07
4.30000000e-01 4.40000000e-01 1.63000000e+00 4.17389468e+07
4.30000000e-01 4.40000000e-01 1.64000000e+00 4.14360929e+07
4.30000000e-01 4.40000000e-01 1.65000000e+00 4.11302594e+07
4.30000000e-01 4.40000000e-01 1.66000000e+00 4.08216076e+07
4.30000000e-01 4.40000000e-01 1.67000000e+00 4.05103045e+07
4.30000000e-01 4.40000000e-01 1.68000000e+00 4.01965057e+07
4.30000000e-01 4.40000000e-01 1.69000000e+00 3.98803438e+07
4.30000000e-01 4.40000000e-01 1.70000000e+00 3.95619872e+07
4.30000000e-01 4.40000000e-01 1.71000000e+00 3.92416237e+07
4.30000000e-01 4.40000000e-01 1.72000000e+00 3.89193150e+07
4.30000000e-01 4.40000000e-01 1.73000000e+00 3.85952408e+07
4.30000000e-01 4.40000000e-01 1.74000000e+00 3.82695493e+07
4.30000000e-01 4.40000000e-01 1.75000000e+00 3.79423700e+07
4.30000000e-01 4.40000000e-01 1.76000000e+00 3.76138375e+07
4.30000000e-01 4.40000000e-01 1.77000000e+00 3.72840927e+07
4.30000000e-01 4.40000000e-01 1.78000000e+00 3.69532541e+07
4.30000000e-01 4.40000000e-01 1.79000000e+00 3.66214551e+07
4.30000000e-01 4.40000000e-01 1.80000000e+00 3.62888074e+07
4.30000000e-01 4.40000000e-01 1.81000000e+00 3.59554375e+07
4.30000000e-01 4.40000000e-01 1.82000000e+00 3.56214493e+07
4.30000000e-01 4.40000000e-01 1.83000000e+00 3.52869919e+07
4.30000000e-01 4.40000000e-01 1.84000000e+00 3.49521502e+07
4.30000000e-01 4.40000000e-01 1.85000000e+00 3.46170376e+07
4.30000000e-01 4.40000000e-01 1.86000000e+00 3.42817630e+07
4.30000000e-01 4.40000000e-01 1.87000000e+00 3.39464286e+07
4.30000000e-01 4.40000000e-01 1.88000000e+00 3.36111363e+07
4.30000000e-01 4.40000000e-01 1.89000000e+00 3.32760130e+07
4.30000000e-01 4.40000000e-01 1.90000000e+00 3.29410946e+07
4.30000000e-01 4.40000000e-01 1.91000000e+00 3.26065355e+07
4.30000000e-01 4.40000000e-01 1.92000000e+00 3.22723841e+07
4.30000000e-01 4.40000000e-01 1.93000000e+00 3.19387379e+07
4.30000000e-01 4.40000000e-01 1.94000000e+00 3.16056824e+07
4.30000000e-01 4.40000000e-01 1.95000000e+00 3.12733123e+07
4.30000000e-01 4.40000000e-01 1.96000000e+00 3.09416941e+07
4.30000000e-01 4.40000000e-01 1.97000000e+00 3.06109323e+07
4.30000000e-01 4.40000000e-01 1.98000000e+00 3.02811221e+07
4.30000000e-01 4.40000000e-01 1.99000000e+00 2.99522693e+07
4.30000000e-01 4.40000000e-01 2.00000000e+00 2.96244918e+07
4.40000000e-01 4.50000000e-01 1.00000000e-02 8.86736070e+00
4.40000000e-01 4.50000000e-01 2.00000000e-02 4.88415418e+02
4.40000000e-01 4.50000000e-01 3.00000000e-02 3.42158945e+03
4.40000000e-01 4.50000000e-01 4.00000000e-02 1.39544194e+04
4.40000000e-01 4.50000000e-01 5.00000000e-02 3.86780153e+04
4.40000000e-01 4.50000000e-01 6.00000000e-02 7.07500875e+04
4.40000000e-01 4.50000000e-01 7.00000000e-02 1.13710099e+05
4.40000000e-01 4.50000000e-01 8.00000000e-02 1.69153385e+05
4.40000000e-01 4.50000000e-01 9.00000000e-02 2.38388417e+05
4.40000000e-01 4.50000000e-01 1.00000000e-01 3.22555045e+05
4.40000000e-01 4.50000000e-01 1.10000000e-01 4.22654333e+05
4.40000000e-01 4.50000000e-01 1.20000000e-01 5.39560452e+05
4.40000000e-01 4.50000000e-01 1.30000000e-01 6.74028975e+05
4.40000000e-01 4.50000000e-01 1.40000000e-01 8.26702403e+05
4.40000000e-01 4.50000000e-01 1.50000000e-01 9.98116252e+05
4.40000000e-01 4.50000000e-01 1.60000000e-01 1.18870459e+06
4.40000000e-01 4.50000000e-01 1.70000000e-01 1.39880391e+06
4.40000000e-01 4.50000000e-01 1.80000000e-01 1.62865825e+06
4.40000000e-01 4.50000000e-01 1.90000000e-01 1.87842621e+06
4.40000000e-01 4.50000000e-01 2.00000000e-01 2.14818288e+06
4.40000000e-01 4.50000000e-01 2.10000000e-01 2.43792348e+06
4.40000000e-01 4.50000000e-01 2.20000000e-01 2.74757357e+06
4.40000000e-01 4.50000000e-01 2.30000000e-01 3.07698776e+06
4.40000000e-01 4.50000000e-01 2.40000000e-01 3.42595736e+06
4.40000000e-01 4.50000000e-01 2.50000000e-01 3.79421235e+06
4.40000000e-01 4.50000000e-01 2.60000000e-01 4.18142800e+06
4.40000000e-01 4.50000000e-01 2.70000000e-01 4.58722607e+06
4.40000000e-01 4.50000000e-01 2.80000000e-01 5.01118406e+06
4.40000000e-01 4.50000000e-01 2.90000000e-01 5.45283037e+06
4.40000000e-01 4.50000000e-01 3.00000000e-01 5.91165530e+06
4.40000000e-01 4.50000000e-01 3.10000000e-01 6.38711229e+06
4.40000000e-01 4.50000000e-01 3.20000000e-01 6.87861664e+06
4.40000000e-01 4.50000000e-01 3.30000000e-01 7.38556296e+06
4.40000000e-01 4.50000000e-01 3.40000000e-01 7.90731477e+06
4.40000000e-01 4.50000000e-01 3.50000000e-01 8.44321081e+06
4.40000000e-01 4.50000000e-01 3.60000000e-01 8.99256812e+06
4.40000000e-01 4.50000000e-01 3.70000000e-01 9.55468662e+06
4.40000000e-01 4.50000000e-01 3.80000000e-01 1.01288511e+07
4.40000000e-01 4.50000000e-01 3.90000000e-01 1.07143291e+07
4.40000000e-01 4.50000000e-01 4.00000000e-01 1.13103814e+07
4.40000000e-01 4.50000000e-01 4.10000000e-01 1.19162683e+07
4.40000000e-01 4.50000000e-01 4.20000000e-01 1.25312377e+07
4.40000000e-01 4.50000000e-01 4.30000000e-01 1.31545183e+07
4.40000000e-01 4.50000000e-01 4.40000000e-01 1.37853621e+07
4.40000000e-01 4.50000000e-01 4.50000000e-01 1.44230088e+07
4.40000000e-01 4.50000000e-01 4.60000000e-01 1.50666926e+07
4.40000000e-01 4.50000000e-01 4.70000000e-01 1.57156788e+07
4.40000000e-01 4.50000000e-01 4.80000000e-01 1.63692042e+07
4.40000000e-01 4.50000000e-01 4.90000000e-01 1.70265184e+07
4.40000000e-01 4.50000000e-01 5.00000000e-01 1.76869022e+07
4.40000000e-01 4.50000000e-01 5.10000000e-01 1.83496234e+07
4.40000000e-01 4.50000000e-01 5.20000000e-01 1.90139599e+07
4.40000000e-01 4.50000000e-01 5.30000000e-01 1.96792120e+07
4.40000000e-01 4.50000000e-01 5.40000000e-01 2.03446972e+07
4.40000000e-01 4.50000000e-01 5.50000000e-01 2.10097218e+07
4.40000000e-01 4.50000000e-01 5.60000000e-01 2.16736280e+07
4.40000000e-01 4.50000000e-01 5.70000000e-01 2.23357641e+07
4.40000000e-01 4.50000000e-01 5.80000000e-01 2.29954830e+07
4.40000000e-01 4.50000000e-01 5.90000000e-01 2.36521783e+07
4.40000000e-01 4.50000000e-01 6.00000000e-01 2.43052439e+07
4.40000000e-01 4.50000000e-01 6.10000000e-01 2.49541033e+07
4.40000000e-01 4.50000000e-01 6.20000000e-01 2.55981811e+07
4.40000000e-01 4.50000000e-01 6.30000000e-01 2.62369090e+07
4.40000000e-01 4.50000000e-01 6.40000000e-01 2.68697867e+07
4.40000000e-01 4.50000000e-01 6.50000000e-01 2.74962861e+07
4.40000000e-01 4.50000000e-01 6.60000000e-01 2.81159233e+07
4.40000000e-01 4.50000000e-01 6.70000000e-01 2.87281922e+07
4.40000000e-01 4.50000000e-01 6.80000000e-01 2.93326631e+07
4.40000000e-01 4.50000000e-01 6.90000000e-01 2.99289052e+07
4.40000000e-01 4.50000000e-01 7.00000000e-01 3.05164657e+07
4.40000000e-01 4.50000000e-01 7.10000000e-01 3.10949612e+07
4.40000000e-01 4.50000000e-01 7.20000000e-01 3.16640140e+07
4.40000000e-01 4.50000000e-01 7.30000000e-01 3.22232685e+07
4.40000000e-01 4.50000000e-01 7.40000000e-01 3.27723727e+07
4.40000000e-01 4.50000000e-01 7.50000000e-01 3.33110123e+07
4.40000000e-01 4.50000000e-01 7.60000000e-01 3.38388808e+07
4.40000000e-01 4.50000000e-01 7.70000000e-01 3.43556914e+07
4.40000000e-01 4.50000000e-01 7.80000000e-01 3.48611842e+07
4.40000000e-01 4.50000000e-01 7.90000000e-01 3.53550731e+07
4.40000000e-01 4.50000000e-01 8.00000000e-01 3.58371614e+07
4.40000000e-01 4.50000000e-01 8.10000000e-01 3.63072280e+07
4.40000000e-01 4.50000000e-01 8.20000000e-01 3.67650716e+07
4.40000000e-01 4.50000000e-01 8.30000000e-01 3.72104981e+07
4.40000000e-01 4.50000000e-01 8.40000000e-01 3.76433742e+07
4.40000000e-01 4.50000000e-01 8.50000000e-01 3.80635269e+07
4.40000000e-01 4.50000000e-01 8.60000000e-01 3.84708109e+07
4.40000000e-01 4.50000000e-01 8.70000000e-01 3.88651496e+07
4.40000000e-01 4.50000000e-01 8.80000000e-01 3.92464243e+07
4.40000000e-01 4.50000000e-01 8.90000000e-01 3.96145363e+07
4.40000000e-01 4.50000000e-01 9.00000000e-01 3.99694327e+07
4.40000000e-01 4.50000000e-01 9.10000000e-01 4.03110494e+07
4.40000000e-01 4.50000000e-01 9.20000000e-01 4.06393283e+07
4.40000000e-01 4.50000000e-01 9.30000000e-01 4.09542697e+07
4.40000000e-01 4.50000000e-01 9.40000000e-01 4.12558204e+07
4.40000000e-01 4.50000000e-01 9.50000000e-01 4.15439941e+07
4.40000000e-01 4.50000000e-01 9.60000000e-01 4.18188103e+07
4.40000000e-01 4.50000000e-01 9.70000000e-01 4.20802681e+07
4.40000000e-01 4.50000000e-01 9.80000000e-01 4.23283959e+07
4.40000000e-01 4.50000000e-01 9.90000000e-01 4.25632514e+07
4.40000000e-01 4.50000000e-01 1.00000000e+00 4.27848524e+07
4.40000000e-01 4.50000000e-01 1.01000000e+00 4.29933130e+07
4.40000000e-01 4.50000000e-01 1.02000000e+00 4.31886725e+07
4.40000000e-01 4.50000000e-01 1.03000000e+00 4.33710100e+07
4.40000000e-01 4.50000000e-01 1.04000000e+00 4.35404089e+07
4.40000000e-01 4.50000000e-01 1.05000000e+00 4.36969726e+07
4.40000000e-01 4.50000000e-01 1.06000000e+00 4.38408769e+07
4.40000000e-01 4.50000000e-01 1.07000000e+00 4.39721138e+07
4.40000000e-01 4.50000000e-01 1.08000000e+00 4.40908421e+07
4.40000000e-01 4.50000000e-01 1.09000000e+00 4.41971968e+07
4.40000000e-01 4.50000000e-01 1.10000000e+00 4.42913390e+07
4.40000000e-01 4.50000000e-01 1.11000000e+00 4.43733953e+07
4.40000000e-01 4.50000000e-01 1.12000000e+00 4.44434830e+07
4.40000000e-01 4.50000000e-01 1.13000000e+00 4.45018119e+07
4.40000000e-01 4.50000000e-01 1.14000000e+00 4.45484620e+07
4.40000000e-01 4.50000000e-01 1.15000000e+00 4.45836938e+07
4.40000000e-01 4.50000000e-01 1.16000000e+00 4.46076104e+07
4.40000000e-01 4.50000000e-01 1.17000000e+00 4.46203683e+07
4.40000000e-01 4.50000000e-01 1.18000000e+00 4.46222159e+07
4.40000000e-01 4.50000000e-01 1.19000000e+00 4.46132799e+07
4.40000000e-01 4.50000000e-01 1.20000000e+00 4.45937397e+07
4.40000000e-01 4.50000000e-01 1.21000000e+00 4.45637821e+07
4.40000000e-01 4.50000000e-01 1.22000000e+00 4.45235981e+07
4.40000000e-01 4.50000000e-01 1.23000000e+00 4.44733788e+07
4.40000000e-01 4.50000000e-01 1.24000000e+00 4.44133318e+07
4.40000000e-01 4.50000000e-01 1.25000000e+00 4.43436475e+07
4.40000000e-01 4.50000000e-01 1.26000000e+00 4.42645241e+07
4.40000000e-01 4.50000000e-01 1.27000000e+00 4.41761444e+07
4.40000000e-01 4.50000000e-01 1.28000000e+00 4.40787291e+07
4.40000000e-01 4.50000000e-01 1.29000000e+00 4.39724522e+07
4.40000000e-01 4.50000000e-01 1.30000000e+00 4.38575462e+07
4.40000000e-01 4.50000000e-01 1.31000000e+00 4.37342096e+07
4.40000000e-01 4.50000000e-01 1.32000000e+00 4.36026210e+07
4.40000000e-01 4.50000000e-01 1.33000000e+00 4.34630224e+07
4.40000000e-01 4.50000000e-01 1.34000000e+00 4.33156047e+07
4.40000000e-01 4.50000000e-01 1.35000000e+00 4.31605649e+07
4.40000000e-01 4.50000000e-01 1.36000000e+00 4.29980955e+07
4.40000000e-01 4.50000000e-01 1.37000000e+00 4.28284083e+07
4.40000000e-01 4.50000000e-01 1.38000000e+00 4.26517241e+07
4.40000000e-01 4.50000000e-01 1.39000000e+00 4.24682261e+07
4.40000000e-01 4.50000000e-01 1.40000000e+00 4.22781006e+07
4.40000000e-01 4.50000000e-01 1.41000000e+00 4.20815925e+07
4.40000000e-01 4.50000000e-01 1.42000000e+00 4.18788577e+07
4.40000000e-01 4.50000000e-01 1.43000000e+00 4.16701118e+07
4.40000000e-01 4.50000000e-01 1.44000000e+00 4.14555493e+07
4.40000000e-01 4.50000000e-01 1.45000000e+00 4.12353655e+07
4.40000000e-01 4.50000000e-01 1.46000000e+00 4.10097566e+07
4.40000000e-01 4.50000000e-01 1.47000000e+00 4.07789169e+07
4.40000000e-01 4.50000000e-01 1.48000000e+00 4.05430018e+07
4.40000000e-01 4.50000000e-01 1.49000000e+00 4.03022571e+07
4.40000000e-01 4.50000000e-01 1.50000000e+00 4.00568258e+07
4.40000000e-01 4.50000000e-01 1.51000000e+00 3.98068986e+07
4.40000000e-01 4.50000000e-01 1.52000000e+00 3.95526697e+07
4.40000000e-01 4.50000000e-01 1.53000000e+00 3.92943170e+07
4.40000000e-01 4.50000000e-01 1.54000000e+00 3.90320060e+07
4.40000000e-01 4.50000000e-01 1.55000000e+00 3.87659126e+07
4.40000000e-01 4.50000000e-01 1.56000000e+00 3.84962139e+07
4.40000000e-01 4.50000000e-01 1.57000000e+00 3.82230864e+07
4.40000000e-01 4.50000000e-01 1.58000000e+00 3.79466881e+07
4.40000000e-01 4.50000000e-01 1.59000000e+00 3.76671968e+07
4.40000000e-01 4.50000000e-01 1.60000000e+00 3.73847574e+07
4.40000000e-01 4.50000000e-01 1.61000000e+00 3.70995336e+07
4.40000000e-01 4.50000000e-01 1.62000000e+00 3.68116971e+07
4.40000000e-01 4.50000000e-01 1.63000000e+00 3.65213797e+07
4.40000000e-01 4.50000000e-01 1.64000000e+00 3.62287424e+07
4.40000000e-01 4.50000000e-01 1.65000000e+00 3.59339339e+07
4.40000000e-01 4.50000000e-01 1.66000000e+00 3.56371265e+07
4.40000000e-01 4.50000000e-01 1.67000000e+00 3.53384192e+07
4.40000000e-01 4.50000000e-01 1.68000000e+00 3.50379868e+07
4.40000000e-01 4.50000000e-01 1.69000000e+00 3.47359538e+07
4.40000000e-01 4.50000000e-01 1.70000000e+00 3.44324529e+07
4.40000000e-01 4.50000000e-01 1.71000000e+00 3.41276071e+07
4.40000000e-01 4.50000000e-01 1.72000000e+00 3.38215668e+07
4.40000000e-01 4.50000000e-01 1.73000000e+00 3.35144559e+07
4.40000000e-01 4.50000000e-01 1.74000000e+00 3.32063944e+07
4.40000000e-01 4.50000000e-01 1.75000000e+00 3.28975029e+07
4.40000000e-01 4.50000000e-01 1.76000000e+00 3.25878980e+07
4.40000000e-01 4.50000000e-01 1.77000000e+00 3.22776881e+07
4.40000000e-01 4.50000000e-01 1.78000000e+00 3.19669962e+07
4.40000000e-01 4.50000000e-01 1.79000000e+00 3.16559118e+07
4.40000000e-01 4.50000000e-01 1.80000000e+00 3.13445816e+07
4.40000000e-01 4.50000000e-01 1.81000000e+00 3.10330948e+07
4.40000000e-01 4.50000000e-01 1.82000000e+00 3.07215404e+07
4.40000000e-01 4.50000000e-01 1.83000000e+00 3.04100534e+07
4.40000000e-01 4.50000000e-01 1.84000000e+00 3.00986944e+07
4.40000000e-01 4.50000000e-01 1.85000000e+00 2.97875569e+07
4.40000000e-01 4.50000000e-01 1.86000000e+00 2.94767459e+07
4.40000000e-01 4.50000000e-01 1.87000000e+00 2.91663357e+07
4.40000000e-01 4.50000000e-01 1.88000000e+00 2.88564254e+07
4.40000000e-01 4.50000000e-01 1.89000000e+00 2.85471152e+07
4.40000000e-01 4.50000000e-01 1.90000000e+00 2.82384447e+07
4.40000000e-01 4.50000000e-01 1.91000000e+00 2.79305568e+07
4.40000000e-01 4.50000000e-01 1.92000000e+00 2.76234670e+07
4.40000000e-01 4.50000000e-01 1.93000000e+00 2.73172770e+07
4.40000000e-01 4.50000000e-01 1.94000000e+00 2.70120469e+07
4.40000000e-01 4.50000000e-01 1.95000000e+00 2.67078501e+07
4.40000000e-01 4.50000000e-01 1.96000000e+00 2.64047369e+07
4.40000000e-01 4.50000000e-01 1.97000000e+00 2.61028052e+07
4.40000000e-01 4.50000000e-01 1.98000000e+00 2.58021036e+07
4.40000000e-01 4.50000000e-01 1.99000000e+00 2.55026723e+07
4.40000000e-01 4.50000000e-01 2.00000000e+00 2.52046159e+07
4.50000000e-01 4.60000000e-01 1.00000000e-02 9.15663388e+00
4.50000000e-01 4.60000000e-01 2.00000000e-02 5.08455149e+02
4.50000000e-01 4.60000000e-01 3.00000000e-02 3.61034505e+03
4.50000000e-01 4.60000000e-01 4.00000000e-02 1.59505675e+04
4.50000000e-01 4.60000000e-01 5.00000000e-02 3.87559639e+04
4.50000000e-01 4.60000000e-01 6.00000000e-02 6.97497632e+04
4.50000000e-01 4.60000000e-01 7.00000000e-02 1.11431174e+05
4.50000000e-01 4.60000000e-01 8.00000000e-02 1.65261500e+05
4.50000000e-01 4.60000000e-01 9.00000000e-02 2.32476473e+05
4.50000000e-01 4.60000000e-01 1.00000000e-01 3.14157845e+05
4.50000000e-01 4.60000000e-01 1.10000000e-01 4.11253108e+05
4.50000000e-01 4.60000000e-01 1.20000000e-01 5.24586069e+05
4.50000000e-01 4.60000000e-01 1.30000000e-01 6.54864135e+05
4.50000000e-01 4.60000000e-01 1.40000000e-01 8.02682974e+05
4.50000000e-01 4.60000000e-01 1.50000000e-01 9.68534795e+05
4.50000000e-01 4.60000000e-01 1.60000000e-01 1.15280638e+06
4.50000000e-01 4.60000000e-01 1.70000000e-01 1.35579385e+06
4.50000000e-01 4.60000000e-01 1.80000000e-01 1.57770180e+06
4.50000000e-01 4.60000000e-01 1.90000000e-01 1.81865007e+06
4.50000000e-01 4.60000000e-01 2.00000000e-01 2.07867597e+06
4.50000000e-01 4.60000000e-01 2.10000000e-01 2.35774215e+06
4.50000000e-01 4.60000000e-01 2.20000000e-01 2.65573826e+06
4.50000000e-01 4.60000000e-01 2.30000000e-01 2.97248895e+06
4.50000000e-01 4.60000000e-01 2.40000000e-01 3.30775607e+06
4.50000000e-01 4.60000000e-01 2.50000000e-01 3.66124195e+06
4.50000000e-01 4.60000000e-01 2.60000000e-01 4.03259676e+06
4.50000000e-01 4.60000000e-01 2.70000000e-01 4.42142025e+06
4.50000000e-01 4.60000000e-01 2.80000000e-01 4.82726642e+06
4.50000000e-01 4.60000000e-01 2.90000000e-01 5.24964544e+06
4.50000000e-01 4.60000000e-01 3.00000000e-01 5.68803468e+06
4.50000000e-01 4.60000000e-01 3.10000000e-01 6.14187094e+06
4.50000000e-01 4.60000000e-01 3.20000000e-01 6.61056277e+06
4.50000000e-01 4.60000000e-01 3.30000000e-01 7.09349198e+06
4.50000000e-01 4.60000000e-01 3.40000000e-01 7.59001219e+06
4.50000000e-01 4.60000000e-01 3.50000000e-01 8.09945542e+06
4.50000000e-01 4.60000000e-01 3.60000000e-01 8.62113994e+06
4.50000000e-01 4.60000000e-01 3.70000000e-01 9.15436292e+06
4.50000000e-01 4.60000000e-01 3.80000000e-01 9.69841221e+06
4.50000000e-01 4.60000000e-01 3.90000000e-01 1.02525592e+07
4.50000000e-01 4.60000000e-01 4.00000000e-01 1.08160708e+07
4.50000000e-01 4.60000000e-01 4.10000000e-01 1.13882140e+07
4.50000000e-01 4.60000000e-01 4.20000000e-01 1.19682443e+07
4.50000000e-01 4.60000000e-01 4.30000000e-01 1.25554143e+07
4.50000000e-01 4.60000000e-01 4.40000000e-01 1.31489758e+07
4.50000000e-01 4.60000000e-01 4.50000000e-01 1.37481874e+07
4.50000000e-01 4.60000000e-01 4.60000000e-01 1.43523173e+07
4.50000000e-01 4.60000000e-01 4.70000000e-01 1.49606228e+07
4.50000000e-01 4.60000000e-01 4.80000000e-01 1.55723856e+07
4.50000000e-01 4.60000000e-01 4.90000000e-01 1.61868726e+07
4.50000000e-01 4.60000000e-01 5.00000000e-01 1.68033831e+07
4.50000000e-01 4.60000000e-01 5.10000000e-01 1.74212137e+07
4.50000000e-01 4.60000000e-01 5.20000000e-01 1.80396830e+07
4.50000000e-01 4.60000000e-01 5.30000000e-01 1.86581089e+07
4.50000000e-01 4.60000000e-01 5.40000000e-01 1.92758329e+07
4.50000000e-01 4.60000000e-01 5.50000000e-01 1.98922080e+07
4.50000000e-01 4.60000000e-01 5.60000000e-01 2.05065986e+07
4.50000000e-01 4.60000000e-01 5.70000000e-01 2.11183935e+07
4.50000000e-01 4.60000000e-01 5.80000000e-01 2.17269907e+07
4.50000000e-01 4.60000000e-01 5.90000000e-01 2.23318139e+07
4.50000000e-01 4.60000000e-01 6.00000000e-01 2.29322862e+07
4.50000000e-01 4.60000000e-01 6.10000000e-01 2.35278613e+07
4.50000000e-01 4.60000000e-01 6.20000000e-01 2.41180193e+07
4.50000000e-01 4.60000000e-01 6.30000000e-01 2.47022383e+07
4.50000000e-01 4.60000000e-01 6.40000000e-01 2.52800327e+07
4.50000000e-01 4.60000000e-01 6.50000000e-01 2.58509420e+07
4.50000000e-01 4.60000000e-01 6.60000000e-01 2.64144923e+07
4.50000000e-01 4.60000000e-01 6.70000000e-01 2.69702583e+07
4.50000000e-01 4.60000000e-01 6.80000000e-01 2.75178368e+07
4.50000000e-01 4.60000000e-01 6.90000000e-01 2.80568192e+07
4.50000000e-01 4.60000000e-01 7.00000000e-01 2.85868141e+07
4.50000000e-01 4.60000000e-01 7.10000000e-01 2.91074975e+07
4.50000000e-01 4.60000000e-01 7.20000000e-01 2.96184992e+07
4.50000000e-01 4.60000000e-01 7.30000000e-01 3.01195257e+07
4.50000000e-01 4.60000000e-01 7.40000000e-01 3.06102716e+07
4.50000000e-01 4.60000000e-01 7.50000000e-01 3.10904556e+07
4.50000000e-01 4.60000000e-01 7.60000000e-01 3.15598072e+07
4.50000000e-01 4.60000000e-01 7.70000000e-01 3.20181014e+07
4.50000000e-01 4.60000000e-01 7.80000000e-01 3.24650877e+07
4.50000000e-01 4.60000000e-01 7.90000000e-01 3.29005663e+07
4.50000000e-01 4.60000000e-01 8.00000000e-01 3.33243382e+07
4.50000000e-01 4.60000000e-01 8.10000000e-01 3.37362411e+07
4.50000000e-01 4.60000000e-01 8.20000000e-01 3.41361073e+07
4.50000000e-01 4.60000000e-01 8.30000000e-01 3.45238058e+07
4.50000000e-01 4.60000000e-01 8.40000000e-01 3.48992037e+07
4.50000000e-01 4.60000000e-01 8.50000000e-01 3.52621862e+07
4.50000000e-01 4.60000000e-01 8.60000000e-01 3.56126743e+07
4.50000000e-01 4.60000000e-01 8.70000000e-01 3.59505801e+07
4.50000000e-01 4.60000000e-01 8.80000000e-01 3.62758350e+07
4.50000000e-01 4.60000000e-01 8.90000000e-01 3.65883773e+07
4.50000000e-01 4.60000000e-01 9.00000000e-01 3.68882071e+07
4.50000000e-01 4.60000000e-01 9.10000000e-01 3.71752709e+07
4.50000000e-01 4.60000000e-01 9.20000000e-01 3.74495554e+07
4.50000000e-01 4.60000000e-01 9.30000000e-01 3.77110583e+07
4.50000000e-01 4.60000000e-01 9.40000000e-01 3.79598030e+07
4.50000000e-01 4.60000000e-01 9.50000000e-01 3.81958050e+07
4.50000000e-01 4.60000000e-01 9.60000000e-01 3.84191177e+07
4.50000000e-01 4.60000000e-01 9.70000000e-01 3.86297765e+07
4.50000000e-01 4.60000000e-01 9.80000000e-01 3.88278350e+07
4.50000000e-01 4.60000000e-01 9.90000000e-01 3.90133402e+07
4.50000000e-01 4.60000000e-01 1.00000000e+00 3.91864013e+07
4.50000000e-01 4.60000000e-01 1.01000000e+00 3.93470977e+07
4.50000000e-01 4.60000000e-01 1.02000000e+00 3.94955141e+07
4.50000000e-01 4.60000000e-01 1.03000000e+00 3.96317615e+07
4.50000000e-01 4.60000000e-01 1.04000000e+00 3.97559562e+07
4.50000000e-01 4.60000000e-01 1.05000000e+00 3.98681828e+07
4.50000000e-01 4.60000000e-01 1.06000000e+00 3.99686022e+07
4.50000000e-01 4.60000000e-01 1.07000000e+00 4.00573377e+07
4.50000000e-01 4.60000000e-01 1.08000000e+00 4.01345169e+07
4.50000000e-01 4.60000000e-01 1.09000000e+00 4.02002820e+07
4.50000000e-01 4.60000000e-01 1.10000000e+00 4.02547851e+07
4.50000000e-01 4.60000000e-01 1.11000000e+00 4.02981564e+07
4.50000000e-01 4.60000000e-01 1.12000000e+00 4.03306081e+07
4.50000000e-01 4.60000000e-01 1.13000000e+00 4.03522784e+07
4.50000000e-01 4.60000000e-01 1.14000000e+00 4.03633316e+07
4.50000000e-01 4.60000000e-01 1.15000000e+00 4.03639435e+07
4.50000000e-01 4.60000000e-01 1.16000000e+00 4.03542820e+07
4.50000000e-01 4.60000000e-01 1.17000000e+00 4.03345586e+07
4.50000000e-01 4.60000000e-01 1.18000000e+00 4.03049272e+07
4.50000000e-01 4.60000000e-01 1.19000000e+00 4.02655684e+07
4.50000000e-01 4.60000000e-01 1.20000000e+00 4.02166861e+07
4.50000000e-01 4.60000000e-01 1.21000000e+00 4.01584630e+07
4.50000000e-01 4.60000000e-01 1.22000000e+00 4.00911044e+07
4.50000000e-01 4.60000000e-01 1.23000000e+00 4.00147988e+07
4.50000000e-01 4.60000000e-01 1.24000000e+00 3.99297360e+07
4.50000000e-01 4.60000000e-01 1.25000000e+00 3.98361218e+07
4.50000000e-01 4.60000000e-01 1.26000000e+00 3.97341384e+07
4.50000000e-01 4.60000000e-01 1.27000000e+00 3.96239894e+07
4.50000000e-01 4.60000000e-01 1.28000000e+00 3.95058850e+07
4.50000000e-01 4.60000000e-01 1.29000000e+00 3.93800154e+07
4.50000000e-01 4.60000000e-01 1.30000000e+00 3.92465772e+07
4.50000000e-01 4.60000000e-01 1.31000000e+00 3.91057732e+07
4.50000000e-01 4.60000000e-01 1.32000000e+00 3.89578150e+07
4.50000000e-01 4.60000000e-01 1.33000000e+00 3.88028912e+07
4.50000000e-01 4.60000000e-01 1.34000000e+00 3.86412049e+07
4.50000000e-01 4.60000000e-01 1.35000000e+00 3.84729516e+07
4.50000000e-01 4.60000000e-01 1.36000000e+00 3.82983261e+07
4.50000000e-01 4.60000000e-01 1.37000000e+00 3.81175409e+07
4.50000000e-01 4.60000000e-01 1.38000000e+00 3.79307621e+07
4.50000000e-01 4.60000000e-01 1.39000000e+00 3.77382052e+07
4.50000000e-01 4.60000000e-01 1.40000000e+00 3.75400513e+07
4.50000000e-01 4.60000000e-01 1.41000000e+00 3.73365076e+07
4.50000000e-01 4.60000000e-01 1.42000000e+00 3.71277513e+07
4.50000000e-01 4.60000000e-01 1.43000000e+00 3.69139770e+07
4.50000000e-01 4.60000000e-01 1.44000000e+00 3.66953577e+07
4.50000000e-01 4.60000000e-01 1.45000000e+00 3.64720953e+07
4.50000000e-01 4.60000000e-01 1.46000000e+00 3.62443617e+07
4.50000000e-01 4.60000000e-01 1.47000000e+00 3.60123332e+07
4.50000000e-01 4.60000000e-01 1.48000000e+00 3.57762047e+07
4.50000000e-01 4.60000000e-01 1.49000000e+00 3.55361369e+07
4.50000000e-01 4.60000000e-01 1.50000000e+00 3.52923027e+07
4.50000000e-01 4.60000000e-01 1.51000000e+00 3.50448770e+07
4.50000000e-01 4.60000000e-01 1.52000000e+00 3.47940284e+07
4.50000000e-01 4.60000000e-01 1.53000000e+00 3.45399286e+07
4.50000000e-01 4.60000000e-01 1.54000000e+00 3.42827280e+07
4.50000000e-01 4.60000000e-01 1.55000000e+00 3.40226065e+07
4.50000000e-01 4.60000000e-01 1.56000000e+00 3.37597121e+07
4.50000000e-01 4.60000000e-01 1.57000000e+00 3.34941992e+07
4.50000000e-01 4.60000000e-01 1.58000000e+00 3.32262272e+07
4.50000000e-01 4.60000000e-01 1.59000000e+00 3.29559408e+07
4.50000000e-01 4.60000000e-01 1.60000000e+00 3.26834899e+07
4.50000000e-01 4.60000000e-01 1.61000000e+00 3.24090202e+07
4.50000000e-01 4.60000000e-01 1.62000000e+00 3.21326697e+07
4.50000000e-01 4.60000000e-01 1.63000000e+00 3.18545825e+07
4.50000000e-01 4.60000000e-01 1.64000000e+00 3.15748995e+07
4.50000000e-01 4.60000000e-01 1.65000000e+00 3.12937502e+07
4.50000000e-01 4.60000000e-01 1.66000000e+00 3.10112642e+07
4.50000000e-01 4.60000000e-01 1.67000000e+00 3.07275640e+07
4.50000000e-01 4.60000000e-01 1.68000000e+00 3.04427808e+07
4.50000000e-01 4.60000000e-01 1.69000000e+00 3.01570355e+07
4.50000000e-01 4.60000000e-01 1.70000000e+00 2.98704580e+07
4.50000000e-01 4.60000000e-01 1.71000000e+00 2.95831580e+07
4.50000000e-01 4.60000000e-01 1.72000000e+00 2.92952502e+07
4.50000000e-01 4.60000000e-01 1.73000000e+00 2.90068494e+07
4.50000000e-01 4.60000000e-01 1.74000000e+00 2.87180548e+07
4.50000000e-01 4.60000000e-01 1.75000000e+00 2.84289867e+07
4.50000000e-01 4.60000000e-01 1.76000000e+00 2.81397336e+07
4.50000000e-01 4.60000000e-01 1.77000000e+00 2.78504087e+07
4.50000000e-01 4.60000000e-01 1.78000000e+00 2.75611027e+07
4.50000000e-01 4.60000000e-01 1.79000000e+00 2.72719142e+07
4.50000000e-01 4.60000000e-01 1.80000000e+00 2.69829312e+07
4.50000000e-01 4.60000000e-01 1.81000000e+00 2.66942492e+07
4.50000000e-01 4.60000000e-01 1.82000000e+00 2.64059516e+07
4.50000000e-01 4.60000000e-01 1.83000000e+00 2.61181195e+07
4.50000000e-01 4.60000000e-01 1.84000000e+00 2.58308434e+07
4.50000000e-01 4.60000000e-01 1.85000000e+00 2.55441981e+07
4.50000000e-01 4.60000000e-01 1.86000000e+00 2.52582633e+07
4.50000000e-01 4.60000000e-01 1.87000000e+00 2.49731105e+07
4.50000000e-01 4.60000000e-01 1.88000000e+00 2.46888220e+07
4.50000000e-01 4.60000000e-01 1.89000000e+00 2.44054519e+07
4.50000000e-01 4.60000000e-01 1.90000000e+00 2.41230888e+07
4.50000000e-01 4.60000000e-01 1.91000000e+00 2.38417846e+07
4.50000000e-01 4.60000000e-01 1.92000000e+00 2.35616000e+07
4.50000000e-01 4.60000000e-01 1.93000000e+00 2.32826026e+07
4.50000000e-01 4.60000000e-01 1.94000000e+00 2.30048493e+07
4.50000000e-01 4.60000000e-01 1.95000000e+00 2.27283859e+07
4.50000000e-01 4.60000000e-01 1.96000000e+00 2.24532893e+07
4.50000000e-01 4.60000000e-01 1.97000000e+00 2.21796040e+07
4.50000000e-01 4.60000000e-01 1.98000000e+00 2.19073675e+07
4.50000000e-01 4.60000000e-01 1.99000000e+00 2.16366349e+07
4.50000000e-01 4.60000000e-01 2.00000000e+00 2.13674538e+07
4.60000000e-01 4.70000000e-01 1.00000000e-02 9.45486388e+00
4.60000000e-01 4.70000000e-01 2.00000000e-02 5.29703610e+02
4.60000000e-01 4.70000000e-01 3.00000000e-02 3.82318946e+03
4.60000000e-01 4.70000000e-01 4.00000000e-02 1.71255074e+04
4.60000000e-01 4.70000000e-01 5.00000000e-02 3.85487742e+04
4.60000000e-01 4.70000000e-01 6.00000000e-02 6.85389041e+04
4.60000000e-01 4.70000000e-01 7.00000000e-02 1.08968567e+05
4.60000000e-01 4.70000000e-01 8.00000000e-02 1.61199394e+05
4.60000000e-01 4.70000000e-01 9.00000000e-02 2.26402856e+05
4.60000000e-01 4.70000000e-01 1.00000000e-01 3.05604945e+05
4.60000000e-01 4.70000000e-01 1.10000000e-01 3.99701971e+05
4.60000000e-01 4.70000000e-01 1.20000000e-01 5.09468853e+05
4.60000000e-01 4.70000000e-01 1.30000000e-01 6.35565625e+05
4.60000000e-01 4.70000000e-01 1.40000000e-01 7.78543169e+05
4.60000000e-01 4.70000000e-01 1.50000000e-01 9.38848825e+05
4.60000000e-01 4.70000000e-01 1.60000000e-01 1.11682922e+06
4.60000000e-01 4.70000000e-01 1.70000000e-01 1.31273951e+06
4.60000000e-01 4.70000000e-01 1.80000000e-01 1.52674478e+06
4.60000000e-01 4.70000000e-01 1.90000000e-01 1.75892771e+06
4.60000000e-01 4.70000000e-01 2.00000000e-01 2.00929080e+06
4.60000000e-01 4.70000000e-01 2.10000000e-01 2.27776227e+06
4.60000000e-01 4.70000000e-01 2.20000000e-01 2.56420409e+06
4.60000000e-01 4.70000000e-01 2.30000000e-01 2.86840834e+06
4.60000000e-01 4.70000000e-01 2.40000000e-01 3.19011128e+06
4.60000000e-01 4.70000000e-01 2.50000000e-01 3.52899065e+06
4.60000000e-01 4.70000000e-01 2.60000000e-01 3.88467266e+06
4.60000000e-01 4.70000000e-01 2.70000000e-01 4.25673794e+06
4.60000000e-01 4.70000000e-01 2.80000000e-01 4.64472020e+06
4.60000000e-01 4.70000000e-01 2.90000000e-01 5.04811544e+06
4.60000000e-01 4.70000000e-01 3.00000000e-01 5.46638426e+06
4.60000000e-01 4.70000000e-01 3.10000000e-01 5.89895603e+06
4.60000000e-01 4.70000000e-01 3.20000000e-01 6.34522697e+06
4.60000000e-01 4.70000000e-01 3.30000000e-01 6.80457110e+06
4.60000000e-01 4.70000000e-01 3.40000000e-01 7.27633940e+06
4.60000000e-01 4.70000000e-01 3.50000000e-01 7.75986248e+06
4.60000000e-01 4.70000000e-01 3.60000000e-01 8.25445505e+06
4.60000000e-01 4.70000000e-01 3.70000000e-01 8.75941858e+06
4.60000000e-01 4.70000000e-01 3.80000000e-01 9.27404269e+06
4.60000000e-01 4.70000000e-01 3.90000000e-01 9.79761038e+06
4.60000000e-01 4.70000000e-01 4.00000000e-01 1.03293948e+07
4.60000000e-01 4.70000000e-01 4.10000000e-01 1.08686592e+07
4.60000000e-01 4.70000000e-01 4.20000000e-01 1.14146969e+07
4.60000000e-01 4.70000000e-01 4.30000000e-01 1.19667617e+07
4.60000000e-01 4.70000000e-01 4.40000000e-01 1.25241299e+07
4.60000000e-01 4.70000000e-01 4.50000000e-01 1.30860741e+07
4.60000000e-01 4.70000000e-01 4.60000000e-01 1.36518716e+07
4.60000000e-01 4.70000000e-01 4.70000000e-01 1.42208279e+07
4.60000000e-01 4.70000000e-01 4.80000000e-01 1.47922228e+07
4.60000000e-01 4.70000000e-01 4.90000000e-01 1.53653676e+07
4.60000000e-01 4.70000000e-01 5.00000000e-01 1.59395737e+07
4.60000000e-01 4.70000000e-01 5.10000000e-01 1.65141804e+07
4.60000000e-01 4.70000000e-01 5.20000000e-01 1.70885266e+07
4.60000000e-01 4.70000000e-01 5.30000000e-01 1.76619577e+07
4.60000000e-01 4.70000000e-01 5.40000000e-01 1.82338612e+07
4.60000000e-01 4.70000000e-01 5.50000000e-01 1.88036158e+07
4.60000000e-01 4.70000000e-01 5.60000000e-01 1.93706247e+07
4.60000000e-01 4.70000000e-01 5.70000000e-01 1.99343119e+07
4.60000000e-01 4.70000000e-01 5.80000000e-01 2.04941028e+07
4.60000000e-01 4.70000000e-01 5.90000000e-01 2.10494731e+07
4.60000000e-01 4.70000000e-01 6.00000000e-01 2.15998701e+07
4.60000000e-01 4.70000000e-01 6.10000000e-01 2.21447999e+07
4.60000000e-01 4.70000000e-01 6.20000000e-01 2.26837658e+07
4.60000000e-01 4.70000000e-01 6.30000000e-01 2.32163034e+07
4.60000000e-01 4.70000000e-01 6.40000000e-01 2.37419645e+07
4.60000000e-01 4.70000000e-01 6.50000000e-01 2.42603094e+07
4.60000000e-01 4.70000000e-01 6.60000000e-01 2.47709399e+07
4.60000000e-01 4.70000000e-01 6.70000000e-01 2.52734555e+07
4.60000000e-01 4.70000000e-01 6.80000000e-01 2.57674778e+07
4.60000000e-01 4.70000000e-01 6.90000000e-01 2.62526614e+07
4.60000000e-01 4.70000000e-01 7.00000000e-01 2.67286677e+07
4.60000000e-01 4.70000000e-01 7.10000000e-01 2.71951784e+07
4.60000000e-01 4.70000000e-01 7.20000000e-01 2.76519049e+07
4.60000000e-01 4.70000000e-01 7.30000000e-01 2.80985711e+07
4.60000000e-01 4.70000000e-01 7.40000000e-01 2.85349021e+07
4.60000000e-01 4.70000000e-01 7.50000000e-01 2.89606707e+07
4.60000000e-01 4.70000000e-01 7.60000000e-01 2.93756517e+07
4.60000000e-01 4.70000000e-01 7.70000000e-01 2.97796491e+07
4.60000000e-01 4.70000000e-01 7.80000000e-01 3.01724654e+07
4.60000000e-01 4.70000000e-01 7.90000000e-01 3.05539401e+07
4.60000000e-01 4.70000000e-01 8.00000000e-01 3.09239218e+07
4.60000000e-01 4.70000000e-01 8.10000000e-01 3.12822486e+07
4.60000000e-01 4.70000000e-01 8.20000000e-01 3.16288307e+07
4.60000000e-01 4.70000000e-01 8.30000000e-01 3.19635393e+07
4.60000000e-01 4.70000000e-01 8.40000000e-01 3.22862981e+07
4.60000000e-01 4.70000000e-01 8.50000000e-01 3.25970518e+07
4.60000000e-01 4.70000000e-01 8.60000000e-01 3.28957001e+07
4.60000000e-01 4.70000000e-01 8.70000000e-01 3.31822241e+07
4.60000000e-01 4.70000000e-01 8.80000000e-01 3.34565863e+07
4.60000000e-01 4.70000000e-01 8.90000000e-01 3.37187709e+07
4.60000000e-01 4.70000000e-01 9.00000000e-01 3.39687609e+07
4.60000000e-01 4.70000000e-01 9.10000000e-01 3.42065644e+07
4.60000000e-01 4.70000000e-01 9.20000000e-01 3.44321944e+07
4.60000000e-01 4.70000000e-01 9.30000000e-01 3.46457051e+07
4.60000000e-01 4.70000000e-01 9.40000000e-01 3.48471279e+07
4.60000000e-01 4.70000000e-01 9.50000000e-01 3.50364937e+07
4.60000000e-01 4.70000000e-01 9.60000000e-01 3.52138654e+07
4.60000000e-01 4.70000000e-01 9.70000000e-01 3.53793158e+07
4.60000000e-01 4.70000000e-01 9.80000000e-01 3.55329412e+07
4.60000000e-01 4.70000000e-01 9.90000000e-01 3.56748371e+07
4.60000000e-01 4.70000000e-01 1.00000000e+00 3.58050667e+07
4.60000000e-01 4.70000000e-01 1.01000000e+00 3.59237462e+07
4.60000000e-01 4.70000000e-01 1.02000000e+00 3.60310200e+07
4.60000000e-01 4.70000000e-01 1.03000000e+00 3.61269754e+07
4.60000000e-01 4.70000000e-01 1.04000000e+00 3.62117439e+07
4.60000000e-01 4.70000000e-01 1.05000000e+00 3.62854914e+07
4.60000000e-01 4.70000000e-01 1.06000000e+00 3.63483080e+07
4.60000000e-01 4.70000000e-01 1.07000000e+00 3.64003594e+07
4.60000000e-01 4.70000000e-01 1.08000000e+00 3.64418128e+07
4.60000000e-01 4.70000000e-01 1.09000000e+00 3.64728103e+07
4.60000000e-01 4.70000000e-01 1.10000000e+00 3.64935042e+07
4.60000000e-01 4.70000000e-01 1.11000000e+00 3.65040772e+07
4.60000000e-01 4.70000000e-01 1.12000000e+00 3.65046758e+07
4.60000000e-01 4.70000000e-01 1.13000000e+00 3.64954942e+07
4.60000000e-01 4.70000000e-01 1.14000000e+00 3.64767031e+07
4.60000000e-01 4.70000000e-01 1.15000000e+00 3.64484823e+07
4.60000000e-01 4.70000000e-01 1.16000000e+00 3.64110070e+07
4.60000000e-01 4.70000000e-01 1.17000000e+00 3.63644773e+07
4.60000000e-01 4.70000000e-01 1.18000000e+00 3.63090677e+07
4.60000000e-01 4.70000000e-01 1.19000000e+00 3.62449764e+07
4.60000000e-01 4.70000000e-01 1.20000000e+00 3.61723803e+07
4.60000000e-01 4.70000000e-01 1.21000000e+00 3.60914862e+07
4.60000000e-01 4.70000000e-01 1.22000000e+00 3.60024819e+07
4.60000000e-01 4.70000000e-01 1.23000000e+00 3.59055466e+07
4.60000000e-01 4.70000000e-01 1.24000000e+00 3.58008952e+07
4.60000000e-01 4.70000000e-01 1.25000000e+00 3.56887194e+07
4.60000000e-01 4.70000000e-01 1.26000000e+00 3.55692033e+07
4.60000000e-01 4.70000000e-01 1.27000000e+00 3.54425614e+07
4.60000000e-01 4.70000000e-01 1.28000000e+00 3.53089728e+07
4.60000000e-01 4.70000000e-01 1.29000000e+00 3.51686405e+07
4.60000000e-01 4.70000000e-01 1.30000000e+00 3.50217556e+07
4.60000000e-01 4.70000000e-01 1.31000000e+00 3.48685231e+07
4.60000000e-01 4.70000000e-01 1.32000000e+00 3.47091282e+07
4.60000000e-01 4.70000000e-01 1.33000000e+00 3.45437631e+07
4.60000000e-01 4.70000000e-01 1.34000000e+00 3.43726228e+07
4.60000000e-01 4.70000000e-01 1.35000000e+00 3.41958983e+07
4.60000000e-01 4.70000000e-01 1.36000000e+00 3.40137841e+07
4.60000000e-01 4.70000000e-01 1.37000000e+00 3.38264527e+07
4.60000000e-01 4.70000000e-01 1.38000000e+00 3.36341039e+07
4.60000000e-01 4.70000000e-01 1.39000000e+00 3.34369153e+07
4.60000000e-01 4.70000000e-01 1.40000000e+00 3.32350548e+07
4.60000000e-01 4.70000000e-01 1.41000000e+00 3.30287384e+07
4.60000000e-01 4.70000000e-01 1.42000000e+00 3.28181283e+07
4.60000000e-01 4.70000000e-01 1.43000000e+00 3.26034053e+07
4.60000000e-01 4.70000000e-01 1.44000000e+00 3.23847269e+07
4.60000000e-01 4.70000000e-01 1.45000000e+00 3.21622729e+07
4.60000000e-01 4.70000000e-01 1.46000000e+00 3.19362202e+07
4.60000000e-01 4.70000000e-01 1.47000000e+00 3.17067322e+07
4.60000000e-01 4.70000000e-01 1.48000000e+00 3.14739704e+07
4.60000000e-01 4.70000000e-01 1.49000000e+00 3.12381096e+07
4.60000000e-01 4.70000000e-01 1.50000000e+00 3.09993026e+07
4.60000000e-01 4.70000000e-01 1.51000000e+00 3.07577101e+07
4.60000000e-01 4.70000000e-01 1.52000000e+00 3.05134848e+07
4.60000000e-01 4.70000000e-01 1.53000000e+00 3.02667791e+07
4.60000000e-01 4.70000000e-01 1.54000000e+00 3.00177456e+07
4.60000000e-01 4.70000000e-01 1.55000000e+00 2.97665356e+07
4.60000000e-01 4.70000000e-01 1.56000000e+00 2.95132728e+07
4.60000000e-01 4.70000000e-01 1.57000000e+00 2.92581195e+07
4.60000000e-01 4.70000000e-01 1.58000000e+00 2.90012070e+07
4.60000000e-01 4.70000000e-01 1.59000000e+00 2.87426639e+07
4.60000000e-01 4.70000000e-01 1.60000000e+00 2.84826305e+07
4.60000000e-01 4.70000000e-01 1.61000000e+00 2.82212407e+07
4.60000000e-01 4.70000000e-01 1.62000000e+00 2.79586223e+07
4.60000000e-01 4.70000000e-01 1.63000000e+00 2.76949030e+07
4.60000000e-01 4.70000000e-01 1.64000000e+00 2.74301894e+07
4.60000000e-01 4.70000000e-01 1.65000000e+00 2.71646060e+07
4.60000000e-01 4.70000000e-01 1.66000000e+00 2.68982723e+07
4.60000000e-01 4.70000000e-01 1.67000000e+00 2.66313020e+07
4.60000000e-01 4.70000000e-01 1.68000000e+00 2.63638046e+07
4.60000000e-01 4.70000000e-01 1.69000000e+00 2.60958920e+07
4.60000000e-01 4.70000000e-01 1.70000000e+00 2.58276611e+07
4.60000000e-01 4.70000000e-01 1.71000000e+00 2.55592194e+07
4.60000000e-01 4.70000000e-01 1.72000000e+00 2.52906711e+07
4.60000000e-01 4.70000000e-01 1.73000000e+00 2.50221023e+07
4.60000000e-01 4.70000000e-01 1.74000000e+00 2.47536047e+07
4.60000000e-01 4.70000000e-01 1.75000000e+00 2.44852874e+07
4.60000000e-01 4.70000000e-01 1.76000000e+00 2.42172305e+07
4.60000000e-01 4.70000000e-01 1.77000000e+00 2.39495124e+07
4.60000000e-01 4.70000000e-01 1.78000000e+00 2.36822187e+07
4.60000000e-01 4.70000000e-01 1.79000000e+00 2.34154466e+07
4.60000000e-01 4.70000000e-01 1.80000000e+00 2.31492591e+07
4.60000000e-01 4.70000000e-01 1.81000000e+00 2.28837396e+07
4.60000000e-01 4.70000000e-01 1.82000000e+00 2.26189648e+07
4.60000000e-01 4.70000000e-01 1.83000000e+00 2.23549917e+07
4.60000000e-01 4.70000000e-01 1.84000000e+00 2.20918984e+07
4.60000000e-01 4.70000000e-01 1.85000000e+00 2.18297517e+07
4.60000000e-01 4.70000000e-01 1.86000000e+00 2.15686119e+07
4.60000000e-01 4.70000000e-01 1.87000000e+00 2.13085418e+07
4.60000000e-01 4.70000000e-01 1.88000000e+00 2.10496054e+07
4.60000000e-01 4.70000000e-01 1.89000000e+00 2.07918408e+07
4.60000000e-01 4.70000000e-01 1.90000000e+00 2.05353306e+07
4.60000000e-01 4.70000000e-01 1.91000000e+00 2.02801123e+07
4.60000000e-01 4.70000000e-01 1.92000000e+00 2.00262380e+07
4.60000000e-01 4.70000000e-01 1.93000000e+00 1.97737635e+07
4.60000000e-01 4.70000000e-01 1.94000000e+00 1.95227260e+07
4.60000000e-01 4.70000000e-01 1.95000000e+00 1.92731840e+07
4.60000000e-01 4.70000000e-01 1.96000000e+00 1.90251676e+07
4.60000000e-01 4.70000000e-01 1.97000000e+00 1.87787237e+07
4.60000000e-01 4.70000000e-01 1.98000000e+00 1.85338902e+07
4.60000000e-01 4.70000000e-01 1.99000000e+00 1.82907060e+07
4.60000000e-01 4.70000000e-01 2.00000000e+00 1.80492115e+07
4.70000000e-01 4.80000000e-01 1.00000000e-02 9.76274914e+00
4.70000000e-01 4.80000000e-01 2.00000000e-02 5.52331280e+02
4.70000000e-01 4.80000000e-01 3.00000000e-02 4.06875216e+03
4.70000000e-01 4.80000000e-01 4.00000000e-02 1.76446155e+04
4.70000000e-01 4.80000000e-01 5.00000000e-02 3.81300920e+04
4.70000000e-01 4.80000000e-01 6.00000000e-02 6.71619687e+04
4.70000000e-01 4.80000000e-01 7.00000000e-02 1.06357747e+05
4.70000000e-01 4.80000000e-01 8.00000000e-02 1.56998310e+05
4.70000000e-01 4.80000000e-01 9.00000000e-02 2.20195418e+05
4.70000000e-01 4.80000000e-01 1.00000000e-01 2.96922259e+05
4.70000000e-01 4.80000000e-01 1.10000000e-01 3.88025251e+05
4.70000000e-01 4.80000000e-01 1.20000000e-01 4.94231704e+05
4.70000000e-01 4.80000000e-01 1.30000000e-01 6.16155762e+05
4.70000000e-01 4.80000000e-01 1.40000000e-01 7.54303493e+05
4.70000000e-01 4.80000000e-01 1.50000000e-01 9.09080489e+05
4.70000000e-01 4.80000000e-01 1.60000000e-01 1.08079306e+06
4.70000000e-01 4.80000000e-01 1.70000000e-01 1.26965689e+06
4.70000000e-01 4.80000000e-01 1.80000000e-01 1.47580059e+06
4.70000000e-01 4.80000000e-01 1.90000000e-01 1.69927040e+06
4.70000000e-01 4.80000000e-01 2.00000000e-01 1.94003646e+06
4.70000000e-01 4.80000000e-01 2.10000000e-01 2.19799532e+06
4.70000000e-01 4.80000000e-01 2.20000000e-01 2.47297986e+06
4.70000000e-01 4.80000000e-01 2.30000000e-01 2.76475454e+06
4.70000000e-01 4.80000000e-01 2.40000000e-01 3.07303156e+06
4.70000000e-01 4.80000000e-01 2.50000000e-01 3.39746428e+06
4.70000000e-01 4.80000000e-01 2.60000000e-01 3.73766191e+06
4.70000000e-01 4.80000000e-01 2.70000000e-01 4.09318265e+06
4.70000000e-01 4.80000000e-01 2.80000000e-01 4.46354680e+06
4.70000000e-01 4.80000000e-01 2.90000000e-01 4.84823791e+06
4.70000000e-01 4.80000000e-01 3.00000000e-01 5.24670131e+06
4.70000000e-01 4.80000000e-01 3.10000000e-01 5.65835723e+06
4.70000000e-01 4.80000000e-01 3.20000000e-01 6.08260135e+06
4.70000000e-01 4.80000000e-01 3.30000000e-01 6.51879736e+06
4.70000000e-01 4.80000000e-01 3.40000000e-01 6.96629580e+06
4.70000000e-01 4.80000000e-01 3.50000000e-01 7.42443054e+06
4.70000000e-01 4.80000000e-01 3.60000000e-01 7.89251496e+06
4.70000000e-01 4.80000000e-01 3.70000000e-01 8.36985658e+06
4.70000000e-01 4.80000000e-01 3.80000000e-01 8.85575026e+06
4.70000000e-01 4.80000000e-01 3.90000000e-01 9.34949164e+06
4.70000000e-01 4.80000000e-01 4.00000000e-01 9.85036728e+06
4.70000000e-01 4.80000000e-01 4.10000000e-01 1.03576564e+07
4.70000000e-01 4.80000000e-01 4.20000000e-01 1.08706487e+07
4.70000000e-01 4.80000000e-01 4.30000000e-01 1.13886330e+07
4.70000000e-01 4.80000000e-01 4.40000000e-01 1.19108978e+07
4.70000000e-01 4.80000000e-01 4.50000000e-01 1.24367389e+07
4.70000000e-01 4.80000000e-01 4.60000000e-01 1.29654614e+07
4.70000000e-01 4.80000000e-01 4.70000000e-01 1.34963771e+07
4.70000000e-01 4.80000000e-01 4.80000000e-01 1.40288111e+07
4.70000000e-01 4.80000000e-01 4.90000000e-01 1.45620931e+07
4.70000000e-01 4.80000000e-01 5.00000000e-01 1.50955708e+07
4.70000000e-01 4.80000000e-01 5.10000000e-01 1.56286078e+07
4.70000000e-01 4.80000000e-01 5.20000000e-01 1.61605727e+07
4.70000000e-01 4.80000000e-01 5.30000000e-01 1.66908532e+07
4.70000000e-01 4.80000000e-01 5.40000000e-01 1.72188545e+07
4.70000000e-01 4.80000000e-01 5.50000000e-01 1.77440047e+07
4.70000000e-01 4.80000000e-01 5.60000000e-01 1.82657327e+07
4.70000000e-01 4.80000000e-01 5.70000000e-01 1.87835038e+07
4.70000000e-01 4.80000000e-01 5.80000000e-01 1.92967877e+07
4.70000000e-01 4.80000000e-01 5.90000000e-01 1.98050811e+07
4.70000000e-01 4.80000000e-01 6.00000000e-01 2.03079023e+07
4.70000000e-01 4.80000000e-01 6.10000000e-01 2.08047679e+07
4.70000000e-01 4.80000000e-01 6.20000000e-01 2.12952377e+07
4.70000000e-01 4.80000000e-01 6.30000000e-01 2.17788807e+07
4.70000000e-01 4.80000000e-01 6.40000000e-01 2.22552863e+07
4.70000000e-01 4.80000000e-01 6.50000000e-01 2.27240654e+07
4.70000000e-01 4.80000000e-01 6.60000000e-01 2.31848362e+07
4.70000000e-01 4.80000000e-01 6.70000000e-01 2.36372634e+07
4.70000000e-01 4.80000000e-01 6.80000000e-01 2.40810103e+07
4.70000000e-01 4.80000000e-01 6.90000000e-01 2.45157567e+07
4.70000000e-01 4.80000000e-01 7.00000000e-01 2.49412226e+07
4.70000000e-01 4.80000000e-01 7.10000000e-01 2.53571200e+07
4.70000000e-01 4.80000000e-01 7.20000000e-01 2.57632081e+07
4.70000000e-01 4.80000000e-01 7.30000000e-01 2.61592218e+07
4.70000000e-01 4.80000000e-01 7.40000000e-01 2.65449764e+07
4.70000000e-01 4.80000000e-01 7.50000000e-01 2.69202652e+07
4.70000000e-01 4.80000000e-01 7.60000000e-01 2.72848854e+07
4.70000000e-01 4.80000000e-01 7.70000000e-01 2.76386840e+07
4.70000000e-01 4.80000000e-01 7.80000000e-01 2.79814844e+07
4.70000000e-01 4.80000000e-01 7.90000000e-01 2.83132004e+07
4.70000000e-01 4.80000000e-01 8.00000000e-01 2.86337117e+07
4.70000000e-01 4.80000000e-01 8.10000000e-01 2.89428953e+07
4.70000000e-01 4.80000000e-01 8.20000000e-01 2.92406699e+07
4.70000000e-01 4.80000000e-01 8.30000000e-01 2.95269639e+07
4.70000000e-01 4.80000000e-01 8.40000000e-01 2.98017241e+07
4.70000000e-01 4.80000000e-01 8.50000000e-01 3.00649090e+07
4.70000000e-01 4.80000000e-01 8.60000000e-01 3.03164814e+07
4.70000000e-01 4.80000000e-01 8.70000000e-01 3.05564447e+07
4.70000000e-01 4.80000000e-01 8.80000000e-01 3.07847854e+07
4.70000000e-01 4.80000000e-01 8.90000000e-01 3.10015147e+07
4.70000000e-01 4.80000000e-01 9.00000000e-01 3.12066494e+07
4.70000000e-01 4.80000000e-01 9.10000000e-01 3.14002294e+07
4.70000000e-01 4.80000000e-01 9.20000000e-01 3.15823059e+07
4.70000000e-01 4.80000000e-01 9.30000000e-01 3.17529212e+07
4.70000000e-01 4.80000000e-01 9.40000000e-01 3.19121385e+07
4.70000000e-01 4.80000000e-01 9.50000000e-01 3.20600369e+07
4.70000000e-01 4.80000000e-01 9.60000000e-01 3.21967038e+07
4.70000000e-01 4.80000000e-01 9.70000000e-01 3.23222384e+07
4.70000000e-01 4.80000000e-01 9.80000000e-01 3.24367014e+07
4.70000000e-01 4.80000000e-01 9.90000000e-01 3.25402328e+07
4.70000000e-01 4.80000000e-01 1.00000000e+00 3.26329545e+07
4.70000000e-01 4.80000000e-01 1.01000000e+00 3.27149730e+07
4.70000000e-01 4.80000000e-01 1.02000000e+00 3.27864260e+07
4.70000000e-01 4.80000000e-01 1.03000000e+00 3.28474410e+07
4.70000000e-01 4.80000000e-01 1.04000000e+00 3.28981592e+07
4.70000000e-01 4.80000000e-01 1.05000000e+00 3.29387398e+07
4.70000000e-01 4.80000000e-01 1.06000000e+00 3.29693203e+07
4.70000000e-01 4.80000000e-01 1.07000000e+00 3.29900866e+07
4.70000000e-01 4.80000000e-01 1.08000000e+00 3.30011359e+07
4.70000000e-01 4.80000000e-01 1.09000000e+00 3.30026994e+07
4.70000000e-01 4.80000000e-01 1.10000000e+00 3.29949182e+07
4.70000000e-01 4.80000000e-01 1.11000000e+00 3.29779660e+07
4.70000000e-01 4.80000000e-01 1.12000000e+00 3.29520347e+07
4.70000000e-01 4.80000000e-01 1.13000000e+00 3.29172844e+07
4.70000000e-01 4.80000000e-01 1.14000000e+00 3.28739056e+07
4.70000000e-01 4.80000000e-01 1.15000000e+00 3.28220750e+07
4.70000000e-01 4.80000000e-01 1.16000000e+00 3.27619735e+07
4.70000000e-01 4.80000000e-01 1.17000000e+00 3.26937897e+07
4.70000000e-01 4.80000000e-01 1.18000000e+00 3.26177149e+07
4.70000000e-01 4.80000000e-01 1.19000000e+00 3.25339473e+07
4.70000000e-01 4.80000000e-01 1.20000000e+00 3.24426592e+07
4.70000000e-01 4.80000000e-01 1.21000000e+00 3.23440586e+07
4.70000000e-01 4.80000000e-01 1.22000000e+00 3.22383159e+07
4.70000000e-01 4.80000000e-01 1.23000000e+00 3.21256385e+07
4.70000000e-01 4.80000000e-01 1.24000000e+00 3.20062095e+07
4.70000000e-01 4.80000000e-01 1.25000000e+00 3.18802385e+07
4.70000000e-01 4.80000000e-01 1.26000000e+00 3.17479165e+07
4.70000000e-01 4.80000000e-01 1.27000000e+00 3.16094135e+07
4.70000000e-01 4.80000000e-01 1.28000000e+00 3.14649320e+07
4.70000000e-01 4.80000000e-01 1.29000000e+00 3.13146588e+07
4.70000000e-01 4.80000000e-01 1.30000000e+00 3.11587720e+07
4.70000000e-01 4.80000000e-01 1.31000000e+00 3.09974749e+07
4.70000000e-01 4.80000000e-01 1.32000000e+00 3.08309509e+07
4.70000000e-01 4.80000000e-01 1.33000000e+00 3.06593788e+07
4.70000000e-01 4.80000000e-01 1.34000000e+00 3.04829472e+07
4.70000000e-01 4.80000000e-01 1.35000000e+00 3.03018174e+07
4.70000000e-01 4.80000000e-01 1.36000000e+00 3.01161952e+07
4.70000000e-01 4.80000000e-01 1.37000000e+00 2.99262462e+07
4.70000000e-01 4.80000000e-01 1.38000000e+00 2.97321583e+07
4.70000000e-01 4.80000000e-01 1.39000000e+00 2.95340815e+07
4.70000000e-01 4.80000000e-01 1.40000000e+00 2.93322053e+07
4.70000000e-01 4.80000000e-01 1.41000000e+00 2.91266885e+07
4.70000000e-01 4.80000000e-01 1.42000000e+00 2.89177067e+07
4.70000000e-01 4.80000000e-01 1.43000000e+00 2.87054241e+07
4.70000000e-01 4.80000000e-01 1.44000000e+00 2.84900003e+07
4.70000000e-01 4.80000000e-01 1.45000000e+00 2.82715892e+07
4.70000000e-01 4.80000000e-01 1.46000000e+00 2.80503586e+07
4.70000000e-01 4.80000000e-01 1.47000000e+00 2.78264553e+07
4.70000000e-01 4.80000000e-01 1.48000000e+00 2.76000286e+07
4.70000000e-01 4.80000000e-01 1.49000000e+00 2.73712397e+07
4.70000000e-01 4.80000000e-01 1.50000000e+00 2.71402275e+07
4.70000000e-01 4.80000000e-01 1.51000000e+00 2.69071338e+07
4.70000000e-01 4.80000000e-01 1.52000000e+00 2.66720962e+07
4.70000000e-01 4.80000000e-01 1.53000000e+00 2.64352625e+07
4.70000000e-01 4.80000000e-01 1.54000000e+00 2.61967685e+07
4.70000000e-01 4.80000000e-01 1.55000000e+00 2.59567371e+07
4.70000000e-01 4.80000000e-01 1.56000000e+00 2.57152966e+07
4.70000000e-01 4.80000000e-01 1.57000000e+00 2.54725919e+07
4.70000000e-01 4.80000000e-01 1.58000000e+00 2.52287362e+07
4.70000000e-01 4.80000000e-01 1.59000000e+00 2.49838510e+07
4.70000000e-01 4.80000000e-01 1.60000000e+00 2.47380494e+07
4.70000000e-01 4.80000000e-01 1.61000000e+00 2.44914529e+07
4.70000000e-01 4.80000000e-01 1.62000000e+00 2.42441722e+07
4.70000000e-01 4.80000000e-01 1.63000000e+00 2.39963254e+07
4.70000000e-01 4.80000000e-01 1.64000000e+00 2.37480070e+07
4.70000000e-01 4.80000000e-01 1.65000000e+00 2.34993306e+07
4.70000000e-01 4.80000000e-01 1.66000000e+00 2.32503990e+07
4.70000000e-01 4.80000000e-01 1.67000000e+00 2.30012958e+07
4.70000000e-01 4.80000000e-01 1.68000000e+00 2.27521347e+07
4.70000000e-01 4.80000000e-01 1.69000000e+00 2.25030027e+07
4.70000000e-01 4.80000000e-01 1.70000000e+00 2.22539914e+07
4.70000000e-01 4.80000000e-01 1.71000000e+00 2.20051868e+07
4.70000000e-01 4.80000000e-01 1.72000000e+00 2.17566720e+07
4.70000000e-01 4.80000000e-01 1.73000000e+00 2.15085311e+07
4.70000000e-01 4.80000000e-01 1.74000000e+00 2.12608534e+07
4.70000000e-01 4.80000000e-01 1.75000000e+00 2.10137054e+07
4.70000000e-01 4.80000000e-01 1.76000000e+00 2.07671726e+07
4.70000000e-01 4.80000000e-01 1.77000000e+00 2.05213194e+07
4.70000000e-01 4.80000000e-01 1.78000000e+00 2.02762220e+07
4.70000000e-01 4.80000000e-01 1.79000000e+00 2.00319371e+07
4.70000000e-01 4.80000000e-01 1.80000000e+00 1.97885315e+07
4.70000000e-01 4.80000000e-01 1.81000000e+00 1.95460950e+07
4.70000000e-01 4.80000000e-01 1.82000000e+00 1.93046370e+07
4.70000000e-01 4.80000000e-01 1.83000000e+00 1.90642637e+07
4.70000000e-01 4.80000000e-01 1.84000000e+00 1.88250102e+07
4.70000000e-01 4.80000000e-01 1.85000000e+00 1.85869269e+07
4.70000000e-01 4.80000000e-01 1.86000000e+00 1.83500842e+07
4.70000000e-01 4.80000000e-01 1.87000000e+00 1.81145307e+07
4.70000000e-01 4.80000000e-01 1.88000000e+00 1.78802892e+07
4.70000000e-01 4.80000000e-01 1.89000000e+00 1.76474286e+07
4.70000000e-01 4.80000000e-01 1.90000000e+00 1.74159758e+07
4.70000000e-01 4.80000000e-01 1.91000000e+00 1.71859874e+07
4.70000000e-01 4.80000000e-01 1.92000000e+00 1.69574881e+07
4.70000000e-01 4.80000000e-01 1.93000000e+00 1.67305300e+07
4.70000000e-01 4.80000000e-01 1.94000000e+00 1.65051586e+07
4.70000000e-01 4.80000000e-01 1.95000000e+00 1.62813812e+07
4.70000000e-01 4.80000000e-01 1.96000000e+00 1.60592384e+07
4.70000000e-01 4.80000000e-01 1.97000000e+00 1.58387726e+07
4.70000000e-01 4.80000000e-01 1.98000000e+00 1.56200045e+07
4.70000000e-01 4.80000000e-01 1.99000000e+00 1.54029592e+07
4.70000000e-01 4.80000000e-01 2.00000000e+00 1.51876703e+07
4.80000000e-01 4.90000000e-01 1.00000000e-02 1.00810177e+01
4.80000000e-01 4.90000000e-01 2.00000000e-02 5.76549938e+02
4.80000000e-01 4.90000000e-01 3.00000000e-02 4.36238153e+03
4.80000000e-01 4.90000000e-01 4.00000000e-02 1.78552594e+04
4.80000000e-01 4.90000000e-01 5.00000000e-02 3.75502925e+04
4.80000000e-01 4.90000000e-01 6.00000000e-02 6.56529497e+04
4.80000000e-01 4.90000000e-01 7.00000000e-02 1.03627097e+05
4.80000000e-01 4.90000000e-01 8.00000000e-02 1.52683849e+05
4.80000000e-01 4.90000000e-01 9.00000000e-02 2.13878825e+05
4.80000000e-01 4.90000000e-01 1.00000000e-01 2.88133977e+05
4.80000000e-01 4.90000000e-01 1.10000000e-01 3.76247308e+05
4.80000000e-01 4.90000000e-01 1.20000000e-01 4.78899560e+05
4.80000000e-01 4.90000000e-01 1.30000000e-01 5.96660353e+05
4.80000000e-01 4.90000000e-01 1.40000000e-01 7.29993368e+05
4.80000000e-01 4.90000000e-01 1.50000000e-01 8.79261115e+05
4.80000000e-01 4.90000000e-01 1.60000000e-01 1.04473269e+06
4.80000000e-01 4.90000000e-01 1.70000000e-01 1.22658549e+06
4.80000000e-01 4.90000000e-01 1.80000000e-01 1.42491340e+06
4.80000000e-01 4.90000000e-01 1.90000000e-01 1.63972829e+06
4.80000000e-01 4.90000000e-01 2.00000000e-01 1.87096733e+06
4.80000000e-01 4.90000000e-01 2.10000000e-01 2.11850153e+06
4.80000000e-01 4.90000000e-01 2.20000000e-01 2.38213295e+06
4.80000000e-01 4.90000000e-01 2.30000000e-01 2.66160344e+06
4.80000000e-01 4.90000000e-01 2.40000000e-01 2.95660040e+06
4.80000000e-01 4.90000000e-01 2.50000000e-01 3.26675883e+06
4.80000000e-01 4.90000000e-01 2.60000000e-01 3.59166619e+06
4.80000000e-01 4.90000000e-01 2.70000000e-01 3.93086768e+06
4.80000000e-01 4.90000000e-01 2.80000000e-01 4.28386947e+06
4.80000000e-01 4.90000000e-01 2.90000000e-01 4.65014299e+06
4.80000000e-01 4.90000000e-01 3.00000000e-01 5.02912836e+06
4.80000000e-01 4.90000000e-01 3.10000000e-01 5.42023817e+06
4.80000000e-01 4.90000000e-01 3.20000000e-01 5.82285867e+06
4.80000000e-01 4.90000000e-01 3.30000000e-01 6.23635718e+06
4.80000000e-01 4.90000000e-01 3.40000000e-01 6.66008266e+06
4.80000000e-01 4.90000000e-01 3.50000000e-01 7.09336892e+06
4.80000000e-01 4.90000000e-01 3.60000000e-01 7.53554140e+06
4.80000000e-01 4.90000000e-01 3.70000000e-01 7.98591267e+06
4.80000000e-01 4.90000000e-01 3.80000000e-01 8.44378904e+06
4.80000000e-01 4.90000000e-01 3.90000000e-01 8.90847249e+06
4.80000000e-01 4.90000000e-01 4.00000000e-01 9.37926388e+06
4.80000000e-01 4.90000000e-01 4.10000000e-01 9.85546293e+06
4.80000000e-01 4.90000000e-01 4.20000000e-01 1.03363698e+07
4.80000000e-01 4.90000000e-01 4.30000000e-01 1.08212973e+07
4.80000000e-01 4.90000000e-01 4.40000000e-01 1.13095586e+07
4.80000000e-01 4.90000000e-01 4.50000000e-01 1.18004710e+07
4.80000000e-01 4.90000000e-01 4.60000000e-01 1.22933532e+07
4.80000000e-01 4.90000000e-01 4.70000000e-01 1.27875661e+07
4.80000000e-01 4.90000000e-01 4.80000000e-01 1.32824459e+07
4.80000000e-01 4.90000000e-01 4.90000000e-01 1.37773562e+07
4.80000000e-01 4.90000000e-01 5.00000000e-01 1.42716733e+07
4.80000000e-01 4.90000000e-01 5.10000000e-01 1.47647873e+07
4.80000000e-01 4.90000000e-01 5.20000000e-01 1.52561140e+07
4.80000000e-01 4.90000000e-01 5.30000000e-01 1.57450621e+07
4.80000000e-01 4.90000000e-01 5.40000000e-01 1.62310837e+07
4.80000000e-01 4.90000000e-01 5.50000000e-01 1.67136363e+07
4.80000000e-01 4.90000000e-01 5.60000000e-01 1.71921954e+07
4.80000000e-01 4.90000000e-01 5.70000000e-01 1.76662490e+07
4.80000000e-01 4.90000000e-01 5.80000000e-01 1.81353131e+07
4.80000000e-01 4.90000000e-01 5.90000000e-01 1.85989262e+07
4.80000000e-01 4.90000000e-01 6.00000000e-01 1.90566292e+07
4.80000000e-01 4.90000000e-01 6.10000000e-01 1.95079953e+07
4.80000000e-01 4.90000000e-01 6.20000000e-01 1.99526232e+07
4.80000000e-01 4.90000000e-01 6.30000000e-01 2.03901201e+07
4.80000000e-01 4.90000000e-01 6.40000000e-01 2.08201059e+07
4.80000000e-01 4.90000000e-01 6.50000000e-01 2.12422444e+07
4.80000000e-01 4.90000000e-01 6.60000000e-01 2.16561984e+07
4.80000000e-01 4.90000000e-01 6.70000000e-01 2.20616555e+07
4.80000000e-01 4.90000000e-01 6.80000000e-01 2.24583435e+07
4.80000000e-01 4.90000000e-01 6.90000000e-01 2.28459639e+07
4.80000000e-01 4.90000000e-01 7.00000000e-01 2.32242629e+07
4.80000000e-01 4.90000000e-01 7.10000000e-01 2.35930196e+07
4.80000000e-01 4.90000000e-01 7.20000000e-01 2.39520142e+07
4.80000000e-01 4.90000000e-01 7.30000000e-01 2.43010691e+07
4.80000000e-01 4.90000000e-01 7.40000000e-01 2.46399649e+07
4.80000000e-01 4.90000000e-01 7.50000000e-01 2.49685580e+07
4.80000000e-01 4.90000000e-01 7.60000000e-01 2.52866959e+07
4.80000000e-01 4.90000000e-01 7.70000000e-01 2.55942487e+07
4.80000000e-01 4.90000000e-01 7.80000000e-01 2.58911234e+07
4.80000000e-01 4.90000000e-01 7.90000000e-01 2.61771923e+07
4.80000000e-01 4.90000000e-01 8.00000000e-01 2.64523928e+07
4.80000000e-01 4.90000000e-01 8.10000000e-01 2.67166537e+07
4.80000000e-01 4.90000000e-01 8.20000000e-01 2.69699183e+07
4.80000000e-01 4.90000000e-01 8.30000000e-01 2.72121465e+07
4.80000000e-01 4.90000000e-01 8.40000000e-01 2.74433235e+07
4.80000000e-01 4.90000000e-01 8.50000000e-01 2.76634405e+07
4.80000000e-01 4.90000000e-01 8.60000000e-01 2.78724750e+07
4.80000000e-01 4.90000000e-01 8.70000000e-01 2.80704679e+07
4.80000000e-01 4.90000000e-01 8.80000000e-01 2.82574583e+07
4.80000000e-01 4.90000000e-01 8.90000000e-01 2.84334209e+07
4.80000000e-01 4.90000000e-01 9.00000000e-01 2.85984268e+07
4.80000000e-01 4.90000000e-01 9.10000000e-01 2.87525463e+07
4.80000000e-01 4.90000000e-01 9.20000000e-01 2.88958437e+07
4.80000000e-01 4.90000000e-01 9.30000000e-01 2.90284272e+07
4.80000000e-01 4.90000000e-01 9.40000000e-01 2.91503038e+07
4.80000000e-01 4.90000000e-01 9.50000000e-01 2.92616169e+07
4.80000000e-01 4.90000000e-01 9.60000000e-01 2.93624794e+07
4.80000000e-01 4.90000000e-01 9.70000000e-01 2.94529692e+07
4.80000000e-01 4.90000000e-01 9.80000000e-01 2.95332269e+07
4.80000000e-01 4.90000000e-01 9.90000000e-01 2.96033671e+07
4.80000000e-01 4.90000000e-01 1.00000000e+00 2.96635266e+07
4.80000000e-01 4.90000000e-01 1.01000000e+00 2.97138552e+07
4.80000000e-01 4.90000000e-01 1.02000000e+00 2.97544639e+07
4.80000000e-01 4.90000000e-01 1.03000000e+00 2.97855252e+07
4.80000000e-01 4.90000000e-01 1.04000000e+00 2.98071648e+07
4.80000000e-01 4.90000000e-01 1.05000000e+00 2.98195340e+07
4.80000000e-01 4.90000000e-01 1.06000000e+00 2.98228330e+07
4.80000000e-01 4.90000000e-01 1.07000000e+00 2.98172016e+07
4.80000000e-01 4.90000000e-01 1.08000000e+00 2.98028269e+07
4.80000000e-01 4.90000000e-01 1.09000000e+00 2.97798439e+07
4.80000000e-01 4.90000000e-01 1.10000000e+00 2.97484664e+07
4.80000000e-01 4.90000000e-01 1.11000000e+00 2.97088624e+07
4.80000000e-01 4.90000000e-01 1.12000000e+00 2.96611883e+07
4.80000000e-01 4.90000000e-01 1.13000000e+00 2.96056499e+07
4.80000000e-01 4.90000000e-01 1.14000000e+00 2.95424226e+07
4.80000000e-01 4.90000000e-01 1.15000000e+00 2.94716755e+07
4.80000000e-01 4.90000000e-01 1.16000000e+00 2.93936057e+07
4.80000000e-01 4.90000000e-01 1.17000000e+00 2.93084089e+07
4.80000000e-01 4.90000000e-01 1.18000000e+00 2.92162523e+07
4.80000000e-01 4.90000000e-01 1.19000000e+00 2.91173323e+07
4.80000000e-01 4.90000000e-01 1.20000000e+00 2.90118376e+07
4.80000000e-01 4.90000000e-01 1.21000000e+00 2.88999456e+07
4.80000000e-01 4.90000000e-01 1.22000000e+00 2.87818641e+07
4.80000000e-01 4.90000000e-01 1.23000000e+00 2.86577631e+07
4.80000000e-01 4.90000000e-01 1.24000000e+00 2.85278472e+07
4.80000000e-01 4.90000000e-01 1.25000000e+00 2.83922757e+07
4.80000000e-01 4.90000000e-01 1.26000000e+00 2.82512601e+07
4.80000000e-01 4.90000000e-01 1.27000000e+00 2.81049622e+07
4.80000000e-01 4.90000000e-01 1.28000000e+00 2.79535680e+07
4.80000000e-01 4.90000000e-01 1.29000000e+00 2.77972705e+07
4.80000000e-01 4.90000000e-01 1.30000000e+00 2.76362494e+07
4.80000000e-01 4.90000000e-01 1.31000000e+00 2.74706583e+07
4.80000000e-01 4.90000000e-01 1.32000000e+00 2.73007104e+07
4.80000000e-01 4.90000000e-01 1.33000000e+00 2.71265498e+07
4.80000000e-01 4.90000000e-01 1.34000000e+00 2.69483565e+07
4.80000000e-01 4.90000000e-01 1.35000000e+00 2.67663150e+07
4.80000000e-01 4.90000000e-01 1.36000000e+00 2.65805833e+07
4.80000000e-01 4.90000000e-01 1.37000000e+00 2.63913242e+07
4.80000000e-01 4.90000000e-01 1.38000000e+00 2.61987026e+07
4.80000000e-01 4.90000000e-01 1.39000000e+00 2.60028958e+07
4.80000000e-01 4.90000000e-01 1.40000000e+00 2.58040502e+07
4.80000000e-01 4.90000000e-01 1.41000000e+00 2.56023167e+07
4.80000000e-01 4.90000000e-01 1.42000000e+00 2.53978539e+07
4.80000000e-01 4.90000000e-01 1.43000000e+00 2.51908232e+07
4.80000000e-01 4.90000000e-01 1.44000000e+00 2.49813581e+07
4.80000000e-01 4.90000000e-01 1.45000000e+00 2.47696153e+07
4.80000000e-01 4.90000000e-01 1.46000000e+00 2.45557327e+07
4.80000000e-01 4.90000000e-01 1.47000000e+00 2.43398552e+07
4.80000000e-01 4.90000000e-01 1.48000000e+00 2.41221211e+07
4.80000000e-01 4.90000000e-01 1.49000000e+00 2.39026649e+07
4.80000000e-01 4.90000000e-01 1.50000000e+00 2.36816108e+07
4.80000000e-01 4.90000000e-01 1.51000000e+00 2.34590972e+07
4.80000000e-01 4.90000000e-01 1.52000000e+00 2.32352592e+07
4.80000000e-01 4.90000000e-01 1.53000000e+00 2.30102071e+07
4.80000000e-01 4.90000000e-01 1.54000000e+00 2.27840650e+07
4.80000000e-01 4.90000000e-01 1.55000000e+00 2.25569468e+07
4.80000000e-01 4.90000000e-01 1.56000000e+00 2.23289634e+07
4.80000000e-01 4.90000000e-01 1.57000000e+00 2.21002353e+07
4.80000000e-01 4.90000000e-01 1.58000000e+00 2.18708818e+07
4.80000000e-01 4.90000000e-01 1.59000000e+00 2.16410039e+07
4.80000000e-01 4.90000000e-01 1.60000000e+00 2.14107023e+07
4.80000000e-01 4.90000000e-01 1.61000000e+00 2.11801012e+07
4.80000000e-01 4.90000000e-01 1.62000000e+00 2.09492566e+07
4.80000000e-01 4.90000000e-01 1.63000000e+00 2.07182895e+07
4.80000000e-01 4.90000000e-01 1.64000000e+00 2.04872847e+07
4.80000000e-01 4.90000000e-01 1.65000000e+00 2.02563357e+07
4.80000000e-01 4.90000000e-01 1.66000000e+00 2.00255303e+07
4.80000000e-01 4.90000000e-01 1.67000000e+00 1.97949630e+07
4.80000000e-01 4.90000000e-01 1.68000000e+00 1.95646859e+07
4.80000000e-01 4.90000000e-01 1.69000000e+00 1.93348151e+07
4.80000000e-01 4.90000000e-01 1.70000000e+00 1.91054146e+07
4.80000000e-01 4.90000000e-01 1.71000000e+00 1.88765621e+07
4.80000000e-01 4.90000000e-01 1.72000000e+00 1.86483159e+07
4.80000000e-01 4.90000000e-01 1.73000000e+00 1.84207597e+07
4.80000000e-01 4.90000000e-01 1.74000000e+00 1.81939619e+07
4.80000000e-01 4.90000000e-01 1.75000000e+00 1.79679739e+07
4.80000000e-01 4.90000000e-01 1.76000000e+00 1.77428584e+07
4.80000000e-01 4.90000000e-01 1.77000000e+00 1.75186881e+07
4.80000000e-01 4.90000000e-01 1.78000000e+00 1.72955245e+07
4.80000000e-01 4.90000000e-01 1.79000000e+00 1.70734158e+07
4.80000000e-01 4.90000000e-01 1.80000000e+00 1.68524049e+07
4.80000000e-01 4.90000000e-01 1.81000000e+00 1.66325529e+07
4.80000000e-01 4.90000000e-01 1.82000000e+00 1.64139015e+07
4.80000000e-01 4.90000000e-01 1.83000000e+00 1.61965071e+07
4.80000000e-01 4.90000000e-01 1.84000000e+00 1.59804179e+07
4.80000000e-01 4.90000000e-01 1.85000000e+00 1.57656689e+07
4.80000000e-01 4.90000000e-01 1.86000000e+00 1.55522995e+07
4.80000000e-01 4.90000000e-01 1.87000000e+00 1.53403513e+07
4.80000000e-01 4.90000000e-01 1.88000000e+00 1.51298675e+07
4.80000000e-01 4.90000000e-01 1.89000000e+00 1.49208720e+07
4.80000000e-01 4.90000000e-01 1.90000000e+00 1.47134078e+07
4.80000000e-01 4.90000000e-01 1.91000000e+00 1.45075003e+07
4.80000000e-01 4.90000000e-01 1.92000000e+00 1.43031841e+07
4.80000000e-01 4.90000000e-01 1.93000000e+00 1.41004834e+07
4.80000000e-01 4.90000000e-01 1.94000000e+00 1.38994253e+07
4.80000000e-01 4.90000000e-01 1.95000000e+00 1.37000428e+07
4.80000000e-01 4.90000000e-01 1.96000000e+00 1.35023495e+07
4.80000000e-01 4.90000000e-01 1.97000000e+00 1.33063719e+07
4.80000000e-01 4.90000000e-01 1.98000000e+00 1.31121254e+07
4.80000000e-01 4.90000000e-01 1.99000000e+00 1.29196355e+07
4.80000000e-01 4.90000000e-01 2.00000000e+00 1.27289181e+07
4.90000000e-01 5.00000000e-01 1.00000000e-02 1.04106562e+01
4.90000000e-01 5.00000000e-01 2.00000000e-02 6.02621479e+02
4.90000000e-01 5.00000000e-01 3.00000000e-02 4.73826707e+03
4.90000000e-01 5.00000000e-01 4.00000000e-02 1.78670112e+04
4.90000000e-01 5.00000000e-01 5.00000000e-02 3.68466663e+04
4.90000000e-01 5.00000000e-01 6.00000000e-02 6.40398972e+04
4.90000000e-01 5.00000000e-01 7.00000000e-02 1.00801907e+05
4.90000000e-01 5.00000000e-01 8.00000000e-02 1.48280729e+05
4.90000000e-01 5.00000000e-01 9.00000000e-02 2.07478587e+05
4.90000000e-01 5.00000000e-01 1.00000000e-01 2.79267629e+05
4.90000000e-01 5.00000000e-01 1.10000000e-01 3.64398598e+05
4.90000000e-01 5.00000000e-01 1.20000000e-01 4.63506949e+05
4.90000000e-01 5.00000000e-01 1.30000000e-01 5.77118481e+05
4.90000000e-01 5.00000000e-01 1.40000000e-01 7.05655932e+05
4.90000000e-01 5.00000000e-01 1.50000000e-01 8.49442361e+05
4.90000000e-01 5.00000000e-01 1.60000000e-01 1.00870772e+06
4.90000000e-01 5.00000000e-01 1.70000000e-01 1.18359396e+06
4.90000000e-01 5.00000000e-01 1.80000000e-01 1.37416072e+06
4.90000000e-01 5.00000000e-01 1.90000000e-01 1.58038927e+06
4.90000000e-01 5.00000000e-01 2.00000000e-01 1.80218805e+06
4.90000000e-01 5.00000000e-01 2.10000000e-01 2.03939711e+06
4.90000000e-01 5.00000000e-01 2.20000000e-01 2.29179726e+06
4.90000000e-01 5.00000000e-01 2.30000000e-01 2.55910430e+06
4.90000000e-01 5.00000000e-01 2.40000000e-01 2.84098828e+06
4.90000000e-01 5.00000000e-01 2.50000000e-01 3.13706282e+06
4.90000000e-01 5.00000000e-01 2.60000000e-01 3.44690124e+06
4.90000000e-01 5.00000000e-01 2.70000000e-01 3.77003492e+06
4.90000000e-01 5.00000000e-01 2.80000000e-01 4.10595945e+06
4.90000000e-01 5.00000000e-01 2.90000000e-01 4.45413491e+06
4.90000000e-01 5.00000000e-01 3.00000000e-01 4.81399574e+06
4.90000000e-01 5.00000000e-01 3.10000000e-01 5.18495314e+06
4.90000000e-01 5.00000000e-01 3.20000000e-01 5.56639038e+06
4.90000000e-01 5.00000000e-01 3.30000000e-01 5.95767687e+06
4.90000000e-01 5.00000000e-01 3.40000000e-01 6.35816267e+06
4.90000000e-01 5.00000000e-01 3.50000000e-01 6.76718841e+06
4.90000000e-01 5.00000000e-01 3.60000000e-01 7.18408948e+06
4.90000000e-01 5.00000000e-01 3.70000000e-01 7.60818539e+06
4.90000000e-01 5.00000000e-01 3.80000000e-01 8.03879270e+06
4.90000000e-01 5.00000000e-01 3.90000000e-01 8.47522715e+06
4.90000000e-01 5.00000000e-01 4.00000000e-01 8.91681212e+06
4.90000000e-01 5.00000000e-01 4.10000000e-01 9.36286044e+06
4.90000000e-01 5.00000000e-01 4.20000000e-01 9.81270275e+06
4.90000000e-01 5.00000000e-01 4.30000000e-01 1.02656567e+07
4.90000000e-01 5.00000000e-01 4.40000000e-01 1.07210653e+07
4.90000000e-01 5.00000000e-01 4.50000000e-01 1.11782689e+07
4.90000000e-01 5.00000000e-01 4.60000000e-01 1.16366292e+07
4.90000000e-01 5.00000000e-01 4.70000000e-01 1.20955041e+07
4.90000000e-01 5.00000000e-01 4.80000000e-01 1.25542826e+07
4.90000000e-01 5.00000000e-01 4.90000000e-01 1.30123557e+07
4.90000000e-01 5.00000000e-01 5.00000000e-01 1.34691328e+07
4.90000000e-01 5.00000000e-01 5.10000000e-01 1.39240420e+07
4.90000000e-01 5.00000000e-01 5.20000000e-01 1.43765162e+07
4.90000000e-01 5.00000000e-01 5.30000000e-01 1.48260252e+07
4.90000000e-01 5.00000000e-01 5.40000000e-01 1.52720450e+07
4.90000000e-01 5.00000000e-01 5.50000000e-01 1.57140481e+07
4.90000000e-01 5.00000000e-01 5.60000000e-01 1.61515599e+07
4.90000000e-01 5.00000000e-01 5.70000000e-01 1.65841210e+07
4.90000000e-01 5.00000000e-01 5.80000000e-01 1.70112791e+07
4.90000000e-01 5.00000000e-01 5.90000000e-01 1.74326021e+07
4.90000000e-01 5.00000000e-01 6.00000000e-01 1.78476832e+07
4.90000000e-01 5.00000000e-01 6.10000000e-01 1.82561416e+07
4.90000000e-01 5.00000000e-01 6.20000000e-01 1.86575954e+07
4.90000000e-01 5.00000000e-01 6.30000000e-01 1.90516938e+07
4.90000000e-01 5.00000000e-01 6.40000000e-01 1.94381167e+07
4.90000000e-01 5.00000000e-01 6.50000000e-01 1.98165443e+07
4.90000000e-01 5.00000000e-01 6.60000000e-01 2.01866926e+07
4.90000000e-01 5.00000000e-01 6.70000000e-01 2.05482816e+07
4.90000000e-01 5.00000000e-01 6.80000000e-01 2.09010775e+07
4.90000000e-01 5.00000000e-01 6.90000000e-01 2.12448253e+07
4.90000000e-01 5.00000000e-01 7.00000000e-01 2.15793195e+07
4.90000000e-01 5.00000000e-01 7.10000000e-01 2.19043607e+07
4.90000000e-01 5.00000000e-01 7.20000000e-01 2.22197751e+07
4.90000000e-01 5.00000000e-01 7.30000000e-01 2.25253910e+07
4.90000000e-01 5.00000000e-01 7.40000000e-01 2.28210779e+07
4.90000000e-01 5.00000000e-01 7.50000000e-01 2.31067049e+07
4.90000000e-01 5.00000000e-01 7.60000000e-01 2.33821558e+07
4.90000000e-01 5.00000000e-01 7.70000000e-01 2.36473336e+07
4.90000000e-01 5.00000000e-01 7.80000000e-01 2.39021642e+07
4.90000000e-01 5.00000000e-01 7.90000000e-01 2.41465790e+07
4.90000000e-01 5.00000000e-01 8.00000000e-01 2.43805222e+07
4.90000000e-01 5.00000000e-01 8.10000000e-01 2.46039667e+07
4.90000000e-01 5.00000000e-01 8.20000000e-01 2.48168781e+07
4.90000000e-01 5.00000000e-01 8.30000000e-01 2.50192623e+07
4.90000000e-01 5.00000000e-01 8.40000000e-01 2.52111191e+07
4.90000000e-01 5.00000000e-01 8.50000000e-01 2.53924451e+07
4.90000000e-01 5.00000000e-01 8.60000000e-01 2.55632920e+07
4.90000000e-01 5.00000000e-01 8.70000000e-01 2.57236827e+07
4.90000000e-01 5.00000000e-01 8.80000000e-01 2.58736755e+07
4.90000000e-01 5.00000000e-01 8.90000000e-01 2.60133180e+07
4.90000000e-01 5.00000000e-01 9.00000000e-01 2.61426897e+07
4.90000000e-01 5.00000000e-01 9.10000000e-01 2.62618614e+07
4.90000000e-01 5.00000000e-01 9.20000000e-01 2.63709313e+07
4.90000000e-01 5.00000000e-01 9.30000000e-01 2.64699849e+07
4.90000000e-01 5.00000000e-01 9.40000000e-01 2.65591119e+07
4.90000000e-01 5.00000000e-01 9.50000000e-01 2.66384407e+07
4.90000000e-01 5.00000000e-01 9.60000000e-01 2.67080802e+07
4.90000000e-01 5.00000000e-01 9.70000000e-01 2.67681602e+07
4.90000000e-01 5.00000000e-01 9.80000000e-01 2.68188274e+07
4.90000000e-01 5.00000000e-01 9.90000000e-01 2.68601944e+07
4.90000000e-01 5.00000000e-01 1.00000000e+00 2.68924063e+07
4.90000000e-01 5.00000000e-01 1.01000000e+00 2.69156210e+07
4.90000000e-01 5.00000000e-01 1.02000000e+00 2.69299827e+07
4.90000000e-01 5.00000000e-01 1.03000000e+00 2.69356485e+07
4.90000000e-01 5.00000000e-01 1.04000000e+00 2.69327777e+07
4.90000000e-01 5.00000000e-01 1.05000000e+00 2.69215403e+07
4.90000000e-01 5.00000000e-01 1.06000000e+00 2.69020881e+07
4.90000000e-01 5.00000000e-01 1.07000000e+00 2.68746043e+07
4.90000000e-01 5.00000000e-01 1.08000000e+00 2.68392693e+07
4.90000000e-01 5.00000000e-01 1.09000000e+00 2.67962298e+07
4.90000000e-01 5.00000000e-01 1.10000000e+00 2.67456841e+07
4.90000000e-01 5.00000000e-01 1.11000000e+00 2.66877941e+07
4.90000000e-01 5.00000000e-01 1.12000000e+00 2.66227446e+07
4.90000000e-01 5.00000000e-01 1.13000000e+00 2.65507214e+07
4.90000000e-01 5.00000000e-01 1.14000000e+00 2.64719115e+07
4.90000000e-01 5.00000000e-01 1.15000000e+00 2.63864909e+07
4.90000000e-01 5.00000000e-01 1.16000000e+00 2.62946337e+07
4.90000000e-01 5.00000000e-01 1.17000000e+00 2.61965368e+07
4.90000000e-01 5.00000000e-01 1.18000000e+00 2.60923762e+07
4.90000000e-01 5.00000000e-01 1.19000000e+00 2.59823336e+07
4.90000000e-01 5.00000000e-01 1.20000000e+00 2.58666065e+07
4.90000000e-01 5.00000000e-01 1.21000000e+00 2.57453617e+07
4.90000000e-01 5.00000000e-01 1.22000000e+00 2.56187839e+07
4.90000000e-01 5.00000000e-01 1.23000000e+00 2.54870442e+07
4.90000000e-01 5.00000000e-01 1.24000000e+00 2.53503334e+07
4.90000000e-01 5.00000000e-01 1.25000000e+00 2.52088353e+07
4.90000000e-01 5.00000000e-01 1.26000000e+00 2.50627202e+07
4.90000000e-01 5.00000000e-01 1.27000000e+00 2.49121605e+07
4.90000000e-01 5.00000000e-01 1.28000000e+00 2.47573180e+07
4.90000000e-01 5.00000000e-01 1.29000000e+00 2.45983790e+07
4.90000000e-01 5.00000000e-01 1.30000000e+00 2.44355101e+07
4.90000000e-01 5.00000000e-01 1.31000000e+00 2.42688754e+07
4.90000000e-01 5.00000000e-01 1.32000000e+00 2.40986447e+07
4.90000000e-01 5.00000000e-01 1.33000000e+00 2.39249776e+07
4.90000000e-01 5.00000000e-01 1.34000000e+00 2.37480453e+07
4.90000000e-01 5.00000000e-01 1.35000000e+00 2.35679981e+07
4.90000000e-01 5.00000000e-01 1.36000000e+00 2.33849968e+07
4.90000000e-01 5.00000000e-01 1.37000000e+00 2.31991902e+07
4.90000000e-01 5.00000000e-01 1.38000000e+00 2.30107294e+07
4.90000000e-01 5.00000000e-01 1.39000000e+00 2.28197633e+07
4.90000000e-01 5.00000000e-01 1.40000000e+00 2.26264431e+07
4.90000000e-01 5.00000000e-01 1.41000000e+00 2.24309068e+07
4.90000000e-01 5.00000000e-01 1.42000000e+00 2.22333009e+07
4.90000000e-01 5.00000000e-01 1.43000000e+00 2.20337639e+07
4.90000000e-01 5.00000000e-01 1.44000000e+00 2.18324215e+07
4.90000000e-01 5.00000000e-01 1.45000000e+00 2.16294148e+07
4.90000000e-01 5.00000000e-01 1.46000000e+00 2.14248805e+07
4.90000000e-01 5.00000000e-01 1.47000000e+00 2.12189316e+07
4.90000000e-01 5.00000000e-01 1.48000000e+00 2.10116981e+07
4.90000000e-01 5.00000000e-01 1.49000000e+00 2.08033030e+07
4.90000000e-01 5.00000000e-01 1.50000000e+00 2.05938573e+07
4.90000000e-01 5.00000000e-01 1.51000000e+00 2.03834803e+07
4.90000000e-01 5.00000000e-01 1.52000000e+00 2.01722849e+07
4.90000000e-01 5.00000000e-01 1.53000000e+00 1.99603856e+07
4.90000000e-01 5.00000000e-01 1.54000000e+00 1.97478835e+07
4.90000000e-01 5.00000000e-01 1.55000000e+00 1.95348856e+07
4.90000000e-01 5.00000000e-01 1.56000000e+00 1.93214939e+07
4.90000000e-01 5.00000000e-01 1.57000000e+00 1.91078058e+07
4.90000000e-01 5.00000000e-01 1.58000000e+00 1.88939166e+07
4.90000000e-01 5.00000000e-01 1.59000000e+00 1.86799191e+07
4.90000000e-01 5.00000000e-01 1.60000000e+00 1.84659029e+07
4.90000000e-01 5.00000000e-01 1.61000000e+00 1.82519649e+07
4.90000000e-01 5.00000000e-01 1.62000000e+00 1.80381737e+07
4.90000000e-01 5.00000000e-01 1.63000000e+00 1.78246220e+07
4.90000000e-01 5.00000000e-01 1.64000000e+00 1.76113866e+07
4.90000000e-01 5.00000000e-01 1.65000000e+00 1.73985471e+07
4.90000000e-01 5.00000000e-01 1.66000000e+00 1.71861763e+07
4.90000000e-01 5.00000000e-01 1.67000000e+00 1.69743432e+07
4.90000000e-01 5.00000000e-01 1.68000000e+00 1.67631196e+07
4.90000000e-01 5.00000000e-01 1.69000000e+00 1.65525789e+07
4.90000000e-01 5.00000000e-01 1.70000000e+00 1.63427756e+07
4.90000000e-01 5.00000000e-01 1.71000000e+00 1.61337805e+07
4.90000000e-01 5.00000000e-01 1.72000000e+00 1.59256466e+07
4.90000000e-01 5.00000000e-01 1.73000000e+00 1.57184368e+07
4.90000000e-01 5.00000000e-01 1.74000000e+00 1.55122036e+07
4.90000000e-01 5.00000000e-01 1.75000000e+00 1.53070012e+07
4.90000000e-01 5.00000000e-01 1.76000000e+00 1.51028662e+07
4.90000000e-01 5.00000000e-01 1.77000000e+00 1.48998813e+07
4.90000000e-01 5.00000000e-01 1.78000000e+00 1.46980631e+07
4.90000000e-01 5.00000000e-01 1.79000000e+00 1.44974599e+07
4.90000000e-01 5.00000000e-01 1.80000000e+00 1.42981227e+07
4.90000000e-01 5.00000000e-01 1.81000000e+00 1.41000834e+07
4.90000000e-01 5.00000000e-01 1.82000000e+00 1.39033887e+07
4.90000000e-01 5.00000000e-01 1.83000000e+00 1.37080754e+07
4.90000000e-01 5.00000000e-01 1.84000000e+00 1.35141746e+07
4.90000000e-01 5.00000000e-01 1.85000000e+00 1.33217232e+07
4.90000000e-01 5.00000000e-01 1.86000000e+00 1.31307409e+07
4.90000000e-01 5.00000000e-01 1.87000000e+00 1.29412705e+07
4.90000000e-01 5.00000000e-01 1.88000000e+00 1.27533361e+07
4.90000000e-01 5.00000000e-01 1.89000000e+00 1.25669599e+07
4.90000000e-01 5.00000000e-01 1.90000000e+00 1.23821702e+07
4.90000000e-01 5.00000000e-01 1.91000000e+00 1.21989887e+07
4.90000000e-01 5.00000000e-01 1.92000000e+00 1.20174361e+07
4.90000000e-01 5.00000000e-01 1.93000000e+00 1.18375309e+07
4.90000000e-01 5.00000000e-01 1.94000000e+00 1.16592968e+07
4.90000000e-01 5.00000000e-01 1.95000000e+00 1.14827494e+07
4.90000000e-01 5.00000000e-01 1.96000000e+00 1.13079004e+07
4.90000000e-01 5.00000000e-01 1.97000000e+00 1.11347679e+07
4.90000000e-01 5.00000000e-01 1.98000000e+00 1.09633623e+07
4.90000000e-01 5.00000000e-01 1.99000000e+00 1.07936982e+07
4.90000000e-01 5.00000000e-01 2.00000000e+00 1.06257824e+07
