# 2026-05-16 | 22:17:45 | Calculation performed with SolarAxionFlux v1.1; g_agamma = 5.000000e-11 GeV^-1, g_ae = 1.000000e-13.
# Spectral flux over rings on the solar disc.
# Columns: Inner radius on solar disc [R_sol] | Outer radius [R_sol] | Energy [keV] | Axion flux [cm^-2 s^-1 keV^-1]
0.00000000e+00 1.00000000e-02 1.00000000e-02 1.69145128e+05
0.00000000e+00 1.00000000e-02 2.00000000e-02 3.36205960e+05
0.00000000e+00 1.00000000e-02 3.00000000e-02 5.00852417e+05
0.00000000e+00 1.00000000e-02 4.00000000e-02 6.63008562e+05
0.00000000e+00 1.00000000e-02 5.00000000e-02 8.22504874e+05
0.00000000e+00 1.00000000e-02 6.00000000e-02 9.80875445e+05
0.00000000e+00 1.00000000e-02 7.00000000e-02 1.13723675e+06
0.00000000e+00 1.00000000e-02 8.00000000e-02 1.30490702e+06
0.00000000e+00 1.00000000e-02 9.00000000e-02 1.47935967e+06
0.00000000e+00 1.00000000e-02 1.00000000e-01 1.70911963e+06
0.00000000e+00 1.00000000e-02 1.10000000e-01 1.86466489e+06
0.00000000e+00 1.00000000e-02 1.20000000e-01 2.01096194e+06
0.00000000e+00 1.00000000e-02 1.30000000e-01 2.15038829e+06
0.00000000e+00 1.00000000e-02 1.40000000e-01 2.28554529e+06
0.00000000e+00 1.00000000e-02 1.50000000e-01 2.42243329e+06
0.00000000e+00 1.00000000e-02 1.60000000e-01 2.55589305e+06
0.00000000e+00 1.00000000e-02 1.70000000e-01 2.68370894e+06
0.00000000e+00 1.00000000e-02 1.80000000e-01 2.81018357e+06
0.00000000e+00 1.00000000e-02 1.90000000e-01 2.93388210e+06
0.00000000e+00 1.00000000e-02 2.00000000e-01 3.05259965e+06
0.00000000e+00 1.00000000e-02 2.10000000e-01 3.17023491e+06
0.00000000e+00 1.00000000e-02 2.20000000e-01 3.28283379e+06
0.00000000e+00 1.00000000e-02 2.30000000e-01 3.39407716e+06
0.00000000e+00 1.00000000e-02 2.40000000e-01 3.50167180e+06
0.00000000e+00 1.00000000e-02 2.50000000e-01 3.60686678e+06
0.00000000e+00 1.00000000e-02 2.60000000e-01 3.70829556e+06
0.00000000e+00 1.00000000e-02 2.70000000e-01 3.80817255e+06
0.00000000e+00 1.00000000e-02 2.80000000e-01 3.90448868e+06
0.00000000e+00 1.00000000e-02 2.90000000e-01 3.99791918e+06
0.00000000e+00 1.00000000e-02 3.00000000e-01 4.08901529e+06
0.00000000e+00 1.00000000e-02 3.10000000e-01 4.17734172e+06
0.00000000e+00 1.00000000e-02 3.20000000e-01 4.26345422e+06
0.00000000e+00 1.00000000e-02 3.30000000e-01 4.34685163e+06
0.00000000e+00 1.00000000e-02 3.40000000e-01 4.42763074e+06
0.00000000e+00 1.00000000e-02 3.50000000e-01 4.50601682e+06
0.00000000e+00 1.00000000e-02 3.60000000e-01 4.58255636e+06
0.00000000e+00 1.00000000e-02 3.70000000e-01 4.65821486e+06
0.00000000e+00 1.00000000e-02 3.80000000e-01 4.72967119e+06
0.00000000e+00 1.00000000e-02 3.90000000e-01 4.79878845e+06
0.00000000e+00 1.00000000e-02 4.00000000e-01 4.86566410e+06
0.00000000e+00 1.00000000e-02 4.10000000e-01 4.93044137e+06
0.00000000e+00 1.00000000e-02 4.20000000e-01 4.99351610e+06
0.00000000e+00 1.00000000e-02 4.30000000e-01 5.05425844e+06
0.00000000e+00 1.00000000e-02 4.40000000e-01 5.11304880e+06
0.00000000e+00 1.00000000e-02 4.50000000e-01 5.16974913e+06
0.00000000e+00 1.00000000e-02 4.60000000e-01 5.22467841e+06
0.00000000e+00 1.00000000e-02 4.70000000e-01 5.27761333e+06
0.00000000e+00 1.00000000e-02 4.80000000e-01 5.32918367e+06
0.00000000e+00 1.00000000e-02 4.90000000e-01 5.38627472e+06
0.00000000e+00 1.00000000e-02 5.00000000e-01 5.45617160e+06
0.00000000e+00 1.00000000e-02 5.10000000e-01 5.50233386e+06
0.00000000e+00 1.00000000e-02 5.20000000e-01 5.54709952e+06
0.00000000e+00 1.00000000e-02 5.30000000e-01 5.59006013e+06
0.00000000e+00 1.00000000e-02 5.40000000e-01 5.63181713e+06
0.00000000e+00 1.00000000e-02 5.50000000e-01 5.67482474e+06
0.00000000e+00 1.00000000e-02 5.60000000e-01 5.71104250e+06
0.00000000e+00 1.00000000e-02 5.70000000e-01 5.74825247e+06
0.00000000e+00 1.00000000e-02 5.80000000e-01 5.78356682e+06
0.00000000e+00 1.00000000e-02 5.90000000e-01 5.81751102e+06
0.00000000e+00 1.00000000e-02 6.00000000e-01 5.84986782e+06
0.00000000e+00 1.00000000e-02 6.10000000e-01 5.88096927e+06
0.00000000e+00 1.00000000e-02 6.20000000e-01 5.91087101e+06
0.00000000e+00 1.00000000e-02 6.30000000e-01 5.93964031e+06
0.00000000e+00 1.00000000e-02 6.40000000e-01 5.96866914e+06
0.00000000e+00 1.00000000e-02 6.50000000e-01 6.06759593e+06
0.00000000e+00 1.00000000e-02 6.60000000e-01 6.12646833e+06
0.00000000e+00 1.00000000e-02 6.70000000e-01 6.15098465e+06
0.00000000e+00 1.00000000e-02 6.80000000e-01 6.17330995e+06
0.00000000e+00 1.00000000e-02 6.90000000e-01 6.19581358e+06
0.00000000e+00 1.00000000e-02 7.00000000e-01 6.21734518e+06
0.00000000e+00 1.00000000e-02 7.10000000e-01 6.23811042e+06
0.00000000e+00 1.00000000e-02 7.20000000e-01 6.25819559e+06
0.00000000e+00 1.00000000e-02 7.30000000e-01 6.27209389e+06
0.00000000e+00 1.00000000e-02 7.40000000e-01 6.31419652e+06
0.00000000e+00 1.00000000e-02 7.50000000e-01 6.33186371e+06
0.00000000e+00 1.00000000e-02 7.60000000e-01 6.34827863e+06
0.00000000e+00 1.00000000e-02 7.70000000e-01 6.36407089e+06
0.00000000e+00 1.00000000e-02 7.80000000e-01 6.37898871e+06
0.00000000e+00 1.00000000e-02 7.90000000e-01 6.39307966e+06
0.00000000e+00 1.00000000e-02 8.00000000e-01 6.40666642e+06
0.00000000e+00 1.00000000e-02 8.10000000e-01 6.41938209e+06
0.00000000e+00 1.00000000e-02 8.20000000e-01 6.43118443e+06
0.00000000e+00 1.00000000e-02 8.30000000e-01 6.44259112e+06
0.00000000e+00 1.00000000e-02 8.40000000e-01 6.45329921e+06
0.00000000e+00 1.00000000e-02 8.50000000e-01 6.46331977e+06
0.00000000e+00 1.00000000e-02 8.60000000e-01 6.47329899e+06
0.00000000e+00 1.00000000e-02 8.70000000e-01 6.48379602e+06
0.00000000e+00 1.00000000e-02 8.80000000e-01 6.49177285e+06
0.00000000e+00 1.00000000e-02 8.90000000e-01 6.50017402e+06
0.00000000e+00 1.00000000e-02 9.00000000e-01 6.50825902e+06
0.00000000e+00 1.00000000e-02 9.10000000e-01 6.51620018e+06
0.00000000e+00 1.00000000e-02 9.20000000e-01 6.52563408e+06
0.00000000e+00 1.00000000e-02 9.30000000e-01 6.52690239e+06
0.00000000e+00 1.00000000e-02 9.40000000e-01 6.53031424e+06
0.00000000e+00 1.00000000e-02 9.50000000e-01 6.53363651e+06
0.00000000e+00 1.00000000e-02 9.60000000e-01 6.53802542e+06
0.00000000e+00 1.00000000e-02 9.70000000e-01 6.53985019e+06
0.00000000e+00 1.00000000e-02 9.80000000e-01 6.54398909e+06
0.00000000e+00 1.00000000e-02 9.90000000e-01 6.55081941e+06
0.00000000e+00 1.00000000e-02 1.00000000e+00 6.55542739e+06
0.00000000e+00 1.00000000e-02 1.01000000e+00 6.55797053e+06
0.00000000e+00 1.00000000e-02 1.02000000e+00 6.65566344e+06
0.00000000e+00 1.00000000e-02 1.03000000e+00 6.63477649e+06
0.00000000e+00 1.00000000e-02 1.04000000e+00 6.64162242e+06
0.00000000e+00 1.00000000e-02 1.05000000e+00 6.75960806e+06
0.00000000e+00 1.00000000e-02 1.06000000e+00 6.71401159e+06
0.00000000e+00 1.00000000e-02 1.07000000e+00 6.63892080e+06
0.00000000e+00 1.00000000e-02 1.08000000e+00 6.62720567e+06
0.00000000e+00 1.00000000e-02 1.09000000e+00 6.63604162e+06
0.00000000e+00 1.00000000e-02 1.10000000e+00 6.59959200e+06
0.00000000e+00 1.00000000e-02 1.11000000e+00 6.58765813e+06
0.00000000e+00 1.00000000e-02 1.12000000e+00 6.56507076e+06
0.00000000e+00 1.00000000e-02 1.13000000e+00 6.55889409e+06
0.00000000e+00 1.00000000e-02 1.14000000e+00 6.53281202e+06
0.00000000e+00 1.00000000e-02 1.15000000e+00 6.51825087e+06
0.00000000e+00 1.00000000e-02 1.16000000e+00 6.50389465e+06
0.00000000e+00 1.00000000e-02 1.17000000e+00 6.49196468e+06
0.00000000e+00 1.00000000e-02 1.18000000e+00 6.48116510e+06
0.00000000e+00 1.00000000e-02 1.19000000e+00 6.49002673e+06
0.00000000e+00 1.00000000e-02 1.20000000e+00 6.48023896e+06
0.00000000e+00 1.00000000e-02 1.21000000e+00 6.46998440e+06
0.00000000e+00 1.00000000e-02 1.22000000e+00 6.46059460e+06
0.00000000e+00 1.00000000e-02 1.23000000e+00 6.45210171e+06
0.00000000e+00 1.00000000e-02 1.24000000e+00 6.44443179e+06
0.00000000e+00 1.00000000e-02 1.25000000e+00 6.44485973e+06
0.00000000e+00 1.00000000e-02 1.26000000e+00 6.43445462e+06
0.00000000e+00 1.00000000e-02 1.27000000e+00 6.41682083e+06
0.00000000e+00 1.00000000e-02 1.28000000e+00 6.41080736e+06
0.00000000e+00 1.00000000e-02 1.29000000e+00 6.40015019e+06
0.00000000e+00 1.00000000e-02 1.30000000e+00 6.39142955e+06
0.00000000e+00 1.00000000e-02 1.31000000e+00 6.38339875e+06
0.00000000e+00 1.00000000e-02 1.32000000e+00 6.37831531e+06
0.00000000e+00 1.00000000e-02 1.33000000e+00 6.37378020e+06
0.00000000e+00 1.00000000e-02 1.34000000e+00 6.36847535e+06
0.00000000e+00 1.00000000e-02 1.35000000e+00 6.36667678e+06
0.00000000e+00 1.00000000e-02 1.36000000e+00 6.33322261e+06
0.00000000e+00 1.00000000e-02 1.37000000e+00 6.30894539e+06
0.00000000e+00 1.00000000e-02 1.38000000e+00 6.29384102e+06
0.00000000e+00 1.00000000e-02 1.39000000e+00 6.26639489e+06
0.00000000e+00 1.00000000e-02 1.40000000e+00 6.24490579e+06
0.00000000e+00 1.00000000e-02 1.41000000e+00 6.26172051e+06
0.00000000e+00 1.00000000e-02 1.42000000e+00 6.20033932e+06
0.00000000e+00 1.00000000e-02 1.43000000e+00 6.19331011e+06
0.00000000e+00 1.00000000e-02 1.44000000e+00 6.17520194e+06
0.00000000e+00 1.00000000e-02 1.45000000e+00 6.15935394e+06
0.00000000e+00 1.00000000e-02 1.46000000e+00 6.15806333e+06
0.00000000e+00 1.00000000e-02 1.47000000e+00 6.28118052e+06
0.00000000e+00 1.00000000e-02 1.48000000e+00 6.14243522e+06
0.00000000e+00 1.00000000e-02 1.49000000e+00 6.11885181e+06
0.00000000e+00 1.00000000e-02 1.50000000e+00 6.10530875e+06
0.00000000e+00 1.00000000e-02 1.51000000e+00 6.08875662e+06
0.00000000e+00 1.00000000e-02 1.52000000e+00 6.05933909e+06
0.00000000e+00 1.00000000e-02 1.53000000e+00 6.03950619e+06
0.00000000e+00 1.00000000e-02 1.54000000e+00 6.02949553e+06
0.00000000e+00 1.00000000e-02 1.55000000e+00 6.00782112e+06
0.00000000e+00 1.00000000e-02 1.56000000e+00 5.99008320e+06
0.00000000e+00 1.00000000e-02 1.57000000e+00 5.97431340e+06
0.00000000e+00 1.00000000e-02 1.58000000e+00 5.95593223e+06
0.00000000e+00 1.00000000e-02 1.59000000e+00 5.94708162e+06
0.00000000e+00 1.00000000e-02 1.60000000e+00 5.95253458e+06
0.00000000e+00 1.00000000e-02 1.61000000e+00 5.91214029e+06
0.00000000e+00 1.00000000e-02 1.62000000e+00 5.90269529e+06
0.00000000e+00 1.00000000e-02 1.63000000e+00 5.85874380e+06
0.00000000e+00 1.00000000e-02 1.64000000e+00 5.83995264e+06
0.00000000e+00 1.00000000e-02 1.65000000e+00 5.83957776e+06
0.00000000e+00 1.00000000e-02 1.66000000e+00 5.82586396e+06
0.00000000e+00 1.00000000e-02 1.67000000e+00 5.78602183e+06
0.00000000e+00 1.00000000e-02 1.68000000e+00 5.77241373e+06
0.00000000e+00 1.00000000e-02 1.69000000e+00 5.75188525e+06
0.00000000e+00 1.00000000e-02 1.70000000e+00 5.73775704e+06
0.00000000e+00 1.00000000e-02 1.71000000e+00 5.72291024e+06
0.00000000e+00 1.00000000e-02 1.72000000e+00 5.72666332e+06
0.00000000e+00 1.00000000e-02 1.73000000e+00 5.71302438e+06
0.00000000e+00 1.00000000e-02 1.74000000e+00 5.69829646e+06
0.00000000e+00 1.00000000e-02 1.75000000e+00 5.70215269e+06
0.00000000e+00 1.00000000e-02 1.76000000e+00 5.69985991e+06
0.00000000e+00 1.00000000e-02 1.77000000e+00 5.69262400e+06
0.00000000e+00 1.00000000e-02 1.78000000e+00 5.68874514e+06
0.00000000e+00 1.00000000e-02 1.79000000e+00 5.69011126e+06
0.00000000e+00 1.00000000e-02 1.80000000e+00 5.69845255e+06
0.00000000e+00 1.00000000e-02 1.81000000e+00 5.71198420e+06
0.00000000e+00 1.00000000e-02 1.82000000e+00 5.73945943e+06
0.00000000e+00 1.00000000e-02 1.83000000e+00 5.76347207e+06
0.00000000e+00 1.00000000e-02 1.84000000e+00 5.80253463e+06
0.00000000e+00 1.00000000e-02 1.85000000e+00 5.83845903e+06
0.00000000e+00 1.00000000e-02 1.86000000e+00 5.88777231e+06
0.00000000e+00 1.00000000e-02 1.87000000e+00 5.76793309e+06
0.00000000e+00 1.00000000e-02 1.88000000e+00 5.66373548e+06
0.00000000e+00 1.00000000e-02 1.89000000e+00 5.58315176e+06
0.00000000e+00 1.00000000e-02 1.90000000e+00 5.51844875e+06
0.00000000e+00 1.00000000e-02 1.91000000e+00 5.46624431e+06
0.00000000e+00 1.00000000e-02 1.92000000e+00 5.42173337e+06
0.00000000e+00 1.00000000e-02 1.93000000e+00 5.38733110e+06
0.00000000e+00 1.00000000e-02 1.94000000e+00 5.37056477e+06
0.00000000e+00 1.00000000e-02 1.95000000e+00 5.36429514e+06
0.00000000e+00 1.00000000e-02 1.96000000e+00 5.32811505e+06
0.00000000e+00 1.00000000e-02 1.97000000e+00 5.28864978e+06
0.00000000e+00 1.00000000e-02 1.98000000e+00 5.26142784e+06
0.00000000e+00 1.00000000e-02 1.99000000e+00 5.27461370e+06
0.00000000e+00 1.00000000e-02 2.00000000e+00 5.79983936e+06
1.00000000e-02 2.00000000e-02 1.00000000e-02 4.99638979e+05
1.00000000e-02 2.00000000e-02 2.00000000e-02 9.93090184e+05
1.00000000e-02 2.00000000e-02 3.00000000e-02 1.47936907e+06
1.00000000e-02 2.00000000e-02 4.00000000e-02 1.95826243e+06
1.00000000e-02 2.00000000e-02 5.00000000e-02 2.42925164e+06
1.00000000e-02 2.00000000e-02 6.00000000e-02 2.89696378e+06
1.00000000e-02 2.00000000e-02 7.00000000e-02 3.35876079e+06
1.00000000e-02 2.00000000e-02 8.00000000e-02 3.85483771e+06
1.00000000e-02 2.00000000e-02 9.00000000e-02 4.37219496e+06
1.00000000e-02 2.00000000e-02 1.00000000e-01 5.04621204e+06
1.00000000e-02 2.00000000e-02 1.10000000e-01 5.50428734e+06
1.00000000e-02 2.00000000e-02 1.20000000e-01 5.93499128e+06
1.00000000e-02 2.00000000e-02 1.30000000e-01 6.34606189e+06
1.00000000e-02 2.00000000e-02 1.40000000e-01 6.74591479e+06
1.00000000e-02 2.00000000e-02 1.50000000e-01 7.14908252e+06
1.00000000e-02 2.00000000e-02 1.60000000e-01 7.54243994e+06
1.00000000e-02 2.00000000e-02 1.70000000e-01 7.91965769e+06
1.00000000e-02 2.00000000e-02 1.80000000e-01 8.29222875e+06
1.00000000e-02 2.00000000e-02 1.90000000e-01 8.65679650e+06
1.00000000e-02 2.00000000e-02 2.00000000e-01 9.00676707e+06
1.00000000e-02 2.00000000e-02 2.10000000e-01 9.35322140e+06
1.00000000e-02 2.00000000e-02 2.20000000e-01 9.68509462e+06
1.00000000e-02 2.00000000e-02 2.30000000e-01 1.00125798e+07
1.00000000e-02 2.00000000e-02 2.40000000e-01 1.03295988e+07
1.00000000e-02 2.00000000e-02 2.50000000e-01 1.06392348e+07
1.00000000e-02 2.00000000e-02 2.60000000e-01 1.09379290e+07
1.00000000e-02 2.00000000e-02 2.70000000e-01 1.12318553e+07
1.00000000e-02 2.00000000e-02 2.80000000e-01 1.15153523e+07
1.00000000e-02 2.00000000e-02 2.90000000e-01 1.17902607e+07
1.00000000e-02 2.00000000e-02 3.00000000e-01 1.20582708e+07
1.00000000e-02 2.00000000e-02 3.10000000e-01 1.23181411e+07
1.00000000e-02 2.00000000e-02 3.20000000e-01 1.25713905e+07
1.00000000e-02 2.00000000e-02 3.30000000e-01 1.28166136e+07
1.00000000e-02 2.00000000e-02 3.40000000e-01 1.30541317e+07
1.00000000e-02 2.00000000e-02 3.50000000e-01 1.32846054e+07
1.00000000e-02 2.00000000e-02 3.60000000e-01 1.35095414e+07
1.00000000e-02 2.00000000e-02 3.70000000e-01 1.37319623e+07
1.00000000e-02 2.00000000e-02 3.80000000e-01 1.39419057e+07
1.00000000e-02 2.00000000e-02 3.90000000e-01 1.41449341e+07
1.00000000e-02 2.00000000e-02 4.00000000e-01 1.43413449e+07
1.00000000e-02 2.00000000e-02 4.10000000e-01 1.45315323e+07
1.00000000e-02 2.00000000e-02 4.20000000e-01 1.47167255e+07
1.00000000e-02 2.00000000e-02 4.30000000e-01 1.48950192e+07
1.00000000e-02 2.00000000e-02 4.40000000e-01 1.50675217e+07
1.00000000e-02 2.00000000e-02 4.50000000e-01 1.52338433e+07
1.00000000e-02 2.00000000e-02 4.60000000e-01 1.53949543e+07
1.00000000e-02 2.00000000e-02 4.70000000e-01 1.55501945e+07
1.00000000e-02 2.00000000e-02 4.80000000e-01 1.57013705e+07
1.00000000e-02 2.00000000e-02 4.90000000e-01 1.58689976e+07
1.00000000e-02 2.00000000e-02 5.00000000e-01 1.60744580e+07
1.00000000e-02 2.00000000e-02 5.10000000e-01 1.62096636e+07
1.00000000e-02 2.00000000e-02 5.20000000e-01 1.63407545e+07
1.00000000e-02 2.00000000e-02 5.30000000e-01 1.64665223e+07
1.00000000e-02 2.00000000e-02 5.40000000e-01 1.65887501e+07
1.00000000e-02 2.00000000e-02 5.50000000e-01 1.67149700e+07
1.00000000e-02 2.00000000e-02 5.60000000e-01 1.68206818e+07
1.00000000e-02 2.00000000e-02 5.70000000e-01 1.69295705e+07
1.00000000e-02 2.00000000e-02 5.80000000e-01 1.70327307e+07
1.00000000e-02 2.00000000e-02 5.90000000e-01 1.71319066e+07
1.00000000e-02 2.00000000e-02 6.00000000e-01 1.72263765e+07
1.00000000e-02 2.00000000e-02 6.10000000e-01 1.73171496e+07
1.00000000e-02 2.00000000e-02 6.20000000e-01 1.74044042e+07
1.00000000e-02 2.00000000e-02 6.30000000e-01 1.74883363e+07
1.00000000e-02 2.00000000e-02 6.40000000e-01 1.75730970e+07
1.00000000e-02 2.00000000e-02 6.50000000e-01 1.78644754e+07
1.00000000e-02 2.00000000e-02 6.60000000e-01 1.80381067e+07
1.00000000e-02 2.00000000e-02 6.70000000e-01 1.81095003e+07
1.00000000e-02 2.00000000e-02 6.80000000e-01 1.81743562e+07
1.00000000e-02 2.00000000e-02 6.90000000e-01 1.82397993e+07
1.00000000e-02 2.00000000e-02 7.00000000e-01 1.83024283e+07
1.00000000e-02 2.00000000e-02 7.10000000e-01 1.83627963e+07
1.00000000e-02 2.00000000e-02 7.20000000e-01 1.84211447e+07
1.00000000e-02 2.00000000e-02 7.30000000e-01 1.84613396e+07
1.00000000e-02 2.00000000e-02 7.40000000e-01 1.85852485e+07
1.00000000e-02 2.00000000e-02 7.50000000e-01 1.86365143e+07
1.00000000e-02 2.00000000e-02 7.60000000e-01 1.86840763e+07
1.00000000e-02 2.00000000e-02 7.70000000e-01 1.87297984e+07
1.00000000e-02 2.00000000e-02 7.80000000e-01 1.87729730e+07
1.00000000e-02 2.00000000e-02 7.90000000e-01 1.88137192e+07
1.00000000e-02 2.00000000e-02 8.00000000e-01 1.88529938e+07
1.00000000e-02 2.00000000e-02 8.10000000e-01 1.88896938e+07
1.00000000e-02 2.00000000e-02 8.20000000e-01 1.89237120e+07
1.00000000e-02 2.00000000e-02 8.30000000e-01 1.89566390e+07
1.00000000e-02 2.00000000e-02 8.40000000e-01 1.89874478e+07
1.00000000e-02 2.00000000e-02 8.50000000e-01 1.90162526e+07
1.00000000e-02 2.00000000e-02 8.60000000e-01 1.90449701e+07
1.00000000e-02 2.00000000e-02 8.70000000e-01 1.90752613e+07
1.00000000e-02 2.00000000e-02 8.80000000e-01 1.90980997e+07
1.00000000e-02 2.00000000e-02 8.90000000e-01 1.91221963e+07
1.00000000e-02 2.00000000e-02 9.00000000e-01 1.91454230e+07
1.00000000e-02 2.00000000e-02 9.10000000e-01 1.91682461e+07
1.00000000e-02 2.00000000e-02 9.20000000e-01 1.91955216e+07
1.00000000e-02 2.00000000e-02 9.30000000e-01 1.91983684e+07
1.00000000e-02 2.00000000e-02 9.40000000e-01 1.92077398e+07
1.00000000e-02 2.00000000e-02 9.50000000e-01 1.92168677e+07
1.00000000e-02 2.00000000e-02 9.60000000e-01 1.92292245e+07
1.00000000e-02 2.00000000e-02 9.70000000e-01 1.92339574e+07
1.00000000e-02 2.00000000e-02 9.80000000e-01 1.92456041e+07
1.00000000e-02 2.00000000e-02 9.90000000e-01 1.92653663e+07
1.00000000e-02 2.00000000e-02 1.00000000e+00 1.92783690e+07
1.00000000e-02 2.00000000e-02 1.01000000e+00 1.92853713e+07
1.00000000e-02 2.00000000e-02 1.02000000e+00 1.95753302e+07
1.00000000e-02 2.00000000e-02 1.03000000e+00 1.95113640e+07
1.00000000e-02 2.00000000e-02 1.04000000e+00 1.95311398e+07
1.00000000e-02 2.00000000e-02 1.05000000e+00 1.98807781e+07
1.00000000e-02 2.00000000e-02 1.06000000e+00 1.97447657e+07
1.00000000e-02 2.00000000e-02 1.07000000e+00 1.95208750e+07
1.00000000e-02 2.00000000e-02 1.08000000e+00 1.94853644e+07
1.00000000e-02 2.00000000e-02 1.09000000e+00 1.95105847e+07
1.00000000e-02 2.00000000e-02 1.10000000e+00 1.94019159e+07
1.00000000e-02 2.00000000e-02 1.11000000e+00 1.93660842e+07
1.00000000e-02 2.00000000e-02 1.12000000e+00 1.92983015e+07
1.00000000e-02 2.00000000e-02 1.13000000e+00 1.92791972e+07
1.00000000e-02 2.00000000e-02 1.14000000e+00 1.92012945e+07
1.00000000e-02 2.00000000e-02 1.15000000e+00 1.91575862e+07
1.00000000e-02 2.00000000e-02 1.16000000e+00 1.91143944e+07
1.00000000e-02 2.00000000e-02 1.17000000e+00 1.90785052e+07
1.00000000e-02 2.00000000e-02 1.18000000e+00 1.90459998e+07
1.00000000e-02 2.00000000e-02 1.19000000e+00 1.90716356e+07
1.00000000e-02 2.00000000e-02 1.20000000e+00 1.90421973e+07
1.00000000e-02 2.00000000e-02 1.21000000e+00 1.90113074e+07
1.00000000e-02 2.00000000e-02 1.22000000e+00 1.89830806e+07
1.00000000e-02 2.00000000e-02 1.23000000e+00 1.89575366e+07
1.00000000e-02 2.00000000e-02 1.24000000e+00 1.89344363e+07
1.00000000e-02 2.00000000e-02 1.25000000e+00 1.89352845e+07
1.00000000e-02 2.00000000e-02 1.26000000e+00 1.89041323e+07
1.00000000e-02 2.00000000e-02 1.27000000e+00 1.88516041e+07
1.00000000e-02 2.00000000e-02 1.28000000e+00 1.88334552e+07
1.00000000e-02 2.00000000e-02 1.29000000e+00 1.88016512e+07
1.00000000e-02 2.00000000e-02 1.30000000e+00 1.87755990e+07
1.00000000e-02 2.00000000e-02 1.31000000e+00 1.87517868e+07
1.00000000e-02 2.00000000e-02 1.32000000e+00 1.87366246e+07
1.00000000e-02 2.00000000e-02 1.33000000e+00 1.87229476e+07
1.00000000e-02 2.00000000e-02 1.34000000e+00 1.87074143e+07
1.00000000e-02 2.00000000e-02 1.35000000e+00 1.87023356e+07
1.00000000e-02 2.00000000e-02 1.36000000e+00 1.86022168e+07
1.00000000e-02 2.00000000e-02 1.37000000e+00 1.85296431e+07
1.00000000e-02 2.00000000e-02 1.38000000e+00 1.84844044e+07
1.00000000e-02 2.00000000e-02 1.39000000e+00 1.84026067e+07
1.00000000e-02 2.00000000e-02 1.40000000e+00 1.83385882e+07
1.00000000e-02 2.00000000e-02 1.41000000e+00 1.83882892e+07
1.00000000e-02 2.00000000e-02 1.42000000e+00 1.82058929e+07
1.00000000e-02 2.00000000e-02 1.43000000e+00 1.81847734e+07
1.00000000e-02 2.00000000e-02 1.44000000e+00 1.81311281e+07
1.00000000e-02 2.00000000e-02 1.45000000e+00 1.80839608e+07
1.00000000e-02 2.00000000e-02 1.46000000e+00 1.80799348e+07
1.00000000e-02 2.00000000e-02 1.47000000e+00 1.84474585e+07
1.00000000e-02 2.00000000e-02 1.48000000e+00 1.80326028e+07
1.00000000e-02 2.00000000e-02 1.49000000e+00 1.79626197e+07
1.00000000e-02 2.00000000e-02 1.50000000e+00 1.79222476e+07
1.00000000e-02 2.00000000e-02 1.51000000e+00 1.78731717e+07
1.00000000e-02 2.00000000e-02 1.52000000e+00 1.77858641e+07
1.00000000e-02 2.00000000e-02 1.53000000e+00 1.77270022e+07
1.00000000e-02 2.00000000e-02 1.54000000e+00 1.76970821e+07
1.00000000e-02 2.00000000e-02 1.55000000e+00 1.76330097e+07
1.00000000e-02 2.00000000e-02 1.56000000e+00 1.75802553e+07
1.00000000e-02 2.00000000e-02 1.57000000e+00 1.75335083e+07
1.00000000e-02 2.00000000e-02 1.58000000e+00 1.74791563e+07
1.00000000e-02 2.00000000e-02 1.59000000e+00 1.74529759e+07
1.00000000e-02 2.00000000e-02 1.60000000e+00 1.74649713e+07
1.00000000e-02 2.00000000e-02 1.61000000e+00 1.73486623e+07
1.00000000e-02 2.00000000e-02 1.62000000e+00 1.73210888e+07
1.00000000e-02 2.00000000e-02 1.63000000e+00 1.71907594e+07
1.00000000e-02 2.00000000e-02 1.64000000e+00 1.71350486e+07
1.00000000e-02 2.00000000e-02 1.65000000e+00 1.71339631e+07
1.00000000e-02 2.00000000e-02 1.66000000e+00 1.70924054e+07
1.00000000e-02 2.00000000e-02 1.67000000e+00 1.69749956e+07
1.00000000e-02 2.00000000e-02 1.68000000e+00 1.69346302e+07
1.00000000e-02 2.00000000e-02 1.69000000e+00 1.68737744e+07
1.00000000e-02 2.00000000e-02 1.70000000e+00 1.68315424e+07
1.00000000e-02 2.00000000e-02 1.71000000e+00 1.67877428e+07
1.00000000e-02 2.00000000e-02 1.72000000e+00 1.67988695e+07
1.00000000e-02 2.00000000e-02 1.73000000e+00 1.67581890e+07
1.00000000e-02 2.00000000e-02 1.74000000e+00 1.67143300e+07
1.00000000e-02 2.00000000e-02 1.75000000e+00 1.67255679e+07
1.00000000e-02 2.00000000e-02 1.76000000e+00 1.67187740e+07
1.00000000e-02 2.00000000e-02 1.77000000e+00 1.66973050e+07
1.00000000e-02 2.00000000e-02 1.78000000e+00 1.66858476e+07
1.00000000e-02 2.00000000e-02 1.79000000e+00 1.66901900e+07
1.00000000e-02 2.00000000e-02 1.80000000e+00 1.67151590e+07
1.00000000e-02 2.00000000e-02 1.81000000e+00 1.67555771e+07
1.00000000e-02 2.00000000e-02 1.82000000e+00 1.68373541e+07
1.00000000e-02 2.00000000e-02 1.83000000e+00 1.69096587e+07
1.00000000e-02 2.00000000e-02 1.84000000e+00 1.70264866e+07
1.00000000e-02 2.00000000e-02 1.85000000e+00 1.71344095e+07
1.00000000e-02 2.00000000e-02 1.86000000e+00 1.72829363e+07
1.00000000e-02 2.00000000e-02 1.87000000e+00 1.69248856e+07
1.00000000e-02 2.00000000e-02 1.88000000e+00 1.66144898e+07
1.00000000e-02 2.00000000e-02 1.89000000e+00 1.63747783e+07
1.00000000e-02 2.00000000e-02 1.90000000e+00 1.61825851e+07
1.00000000e-02 2.00000000e-02 1.91000000e+00 1.60277999e+07
1.00000000e-02 2.00000000e-02 1.92000000e+00 1.58960215e+07
1.00000000e-02 2.00000000e-02 1.93000000e+00 1.57941203e+07
1.00000000e-02 2.00000000e-02 1.94000000e+00 1.57440124e+07
1.00000000e-02 2.00000000e-02 1.95000000e+00 1.57257929e+07
1.00000000e-02 2.00000000e-02 1.96000000e+00 1.56192174e+07
1.00000000e-02 2.00000000e-02 1.97000000e+00 1.55028136e+07
1.00000000e-02 2.00000000e-02 1.98000000e+00 1.54227531e+07
1.00000000e-02 2.00000000e-02 1.99000000e+00 1.54617326e+07
1.00000000e-02 2.00000000e-02 2.00000000e+00 1.70282001e+07
2.00000000e-02 3.00000000e-02 1.00000000e-02 8.07775642e+05
2.00000000e-02 3.00000000e-02 2.00000000e-02 1.60544543e+06
2.00000000e-02 3.00000000e-02 3.00000000e-02 2.39140260e+06
2.00000000e-02 3.00000000e-02 4.00000000e-02 3.16531536e+06
2.00000000e-02 3.00000000e-02 5.00000000e-02 3.92631009e+06
2.00000000e-02 3.00000000e-02 6.00000000e-02 4.68219986e+06
2.00000000e-02 3.00000000e-02 7.00000000e-02 5.42850138e+06
2.00000000e-02 3.00000000e-02 8.00000000e-02 6.23323227e+06
2.00000000e-02 3.00000000e-02 9.00000000e-02 7.07664622e+06
2.00000000e-02 3.00000000e-02 1.00000000e-01 8.15071022e+06
2.00000000e-02 3.00000000e-02 1.10000000e-01 8.88686959e+06
2.00000000e-02 3.00000000e-02 1.20000000e-01 9.57877054e+06
2.00000000e-02 3.00000000e-02 1.30000000e-01 1.02409094e+07
2.00000000e-02 3.00000000e-02 1.40000000e-01 1.08891578e+07
2.00000000e-02 3.00000000e-02 1.50000000e-01 1.15372337e+07
2.00000000e-02 3.00000000e-02 1.60000000e-01 1.21703879e+07
2.00000000e-02 3.00000000e-02 1.70000000e-01 1.27791773e+07
2.00000000e-02 3.00000000e-02 1.80000000e-01 1.33782797e+07
2.00000000e-02 3.00000000e-02 1.90000000e-01 1.39650460e+07
2.00000000e-02 3.00000000e-02 2.00000000e-01 1.45285998e+07
2.00000000e-02 3.00000000e-02 2.10000000e-01 1.50854592e+07
2.00000000e-02 3.00000000e-02 2.20000000e-01 1.56196603e+07
2.00000000e-02 3.00000000e-02 2.30000000e-01 1.61455961e+07
2.00000000e-02 3.00000000e-02 2.40000000e-01 1.66555597e+07
2.00000000e-02 3.00000000e-02 2.50000000e-01 1.71526693e+07
2.00000000e-02 3.00000000e-02 2.60000000e-01 1.76326550e+07
2.00000000e-02 3.00000000e-02 2.70000000e-01 1.81043521e+07
2.00000000e-02 3.00000000e-02 2.80000000e-01 1.85594787e+07
2.00000000e-02 3.00000000e-02 2.90000000e-01 1.90005150e+07
2.00000000e-02 3.00000000e-02 3.00000000e-01 1.94303761e+07
2.00000000e-02 3.00000000e-02 3.10000000e-01 1.98472247e+07
2.00000000e-02 3.00000000e-02 3.20000000e-01 2.02531026e+07
2.00000000e-02 3.00000000e-02 3.30000000e-01 2.06459843e+07
2.00000000e-02 3.00000000e-02 3.40000000e-01 2.10264991e+07
2.00000000e-02 3.00000000e-02 3.50000000e-01 2.13956984e+07
2.00000000e-02 3.00000000e-02 3.60000000e-01 2.17556371e+07
2.00000000e-02 3.00000000e-02 3.70000000e-01 2.21118870e+07
2.00000000e-02 3.00000000e-02 3.80000000e-01 2.24476861e+07
2.00000000e-02 3.00000000e-02 3.90000000e-01 2.27723493e+07
2.00000000e-02 3.00000000e-02 4.00000000e-01 2.30862618e+07
2.00000000e-02 3.00000000e-02 4.10000000e-01 2.33900565e+07
2.00000000e-02 3.00000000e-02 4.20000000e-01 2.36858416e+07
2.00000000e-02 3.00000000e-02 4.30000000e-01 2.39704556e+07
2.00000000e-02 3.00000000e-02 4.40000000e-01 2.42456628e+07
2.00000000e-02 3.00000000e-02 4.50000000e-01 2.45108360e+07
2.00000000e-02 3.00000000e-02 4.60000000e-01 2.47676428e+07
2.00000000e-02 3.00000000e-02 4.70000000e-01 2.50150234e+07
2.00000000e-02 3.00000000e-02 4.80000000e-01 2.52557218e+07
2.00000000e-02 3.00000000e-02 4.90000000e-01 2.55234339e+07
2.00000000e-02 3.00000000e-02 5.00000000e-01 2.58523177e+07
2.00000000e-02 3.00000000e-02 5.10000000e-01 2.60672526e+07
2.00000000e-02 3.00000000e-02 5.20000000e-01 2.62756317e+07
2.00000000e-02 3.00000000e-02 5.30000000e-01 2.64753937e+07
2.00000000e-02 3.00000000e-02 5.40000000e-01 2.66694429e+07
2.00000000e-02 3.00000000e-02 5.50000000e-01 2.68708689e+07
2.00000000e-02 3.00000000e-02 5.60000000e-01 2.70377652e+07
2.00000000e-02 3.00000000e-02 5.70000000e-01 2.72105236e+07
2.00000000e-02 3.00000000e-02 5.80000000e-01 2.73736575e+07
2.00000000e-02 3.00000000e-02 5.90000000e-01 2.75305537e+07
2.00000000e-02 3.00000000e-02 6.00000000e-01 2.76797630e+07
2.00000000e-02 3.00000000e-02 6.10000000e-01 2.78230738e+07
2.00000000e-02 3.00000000e-02 6.20000000e-01 2.79607643e+07
2.00000000e-02 3.00000000e-02 6.30000000e-01 2.80931422e+07
2.00000000e-02 3.00000000e-02 6.40000000e-01 2.82270589e+07
2.00000000e-02 3.00000000e-02 6.50000000e-01 2.86954311e+07
2.00000000e-02 3.00000000e-02 6.60000000e-01 2.89754375e+07
2.00000000e-02 3.00000000e-02 6.70000000e-01 2.90875071e+07
2.00000000e-02 3.00000000e-02 6.80000000e-01 2.91889728e+07
2.00000000e-02 3.00000000e-02 6.90000000e-01 2.92915258e+07
2.00000000e-02 3.00000000e-02 7.00000000e-01 2.93897251e+07
2.00000000e-02 3.00000000e-02 7.10000000e-01 2.94842694e+07
2.00000000e-02 3.00000000e-02 7.20000000e-01 2.95755012e+07
2.00000000e-02 3.00000000e-02 7.30000000e-01 2.96378401e+07
2.00000000e-02 3.00000000e-02 7.40000000e-01 2.98366665e+07
2.00000000e-02 3.00000000e-02 7.50000000e-01 2.99167097e+07
2.00000000e-02 3.00000000e-02 7.60000000e-01 2.99907036e+07
2.00000000e-02 3.00000000e-02 7.70000000e-01 3.00616823e+07
2.00000000e-02 3.00000000e-02 7.80000000e-01 3.01286935e+07
2.00000000e-02 3.00000000e-02 7.90000000e-01 3.01918665e+07
2.00000000e-02 3.00000000e-02 8.00000000e-01 3.02526605e+07
2.00000000e-02 3.00000000e-02 8.10000000e-01 3.03093076e+07
2.00000000e-02 3.00000000e-02 8.20000000e-01 3.03616825e+07
2.00000000e-02 3.00000000e-02 8.30000000e-01 3.04125283e+07
2.00000000e-02 3.00000000e-02 8.40000000e-01 3.04597350e+07
2.00000000e-02 3.00000000e-02 8.50000000e-01 3.05038294e+07
2.00000000e-02 3.00000000e-02 8.60000000e-01 3.05477953e+07
2.00000000e-02 3.00000000e-02 8.70000000e-01 3.05944321e+07
2.00000000e-02 3.00000000e-02 8.80000000e-01 3.06290376e+07
2.00000000e-02 3.00000000e-02 8.90000000e-01 3.06657586e+07
2.00000000e-02 3.00000000e-02 9.00000000e-01 3.07012930e+07
2.00000000e-02 3.00000000e-02 9.10000000e-01 3.07362548e+07
2.00000000e-02 3.00000000e-02 9.20000000e-01 3.07784956e+07
2.00000000e-02 3.00000000e-02 9.30000000e-01 3.07803123e+07
2.00000000e-02 3.00000000e-02 9.40000000e-01 3.07932263e+07
2.00000000e-02 3.00000000e-02 9.50000000e-01 3.08058140e+07
2.00000000e-02 3.00000000e-02 9.60000000e-01 3.08238785e+07
2.00000000e-02 3.00000000e-02 9.70000000e-01 3.08294428e+07
2.00000000e-02 3.00000000e-02 9.80000000e-01 3.08464430e+07
2.00000000e-02 3.00000000e-02 9.90000000e-01 3.08771071e+07
2.00000000e-02 3.00000000e-02 1.00000000e+00 3.08962236e+07
2.00000000e-02 3.00000000e-02 1.01000000e+00 3.09059526e+07
2.00000000e-02 3.00000000e-02 1.02000000e+00 3.13792560e+07
2.00000000e-02 3.00000000e-02 1.03000000e+00 3.12685288e+07
2.00000000e-02 3.00000000e-02 1.04000000e+00 3.12991088e+07
2.00000000e-02 3.00000000e-02 1.05000000e+00 3.18679929e+07
2.00000000e-02 3.00000000e-02 1.06000000e+00 3.16438561e+07
2.00000000e-02 3.00000000e-02 1.07000000e+00 3.12753347e+07
2.00000000e-02 3.00000000e-02 1.08000000e+00 3.12150343e+07
2.00000000e-02 3.00000000e-02 1.09000000e+00 3.12529235e+07
2.00000000e-02 3.00000000e-02 1.10000000e+00 3.10740822e+07
2.00000000e-02 3.00000000e-02 1.11000000e+00 3.10142511e+07
2.00000000e-02 3.00000000e-02 1.12000000e+00 3.09014278e+07
2.00000000e-02 3.00000000e-02 1.13000000e+00 3.08677946e+07
2.00000000e-02 3.00000000e-02 1.14000000e+00 3.07391739e+07
2.00000000e-02 3.00000000e-02 1.15000000e+00 3.06663372e+07
2.00000000e-02 3.00000000e-02 1.16000000e+00 3.05940470e+07
2.00000000e-02 3.00000000e-02 1.17000000e+00 3.05339473e+07
2.00000000e-02 3.00000000e-02 1.18000000e+00 3.04794802e+07
2.00000000e-02 3.00000000e-02 1.19000000e+00 3.05192630e+07
2.00000000e-02 3.00000000e-02 1.20000000e+00 3.04700042e+07
2.00000000e-02 3.00000000e-02 1.21000000e+00 3.04182151e+07
2.00000000e-02 3.00000000e-02 1.22000000e+00 3.03710364e+07
2.00000000e-02 3.00000000e-02 1.23000000e+00 3.03283046e+07
2.00000000e-02 3.00000000e-02 1.24000000e+00 3.02895487e+07
2.00000000e-02 3.00000000e-02 1.25000000e+00 3.02895724e+07
2.00000000e-02 3.00000000e-02 1.26000000e+00 3.02379188e+07
2.00000000e-02 3.00000000e-02 1.27000000e+00 3.01516159e+07
2.00000000e-02 3.00000000e-02 1.28000000e+00 3.01210715e+07
2.00000000e-02 3.00000000e-02 1.29000000e+00 3.00686458e+07
2.00000000e-02 3.00000000e-02 1.30000000e+00 3.00256460e+07
2.00000000e-02 3.00000000e-02 1.31000000e+00 2.99867786e+07
2.00000000e-02 3.00000000e-02 1.32000000e+00 2.99617560e+07
2.00000000e-02 3.00000000e-02 1.33000000e+00 2.99387950e+07
2.00000000e-02 3.00000000e-02 1.34000000e+00 2.99140829e+07
2.00000000e-02 3.00000000e-02 1.35000000e+00 2.99068198e+07
2.00000000e-02 3.00000000e-02 1.36000000e+00 2.97406823e+07
2.00000000e-02 3.00000000e-02 1.37000000e+00 2.96206054e+07
2.00000000e-02 3.00000000e-02 1.38000000e+00 2.95455418e+07
2.00000000e-02 3.00000000e-02 1.39000000e+00 2.94110235e+07
2.00000000e-02 3.00000000e-02 1.40000000e+00 2.93057842e+07
2.00000000e-02 3.00000000e-02 1.41000000e+00 2.93862911e+07
2.00000000e-02 3.00000000e-02 1.42000000e+00 2.90879491e+07
2.00000000e-02 3.00000000e-02 1.43000000e+00 2.90526524e+07
2.00000000e-02 3.00000000e-02 1.44000000e+00 2.89654721e+07
2.00000000e-02 3.00000000e-02 1.45000000e+00 2.88881034e+07
2.00000000e-02 3.00000000e-02 1.46000000e+00 2.88808882e+07
2.00000000e-02 3.00000000e-02 1.47000000e+00 2.94874403e+07
2.00000000e-02 3.00000000e-02 1.48000000e+00 2.88006668e+07
2.00000000e-02 3.00000000e-02 1.49000000e+00 2.86865369e+07
2.00000000e-02 3.00000000e-02 1.50000000e+00 2.86201413e+07
2.00000000e-02 3.00000000e-02 1.51000000e+00 2.85401633e+07
2.00000000e-02 3.00000000e-02 1.52000000e+00 2.83977690e+07
2.00000000e-02 3.00000000e-02 1.53000000e+00 2.83017466e+07
2.00000000e-02 3.00000000e-02 1.54000000e+00 2.82523426e+07
2.00000000e-02 3.00000000e-02 1.55000000e+00 2.81485590e+07
2.00000000e-02 3.00000000e-02 1.56000000e+00 2.80621692e+07
2.00000000e-02 3.00000000e-02 1.57000000e+00 2.79861074e+07
2.00000000e-02 3.00000000e-02 1.58000000e+00 2.78980188e+07
2.00000000e-02 3.00000000e-02 1.59000000e+00 2.78556106e+07
2.00000000e-02 3.00000000e-02 1.60000000e+00 2.78628489e+07
2.00000000e-02 3.00000000e-02 1.61000000e+00 2.76835591e+07
2.00000000e-02 3.00000000e-02 1.62000000e+00 2.76400460e+07
2.00000000e-02 3.00000000e-02 1.63000000e+00 2.74277058e+07
2.00000000e-02 3.00000000e-02 1.64000000e+00 2.73370116e+07
2.00000000e-02 3.00000000e-02 1.65000000e+00 2.73354380e+07
2.00000000e-02 3.00000000e-02 1.66000000e+00 2.72649859e+07
2.00000000e-02 3.00000000e-02 1.67000000e+00 2.70760010e+07
2.00000000e-02 3.00000000e-02 1.68000000e+00 2.70101727e+07
2.00000000e-02 3.00000000e-02 1.69000000e+00 2.69111344e+07
2.00000000e-02 3.00000000e-02 1.70000000e+00 2.68413087e+07
2.00000000e-02 3.00000000e-02 1.71000000e+00 2.67706768e+07
2.00000000e-02 3.00000000e-02 1.72000000e+00 2.67887759e+07
2.00000000e-02 3.00000000e-02 1.73000000e+00 2.67218606e+07
2.00000000e-02 3.00000000e-02 1.74000000e+00 2.66499836e+07
2.00000000e-02 3.00000000e-02 1.75000000e+00 2.66677328e+07
2.00000000e-02 3.00000000e-02 1.76000000e+00 2.66566644e+07
2.00000000e-02 3.00000000e-02 1.77000000e+00 2.66216091e+07
2.00000000e-02 3.00000000e-02 1.78000000e+00 2.66032371e+07
2.00000000e-02 3.00000000e-02 1.79000000e+00 2.66112649e+07
2.00000000e-02 3.00000000e-02 1.80000000e+00 2.66526264e+07
2.00000000e-02 3.00000000e-02 1.81000000e+00 2.67193859e+07
2.00000000e-02 3.00000000e-02 1.82000000e+00 2.68535664e+07
2.00000000e-02 3.00000000e-02 1.83000000e+00 2.69749328e+07
2.00000000e-02 3.00000000e-02 1.84000000e+00 2.71684238e+07
2.00000000e-02 3.00000000e-02 1.85000000e+00 2.73486310e+07
2.00000000e-02 3.00000000e-02 1.86000000e+00 2.75980720e+07
2.00000000e-02 3.00000000e-02 1.87000000e+00 2.70060622e+07
2.00000000e-02 3.00000000e-02 1.88000000e+00 2.64958955e+07
2.00000000e-02 3.00000000e-02 1.89000000e+00 2.61030947e+07
2.00000000e-02 3.00000000e-02 1.90000000e+00 2.57890242e+07
2.00000000e-02 3.00000000e-02 1.91000000e+00 2.55369998e+07
2.00000000e-02 3.00000000e-02 1.92000000e+00 2.53230259e+07
2.00000000e-02 3.00000000e-02 1.93000000e+00 2.51574079e+07
2.00000000e-02 3.00000000e-02 1.94000000e+00 2.50744589e+07
2.00000000e-02 3.00000000e-02 1.95000000e+00 2.50458461e+07
2.00000000e-02 3.00000000e-02 1.96000000e+00 2.48745306e+07
2.00000000e-02 3.00000000e-02 1.97000000e+00 2.46869401e+07
2.00000000e-02 3.00000000e-02 1.98000000e+00 2.45585963e+07
2.00000000e-02 3.00000000e-02 1.99000000e+00 2.46214971e+07
2.00000000e-02 3.00000000e-02 2.00000000e+00 2.72011492e+07
3.00000000e-02 4.00000000e-02 1.00000000e-02 1.08168842e+06
3.00000000e-02 4.00000000e-02 2.00000000e-02 2.14964317e+06
3.00000000e-02 4.00000000e-02 3.00000000e-02 3.20166186e+06
3.00000000e-02 4.00000000e-02 4.00000000e-02 4.23733906e+06
3.00000000e-02 4.00000000e-02 5.00000000e-02 5.25549423e+06
3.00000000e-02 4.00000000e-02 6.00000000e-02 6.26713312e+06
3.00000000e-02 4.00000000e-02 7.00000000e-02 7.26607758e+06
3.00000000e-02 4.00000000e-02 8.00000000e-02 8.34940316e+06
3.00000000e-02 4.00000000e-02 9.00000000e-02 9.49485210e+06
3.00000000e-02 4.00000000e-02 1.00000000e-01 1.08992309e+07
3.00000000e-02 4.00000000e-02 1.10000000e-01 1.18764745e+07
3.00000000e-02 4.00000000e-02 1.20000000e-01 1.27948983e+07
3.00000000e-02 4.00000000e-02 1.30000000e-01 1.36769694e+07
3.00000000e-02 4.00000000e-02 1.40000000e-01 1.45477947e+07
3.00000000e-02 4.00000000e-02 1.50000000e-01 1.54086450e+07
3.00000000e-02 4.00000000e-02 1.60000000e-01 1.62510346e+07
3.00000000e-02 4.00000000e-02 1.70000000e-01 1.70639438e+07
3.00000000e-02 4.00000000e-02 1.80000000e-01 1.78599368e+07
3.00000000e-02 4.00000000e-02 1.90000000e-01 1.86404371e+07
3.00000000e-02 4.00000000e-02 2.00000000e-01 1.93906491e+07
3.00000000e-02 4.00000000e-02 2.10000000e-01 2.01299698e+07
3.00000000e-02 4.00000000e-02 2.20000000e-01 2.08405964e+07
3.00000000e-02 4.00000000e-02 2.30000000e-01 2.15380741e+07
3.00000000e-02 4.00000000e-02 2.40000000e-01 2.22158386e+07
3.00000000e-02 4.00000000e-02 2.50000000e-01 2.28747539e+07
3.00000000e-02 4.00000000e-02 2.60000000e-01 2.35117396e+07
3.00000000e-02 4.00000000e-02 2.70000000e-01 2.41365378e+07
3.00000000e-02 4.00000000e-02 2.80000000e-01 2.47396668e+07
3.00000000e-02 4.00000000e-02 2.90000000e-01 2.53235876e+07
3.00000000e-02 4.00000000e-02 3.00000000e-01 2.58924984e+07
3.00000000e-02 4.00000000e-02 3.10000000e-01 2.64442124e+07
3.00000000e-02 4.00000000e-02 3.20000000e-01 2.69807668e+07
3.00000000e-02 4.00000000e-02 3.30000000e-01 2.74999024e+07
3.00000000e-02 4.00000000e-02 3.40000000e-01 2.80026257e+07
3.00000000e-02 4.00000000e-02 3.50000000e-01 2.84903181e+07
3.00000000e-02 4.00000000e-02 3.60000000e-01 2.89650664e+07
3.00000000e-02 4.00000000e-02 3.70000000e-01 2.94356652e+07
3.00000000e-02 4.00000000e-02 3.80000000e-01 2.98782606e+07
3.00000000e-02 4.00000000e-02 3.90000000e-01 3.03058921e+07
3.00000000e-02 4.00000000e-02 4.00000000e-01 3.07191728e+07
3.00000000e-02 4.00000000e-02 4.10000000e-01 3.11187277e+07
3.00000000e-02 4.00000000e-02 4.20000000e-01 3.15077187e+07
3.00000000e-02 4.00000000e-02 4.30000000e-01 3.18817714e+07
3.00000000e-02 4.00000000e-02 4.40000000e-01 3.22431266e+07
3.00000000e-02 4.00000000e-02 4.50000000e-01 3.25909907e+07
3.00000000e-02 4.00000000e-02 4.60000000e-01 3.29277643e+07
3.00000000e-02 4.00000000e-02 4.70000000e-01 3.32520191e+07
3.00000000e-02 4.00000000e-02 4.80000000e-01 3.35671330e+07
3.00000000e-02 4.00000000e-02 4.90000000e-01 3.39189190e+07
3.00000000e-02 4.00000000e-02 5.00000000e-01 3.43534166e+07
3.00000000e-02 4.00000000e-02 5.10000000e-01 3.46340863e+07
3.00000000e-02 4.00000000e-02 5.20000000e-01 3.49061987e+07
3.00000000e-02 4.00000000e-02 5.30000000e-01 3.51667715e+07
3.00000000e-02 4.00000000e-02 5.40000000e-01 3.54196872e+07
3.00000000e-02 4.00000000e-02 5.50000000e-01 3.56842913e+07
3.00000000e-02 4.00000000e-02 5.60000000e-01 3.59000588e+07
3.00000000e-02 4.00000000e-02 5.70000000e-01 3.61249677e+07
3.00000000e-02 4.00000000e-02 5.80000000e-01 3.63363690e+07
3.00000000e-02 4.00000000e-02 5.90000000e-01 3.65397190e+07
3.00000000e-02 4.00000000e-02 6.00000000e-01 3.67327615e+07
3.00000000e-02 4.00000000e-02 6.10000000e-01 3.69179399e+07
3.00000000e-02 4.00000000e-02 6.20000000e-01 3.70957834e+07
3.00000000e-02 4.00000000e-02 6.30000000e-01 3.72665575e+07
3.00000000e-02 4.00000000e-02 6.40000000e-01 3.74399373e+07
3.00000000e-02 4.00000000e-02 6.50000000e-01 3.80603897e+07
3.00000000e-02 4.00000000e-02 6.60000000e-01 3.84354763e+07
3.00000000e-02 4.00000000e-02 6.70000000e-01 3.85791885e+07
3.00000000e-02 4.00000000e-02 6.80000000e-01 3.87084372e+07
3.00000000e-02 4.00000000e-02 6.90000000e-01 3.88393618e+07
3.00000000e-02 4.00000000e-02 7.00000000e-01 3.89649431e+07
3.00000000e-02 4.00000000e-02 7.10000000e-01 3.90855873e+07
3.00000000e-02 4.00000000e-02 7.20000000e-01 3.92017690e+07
3.00000000e-02 4.00000000e-02 7.30000000e-01 3.92802361e+07
3.00000000e-02 4.00000000e-02 7.40000000e-01 3.95436231e+07
3.00000000e-02 4.00000000e-02 7.50000000e-01 3.96451937e+07
3.00000000e-02 4.00000000e-02 7.60000000e-01 3.97386471e+07
3.00000000e-02 4.00000000e-02 7.70000000e-01 3.98280045e+07
3.00000000e-02 4.00000000e-02 7.80000000e-01 3.99123428e+07
3.00000000e-02 4.00000000e-02 7.90000000e-01 3.99915571e+07
3.00000000e-02 4.00000000e-02 8.00000000e-01 4.00677354e+07
3.00000000e-02 4.00000000e-02 8.10000000e-01 4.01383949e+07
3.00000000e-02 4.00000000e-02 8.20000000e-01 4.02034757e+07
3.00000000e-02 4.00000000e-02 8.30000000e-01 4.02669350e+07
3.00000000e-02 4.00000000e-02 8.40000000e-01 4.03251614e+07
3.00000000e-02 4.00000000e-02 8.50000000e-01 4.03794842e+07
3.00000000e-02 4.00000000e-02 8.60000000e-01 4.04336578e+07
3.00000000e-02 4.00000000e-02 8.70000000e-01 4.04917110e+07
3.00000000e-02 4.00000000e-02 8.80000000e-01 4.05336134e+07
3.00000000e-02 4.00000000e-02 8.90000000e-01 4.05785093e+07
3.00000000e-02 4.00000000e-02 9.00000000e-01 4.06222723e+07
3.00000000e-02 4.00000000e-02 9.10000000e-01 4.06653826e+07
3.00000000e-02 4.00000000e-02 9.20000000e-01 4.07184726e+07
3.00000000e-02 4.00000000e-02 9.30000000e-01 4.07154068e+07
3.00000000e-02 4.00000000e-02 9.40000000e-01 4.07284220e+07
3.00000000e-02 4.00000000e-02 9.50000000e-01 4.07410950e+07
3.00000000e-02 4.00000000e-02 9.60000000e-01 4.07616601e+07
3.00000000e-02 4.00000000e-02 9.70000000e-01 4.07651009e+07
3.00000000e-02 4.00000000e-02 9.80000000e-01 4.07844223e+07
3.00000000e-02 4.00000000e-02 9.90000000e-01 4.08230930e+07
3.00000000e-02 4.00000000e-02 1.00000000e+00 4.08450401e+07
3.00000000e-02 4.00000000e-02 1.01000000e+00 4.08549504e+07
3.00000000e-02 4.00000000e-02 1.02000000e+00 4.14983539e+07
3.00000000e-02 4.00000000e-02 1.03000000e+00 4.13352388e+07
3.00000000e-02 4.00000000e-02 1.04000000e+00 4.13734882e+07
3.00000000e-02 4.00000000e-02 1.05000000e+00 4.21426063e+07
3.00000000e-02 4.00000000e-02 1.06000000e+00 4.18340642e+07
3.00000000e-02 4.00000000e-02 1.07000000e+00 4.13276104e+07
3.00000000e-02 4.00000000e-02 1.08000000e+00 4.12412019e+07
3.00000000e-02 4.00000000e-02 1.09000000e+00 4.12862225e+07
3.00000000e-02 4.00000000e-02 1.10000000e+00 4.10406081e+07
3.00000000e-02 4.00000000e-02 1.11000000e+00 4.09569374e+07
3.00000000e-02 4.00000000e-02 1.12000000e+00 4.07994712e+07
3.00000000e-02 4.00000000e-02 1.13000000e+00 4.07491763e+07
3.00000000e-02 4.00000000e-02 1.14000000e+00 4.05718509e+07
3.00000000e-02 4.00000000e-02 1.15000000e+00 4.04701258e+07
3.00000000e-02 4.00000000e-02 1.16000000e+00 4.03686306e+07
3.00000000e-02 4.00000000e-02 1.17000000e+00 4.02841980e+07
3.00000000e-02 4.00000000e-02 1.18000000e+00 4.02075860e+07
3.00000000e-02 4.00000000e-02 1.19000000e+00 4.02577054e+07
3.00000000e-02 4.00000000e-02 1.20000000e+00 4.01885711e+07
3.00000000e-02 4.00000000e-02 1.21000000e+00 4.01157317e+07
3.00000000e-02 4.00000000e-02 1.22000000e+00 4.00496294e+07
3.00000000e-02 4.00000000e-02 1.23000000e+00 3.99896601e+07
3.00000000e-02 4.00000000e-02 1.24000000e+00 3.99350411e+07
3.00000000e-02 4.00000000e-02 1.25000000e+00 3.99325733e+07
3.00000000e-02 4.00000000e-02 1.26000000e+00 3.98609310e+07
3.00000000e-02 4.00000000e-02 1.27000000e+00 3.97427546e+07
3.00000000e-02 4.00000000e-02 1.28000000e+00 3.96996081e+07
3.00000000e-02 4.00000000e-02 1.29000000e+00 3.96275103e+07
3.00000000e-02 4.00000000e-02 1.30000000e+00 3.95683114e+07
3.00000000e-02 4.00000000e-02 1.31000000e+00 3.95156597e+07
3.00000000e-02 4.00000000e-02 1.32000000e+00 3.94813426e+07
3.00000000e-02 4.00000000e-02 1.33000000e+00 3.94492210e+07
3.00000000e-02 4.00000000e-02 1.34000000e+00 3.94170159e+07
3.00000000e-02 4.00000000e-02 1.35000000e+00 3.94093544e+07
3.00000000e-02 4.00000000e-02 1.36000000e+00 3.91783692e+07
3.00000000e-02 4.00000000e-02 1.37000000e+00 3.90121623e+07
3.00000000e-02 4.00000000e-02 1.38000000e+00 3.89078780e+07
3.00000000e-02 4.00000000e-02 1.39000000e+00 3.87233327e+07
3.00000000e-02 4.00000000e-02 1.40000000e+00 3.85791119e+07
3.00000000e-02 4.00000000e-02 1.41000000e+00 3.86872445e+07
3.00000000e-02 4.00000000e-02 1.42000000e+00 3.82811086e+07
3.00000000e-02 4.00000000e-02 1.43000000e+00 3.82316031e+07
3.00000000e-02 4.00000000e-02 1.44000000e+00 3.81139549e+07
3.00000000e-02 4.00000000e-02 1.45000000e+00 3.80083109e+07
3.00000000e-02 4.00000000e-02 1.46000000e+00 3.79971165e+07
3.00000000e-02 4.00000000e-02 1.47000000e+00 3.88340436e+07
3.00000000e-02 4.00000000e-02 1.48000000e+00 3.78825937e+07
3.00000000e-02 4.00000000e-02 1.49000000e+00 3.77279321e+07
3.00000000e-02 4.00000000e-02 1.50000000e+00 3.76368839e+07
3.00000000e-02 4.00000000e-02 1.51000000e+00 3.75285140e+07
3.00000000e-02 4.00000000e-02 1.52000000e+00 3.73355291e+07
3.00000000e-02 4.00000000e-02 1.53000000e+00 3.72052937e+07
3.00000000e-02 4.00000000e-02 1.54000000e+00 3.71372948e+07
3.00000000e-02 4.00000000e-02 1.55000000e+00 3.69978922e+07
3.00000000e-02 4.00000000e-02 1.56000000e+00 3.68801016e+07
3.00000000e-02 4.00000000e-02 1.57000000e+00 3.67774172e+07
3.00000000e-02 4.00000000e-02 1.58000000e+00 3.66590003e+07
3.00000000e-02 4.00000000e-02 1.59000000e+00 3.66021131e+07
3.00000000e-02 4.00000000e-02 1.60000000e+00 3.65909295e+07
3.00000000e-02 4.00000000e-02 1.61000000e+00 3.63653898e+07
3.00000000e-02 4.00000000e-02 1.62000000e+00 3.63091643e+07
3.00000000e-02 4.00000000e-02 1.63000000e+00 3.60216862e+07
3.00000000e-02 4.00000000e-02 1.64000000e+00 3.58990948e+07
3.00000000e-02 4.00000000e-02 1.65000000e+00 3.58975951e+07
3.00000000e-02 4.00000000e-02 1.66000000e+00 3.57972150e+07
3.00000000e-02 4.00000000e-02 1.67000000e+00 3.55453939e+07
3.00000000e-02 4.00000000e-02 1.68000000e+00 3.54560990e+07
3.00000000e-02 4.00000000e-02 1.69000000e+00 3.53223335e+07
3.00000000e-02 4.00000000e-02 1.70000000e+00 3.52259404e+07
3.00000000e-02 4.00000000e-02 1.71000000e+00 3.51317527e+07
3.00000000e-02 4.00000000e-02 1.72000000e+00 3.51561102e+07
3.00000000e-02 4.00000000e-02 1.73000000e+00 3.50646054e+07
3.00000000e-02 4.00000000e-02 1.74000000e+00 3.49668734e+07
3.00000000e-02 4.00000000e-02 1.75000000e+00 3.49895504e+07
3.00000000e-02 4.00000000e-02 1.76000000e+00 3.49746468e+07
3.00000000e-02 4.00000000e-02 1.77000000e+00 3.49271109e+07
3.00000000e-02 4.00000000e-02 1.78000000e+00 3.49029199e+07
3.00000000e-02 4.00000000e-02 1.79000000e+00 3.49157089e+07
3.00000000e-02 4.00000000e-02 1.80000000e+00 3.49730936e+07
3.00000000e-02 4.00000000e-02 1.81000000e+00 3.50653666e+07
3.00000000e-02 4.00000000e-02 1.82000000e+00 3.52488434e+07
3.00000000e-02 4.00000000e-02 1.83000000e+00 3.54202163e+07
3.00000000e-02 4.00000000e-02 1.84000000e+00 3.56885243e+07
3.00000000e-02 4.00000000e-02 1.85000000e+00 3.59409442e+07
3.00000000e-02 4.00000000e-02 1.86000000e+00 3.62938857e+07
3.00000000e-02 4.00000000e-02 1.87000000e+00 3.54746534e+07
3.00000000e-02 4.00000000e-02 1.88000000e+00 3.47751127e+07
3.00000000e-02 4.00000000e-02 1.89000000e+00 3.42390428e+07
3.00000000e-02 4.00000000e-02 1.90000000e+00 3.38120411e+07
3.00000000e-02 4.00000000e-02 1.91000000e+00 3.34711674e+07
3.00000000e-02 4.00000000e-02 1.92000000e+00 3.31828203e+07
3.00000000e-02 4.00000000e-02 1.93000000e+00 3.29593125e+07
3.00000000e-02 4.00000000e-02 1.94000000e+00 3.28442755e+07
3.00000000e-02 4.00000000e-02 1.95000000e+00 3.28073201e+07
3.00000000e-02 4.00000000e-02 1.96000000e+00 3.25800064e+07
3.00000000e-02 4.00000000e-02 1.97000000e+00 3.23301002e+07
3.00000000e-02 4.00000000e-02 1.98000000e+00 3.21603677e+07
3.00000000e-02 4.00000000e-02 1.99000000e+00 3.22437966e+07
3.00000000e-02 4.00000000e-02 2.00000000e+00 3.57879050e+07
4.00000000e-02 5.00000000e-02 1.00000000e-02 1.31342181e+06
4.00000000e-02 5.00000000e-02 2.00000000e-02 2.60984873e+06
4.00000000e-02 5.00000000e-02 3.00000000e-02 3.88654258e+06
4.00000000e-02 5.00000000e-02 4.00000000e-02 5.14303544e+06
4.00000000e-02 5.00000000e-02 5.00000000e-02 6.37791980e+06
4.00000000e-02 5.00000000e-02 6.00000000e-02 7.60543106e+06
4.00000000e-02 5.00000000e-02 7.00000000e-02 8.81778278e+06
4.00000000e-02 5.00000000e-02 8.00000000e-02 1.01433742e+07
4.00000000e-02 5.00000000e-02 9.00000000e-02 1.15656381e+07
4.00000000e-02 5.00000000e-02 1.00000000e-01 1.32095987e+07
4.00000000e-02 5.00000000e-02 1.10000000e-01 1.43828064e+07
4.00000000e-02 5.00000000e-02 1.20000000e-01 1.54864537e+07
4.00000000e-02 5.00000000e-02 1.30000000e-01 1.65510727e+07
4.00000000e-02 5.00000000e-02 1.40000000e-01 1.76111265e+07
4.00000000e-02 5.00000000e-02 1.50000000e-01 1.86462260e+07
4.00000000e-02 5.00000000e-02 1.60000000e-01 1.96605270e+07
4.00000000e-02 5.00000000e-02 1.70000000e-01 2.06435562e+07
4.00000000e-02 5.00000000e-02 1.80000000e-01 2.16005678e+07
4.00000000e-02 5.00000000e-02 1.90000000e-01 2.25399768e+07
4.00000000e-02 5.00000000e-02 2.00000000e-01 2.34438704e+07
4.00000000e-02 5.00000000e-02 2.10000000e-01 2.43316621e+07
4.00000000e-02 5.00000000e-02 2.20000000e-01 2.51869648e+07
4.00000000e-02 5.00000000e-02 2.30000000e-01 2.60234477e+07
4.00000000e-02 5.00000000e-02 2.40000000e-01 2.68381742e+07
4.00000000e-02 5.00000000e-02 2.50000000e-01 2.76277776e+07
4.00000000e-02 5.00000000e-02 2.60000000e-01 2.83921411e+07
4.00000000e-02 5.00000000e-02 2.70000000e-01 2.91400990e+07
4.00000000e-02 5.00000000e-02 2.80000000e-01 2.98625455e+07
4.00000000e-02 5.00000000e-02 2.90000000e-01 3.05611431e+07
4.00000000e-02 5.00000000e-02 3.00000000e-01 3.12414597e+07
4.00000000e-02 5.00000000e-02 3.10000000e-01 3.19012017e+07
4.00000000e-02 5.00000000e-02 3.20000000e-01 3.25418661e+07
4.00000000e-02 5.00000000e-02 3.30000000e-01 3.31613412e+07
4.00000000e-02 5.00000000e-02 3.40000000e-01 3.37610762e+07
4.00000000e-02 5.00000000e-02 3.50000000e-01 3.43427483e+07
4.00000000e-02 5.00000000e-02 3.60000000e-01 3.49079801e+07
4.00000000e-02 5.00000000e-02 3.70000000e-01 3.54692558e+07
4.00000000e-02 5.00000000e-02 3.80000000e-01 3.59956380e+07
4.00000000e-02 5.00000000e-02 3.90000000e-01 3.65038957e+07
4.00000000e-02 5.00000000e-02 4.00000000e-01 3.69945905e+07
4.00000000e-02 5.00000000e-02 4.10000000e-01 3.74685506e+07
4.00000000e-02 5.00000000e-02 4.20000000e-01 3.79298588e+07
4.00000000e-02 5.00000000e-02 4.30000000e-01 3.83729515e+07
4.00000000e-02 5.00000000e-02 4.40000000e-01 3.88005725e+07
4.00000000e-02 5.00000000e-02 4.50000000e-01 3.92116989e+07
4.00000000e-02 5.00000000e-02 4.60000000e-01 3.96095491e+07
4.00000000e-02 5.00000000e-02 4.70000000e-01 3.99923111e+07
4.00000000e-02 5.00000000e-02 4.80000000e-01 4.03637940e+07
4.00000000e-02 5.00000000e-02 4.90000000e-01 4.07796765e+07
4.00000000e-02 5.00000000e-02 5.00000000e-01 4.12985906e+07
4.00000000e-02 5.00000000e-02 5.10000000e-01 4.16282542e+07
4.00000000e-02 5.00000000e-02 5.20000000e-01 4.19478976e+07
4.00000000e-02 5.00000000e-02 5.30000000e-01 4.22535196e+07
4.00000000e-02 5.00000000e-02 5.40000000e-01 4.25498703e+07
4.00000000e-02 5.00000000e-02 5.50000000e-01 4.28628885e+07
4.00000000e-02 5.00000000e-02 5.60000000e-01 4.31131527e+07
4.00000000e-02 5.00000000e-02 5.70000000e-01 4.33762199e+07
4.00000000e-02 5.00000000e-02 5.80000000e-01 4.36220766e+07
4.00000000e-02 5.00000000e-02 5.90000000e-01 4.38585100e+07
4.00000000e-02 5.00000000e-02 6.00000000e-01 4.40823027e+07
4.00000000e-02 5.00000000e-02 6.10000000e-01 4.42967522e+07
4.00000000e-02 5.00000000e-02 6.20000000e-01 4.45024934e+07
4.00000000e-02 5.00000000e-02 6.30000000e-01 4.46998516e+07
4.00000000e-02 5.00000000e-02 6.40000000e-01 4.49011015e+07
4.00000000e-02 5.00000000e-02 6.50000000e-01 4.56416424e+07
4.00000000e-02 5.00000000e-02 6.60000000e-01 4.60999889e+07
4.00000000e-02 5.00000000e-02 6.70000000e-01 4.62646074e+07
4.00000000e-02 5.00000000e-02 6.80000000e-01 4.64111743e+07
4.00000000e-02 5.00000000e-02 6.90000000e-01 4.65604223e+07
4.00000000e-02 5.00000000e-02 7.00000000e-01 4.67037576e+07
4.00000000e-02 5.00000000e-02 7.10000000e-01 4.68411124e+07
4.00000000e-02 5.00000000e-02 7.20000000e-01 4.69730243e+07
4.00000000e-02 5.00000000e-02 7.30000000e-01 4.70609393e+07
4.00000000e-02 5.00000000e-02 7.40000000e-01 4.73759030e+07
4.00000000e-02 5.00000000e-02 7.50000000e-01 4.74906374e+07
4.00000000e-02 5.00000000e-02 7.60000000e-01 4.75953991e+07
4.00000000e-02 5.00000000e-02 7.70000000e-01 4.76951496e+07
4.00000000e-02 5.00000000e-02 7.80000000e-01 4.77892180e+07
4.00000000e-02 5.00000000e-02 7.90000000e-01 4.78773828e+07
4.00000000e-02 5.00000000e-02 8.00000000e-01 4.79617452e+07
4.00000000e-02 5.00000000e-02 8.10000000e-01 4.80396412e+07
4.00000000e-02 5.00000000e-02 8.20000000e-01 4.81108660e+07
4.00000000e-02 5.00000000e-02 8.30000000e-01 4.81808040e+07
4.00000000e-02 5.00000000e-02 8.40000000e-01 4.82439385e+07
4.00000000e-02 5.00000000e-02 8.50000000e-01 4.83028437e+07
4.00000000e-02 5.00000000e-02 8.60000000e-01 4.83615560e+07
4.00000000e-02 5.00000000e-02 8.70000000e-01 4.84255793e+07
4.00000000e-02 5.00000000e-02 8.80000000e-01 4.84696631e+07
4.00000000e-02 5.00000000e-02 8.90000000e-01 4.85178379e+07
4.00000000e-02 5.00000000e-02 9.00000000e-01 4.85652066e+07
4.00000000e-02 5.00000000e-02 9.10000000e-01 4.86121049e+07
4.00000000e-02 5.00000000e-02 9.20000000e-01 4.86714460e+07
4.00000000e-02 5.00000000e-02 9.30000000e-01 4.86593967e+07
4.00000000e-02 5.00000000e-02 9.40000000e-01 4.86686759e+07
4.00000000e-02 5.00000000e-02 9.50000000e-01 4.86777565e+07
4.00000000e-02 5.00000000e-02 9.60000000e-01 4.86972032e+07
4.00000000e-02 5.00000000e-02 9.70000000e-01 4.86952648e+07
4.00000000e-02 5.00000000e-02 9.80000000e-01 4.87135960e+07
4.00000000e-02 5.00000000e-02 9.90000000e-01 4.87570574e+07
4.00000000e-02 5.00000000e-02 1.00000000e+00 4.87782438e+07
4.00000000e-02 5.00000000e-02 1.01000000e+00 4.87854556e+07
4.00000000e-02 5.00000000e-02 1.02000000e+00 4.95830949e+07
4.00000000e-02 5.00000000e-02 1.03000000e+00 4.93609358e+07
4.00000000e-02 5.00000000e-02 1.04000000e+00 4.94031752e+07
4.00000000e-02 5.00000000e-02 1.05000000e+00 5.03486975e+07
4.00000000e-02 5.00000000e-02 1.06000000e+00 4.99608860e+07
4.00000000e-02 5.00000000e-02 1.07000000e+00 4.93256264e+07
4.00000000e-02 5.00000000e-02 1.08000000e+00 4.92117585e+07
4.00000000e-02 5.00000000e-02 1.09000000e+00 4.92572969e+07
4.00000000e-02 5.00000000e-02 1.10000000e+00 4.89497237e+07
4.00000000e-02 5.00000000e-02 1.11000000e+00 4.88429459e+07
4.00000000e-02 5.00000000e-02 1.12000000e+00 4.86417887e+07
4.00000000e-02 5.00000000e-02 1.13000000e+00 4.85726841e+07
4.00000000e-02 5.00000000e-02 1.14000000e+00 4.83496868e+07
4.00000000e-02 5.00000000e-02 1.15000000e+00 4.82197669e+07
4.00000000e-02 5.00000000e-02 1.16000000e+00 4.80895737e+07
4.00000000e-02 5.00000000e-02 1.17000000e+00 4.79810026e+07
4.00000000e-02 5.00000000e-02 1.18000000e+00 4.78823925e+07
4.00000000e-02 5.00000000e-02 1.19000000e+00 4.79380650e+07
4.00000000e-02 5.00000000e-02 1.20000000e+00 4.78493039e+07
4.00000000e-02 5.00000000e-02 1.21000000e+00 4.77556820e+07
4.00000000e-02 5.00000000e-02 1.22000000e+00 4.76710487e+07
4.00000000e-02 5.00000000e-02 1.23000000e+00 4.75941705e+07
4.00000000e-02 5.00000000e-02 1.24000000e+00 4.75236469e+07
4.00000000e-02 5.00000000e-02 1.25000000e+00 4.75170079e+07
4.00000000e-02 5.00000000e-02 1.26000000e+00 4.74262764e+07
4.00000000e-02 5.00000000e-02 1.27000000e+00 4.72789310e+07
4.00000000e-02 5.00000000e-02 1.28000000e+00 4.72232436e+07
4.00000000e-02 5.00000000e-02 1.29000000e+00 4.71328577e+07
4.00000000e-02 5.00000000e-02 1.30000000e+00 4.70587131e+07
4.00000000e-02 5.00000000e-02 1.31000000e+00 4.69939820e+07
4.00000000e-02 5.00000000e-02 1.32000000e+00 4.69513605e+07
4.00000000e-02 5.00000000e-02 1.33000000e+00 4.69109049e+07
4.00000000e-02 5.00000000e-02 1.34000000e+00 4.68731117e+07
4.00000000e-02 5.00000000e-02 1.35000000e+00 4.68677724e+07
4.00000000e-02 5.00000000e-02 1.36000000e+00 4.65734273e+07
4.00000000e-02 5.00000000e-02 1.37000000e+00 4.63631187e+07
4.00000000e-02 5.00000000e-02 1.38000000e+00 4.62305861e+07
4.00000000e-02 5.00000000e-02 1.39000000e+00 4.59997429e+07
4.00000000e-02 5.00000000e-02 1.40000000e+00 4.58195769e+07
4.00000000e-02 5.00000000e-02 1.41000000e+00 4.59514589e+07
4.00000000e-02 5.00000000e-02 1.42000000e+00 4.54482525e+07
4.00000000e-02 5.00000000e-02 1.43000000e+00 4.53846430e+07
4.00000000e-02 5.00000000e-02 1.44000000e+00 4.52406046e+07
4.00000000e-02 5.00000000e-02 1.45000000e+00 4.51093778e+07
4.00000000e-02 5.00000000e-02 1.46000000e+00 4.50930512e+07
4.00000000e-02 5.00000000e-02 1.47000000e+00 4.61490591e+07
4.00000000e-02 5.00000000e-02 1.48000000e+00 4.49430889e+07
4.00000000e-02 5.00000000e-02 1.49000000e+00 4.47526830e+07
4.00000000e-02 5.00000000e-02 1.50000000e+00 4.46391036e+07
4.00000000e-02 5.00000000e-02 1.51000000e+00 4.45051907e+07
4.00000000e-02 5.00000000e-02 1.52000000e+00 4.42675789e+07
4.00000000e-02 5.00000000e-02 1.53000000e+00 4.41069353e+07
4.00000000e-02 5.00000000e-02 1.54000000e+00 4.40219588e+07
4.00000000e-02 5.00000000e-02 1.55000000e+00 4.38519485e+07
4.00000000e-02 5.00000000e-02 1.56000000e+00 4.37058171e+07
4.00000000e-02 5.00000000e-02 1.57000000e+00 4.35801045e+07
4.00000000e-02 5.00000000e-02 1.58000000e+00 4.34355891e+07
4.00000000e-02 5.00000000e-02 1.59000000e+00 4.33666353e+07
4.00000000e-02 5.00000000e-02 1.60000000e+00 4.33268656e+07
4.00000000e-02 5.00000000e-02 1.61000000e+00 4.30699447e+07
4.00000000e-02 5.00000000e-02 1.62000000e+00 4.30048221e+07
4.00000000e-02 5.00000000e-02 1.63000000e+00 4.26506766e+07
4.00000000e-02 5.00000000e-02 1.64000000e+00 4.25002410e+07
4.00000000e-02 5.00000000e-02 1.65000000e+00 4.25002308e+07
4.00000000e-02 5.00000000e-02 1.66000000e+00 4.23694996e+07
4.00000000e-02 5.00000000e-02 1.67000000e+00 4.20646567e+07
4.00000000e-02 5.00000000e-02 1.68000000e+00 4.19546341e+07
4.00000000e-02 5.00000000e-02 1.69000000e+00 4.17906712e+07
4.00000000e-02 5.00000000e-02 1.70000000e+00 4.16693979e+07
4.00000000e-02 5.00000000e-02 1.71000000e+00 4.15557867e+07
4.00000000e-02 5.00000000e-02 1.72000000e+00 4.15850753e+07
4.00000000e-02 5.00000000e-02 1.73000000e+00 4.14719006e+07
4.00000000e-02 5.00000000e-02 1.74000000e+00 4.13517896e+07
4.00000000e-02 5.00000000e-02 1.75000000e+00 4.13770776e+07
4.00000000e-02 5.00000000e-02 1.76000000e+00 4.13589713e+07
4.00000000e-02 5.00000000e-02 1.77000000e+00 4.13005187e+07
4.00000000e-02 5.00000000e-02 1.78000000e+00 4.12721156e+07
4.00000000e-02 5.00000000e-02 1.79000000e+00 4.12909298e+07
4.00000000e-02 5.00000000e-02 1.80000000e+00 4.13637681e+07
4.00000000e-02 5.00000000e-02 1.81000000e+00 4.14804486e+07
4.00000000e-02 5.00000000e-02 1.82000000e+00 4.17090696e+07
4.00000000e-02 5.00000000e-02 1.83000000e+00 4.19311318e+07
4.00000000e-02 5.00000000e-02 1.84000000e+00 4.22716842e+07
4.00000000e-02 5.00000000e-02 1.85000000e+00 4.25953005e+07
4.00000000e-02 5.00000000e-02 1.86000000e+00 4.30549768e+07
4.00000000e-02 5.00000000e-02 1.87000000e+00 4.20171509e+07
4.00000000e-02 5.00000000e-02 1.88000000e+00 4.11419866e+07
4.00000000e-02 5.00000000e-02 1.89000000e+00 4.04758399e+07
4.00000000e-02 5.00000000e-02 1.90000000e+00 3.99476817e+07
4.00000000e-02 5.00000000e-02 1.91000000e+00 3.95286610e+07
4.00000000e-02 5.00000000e-02 1.92000000e+00 3.91757252e+07
4.00000000e-02 5.00000000e-02 1.93000000e+00 3.89015751e+07
4.00000000e-02 5.00000000e-02 1.94000000e+00 3.87554172e+07
4.00000000e-02 5.00000000e-02 1.95000000e+00 3.87119855e+07
4.00000000e-02 5.00000000e-02 1.96000000e+00 3.84395407e+07
4.00000000e-02 5.00000000e-02 1.97000000e+00 3.81383680e+07
4.00000000e-02 5.00000000e-02 1.98000000e+00 3.79356037e+07
4.00000000e-02 5.00000000e-02 1.99000000e+00 3.80344250e+07
4.00000000e-02 5.00000000e-02 2.00000000e+00 4.24730868e+07
5.00000000e-02 6.00000000e-02 1.00000000e-02 1.49903726e+06
5.00000000e-02 6.00000000e-02 2.00000000e-02 2.97823393e+06
5.00000000e-02 6.00000000e-02 3.00000000e-02 4.43439108e+06
5.00000000e-02 6.00000000e-02 4.00000000e-02 5.86698856e+06
5.00000000e-02 6.00000000e-02 5.00000000e-02 7.27444154e+06
5.00000000e-02 6.00000000e-02 6.00000000e-02 8.67438672e+06
5.00000000e-02 6.00000000e-02 7.00000000e-02 1.00574726e+07
5.00000000e-02 6.00000000e-02 8.00000000e-02 1.15865547e+07
5.00000000e-02 6.00000000e-02 9.00000000e-02 1.32711028e+07
5.00000000e-02 6.00000000e-02 1.00000000e-01 1.50411010e+07
5.00000000e-02 6.00000000e-02 1.10000000e-01 1.63616364e+07
5.00000000e-02 6.00000000e-02 1.20000000e-01 1.76081168e+07
5.00000000e-02 6.00000000e-02 1.30000000e-01 1.88155433e+07
5.00000000e-02 6.00000000e-02 1.40000000e-01 2.00257796e+07
5.00000000e-02 6.00000000e-02 1.50000000e-01 2.11947946e+07
5.00000000e-02 6.00000000e-02 1.60000000e-01 2.23407930e+07
5.00000000e-02 6.00000000e-02 1.70000000e-01 2.34563266e+07
5.00000000e-02 6.00000000e-02 1.80000000e-01 2.45361622e+07
5.00000000e-02 6.00000000e-02 1.90000000e-01 2.55967709e+07
5.00000000e-02 6.00000000e-02 2.00000000e-01 2.66186600e+07
5.00000000e-02 6.00000000e-02 2.10000000e-01 2.76185348e+07
5.00000000e-02 6.00000000e-02 2.20000000e-01 2.85839434e+07
5.00000000e-02 6.00000000e-02 2.30000000e-01 2.95248087e+07
5.00000000e-02 6.00000000e-02 2.40000000e-01 3.04430044e+07
5.00000000e-02 6.00000000e-02 2.50000000e-01 3.13301571e+07
5.00000000e-02 6.00000000e-02 2.60000000e-01 3.21899522e+07
5.00000000e-02 6.00000000e-02 2.70000000e-01 3.30290403e+07
5.00000000e-02 6.00000000e-02 2.80000000e-01 3.38400373e+07
5.00000000e-02 6.00000000e-02 2.90000000e-01 3.46232241e+07
5.00000000e-02 6.00000000e-02 3.00000000e-01 3.53854123e+07
5.00000000e-02 6.00000000e-02 3.10000000e-01 3.61243928e+07
5.00000000e-02 6.00000000e-02 3.20000000e-01 3.68408053e+07
5.00000000e-02 6.00000000e-02 3.30000000e-01 3.75329955e+07
5.00000000e-02 6.00000000e-02 3.40000000e-01 3.82029144e+07
5.00000000e-02 6.00000000e-02 3.50000000e-01 3.88524183e+07
5.00000000e-02 6.00000000e-02 3.60000000e-01 3.94823667e+07
5.00000000e-02 6.00000000e-02 3.70000000e-01 4.01094390e+07
5.00000000e-02 6.00000000e-02 3.80000000e-01 4.06951537e+07
5.00000000e-02 6.00000000e-02 3.90000000e-01 4.12602963e+07
5.00000000e-02 6.00000000e-02 4.00000000e-01 4.18052192e+07
5.00000000e-02 6.00000000e-02 4.10000000e-01 4.23309480e+07
5.00000000e-02 6.00000000e-02 4.20000000e-01 4.28422711e+07
5.00000000e-02 6.00000000e-02 4.30000000e-01 4.33329526e+07
5.00000000e-02 6.00000000e-02 4.40000000e-01 4.38058641e+07
5.00000000e-02 6.00000000e-02 4.50000000e-01 4.42598994e+07
5.00000000e-02 6.00000000e-02 4.60000000e-01 4.46989370e+07
5.00000000e-02 6.00000000e-02 4.70000000e-01 4.51208780e+07
5.00000000e-02 6.00000000e-02 4.80000000e-01 4.55298543e+07
5.00000000e-02 6.00000000e-02 4.90000000e-01 4.59874326e+07
5.00000000e-02 6.00000000e-02 5.00000000e-01 4.65698985e+07
5.00000000e-02 6.00000000e-02 5.10000000e-01 4.69308873e+07
5.00000000e-02 6.00000000e-02 5.20000000e-01 4.72813192e+07
5.00000000e-02 6.00000000e-02 5.30000000e-01 4.76155737e+07
5.00000000e-02 6.00000000e-02 5.40000000e-01 4.79393336e+07
5.00000000e-02 6.00000000e-02 5.50000000e-01 4.82852755e+07
5.00000000e-02 6.00000000e-02 5.60000000e-01 4.85555225e+07
5.00000000e-02 6.00000000e-02 5.70000000e-01 4.88421307e+07
5.00000000e-02 6.00000000e-02 5.80000000e-01 4.91082704e+07
5.00000000e-02 6.00000000e-02 5.90000000e-01 4.93638946e+07
5.00000000e-02 6.00000000e-02 6.00000000e-01 4.96051468e+07
5.00000000e-02 6.00000000e-02 6.10000000e-01 4.98358183e+07
5.00000000e-02 6.00000000e-02 6.20000000e-01 5.00569224e+07
5.00000000e-02 6.00000000e-02 6.30000000e-01 5.02686604e+07
5.00000000e-02 6.00000000e-02 6.40000000e-01 5.04862575e+07
5.00000000e-02 6.00000000e-02 6.50000000e-01 5.13066071e+07
5.00000000e-02 6.00000000e-02 6.60000000e-01 5.18416158e+07
5.00000000e-02 6.00000000e-02 6.70000000e-01 5.20159591e+07
5.00000000e-02 6.00000000e-02 6.80000000e-01 5.21694498e+07
5.00000000e-02 6.00000000e-02 6.90000000e-01 5.23265916e+07
5.00000000e-02 6.00000000e-02 7.00000000e-01 5.24779775e+07
5.00000000e-02 6.00000000e-02 7.10000000e-01 5.26224630e+07
5.00000000e-02 6.00000000e-02 7.20000000e-01 5.27608550e+07
5.00000000e-02 6.00000000e-02 7.30000000e-01 5.28519303e+07
5.00000000e-02 6.00000000e-02 7.40000000e-01 5.32044249e+07
5.00000000e-02 6.00000000e-02 7.50000000e-01 5.33238081e+07
5.00000000e-02 6.00000000e-02 7.60000000e-01 5.34316608e+07
5.00000000e-02 6.00000000e-02 7.70000000e-01 5.35336867e+07
5.00000000e-02 6.00000000e-02 7.80000000e-01 5.36299149e+07
5.00000000e-02 6.00000000e-02 7.90000000e-01 5.37196311e+07
5.00000000e-02 6.00000000e-02 8.00000000e-01 5.38050048e+07
5.00000000e-02 6.00000000e-02 8.10000000e-01 5.38833261e+07
5.00000000e-02 6.00000000e-02 8.20000000e-01 5.39542575e+07
5.00000000e-02 6.00000000e-02 8.30000000e-01 5.40245702e+07
5.00000000e-02 6.00000000e-02 8.40000000e-01 5.40866200e+07
5.00000000e-02 6.00000000e-02 8.50000000e-01 5.41446520e+07
5.00000000e-02 6.00000000e-02 8.60000000e-01 5.42022863e+07
5.00000000e-02 6.00000000e-02 8.70000000e-01 5.42669785e+07
5.00000000e-02 6.00000000e-02 8.80000000e-01 5.43084140e+07
5.00000000e-02 6.00000000e-02 8.90000000e-01 5.43551860e+07
5.00000000e-02 6.00000000e-02 9.00000000e-01 5.44019715e+07
5.00000000e-02 6.00000000e-02 9.10000000e-01 5.44482607e+07
5.00000000e-02 6.00000000e-02 9.20000000e-01 5.45095332e+07
5.00000000e-02 6.00000000e-02 9.30000000e-01 5.44848019e+07
5.00000000e-02 6.00000000e-02 9.40000000e-01 5.44865140e+07
5.00000000e-02 6.00000000e-02 9.50000000e-01 5.44883509e+07
5.00000000e-02 6.00000000e-02 9.60000000e-01 5.45034765e+07
5.00000000e-02 6.00000000e-02 9.70000000e-01 5.44932971e+07
5.00000000e-02 6.00000000e-02 9.80000000e-01 5.45075005e+07
5.00000000e-02 6.00000000e-02 9.90000000e-01 5.45529746e+07
5.00000000e-02 6.00000000e-02 1.00000000e+00 5.45699752e+07
5.00000000e-02 6.00000000e-02 1.01000000e+00 5.45716483e+07
5.00000000e-02 6.00000000e-02 1.02000000e+00 5.55068611e+07
5.00000000e-02 6.00000000e-02 1.03000000e+00 5.52186986e+07
5.00000000e-02 6.00000000e-02 1.04000000e+00 5.52610376e+07
5.00000000e-02 6.00000000e-02 1.05000000e+00 5.63566427e+07
5.00000000e-02 6.00000000e-02 1.06000000e+00 5.58959570e+07
5.00000000e-02 6.00000000e-02 1.07000000e+00 5.51430924e+07
5.00000000e-02 6.00000000e-02 1.08000000e+00 5.50008546e+07
5.00000000e-02 6.00000000e-02 1.09000000e+00 5.50398911e+07
5.00000000e-02 6.00000000e-02 1.10000000e+00 5.46764528e+07
5.00000000e-02 6.00000000e-02 1.11000000e+00 5.45476770e+07
5.00000000e-02 6.00000000e-02 1.12000000e+00 5.43047368e+07
5.00000000e-02 6.00000000e-02 1.13000000e+00 5.42150984e+07
5.00000000e-02 6.00000000e-02 1.14000000e+00 5.39506271e+07
5.00000000e-02 6.00000000e-02 1.15000000e+00 5.37940191e+07
5.00000000e-02 6.00000000e-02 1.16000000e+00 5.36363611e+07
5.00000000e-02 6.00000000e-02 1.17000000e+00 5.35044731e+07
5.00000000e-02 6.00000000e-02 1.18000000e+00 5.33844974e+07
5.00000000e-02 6.00000000e-02 1.19000000e+00 5.34417575e+07
5.00000000e-02 6.00000000e-02 1.20000000e+00 5.33340773e+07
5.00000000e-02 6.00000000e-02 1.21000000e+00 5.32207302e+07
5.00000000e-02 6.00000000e-02 1.22000000e+00 5.31183778e+07
5.00000000e-02 6.00000000e-02 1.23000000e+00 5.30253981e+07
5.00000000e-02 6.00000000e-02 1.24000000e+00 5.29392562e+07
5.00000000e-02 6.00000000e-02 1.25000000e+00 5.29269965e+07
5.00000000e-02 6.00000000e-02 1.26000000e+00 5.28187023e+07
5.00000000e-02 6.00000000e-02 1.27000000e+00 5.26455272e+07
5.00000000e-02 6.00000000e-02 1.28000000e+00 5.25777700e+07
5.00000000e-02 6.00000000e-02 1.29000000e+00 5.24710179e+07
5.00000000e-02 6.00000000e-02 1.30000000e+00 5.23836403e+07
5.00000000e-02 6.00000000e-02 1.31000000e+00 5.23089200e+07
5.00000000e-02 6.00000000e-02 1.32000000e+00 5.22594925e+07
5.00000000e-02 6.00000000e-02 1.33000000e+00 5.22123316e+07
5.00000000e-02 6.00000000e-02 1.34000000e+00 5.21712997e+07
5.00000000e-02 6.00000000e-02 1.35000000e+00 5.21715294e+07
5.00000000e-02 6.00000000e-02 1.36000000e+00 5.18159674e+07
5.00000000e-02 6.00000000e-02 1.37000000e+00 5.15641959e+07
5.00000000e-02 6.00000000e-02 1.38000000e+00 5.14048658e+07
5.00000000e-02 6.00000000e-02 1.39000000e+00 5.11323354e+07
5.00000000e-02 6.00000000e-02 1.40000000e+00 5.09199793e+07
5.00000000e-02 6.00000000e-02 1.41000000e+00 5.10714514e+07
5.00000000e-02 6.00000000e-02 1.42000000e+00 5.04840207e+07
5.00000000e-02 6.00000000e-02 1.43000000e+00 5.04066702e+07
5.00000000e-02 6.00000000e-02 1.44000000e+00 5.02407603e+07
5.00000000e-02 6.00000000e-02 1.45000000e+00 5.00874936e+07
5.00000000e-02 6.00000000e-02 1.46000000e+00 5.00645319e+07
5.00000000e-02 6.00000000e-02 1.47000000e+00 5.13260737e+07
5.00000000e-02 6.00000000e-02 1.48000000e+00 4.98788880e+07
5.00000000e-02 6.00000000e-02 1.49000000e+00 4.96585339e+07
5.00000000e-02 6.00000000e-02 1.50000000e+00 4.95251331e+07
5.00000000e-02 6.00000000e-02 1.51000000e+00 4.93686303e+07
5.00000000e-02 6.00000000e-02 1.52000000e+00 4.90935054e+07
5.00000000e-02 6.00000000e-02 1.53000000e+00 4.89068078e+07
5.00000000e-02 6.00000000e-02 1.54000000e+00 4.88075006e+07
5.00000000e-02 6.00000000e-02 1.55000000e+00 4.86122161e+07
5.00000000e-02 6.00000000e-02 1.56000000e+00 4.84414656e+07
5.00000000e-02 6.00000000e-02 1.57000000e+00 4.82970935e+07
5.00000000e-02 6.00000000e-02 1.58000000e+00 4.81310708e+07
5.00000000e-02 6.00000000e-02 1.59000000e+00 4.80526887e+07
5.00000000e-02 6.00000000e-02 1.60000000e+00 4.79823167e+07
5.00000000e-02 6.00000000e-02 1.61000000e+00 4.77028064e+07
5.00000000e-02 6.00000000e-02 1.62000000e+00 4.76325452e+07
5.00000000e-02 6.00000000e-02 1.63000000e+00 4.72212835e+07
5.00000000e-02 6.00000000e-02 1.64000000e+00 4.70477631e+07
5.00000000e-02 6.00000000e-02 1.65000000e+00 4.70515245e+07
5.00000000e-02 6.00000000e-02 1.66000000e+00 4.68915911e+07
5.00000000e-02 6.00000000e-02 1.67000000e+00 4.65431445e+07
5.00000000e-02 6.00000000e-02 1.68000000e+00 4.64154521e+07
5.00000000e-02 6.00000000e-02 1.69000000e+00 4.62266484e+07
5.00000000e-02 6.00000000e-02 1.70000000e+00 4.60830588e+07
5.00000000e-02 6.00000000e-02 1.71000000e+00 4.59544315e+07
5.00000000e-02 6.00000000e-02 1.72000000e+00 4.59862351e+07
5.00000000e-02 6.00000000e-02 1.73000000e+00 4.58564853e+07
5.00000000e-02 6.00000000e-02 1.74000000e+00 4.57188228e+07
5.00000000e-02 6.00000000e-02 1.75000000e+00 4.57435012e+07
5.00000000e-02 6.00000000e-02 1.76000000e+00 4.57227619e+07
5.00000000e-02 6.00000000e-02 1.77000000e+00 4.56553743e+07
5.00000000e-02 6.00000000e-02 1.78000000e+00 4.56246231e+07
5.00000000e-02 6.00000000e-02 1.79000000e+00 4.56502781e+07
5.00000000e-02 6.00000000e-02 1.80000000e+00 4.57378697e+07
5.00000000e-02 6.00000000e-02 1.81000000e+00 4.58775340e+07
5.00000000e-02 6.00000000e-02 1.82000000e+00 4.61462491e+07
5.00000000e-02 6.00000000e-02 1.83000000e+00 4.64189933e+07
5.00000000e-02 6.00000000e-02 1.84000000e+00 4.68285583e+07
5.00000000e-02 6.00000000e-02 1.85000000e+00 4.72211066e+07
5.00000000e-02 6.00000000e-02 1.86000000e+00 4.77915828e+07
5.00000000e-02 6.00000000e-02 1.87000000e+00 4.65444305e+07
5.00000000e-02 6.00000000e-02 1.88000000e+00 4.55101089e+07
5.00000000e-02 6.00000000e-02 1.89000000e+00 4.47298214e+07
5.00000000e-02 6.00000000e-02 1.90000000e+00 4.41145369e+07
5.00000000e-02 6.00000000e-02 1.91000000e+00 4.36297179e+07
5.00000000e-02 6.00000000e-02 1.92000000e+00 4.32232286e+07
5.00000000e-02 6.00000000e-02 1.93000000e+00 4.29065683e+07
5.00000000e-02 6.00000000e-02 1.94000000e+00 4.27308398e+07
5.00000000e-02 6.00000000e-02 1.95000000e+00 4.26821460e+07
5.00000000e-02 6.00000000e-02 1.96000000e+00 4.23765665e+07
5.00000000e-02 6.00000000e-02 1.97000000e+00 4.20364524e+07
5.00000000e-02 6.00000000e-02 1.98000000e+00 4.18095470e+07
5.00000000e-02 6.00000000e-02 1.99000000e+00 4.19170790e+07
5.00000000e-02 6.00000000e-02 2.00000000e+00 4.71594281e+07
6.00000000e-02 7.00000000e-02 1.00000000e-02 1.63806625e+06
6.00000000e-02 7.00000000e-02 2.00000000e-02 3.25388092e+06
6.00000000e-02 7.00000000e-02 3.00000000e-02 4.84382695e+06
6.00000000e-02 7.00000000e-02 4.00000000e-02 6.40747356e+06
6.00000000e-02 7.00000000e-02 5.00000000e-02 7.94295980e+06
6.00000000e-02 7.00000000e-02 6.00000000e-02 9.47160769e+06
6.00000000e-02 7.00000000e-02 7.00000000e-02 1.09823806e+07
6.00000000e-02 7.00000000e-02 8.00000000e-02 1.26776939e+07
6.00000000e-02 7.00000000e-02 9.00000000e-02 1.46828211e+07
6.00000000e-02 7.00000000e-02 1.00000000e-01 1.63884941e+07
6.00000000e-02 7.00000000e-02 1.10000000e-01 1.78076848e+07
6.00000000e-02 7.00000000e-02 1.20000000e-01 1.91586057e+07
6.00000000e-02 7.00000000e-02 1.30000000e-01 2.04712275e+07
6.00000000e-02 7.00000000e-02 1.40000000e-01 2.17874548e+07
6.00000000e-02 7.00000000e-02 1.50000000e-01 2.30526689e+07
6.00000000e-02 7.00000000e-02 1.60000000e-01 2.42903177e+07
6.00000000e-02 7.00000000e-02 1.70000000e-01 2.54995758e+07
6.00000000e-02 7.00000000e-02 1.80000000e-01 2.66651657e+07
6.00000000e-02 7.00000000e-02 1.90000000e-01 2.78091206e+07
6.00000000e-02 7.00000000e-02 2.00000000e-01 2.89133424e+07
6.00000000e-02 7.00000000e-02 2.10000000e-01 2.99893936e+07
6.00000000e-02 7.00000000e-02 2.20000000e-01 3.10300005e+07
6.00000000e-02 7.00000000e-02 2.30000000e-01 3.20416783e+07
6.00000000e-02 7.00000000e-02 2.40000000e-01 3.30295306e+07
6.00000000e-02 7.00000000e-02 2.50000000e-01 3.39818272e+07
6.00000000e-02 7.00000000e-02 2.60000000e-01 3.49052950e+07
6.00000000e-02 7.00000000e-02 2.70000000e-01 3.58039851e+07
6.00000000e-02 7.00000000e-02 2.80000000e-01 3.66731414e+07
6.00000000e-02 7.00000000e-02 2.90000000e-01 3.75113328e+07
6.00000000e-02 7.00000000e-02 3.00000000e-01 3.83264006e+07
6.00000000e-02 7.00000000e-02 3.10000000e-01 3.91161830e+07
6.00000000e-02 7.00000000e-02 3.20000000e-01 3.98806501e+07
6.00000000e-02 7.00000000e-02 3.30000000e-01 4.06185912e+07
6.00000000e-02 7.00000000e-02 3.40000000e-01 4.13322844e+07
6.00000000e-02 7.00000000e-02 3.50000000e-01 4.20238800e+07
6.00000000e-02 7.00000000e-02 3.60000000e-01 4.26934719e+07
6.00000000e-02 7.00000000e-02 3.70000000e-01 4.33620552e+07
6.00000000e-02 7.00000000e-02 3.80000000e-01 4.39833431e+07
6.00000000e-02 7.00000000e-02 3.90000000e-01 4.45821729e+07
6.00000000e-02 7.00000000e-02 4.00000000e-01 4.51587280e+07
6.00000000e-02 7.00000000e-02 4.10000000e-01 4.57143727e+07
6.00000000e-02 7.00000000e-02 4.20000000e-01 4.62541857e+07
6.00000000e-02 7.00000000e-02 4.30000000e-01 4.67717721e+07
6.00000000e-02 7.00000000e-02 4.40000000e-01 4.72697818e+07
6.00000000e-02 7.00000000e-02 4.50000000e-01 4.77471766e+07
6.00000000e-02 7.00000000e-02 4.60000000e-01 4.82083859e+07
6.00000000e-02 7.00000000e-02 4.70000000e-01 4.86509793e+07
6.00000000e-02 7.00000000e-02 4.80000000e-01 4.90794801e+07
6.00000000e-02 7.00000000e-02 4.90000000e-01 4.95542134e+07
6.00000000e-02 7.00000000e-02 5.00000000e-01 5.01821120e+07
6.00000000e-02 7.00000000e-02 5.10000000e-01 5.05574063e+07
6.00000000e-02 7.00000000e-02 5.20000000e-01 5.09226020e+07
6.00000000e-02 7.00000000e-02 5.30000000e-01 5.12700511e+07
6.00000000e-02 7.00000000e-02 5.40000000e-01 5.16059434e+07
6.00000000e-02 7.00000000e-02 5.50000000e-01 5.19688433e+07
6.00000000e-02 7.00000000e-02 5.60000000e-01 5.22463817e+07
6.00000000e-02 7.00000000e-02 5.70000000e-01 5.25425515e+07
6.00000000e-02 7.00000000e-02 5.80000000e-01 5.28158530e+07
6.00000000e-02 7.00000000e-02 5.90000000e-01 5.30774386e+07
6.00000000e-02 7.00000000e-02 6.00000000e-01 5.33237016e+07
6.00000000e-02 7.00000000e-02 6.10000000e-01 5.35583468e+07
6.00000000e-02 7.00000000e-02 6.20000000e-01 5.37830093e+07
6.00000000e-02 7.00000000e-02 6.30000000e-01 5.39977580e+07
6.00000000e-02 7.00000000e-02 6.40000000e-01 5.42206613e+07
6.00000000e-02 7.00000000e-02 6.50000000e-01 5.50691921e+07
6.00000000e-02 7.00000000e-02 6.60000000e-01 5.56861560e+07
6.00000000e-02 7.00000000e-02 6.70000000e-01 5.58603086e+07
6.00000000e-02 7.00000000e-02 6.80000000e-01 5.60107250e+07
6.00000000e-02 7.00000000e-02 6.90000000e-01 5.61664746e+07
6.00000000e-02 7.00000000e-02 7.00000000e-01 5.63169258e+07
6.00000000e-02 7.00000000e-02 7.10000000e-01 5.64597798e+07
6.00000000e-02 7.00000000e-02 7.20000000e-01 5.65964953e+07
6.00000000e-02 7.00000000e-02 7.30000000e-01 5.66857157e+07
6.00000000e-02 7.00000000e-02 7.40000000e-01 5.70613443e+07
6.00000000e-02 7.00000000e-02 7.50000000e-01 5.71774995e+07
6.00000000e-02 7.00000000e-02 7.60000000e-01 5.72808648e+07
6.00000000e-02 7.00000000e-02 7.70000000e-01 5.73778758e+07
6.00000000e-02 7.00000000e-02 7.80000000e-01 5.74693096e+07
6.00000000e-02 7.00000000e-02 7.90000000e-01 5.75540449e+07
6.00000000e-02 7.00000000e-02 8.00000000e-01 5.76337004e+07
6.00000000e-02 7.00000000e-02 8.10000000e-01 5.77064547e+07
6.00000000e-02 7.00000000e-02 8.20000000e-01 5.77712153e+07
6.00000000e-02 7.00000000e-02 8.30000000e-01 5.78361971e+07
6.00000000e-02 7.00000000e-02 8.40000000e-01 5.78920820e+07
6.00000000e-02 7.00000000e-02 8.50000000e-01 5.79449761e+07
6.00000000e-02 7.00000000e-02 8.60000000e-01 5.79965924e+07
6.00000000e-02 7.00000000e-02 8.70000000e-01 5.80578678e+07
6.00000000e-02 7.00000000e-02 8.80000000e-01 5.80923104e+07
6.00000000e-02 7.00000000e-02 8.90000000e-01 5.81341484e+07
6.00000000e-02 7.00000000e-02 9.00000000e-01 5.81768787e+07
6.00000000e-02 7.00000000e-02 9.10000000e-01 5.82189215e+07
6.00000000e-02 7.00000000e-02 9.20000000e-01 5.82787488e+07
6.00000000e-02 7.00000000e-02 9.30000000e-01 5.82385270e+07
6.00000000e-02 7.00000000e-02 9.40000000e-01 5.82295172e+07
6.00000000e-02 7.00000000e-02 9.50000000e-01 5.82212311e+07
6.00000000e-02 7.00000000e-02 9.60000000e-01 5.82292775e+07
6.00000000e-02 7.00000000e-02 9.70000000e-01 5.82085755e+07
6.00000000e-02 7.00000000e-02 9.80000000e-01 5.82165205e+07
6.00000000e-02 7.00000000e-02 9.90000000e-01 5.82614667e+07
6.00000000e-02 7.00000000e-02 1.00000000e+00 5.82717579e+07
6.00000000e-02 7.00000000e-02 1.01000000e+00 5.82652040e+07
6.00000000e-02 7.00000000e-02 1.02000000e+00 5.93221701e+07
6.00000000e-02 7.00000000e-02 1.03000000e+00 5.89610905e+07
6.00000000e-02 7.00000000e-02 1.04000000e+00 5.89994372e+07
6.00000000e-02 7.00000000e-02 1.05000000e+00 6.02170484e+07
6.00000000e-02 7.00000000e-02 1.06000000e+00 5.96914477e+07
6.00000000e-02 7.00000000e-02 1.07000000e+00 5.88347582e+07
6.00000000e-02 7.00000000e-02 1.08000000e+00 5.86638545e+07
6.00000000e-02 7.00000000e-02 1.09000000e+00 5.86897019e+07
6.00000000e-02 7.00000000e-02 1.10000000e+00 5.82777680e+07
6.00000000e-02 7.00000000e-02 1.11000000e+00 5.81289693e+07
6.00000000e-02 7.00000000e-02 1.12000000e+00 5.78470168e+07
6.00000000e-02 7.00000000e-02 1.13000000e+00 5.77359844e+07
6.00000000e-02 7.00000000e-02 1.14000000e+00 5.74353819e+07
6.00000000e-02 7.00000000e-02 1.15000000e+00 5.72542790e+07
6.00000000e-02 7.00000000e-02 1.16000000e+00 5.70714909e+07
6.00000000e-02 7.00000000e-02 1.17000000e+00 5.69177936e+07
6.00000000e-02 7.00000000e-02 1.18000000e+00 5.67777782e+07
6.00000000e-02 7.00000000e-02 1.19000000e+00 5.68330022e+07
6.00000000e-02 7.00000000e-02 1.20000000e+00 5.67076186e+07
6.00000000e-02 7.00000000e-02 1.21000000e+00 5.65764128e+07
6.00000000e-02 7.00000000e-02 1.22000000e+00 5.64577906e+07
6.00000000e-02 7.00000000e-02 1.23000000e+00 5.63500736e+07
6.00000000e-02 7.00000000e-02 1.24000000e+00 5.62489703e+07
6.00000000e-02 7.00000000e-02 1.25000000e+00 5.62301870e+07
6.00000000e-02 7.00000000e-02 1.26000000e+00 5.61064262e+07
6.00000000e-02 7.00000000e-02 1.27000000e+00 5.59113160e+07
6.00000000e-02 7.00000000e-02 1.28000000e+00 5.58326095e+07
6.00000000e-02 7.00000000e-02 1.29000000e+00 5.57119144e+07
6.00000000e-02 7.00000000e-02 1.30000000e+00 5.56133545e+07
6.00000000e-02 7.00000000e-02 1.31000000e+00 5.55310293e+07
6.00000000e-02 7.00000000e-02 1.32000000e+00 5.54765114e+07
6.00000000e-02 7.00000000e-02 1.33000000e+00 5.54253420e+07
6.00000000e-02 7.00000000e-02 1.34000000e+00 5.53827712e+07
6.00000000e-02 7.00000000e-02 1.35000000e+00 5.53926154e+07
6.00000000e-02 7.00000000e-02 1.36000000e+00 5.49784231e+07
6.00000000e-02 7.00000000e-02 1.37000000e+00 5.46885794e+07
6.00000000e-02 7.00000000e-02 1.38000000e+00 5.45042197e+07
6.00000000e-02 7.00000000e-02 1.39000000e+00 5.41954029e+07
6.00000000e-02 7.00000000e-02 1.40000000e+00 5.39552375e+07
6.00000000e-02 7.00000000e-02 1.41000000e+00 5.41217822e+07
6.00000000e-02 7.00000000e-02 1.42000000e+00 5.34650032e+07
6.00000000e-02 7.00000000e-02 1.43000000e+00 5.33745992e+07
6.00000000e-02 7.00000000e-02 1.44000000e+00 5.31914955e+07
6.00000000e-02 7.00000000e-02 1.45000000e+00 5.30203367e+07
6.00000000e-02 7.00000000e-02 1.46000000e+00 5.29887840e+07
6.00000000e-02 7.00000000e-02 1.47000000e+00 5.44406661e+07
6.00000000e-02 7.00000000e-02 1.48000000e+00 5.27685869e+07
6.00000000e-02 7.00000000e-02 1.49000000e+00 5.25246379e+07
6.00000000e-02 7.00000000e-02 1.50000000e+00 5.23750334e+07
6.00000000e-02 7.00000000e-02 1.51000000e+00 5.21984739e+07
6.00000000e-02 7.00000000e-02 1.52000000e+00 5.18936962e+07
6.00000000e-02 7.00000000e-02 1.53000000e+00 5.16854768e+07
6.00000000e-02 7.00000000e-02 1.54000000e+00 5.15758233e+07
6.00000000e-02 7.00000000e-02 1.55000000e+00 5.13602134e+07
6.00000000e-02 7.00000000e-02 1.56000000e+00 5.11689995e+07
6.00000000e-02 7.00000000e-02 1.57000000e+00 5.10108732e+07
6.00000000e-02 7.00000000e-02 1.58000000e+00 5.08277526e+07
6.00000000e-02 7.00000000e-02 1.59000000e+00 5.07424951e+07
6.00000000e-02 7.00000000e-02 1.60000000e+00 5.06525813e+07
6.00000000e-02 7.00000000e-02 1.61000000e+00 5.03492510e+07
6.00000000e-02 7.00000000e-02 1.62000000e+00 5.02768063e+07
6.00000000e-02 7.00000000e-02 1.63000000e+00 4.98177685e+07
6.00000000e-02 7.00000000e-02 1.64000000e+00 4.96264099e+07
6.00000000e-02 7.00000000e-02 1.65000000e+00 4.96384147e+07
6.00000000e-02 7.00000000e-02 1.66000000e+00 4.94516429e+07
6.00000000e-02 7.00000000e-02 1.67000000e+00 4.90667689e+07
6.00000000e-02 7.00000000e-02 1.68000000e+00 4.89245469e+07
6.00000000e-02 7.00000000e-02 1.69000000e+00 4.87169372e+07
6.00000000e-02 7.00000000e-02 1.70000000e+00 4.85544144e+07
6.00000000e-02 7.00000000e-02 1.71000000e+00 4.84151749e+07
6.00000000e-02 7.00000000e-02 1.72000000e+00 4.84451986e+07
6.00000000e-02 7.00000000e-02 1.73000000e+00 4.83071526e+07
6.00000000e-02 7.00000000e-02 1.74000000e+00 4.81591877e+07
6.00000000e-02 7.00000000e-02 1.75000000e+00 4.81775092e+07
6.00000000e-02 7.00000000e-02 1.76000000e+00 4.81543368e+07
6.00000000e-02 7.00000000e-02 1.77000000e+00 4.80805365e+07
6.00000000e-02 7.00000000e-02 1.78000000e+00 4.80501037e+07
6.00000000e-02 7.00000000e-02 1.79000000e+00 4.80827641e+07
6.00000000e-02 7.00000000e-02 1.80000000e+00 4.81842341e+07
6.00000000e-02 7.00000000e-02 1.81000000e+00 4.83448900e+07
6.00000000e-02 7.00000000e-02 1.82000000e+00 4.86478335e+07
6.00000000e-02 7.00000000e-02 1.83000000e+00 4.89699141e+07
6.00000000e-02 7.00000000e-02 1.84000000e+00 4.94446400e+07
6.00000000e-02 7.00000000e-02 1.85000000e+00 4.99017621e+07
6.00000000e-02 7.00000000e-02 1.86000000e+00 5.05876132e+07
6.00000000e-02 7.00000000e-02 1.87000000e+00 4.91408041e+07
6.00000000e-02 7.00000000e-02 1.88000000e+00 4.79656942e+07
6.00000000e-02 7.00000000e-02 1.89000000e+00 4.70896635e+07
6.00000000e-02 7.00000000e-02 1.90000000e+00 4.64031235e+07
6.00000000e-02 7.00000000e-02 1.91000000e+00 4.58656481e+07
6.00000000e-02 7.00000000e-02 1.92000000e+00 4.54171736e+07
6.00000000e-02 7.00000000e-02 1.93000000e+00 4.50665979e+07
6.00000000e-02 7.00000000e-02 1.94000000e+00 4.48640277e+07
6.00000000e-02 7.00000000e-02 1.95000000e+00 4.48102405e+07
6.00000000e-02 7.00000000e-02 1.96000000e+00 4.44835437e+07
6.00000000e-02 7.00000000e-02 1.97000000e+00 4.41171981e+07
6.00000000e-02 7.00000000e-02 1.98000000e+00 4.38746686e+07
6.00000000e-02 7.00000000e-02 1.99000000e+00 4.39830317e+07
6.00000000e-02 7.00000000e-02 2.00000000e+00 4.99195351e+07
7.00000000e-02 8.00000000e-02 1.00000000e-02 1.73247431e+06
7.00000000e-02 8.00000000e-02 2.00000000e-02 3.44073024e+06
7.00000000e-02 8.00000000e-02 3.00000000e-02 5.12077978e+06
7.00000000e-02 8.00000000e-02 4.00000000e-02 6.77227915e+06
7.00000000e-02 8.00000000e-02 5.00000000e-02 8.39331859e+06
7.00000000e-02 8.00000000e-02 6.00000000e-02 1.00088926e+07
7.00000000e-02 8.00000000e-02 7.00000000e-02 1.16067231e+07
7.00000000e-02 8.00000000e-02 8.00000000e-02 1.34358696e+07
7.00000000e-02 8.00000000e-02 9.00000000e-02 1.56935915e+07
7.00000000e-02 8.00000000e-02 1.00000000e-01 1.72703063e+07
7.00000000e-02 8.00000000e-02 1.10000000e-01 1.87414030e+07
7.00000000e-02 8.00000000e-02 1.20000000e-01 2.01677489e+07
7.00000000e-02 8.00000000e-02 1.30000000e-01 2.15536194e+07
7.00000000e-02 8.00000000e-02 1.40000000e-01 2.29253600e+07
7.00000000e-02 8.00000000e-02 1.50000000e-01 2.42558198e+07
7.00000000e-02 8.00000000e-02 1.60000000e-01 2.55474358e+07
7.00000000e-02 8.00000000e-02 1.70000000e-01 2.68118218e+07
7.00000000e-02 8.00000000e-02 1.80000000e-01 2.80300154e+07
7.00000000e-02 8.00000000e-02 1.90000000e-01 2.92213060e+07
7.00000000e-02 8.00000000e-02 2.00000000e-01 3.03742587e+07
7.00000000e-02 8.00000000e-02 2.10000000e-01 3.14933716e+07
7.00000000e-02 8.00000000e-02 2.20000000e-01 3.25755212e+07
7.00000000e-02 8.00000000e-02 2.30000000e-01 3.36280186e+07
7.00000000e-02 8.00000000e-02 2.40000000e-01 3.46530100e+07
7.00000000e-02 8.00000000e-02 2.50000000e-01 3.56410308e+07
7.00000000e-02 8.00000000e-02 2.60000000e-01 3.65983592e+07
7.00000000e-02 8.00000000e-02 2.70000000e-01 3.75274844e+07
7.00000000e-02 8.00000000e-02 2.80000000e-01 3.84265776e+07
7.00000000e-02 8.00000000e-02 2.90000000e-01 3.92926503e+07
7.00000000e-02 8.00000000e-02 3.00000000e-01 4.01339335e+07
7.00000000e-02 8.00000000e-02 3.10000000e-01 4.09480921e+07
7.00000000e-02 8.00000000e-02 3.20000000e-01 4.17352214e+07
7.00000000e-02 8.00000000e-02 3.30000000e-01 4.24942113e+07
7.00000000e-02 8.00000000e-02 3.40000000e-01 4.32272896e+07
7.00000000e-02 8.00000000e-02 3.50000000e-01 4.39370926e+07
7.00000000e-02 8.00000000e-02 3.60000000e-01 4.46237487e+07
7.00000000e-02 8.00000000e-02 3.70000000e-01 4.53119234e+07
7.00000000e-02 8.00000000e-02 3.80000000e-01 4.59469747e+07
7.00000000e-02 8.00000000e-02 3.90000000e-01 4.65584593e+07
7.00000000e-02 8.00000000e-02 4.00000000e-01 4.71459697e+07
7.00000000e-02 8.00000000e-02 4.10000000e-01 4.77119528e+07
7.00000000e-02 8.00000000e-02 4.20000000e-01 4.82604549e+07
7.00000000e-02 8.00000000e-02 4.30000000e-01 4.87861589e+07
7.00000000e-02 8.00000000e-02 4.40000000e-01 4.92910673e+07
7.00000000e-02 8.00000000e-02 4.50000000e-01 4.97743986e+07
7.00000000e-02 8.00000000e-02 4.60000000e-01 5.02405493e+07
7.00000000e-02 8.00000000e-02 4.70000000e-01 5.06871054e+07
7.00000000e-02 8.00000000e-02 4.80000000e-01 5.11190073e+07
7.00000000e-02 8.00000000e-02 4.90000000e-01 5.15823509e+07
7.00000000e-02 8.00000000e-02 5.00000000e-01 5.22457830e+07
7.00000000e-02 8.00000000e-02 5.10000000e-01 5.26200426e+07
7.00000000e-02 8.00000000e-02 5.20000000e-01 5.29860774e+07
7.00000000e-02 8.00000000e-02 5.30000000e-01 5.33327253e+07
7.00000000e-02 8.00000000e-02 5.40000000e-01 5.36676606e+07
7.00000000e-02 8.00000000e-02 5.50000000e-01 5.40321567e+07
7.00000000e-02 8.00000000e-02 5.60000000e-01 5.43074495e+07
7.00000000e-02 8.00000000e-02 5.70000000e-01 5.46007217e+07
7.00000000e-02 8.00000000e-02 5.80000000e-01 5.48702595e+07
7.00000000e-02 8.00000000e-02 5.90000000e-01 5.51260150e+07
7.00000000e-02 8.00000000e-02 6.00000000e-01 5.53665880e+07
7.00000000e-02 8.00000000e-02 6.10000000e-01 5.55945618e+07
7.00000000e-02 8.00000000e-02 6.20000000e-01 5.58126086e+07
7.00000000e-02 8.00000000e-02 6.30000000e-01 5.60207122e+07
7.00000000e-02 8.00000000e-02 6.40000000e-01 5.62398020e+07
7.00000000e-02 8.00000000e-02 6.50000000e-01 5.70446565e+07
7.00000000e-02 8.00000000e-02 6.60000000e-01 5.77727406e+07
7.00000000e-02 8.00000000e-02 6.70000000e-01 5.79376503e+07
7.00000000e-02 8.00000000e-02 6.80000000e-01 5.80771103e+07
7.00000000e-02 8.00000000e-02 6.90000000e-01 5.82236280e+07
7.00000000e-02 8.00000000e-02 7.00000000e-01 5.83654544e+07
7.00000000e-02 8.00000000e-02 7.10000000e-01 5.84994819e+07
7.00000000e-02 8.00000000e-02 7.20000000e-01 5.86282458e+07
7.00000000e-02 8.00000000e-02 7.30000000e-01 5.87129641e+07
7.00000000e-02 8.00000000e-02 7.40000000e-01 5.90974352e+07
7.00000000e-02 8.00000000e-02 7.50000000e-01 5.92036052e+07
7.00000000e-02 8.00000000e-02 7.60000000e-01 5.92960185e+07
7.00000000e-02 8.00000000e-02 7.70000000e-01 5.93818104e+07
7.00000000e-02 8.00000000e-02 7.80000000e-01 5.94625982e+07
7.00000000e-02 8.00000000e-02 7.90000000e-01 5.95370395e+07
7.00000000e-02 8.00000000e-02 8.00000000e-01 5.96051545e+07
7.00000000e-02 8.00000000e-02 8.10000000e-01 5.96675242e+07
7.00000000e-02 8.00000000e-02 8.20000000e-01 5.97213081e+07
7.00000000e-02 8.00000000e-02 8.30000000e-01 5.97761019e+07
7.00000000e-02 8.00000000e-02 8.40000000e-01 5.98222985e+07
7.00000000e-02 8.00000000e-02 8.50000000e-01 5.98675330e+07
7.00000000e-02 8.00000000e-02 8.60000000e-01 5.99098214e+07
7.00000000e-02 8.00000000e-02 8.70000000e-01 5.99653052e+07
7.00000000e-02 8.00000000e-02 8.80000000e-01 5.99894852e+07
7.00000000e-02 8.00000000e-02 8.90000000e-01 6.00244160e+07
7.00000000e-02 8.00000000e-02 9.00000000e-01 6.00613290e+07
7.00000000e-02 8.00000000e-02 9.10000000e-01 6.00961756e+07
7.00000000e-02 8.00000000e-02 9.20000000e-01 6.01530195e+07
7.00000000e-02 8.00000000e-02 9.30000000e-01 6.00961800e+07
7.00000000e-02 8.00000000e-02 9.40000000e-01 6.00737194e+07
7.00000000e-02 8.00000000e-02 9.50000000e-01 6.00533223e+07
7.00000000e-02 8.00000000e-02 9.60000000e-01 6.00527088e+07
7.00000000e-02 8.00000000e-02 9.70000000e-01 6.00203325e+07
7.00000000e-02 8.00000000e-02 9.80000000e-01 6.00207808e+07
7.00000000e-02 8.00000000e-02 9.90000000e-01 6.00636279e+07
7.00000000e-02 8.00000000e-02 1.00000000e+00 6.00658037e+07
7.00000000e-02 8.00000000e-02 1.01000000e+00 6.00482707e+07
7.00000000e-02 8.00000000e-02 1.02000000e+00 6.12125325e+07
7.00000000e-02 8.00000000e-02 1.03000000e+00 6.07728107e+07
7.00000000e-02 8.00000000e-02 1.04000000e+00 6.08024883e+07
7.00000000e-02 8.00000000e-02 1.05000000e+00 6.21123165e+07
7.00000000e-02 8.00000000e-02 1.06000000e+00 6.15313976e+07
7.00000000e-02 8.00000000e-02 1.07000000e+00 6.05875786e+07
7.00000000e-02 8.00000000e-02 1.08000000e+00 6.03878139e+07
7.00000000e-02 8.00000000e-02 1.09000000e+00 6.03947011e+07
7.00000000e-02 8.00000000e-02 1.10000000e+00 5.99433105e+07
7.00000000e-02 8.00000000e-02 1.11000000e+00 5.97769958e+07
7.00000000e-02 8.00000000e-02 1.12000000e+00 5.94596676e+07
7.00000000e-02 8.00000000e-02 1.13000000e+00 5.93276336e+07
7.00000000e-02 8.00000000e-02 1.14000000e+00 5.89974677e+07
7.00000000e-02 8.00000000e-02 1.15000000e+00 5.87948027e+07
7.00000000e-02 8.00000000e-02 1.16000000e+00 5.85902696e+07
7.00000000e-02 8.00000000e-02 1.17000000e+00 5.84171902e+07
7.00000000e-02 8.00000000e-02 1.18000000e+00 5.82591917e+07
7.00000000e-02 8.00000000e-02 1.19000000e+00 5.83097527e+07
7.00000000e-02 8.00000000e-02 1.20000000e+00 5.81684144e+07
7.00000000e-02 8.00000000e-02 1.21000000e+00 5.80222219e+07
7.00000000e-02 8.00000000e-02 1.22000000e+00 5.78892095e+07
7.00000000e-02 8.00000000e-02 1.23000000e+00 5.77686854e+07
7.00000000e-02 8.00000000e-02 1.24000000e+00 5.76538005e+07
7.00000000e-02 8.00000000e-02 1.25000000e+00 5.76281079e+07
7.00000000e-02 8.00000000e-02 1.26000000e+00 5.74917528e+07
7.00000000e-02 8.00000000e-02 1.27000000e+00 5.72789842e+07
7.00000000e-02 8.00000000e-02 1.28000000e+00 5.71912113e+07
7.00000000e-02 8.00000000e-02 1.29000000e+00 5.70594085e+07
7.00000000e-02 8.00000000e-02 1.30000000e+00 5.69520150e+07
7.00000000e-02 8.00000000e-02 1.31000000e+00 5.68645138e+07
7.00000000e-02 8.00000000e-02 1.32000000e+00 5.68070868e+07
7.00000000e-02 8.00000000e-02 1.33000000e+00 5.67560663e+07
7.00000000e-02 8.00000000e-02 1.34000000e+00 5.67130575e+07
7.00000000e-02 8.00000000e-02 1.35000000e+00 5.67376422e+07
7.00000000e-02 8.00000000e-02 1.36000000e+00 5.62672897e+07
7.00000000e-02 8.00000000e-02 1.37000000e+00 5.59430935e+07
7.00000000e-02 8.00000000e-02 1.38000000e+00 5.57356073e+07
7.00000000e-02 8.00000000e-02 1.39000000e+00 5.53965649e+07
7.00000000e-02 8.00000000e-02 1.40000000e+00 5.51334004e+07
7.00000000e-02 8.00000000e-02 1.41000000e+00 5.53104176e+07
7.00000000e-02 8.00000000e-02 1.42000000e+00 5.46012184e+07
7.00000000e-02 8.00000000e-02 1.43000000e+00 5.44987568e+07
7.00000000e-02 8.00000000e-02 1.44000000e+00 5.43030484e+07
7.00000000e-02 8.00000000e-02 1.45000000e+00 5.41188223e+07
7.00000000e-02 8.00000000e-02 1.46000000e+00 5.40763062e+07
7.00000000e-02 8.00000000e-02 1.47000000e+00 5.57015158e+07
7.00000000e-02 8.00000000e-02 1.48000000e+00 5.38241472e+07
7.00000000e-02 8.00000000e-02 1.49000000e+00 5.35634287e+07
7.00000000e-02 8.00000000e-02 1.50000000e+00 5.34023375e+07
7.00000000e-02 8.00000000e-02 1.51000000e+00 5.32070215e+07
7.00000000e-02 8.00000000e-02 1.52000000e+00 5.28808575e+07
7.00000000e-02 8.00000000e-02 1.53000000e+00 5.26555000e+07
7.00000000e-02 8.00000000e-02 1.54000000e+00 5.25416661e+07
7.00000000e-02 8.00000000e-02 1.55000000e+00 5.23095354e+07
7.00000000e-02 8.00000000e-02 1.56000000e+00 5.21022467e+07
7.00000000e-02 8.00000000e-02 1.57000000e+00 5.19359635e+07
7.00000000e-02 8.00000000e-02 1.58000000e+00 5.17395077e+07
7.00000000e-02 8.00000000e-02 1.59000000e+00 5.16492140e+07
7.00000000e-02 8.00000000e-02 1.60000000e+00 5.15685760e+07
7.00000000e-02 8.00000000e-02 1.61000000e+00 5.12263431e+07
7.00000000e-02 8.00000000e-02 1.62000000e+00 5.11530787e+07
7.00000000e-02 8.00000000e-02 1.63000000e+00 5.06547793e+07
7.00000000e-02 8.00000000e-02 1.64000000e+00 5.04511622e+07
7.00000000e-02 8.00000000e-02 1.65000000e+00 5.04783763e+07
7.00000000e-02 8.00000000e-02 1.66000000e+00 5.02699965e+07
7.00000000e-02 8.00000000e-02 1.67000000e+00 4.98512357e+07
7.00000000e-02 8.00000000e-02 1.68000000e+00 4.96971799e+07
7.00000000e-02 8.00000000e-02 1.69000000e+00 4.94773878e+07
7.00000000e-02 8.00000000e-02 1.70000000e+00 4.93003761e+07
7.00000000e-02 8.00000000e-02 1.71000000e+00 4.91544460e+07
7.00000000e-02 8.00000000e-02 1.72000000e+00 4.91747798e+07
7.00000000e-02 8.00000000e-02 1.73000000e+00 4.90418844e+07
7.00000000e-02 8.00000000e-02 1.74000000e+00 4.88944664e+07
7.00000000e-02 8.00000000e-02 1.75000000e+00 4.88964434e+07
7.00000000e-02 8.00000000e-02 1.76000000e+00 4.88697858e+07
7.00000000e-02 8.00000000e-02 1.77000000e+00 4.87929158e+07
7.00000000e-02 8.00000000e-02 1.78000000e+00 4.87661592e+07
7.00000000e-02 8.00000000e-02 1.79000000e+00 4.88040217e+07
7.00000000e-02 8.00000000e-02 1.80000000e+00 4.89184231e+07
7.00000000e-02 8.00000000e-02 1.81000000e+00 4.90971256e+07
7.00000000e-02 8.00000000e-02 1.82000000e+00 4.94276845e+07
7.00000000e-02 8.00000000e-02 1.83000000e+00 4.97956267e+07
7.00000000e-02 8.00000000e-02 1.84000000e+00 5.03309664e+07
7.00000000e-02 8.00000000e-02 1.85000000e+00 5.08454495e+07
7.00000000e-02 8.00000000e-02 1.86000000e+00 5.16520174e+07
7.00000000e-02 8.00000000e-02 1.87000000e+00 5.00150592e+07
7.00000000e-02 8.00000000e-02 1.88000000e+00 4.87192089e+07
7.00000000e-02 8.00000000e-02 1.89000000e+00 4.77681977e+07
7.00000000e-02 8.00000000e-02 1.90000000e+00 4.70280271e+07
7.00000000e-02 8.00000000e-02 1.91000000e+00 4.64515676e+07
7.00000000e-02 8.00000000e-02 1.92000000e+00 4.59730139e+07
7.00000000e-02 8.00000000e-02 1.93000000e+00 4.55972764e+07
7.00000000e-02 8.00000000e-02 1.94000000e+00 4.53728900e+07
7.00000000e-02 8.00000000e-02 1.95000000e+00 4.53127227e+07
7.00000000e-02 8.00000000e-02 1.96000000e+00 4.49760909e+07
7.00000000e-02 8.00000000e-02 1.97000000e+00 4.45960460e+07
7.00000000e-02 8.00000000e-02 1.98000000e+00 4.43453444e+07
7.00000000e-02 8.00000000e-02 1.99000000e+00 4.44464657e+07
7.00000000e-02 8.00000000e-02 2.00000000e+00 5.09543372e+07
8.00000000e-02 9.00000000e-02 1.00000000e-02 1.78637541e+06
8.00000000e-02 9.00000000e-02 2.00000000e-02 3.54698959e+06
8.00000000e-02 9.00000000e-02 3.00000000e-02 5.27758916e+06
8.00000000e-02 9.00000000e-02 4.00000000e-02 6.97799183e+06
8.00000000e-02 9.00000000e-02 5.00000000e-02 8.64614448e+06
8.00000000e-02 9.00000000e-02 6.00000000e-02 1.03110748e+07
8.00000000e-02 9.00000000e-02 7.00000000e-02 1.19591176e+07
8.00000000e-02 9.00000000e-02 8.00000000e-02 1.38986876e+07
8.00000000e-02 9.00000000e-02 9.00000000e-02 1.61387014e+07
8.00000000e-02 9.00000000e-02 1.00000000e-01 1.77345335e+07
8.00000000e-02 9.00000000e-02 1.10000000e-01 1.92214208e+07
8.00000000e-02 9.00000000e-02 1.20000000e-01 2.06899816e+07
8.00000000e-02 9.00000000e-02 1.30000000e-01 2.21164010e+07
8.00000000e-02 9.00000000e-02 1.40000000e-01 2.35058368e+07
8.00000000e-02 9.00000000e-02 1.50000000e-01 2.48698226e+07
8.00000000e-02 9.00000000e-02 1.60000000e-01 2.61825065e+07
8.00000000e-02 9.00000000e-02 1.70000000e-01 2.74688231e+07
8.00000000e-02 9.00000000e-02 1.80000000e-01 2.87089793e+07
8.00000000e-02 9.00000000e-02 1.90000000e-01 2.99165061e+07
8.00000000e-02 9.00000000e-02 2.00000000e-01 3.10881337e+07
8.00000000e-02 9.00000000e-02 2.10000000e-01 3.22209831e+07
8.00000000e-02 9.00000000e-02 2.20000000e-01 3.33157975e+07
8.00000000e-02 9.00000000e-02 2.30000000e-01 3.43816033e+07
8.00000000e-02 9.00000000e-02 2.40000000e-01 3.54160169e+07
8.00000000e-02 9.00000000e-02 2.50000000e-01 3.64135847e+07
8.00000000e-02 9.00000000e-02 2.60000000e-01 3.73789213e+07
8.00000000e-02 9.00000000e-02 2.70000000e-01 3.83132350e+07
8.00000000e-02 9.00000000e-02 2.80000000e-01 3.92177659e+07
8.00000000e-02 9.00000000e-02 2.90000000e-01 4.00879104e+07
8.00000000e-02 9.00000000e-02 3.00000000e-01 4.09322887e+07
8.00000000e-02 9.00000000e-02 3.10000000e-01 4.17481117e+07
8.00000000e-02 9.00000000e-02 3.20000000e-01 4.25359416e+07
8.00000000e-02 9.00000000e-02 3.30000000e-01 4.32947183e+07
8.00000000e-02 9.00000000e-02 3.40000000e-01 4.40263010e+07
8.00000000e-02 9.00000000e-02 3.50000000e-01 4.47340404e+07
8.00000000e-02 9.00000000e-02 3.60000000e-01 4.54183825e+07
8.00000000e-02 9.00000000e-02 3.70000000e-01 4.61073716e+07
8.00000000e-02 9.00000000e-02 3.80000000e-01 4.67378026e+07
8.00000000e-02 9.00000000e-02 3.90000000e-01 4.73440704e+07
8.00000000e-02 9.00000000e-02 4.00000000e-01 4.79252912e+07
8.00000000e-02 9.00000000e-02 4.10000000e-01 4.84847184e+07
8.00000000e-02 9.00000000e-02 4.20000000e-01 4.90255437e+07
8.00000000e-02 9.00000000e-02 4.30000000e-01 4.95435700e+07
8.00000000e-02 9.00000000e-02 4.40000000e-01 5.00401430e+07
8.00000000e-02 9.00000000e-02 4.50000000e-01 5.05147088e+07
8.00000000e-02 9.00000000e-02 4.60000000e-01 5.09715026e+07
8.00000000e-02 9.00000000e-02 4.70000000e-01 5.14083491e+07
8.00000000e-02 9.00000000e-02 4.80000000e-01 5.18302806e+07
8.00000000e-02 9.00000000e-02 4.90000000e-01 5.22646980e+07
8.00000000e-02 9.00000000e-02 5.00000000e-01 5.29475574e+07
8.00000000e-02 9.00000000e-02 5.10000000e-01 5.33085595e+07
8.00000000e-02 9.00000000e-02 5.20000000e-01 5.36637445e+07
8.00000000e-02 9.00000000e-02 5.30000000e-01 5.39984665e+07
8.00000000e-02 9.00000000e-02 5.40000000e-01 5.43215902e+07
8.00000000e-02 9.00000000e-02 5.50000000e-01 5.46758787e+07
8.00000000e-02 9.00000000e-02 5.60000000e-01 5.49402661e+07
8.00000000e-02 9.00000000e-02 5.70000000e-01 5.52208797e+07
8.00000000e-02 9.00000000e-02 5.80000000e-01 5.54772017e+07
8.00000000e-02 9.00000000e-02 5.90000000e-01 5.57181320e+07
8.00000000e-02 9.00000000e-02 6.00000000e-01 5.59443411e+07
8.00000000e-02 9.00000000e-02 6.10000000e-01 5.61572699e+07
8.00000000e-02 9.00000000e-02 6.20000000e-01 5.63607416e+07
8.00000000e-02 9.00000000e-02 6.30000000e-01 5.65544900e+07
8.00000000e-02 9.00000000e-02 6.40000000e-01 5.67624239e+07
8.00000000e-02 9.00000000e-02 6.50000000e-01 5.74920640e+07
8.00000000e-02 9.00000000e-02 6.60000000e-01 5.83251160e+07
8.00000000e-02 9.00000000e-02 6.70000000e-01 5.84746832e+07
8.00000000e-02 9.00000000e-02 6.80000000e-01 5.85965133e+07
8.00000000e-02 9.00000000e-02 6.90000000e-01 5.87279549e+07
8.00000000e-02 9.00000000e-02 7.00000000e-01 5.88553662e+07
8.00000000e-02 9.00000000e-02 7.10000000e-01 5.89750467e+07
8.00000000e-02 9.00000000e-02 7.20000000e-01 5.90907918e+07
8.00000000e-02 9.00000000e-02 7.30000000e-01 5.91676326e+07
8.00000000e-02 9.00000000e-02 7.40000000e-01 5.95498893e+07
8.00000000e-02 9.00000000e-02 7.50000000e-01 5.96412900e+07
8.00000000e-02 9.00000000e-02 7.60000000e-01 5.97182585e+07
8.00000000e-02 9.00000000e-02 7.70000000e-01 5.97886780e+07
8.00000000e-02 9.00000000e-02 7.80000000e-01 5.98547620e+07
8.00000000e-02 9.00000000e-02 7.90000000e-01 5.99150333e+07
8.00000000e-02 9.00000000e-02 8.00000000e-01 5.99679007e+07
8.00000000e-02 9.00000000e-02 8.10000000e-01 6.00166394e+07
8.00000000e-02 9.00000000e-02 8.20000000e-01 6.00564016e+07
8.00000000e-02 9.00000000e-02 8.30000000e-01 6.00979553e+07
8.00000000e-02 9.00000000e-02 8.40000000e-01 6.01318998e+07
8.00000000e-02 9.00000000e-02 8.50000000e-01 6.01676837e+07
8.00000000e-02 9.00000000e-02 8.60000000e-01 6.01984449e+07
8.00000000e-02 9.00000000e-02 8.70000000e-01 6.02464697e+07
8.00000000e-02 9.00000000e-02 8.80000000e-01 6.02586618e+07
8.00000000e-02 9.00000000e-02 8.90000000e-01 6.02852686e+07
8.00000000e-02 9.00000000e-02 9.00000000e-01 6.03151365e+07
8.00000000e-02 9.00000000e-02 9.10000000e-01 6.03412813e+07
8.00000000e-02 9.00000000e-02 9.20000000e-01 6.03944030e+07
8.00000000e-02 9.00000000e-02 9.30000000e-01 6.03200344e+07
8.00000000e-02 9.00000000e-02 9.40000000e-01 6.02828587e+07
8.00000000e-02 9.00000000e-02 9.50000000e-01 6.02495491e+07
8.00000000e-02 9.00000000e-02 9.60000000e-01 6.02393161e+07
8.00000000e-02 9.00000000e-02 9.70000000e-01 6.01950688e+07
8.00000000e-02 9.00000000e-02 9.80000000e-01 6.01874602e+07
8.00000000e-02 9.00000000e-02 9.90000000e-01 6.02277832e+07
8.00000000e-02 9.00000000e-02 1.00000000e+00 6.02216400e+07
8.00000000e-02 9.00000000e-02 1.01000000e+00 6.01920088e+07
8.00000000e-02 9.00000000e-02 1.02000000e+00 6.14516513e+07
8.00000000e-02 9.00000000e-02 1.03000000e+00 6.09276640e+07
8.00000000e-02 9.00000000e-02 1.04000000e+00 6.09458912e+07
8.00000000e-02 9.00000000e-02 1.05000000e+00 6.23212264e+07
8.00000000e-02 9.00000000e-02 1.06000000e+00 6.16944549e+07
8.00000000e-02 9.00000000e-02 1.07000000e+00 6.06796435e+07
8.00000000e-02 9.00000000e-02 1.08000000e+00 6.04529698e+07
8.00000000e-02 9.00000000e-02 1.09000000e+00 6.04359029e+07
8.00000000e-02 9.00000000e-02 1.10000000e+00 5.99544967e+07
8.00000000e-02 9.00000000e-02 1.11000000e+00 5.97738546e+07
8.00000000e-02 9.00000000e-02 1.12000000e+00 5.94255659e+07
8.00000000e-02 9.00000000e-02 1.13000000e+00 5.92732416e+07
8.00000000e-02 9.00000000e-02 1.14000000e+00 5.89201403e+07
8.00000000e-02 9.00000000e-02 1.15000000e+00 5.86997370e+07
8.00000000e-02 9.00000000e-02 1.16000000e+00 5.84767763e+07
8.00000000e-02 9.00000000e-02 1.17000000e+00 5.82872689e+07
8.00000000e-02 9.00000000e-02 1.18000000e+00 5.81141275e+07
8.00000000e-02 9.00000000e-02 1.19000000e+00 5.81578457e+07
8.00000000e-02 9.00000000e-02 1.20000000e+00 5.80033201e+07
8.00000000e-02 9.00000000e-02 1.21000000e+00 5.78449355e+07
8.00000000e-02 9.00000000e-02 1.22000000e+00 5.76998840e+07
8.00000000e-02 9.00000000e-02 1.23000000e+00 5.75688635e+07
8.00000000e-02 9.00000000e-02 1.24000000e+00 5.74422464e+07
8.00000000e-02 9.00000000e-02 1.25000000e+00 5.74096580e+07
8.00000000e-02 9.00000000e-02 1.26000000e+00 5.72637558e+07
8.00000000e-02 9.00000000e-02 1.27000000e+00 5.70379212e+07
8.00000000e-02 9.00000000e-02 1.28000000e+00 5.69428506e+07
8.00000000e-02 9.00000000e-02 1.29000000e+00 5.68033033e+07
8.00000000e-02 9.00000000e-02 1.30000000e+00 5.66898158e+07
8.00000000e-02 9.00000000e-02 1.31000000e+00 5.65998927e+07
8.00000000e-02 9.00000000e-02 1.32000000e+00 5.65421591e+07
8.00000000e-02 9.00000000e-02 1.33000000e+00 5.64946394e+07
8.00000000e-02 9.00000000e-02 1.34000000e+00 5.64539245e+07
8.00000000e-02 9.00000000e-02 1.35000000e+00 5.64987043e+07
8.00000000e-02 9.00000000e-02 1.36000000e+00 5.59747748e+07
8.00000000e-02 9.00000000e-02 1.37000000e+00 5.56197570e+07
8.00000000e-02 9.00000000e-02 1.38000000e+00 5.53918811e+07
8.00000000e-02 9.00000000e-02 1.39000000e+00 5.50292412e+07
8.00000000e-02 9.00000000e-02 1.40000000e+00 5.47481811e+07
8.00000000e-02 9.00000000e-02 1.41000000e+00 5.49315148e+07
8.00000000e-02 9.00000000e-02 1.42000000e+00 5.41855888e+07
8.00000000e-02 9.00000000e-02 1.43000000e+00 5.40726744e+07
8.00000000e-02 9.00000000e-02 1.44000000e+00 5.38701690e+07
8.00000000e-02 9.00000000e-02 1.45000000e+00 5.36771375e+07
8.00000000e-02 9.00000000e-02 1.46000000e+00 5.36228986e+07
8.00000000e-02 9.00000000e-02 1.47000000e+00 5.54059687e+07
8.00000000e-02 9.00000000e-02 1.48000000e+00 5.33419814e+07
8.00000000e-02 9.00000000e-02 1.49000000e+00 5.30709219e+07
8.00000000e-02 9.00000000e-02 1.50000000e+00 5.29025483e+07
8.00000000e-02 9.00000000e-02 1.51000000e+00 5.26902605e+07
8.00000000e-02 9.00000000e-02 1.52000000e+00 5.23508822e+07
8.00000000e-02 9.00000000e-02 1.53000000e+00 5.21135065e+07
8.00000000e-02 9.00000000e-02 1.54000000e+00 5.19990780e+07
8.00000000e-02 9.00000000e-02 1.55000000e+00 5.17555230e+07
8.00000000e-02 9.00000000e-02 1.56000000e+00 5.15369255e+07
8.00000000e-02 9.00000000e-02 1.57000000e+00 5.13672204e+07
8.00000000e-02 9.00000000e-02 1.58000000e+00 5.11619407e+07
8.00000000e-02 9.00000000e-02 1.59000000e+00 5.10692229e+07
8.00000000e-02 9.00000000e-02 1.60000000e+00 5.10123654e+07
8.00000000e-02 9.00000000e-02 1.61000000e+00 5.06270447e+07
8.00000000e-02 9.00000000e-02 1.62000000e+00 5.05547211e+07
8.00000000e-02 9.00000000e-02 1.63000000e+00 5.00275032e+07
8.00000000e-02 9.00000000e-02 1.64000000e+00 4.98167797e+07
8.00000000e-02 9.00000000e-02 1.65000000e+00 4.98610184e+07
8.00000000e-02 9.00000000e-02 1.66000000e+00 4.96368853e+07
8.00000000e-02 9.00000000e-02 1.67000000e+00 4.91914363e+07
8.00000000e-02 9.00000000e-02 1.68000000e+00 4.90289415e+07
8.00000000e-02 9.00000000e-02 1.69000000e+00 4.88028960e+07
8.00000000e-02 9.00000000e-02 1.70000000e+00 4.86156163e+07
8.00000000e-02 9.00000000e-02 1.71000000e+00 4.84670021e+07
8.00000000e-02 9.00000000e-02 1.72000000e+00 4.84751807e+07
8.00000000e-02 9.00000000e-02 1.73000000e+00 4.83535532e+07
8.00000000e-02 9.00000000e-02 1.74000000e+00 4.82128749e+07
8.00000000e-02 9.00000000e-02 1.75000000e+00 4.81953034e+07
8.00000000e-02 9.00000000e-02 1.76000000e+00 4.81653252e+07
8.00000000e-02 9.00000000e-02 1.77000000e+00 4.80880874e+07
8.00000000e-02 9.00000000e-02 1.78000000e+00 4.80672052e+07
8.00000000e-02 9.00000000e-02 1.79000000e+00 4.81096696e+07
8.00000000e-02 9.00000000e-02 1.80000000e+00 4.82357802e+07
8.00000000e-02 9.00000000e-02 1.81000000e+00 4.84298519e+07
8.00000000e-02 9.00000000e-02 1.82000000e+00 4.87825670e+07
8.00000000e-02 9.00000000e-02 1.83000000e+00 4.91931178e+07
8.00000000e-02 9.00000000e-02 1.84000000e+00 4.97843956e+07
8.00000000e-02 9.00000000e-02 1.85000000e+00 5.03506839e+07
8.00000000e-02 9.00000000e-02 1.86000000e+00 5.12830347e+07
8.00000000e-02 9.00000000e-02 1.87000000e+00 4.94645689e+07
8.00000000e-02 9.00000000e-02 1.88000000e+00 4.80667183e+07
8.00000000e-02 9.00000000e-02 1.89000000e+00 4.70600376e+07
8.00000000e-02 9.00000000e-02 1.90000000e+00 4.62825636e+07
8.00000000e-02 9.00000000e-02 1.91000000e+00 4.56801834e+07
8.00000000e-02 9.00000000e-02 1.92000000e+00 4.51831157e+07
8.00000000e-02 9.00000000e-02 1.93000000e+00 4.47904446e+07
8.00000000e-02 9.00000000e-02 1.94000000e+00 4.45484091e+07
8.00000000e-02 9.00000000e-02 1.95000000e+00 4.44820439e+07
8.00000000e-02 9.00000000e-02 1.96000000e+00 4.41457791e+07
8.00000000e-02 9.00000000e-02 1.97000000e+00 4.37631988e+07
8.00000000e-02 9.00000000e-02 1.98000000e+00 4.35113136e+07
8.00000000e-02 9.00000000e-02 1.99000000e+00 4.35977380e+07
8.00000000e-02 9.00000000e-02 2.00000000e+00 5.05479762e+07
9.00000000e-02 1.00000000e-01 1.00000000e-02 1.80421290e+06
9.00000000e-02 1.00000000e-01 2.00000000e-02 3.58152899e+06
9.00000000e-02 1.00000000e-01 3.00000000e-02 5.32745868e+06
9.00000000e-02 1.00000000e-01 4.00000000e-02 7.04207840e+06
9.00000000e-02 1.00000000e-01 5.00000000e-02 8.72323911e+06
9.00000000e-02 1.00000000e-01 6.00000000e-02 1.04042136e+07
9.00000000e-02 1.00000000e-01 7.00000000e-02 1.20703763e+07
9.00000000e-02 1.00000000e-01 8.00000000e-02 1.41132817e+07
9.00000000e-02 1.00000000e-01 9.00000000e-02 1.62499833e+07
9.00000000e-02 1.00000000e-01 1.00000000e-01 1.78297131e+07
9.00000000e-02 1.00000000e-01 1.10000000e-01 1.93058904e+07
9.00000000e-02 1.00000000e-01 1.20000000e-01 2.07836529e+07
9.00000000e-02 1.00000000e-01 1.30000000e-01 2.22191548e+07
9.00000000e-02 1.00000000e-01 1.40000000e-01 2.35976657e+07
9.00000000e-02 1.00000000e-01 1.50000000e-01 2.49648506e+07
9.00000000e-02 1.00000000e-01 1.60000000e-01 2.62706847e+07
9.00000000e-02 1.00000000e-01 1.70000000e-01 2.75506161e+07
9.00000000e-02 1.00000000e-01 1.80000000e-01 2.87854756e+07
9.00000000e-02 1.00000000e-01 1.90000000e-01 2.99829652e+07
9.00000000e-02 1.00000000e-01 2.00000000e-01 3.11469024e+07
9.00000000e-02 1.00000000e-01 2.10000000e-01 3.22683686e+07
9.00000000e-02 1.00000000e-01 2.20000000e-01 3.33516113e+07
9.00000000e-02 1.00000000e-01 2.30000000e-01 3.44065249e+07
9.00000000e-02 1.00000000e-01 2.40000000e-01 3.54271269e+07
9.00000000e-02 1.00000000e-01 2.50000000e-01 3.64116063e+07
9.00000000e-02 1.00000000e-01 2.60000000e-01 3.73629337e+07
9.00000000e-02 1.00000000e-01 2.70000000e-01 3.82812907e+07
9.00000000e-02 1.00000000e-01 2.80000000e-01 3.91703691e+07
9.00000000e-02 1.00000000e-01 2.90000000e-01 4.00244512e+07
9.00000000e-02 1.00000000e-01 3.00000000e-01 4.08521869e+07
9.00000000e-02 1.00000000e-01 3.10000000e-01 4.16506696e+07
9.00000000e-02 1.00000000e-01 3.20000000e-01 4.24208080e+07
9.00000000e-02 1.00000000e-01 3.30000000e-01 4.31614123e+07
9.00000000e-02 1.00000000e-01 3.40000000e-01 4.38742613e+07
9.00000000e-02 1.00000000e-01 3.50000000e-01 4.45631790e+07
9.00000000e-02 1.00000000e-01 3.60000000e-01 4.52288154e+07
9.00000000e-02 1.00000000e-01 3.70000000e-01 4.59030916e+07
9.00000000e-02 1.00000000e-01 3.80000000e-01 4.65136709e+07
9.00000000e-02 1.00000000e-01 3.90000000e-01 4.71000695e+07
9.00000000e-02 1.00000000e-01 4.00000000e-01 4.76608588e+07
9.00000000e-02 1.00000000e-01 4.10000000e-01 4.81998596e+07
9.00000000e-02 1.00000000e-01 4.20000000e-01 4.87199802e+07
9.00000000e-02 1.00000000e-01 4.30000000e-01 4.92170661e+07
9.00000000e-02 1.00000000e-01 4.40000000e-01 4.96931209e+07
9.00000000e-02 1.00000000e-01 4.50000000e-01 5.01469995e+07
9.00000000e-02 1.00000000e-01 4.60000000e-01 5.05829365e+07
9.00000000e-02 1.00000000e-01 4.70000000e-01 5.09989935e+07
9.00000000e-02 1.00000000e-01 4.80000000e-01 5.14003670e+07
9.00000000e-02 1.00000000e-01 4.90000000e-01 5.17968605e+07
9.00000000e-02 1.00000000e-01 5.00000000e-01 5.24807727e+07
9.00000000e-02 1.00000000e-01 5.10000000e-01 5.28192695e+07
9.00000000e-02 1.00000000e-01 5.20000000e-01 5.31543800e+07
9.00000000e-02 1.00000000e-01 5.30000000e-01 5.34684667e+07
9.00000000e-02 1.00000000e-01 5.40000000e-01 5.37712563e+07
9.00000000e-02 1.00000000e-01 5.50000000e-01 5.41064646e+07
9.00000000e-02 1.00000000e-01 5.60000000e-01 5.43528983e+07
9.00000000e-02 1.00000000e-01 5.70000000e-01 5.46133559e+07
9.00000000e-02 1.00000000e-01 5.80000000e-01 5.48491845e+07
9.00000000e-02 1.00000000e-01 5.90000000e-01 5.50686863e+07
9.00000000e-02 1.00000000e-01 6.00000000e-01 5.52738704e+07
9.00000000e-02 1.00000000e-01 6.10000000e-01 5.54656541e+07
9.00000000e-02 1.00000000e-01 6.20000000e-01 5.56486027e+07
9.00000000e-02 1.00000000e-01 6.30000000e-01 5.58223959e+07
9.00000000e-02 1.00000000e-01 6.40000000e-01 5.60140360e+07
9.00000000e-02 1.00000000e-01 6.50000000e-01 5.66627845e+07
9.00000000e-02 1.00000000e-01 6.60000000e-01 5.75743231e+07
9.00000000e-02 1.00000000e-01 6.70000000e-01 5.77040695e+07
9.00000000e-02 1.00000000e-01 6.80000000e-01 5.78034163e+07
9.00000000e-02 1.00000000e-01 6.90000000e-01 5.79157776e+07
9.00000000e-02 1.00000000e-01 7.00000000e-01 5.80247753e+07
9.00000000e-02 1.00000000e-01 7.10000000e-01 5.81262184e+07
9.00000000e-02 1.00000000e-01 7.20000000e-01 5.82252785e+07
9.00000000e-02 1.00000000e-01 7.30000000e-01 5.82911814e+07
9.00000000e-02 1.00000000e-01 7.40000000e-01 5.86627353e+07
9.00000000e-02 1.00000000e-01 7.50000000e-01 5.87363468e+07
9.00000000e-02 1.00000000e-01 7.60000000e-01 5.87951053e+07
9.00000000e-02 1.00000000e-01 7.70000000e-01 5.88476392e+07
9.00000000e-02 1.00000000e-01 7.80000000e-01 5.88967327e+07
9.00000000e-02 1.00000000e-01 7.90000000e-01 5.89403500e+07
9.00000000e-02 1.00000000e-01 8.00000000e-01 5.89760926e+07
9.00000000e-02 1.00000000e-01 8.10000000e-01 5.90093644e+07
9.00000000e-02 1.00000000e-01 8.20000000e-01 5.90335964e+07
9.00000000e-02 1.00000000e-01 8.30000000e-01 5.90604391e+07
9.00000000e-02 1.00000000e-01 8.40000000e-01 5.90808976e+07
9.00000000e-02 1.00000000e-01 8.50000000e-01 5.91058074e+07
9.00000000e-02 1.00000000e-01 8.60000000e-01 5.91240069e+07
9.00000000e-02 1.00000000e-01 8.70000000e-01 5.91631709e+07
9.00000000e-02 1.00000000e-01 8.80000000e-01 5.91631097e+07
9.00000000e-02 1.00000000e-01 8.90000000e-01 5.91806655e+07
9.00000000e-02 1.00000000e-01 9.00000000e-01 5.92035143e+07
9.00000000e-02 1.00000000e-01 9.10000000e-01 5.92205759e+07
9.00000000e-02 1.00000000e-01 9.20000000e-01 5.92700109e+07
9.00000000e-02 1.00000000e-01 9.30000000e-01 5.91777482e+07
9.00000000e-02 1.00000000e-01 9.40000000e-01 5.91256287e+07
9.00000000e-02 1.00000000e-01 9.50000000e-01 5.90796282e+07
9.00000000e-02 1.00000000e-01 9.60000000e-01 5.90596760e+07
9.00000000e-02 1.00000000e-01 9.70000000e-01 5.90039781e+07
9.00000000e-02 1.00000000e-01 9.80000000e-01 5.89883238e+07
9.00000000e-02 1.00000000e-01 9.90000000e-01 5.90271799e+07
9.00000000e-02 1.00000000e-01 1.00000000e+00 5.90129813e+07
9.00000000e-02 1.00000000e-01 1.01000000e+00 5.89716238e+07
9.00000000e-02 1.00000000e-01 1.02000000e+00 6.03179096e+07
9.00000000e-02 1.00000000e-01 1.03000000e+00 5.97036965e+07
9.00000000e-02 1.00000000e-01 1.04000000e+00 5.97090470e+07
9.00000000e-02 1.00000000e-01 1.05000000e+00 6.11246723e+07
9.00000000e-02 1.00000000e-01 1.06000000e+00 6.04617836e+07
9.00000000e-02 1.00000000e-01 1.07000000e+00 5.93919427e+07
9.00000000e-02 1.00000000e-01 1.08000000e+00 5.91420569e+07
9.00000000e-02 1.00000000e-01 1.09000000e+00 5.90972855e+07
9.00000000e-02 1.00000000e-01 1.10000000e+00 5.85958761e+07
9.00000000e-02 1.00000000e-01 1.11000000e+00 5.84046620e+07
9.00000000e-02 1.00000000e-01 1.12000000e+00 5.80304184e+07
9.00000000e-02 1.00000000e-01 1.13000000e+00 5.78592523e+07
9.00000000e-02 1.00000000e-01 1.14000000e+00 5.74898782e+07
9.00000000e-02 1.00000000e-01 1.15000000e+00 5.72557999e+07
9.00000000e-02 1.00000000e-01 1.16000000e+00 5.70182267e+07
9.00000000e-02 1.00000000e-01 1.17000000e+00 5.68158349e+07
9.00000000e-02 1.00000000e-01 1.18000000e+00 5.66309731e+07
9.00000000e-02 1.00000000e-01 1.19000000e+00 5.66664107e+07
9.00000000e-02 1.00000000e-01 1.20000000e+00 5.65020067e+07
9.00000000e-02 1.00000000e-01 1.21000000e+00 5.63343883e+07
9.00000000e-02 1.00000000e-01 1.22000000e+00 5.61800220e+07
9.00000000e-02 1.00000000e-01 1.23000000e+00 5.60410837e+07
9.00000000e-02 1.00000000e-01 1.24000000e+00 5.59053782e+07
9.00000000e-02 1.00000000e-01 1.25000000e+00 5.58662769e+07
9.00000000e-02 1.00000000e-01 1.26000000e+00 5.57139660e+07
9.00000000e-02 1.00000000e-01 1.27000000e+00 5.54797571e+07
9.00000000e-02 1.00000000e-01 1.28000000e+00 5.53792541e+07
9.00000000e-02 1.00000000e-01 1.29000000e+00 5.52353973e+07
9.00000000e-02 1.00000000e-01 1.30000000e+00 5.51189023e+07
9.00000000e-02 1.00000000e-01 1.31000000e+00 5.50293710e+07
9.00000000e-02 1.00000000e-01 1.32000000e+00 5.49743923e+07
9.00000000e-02 1.00000000e-01 1.33000000e+00 5.49331550e+07
9.00000000e-02 1.00000000e-01 1.34000000e+00 5.48983454e+07
9.00000000e-02 1.00000000e-01 1.35000000e+00 5.49691559e+07
9.00000000e-02 1.00000000e-01 1.36000000e+00 5.43939719e+07
9.00000000e-02 1.00000000e-01 1.37000000e+00 5.40117186e+07
9.00000000e-02 1.00000000e-01 1.38000000e+00 5.37666926e+07
9.00000000e-02 1.00000000e-01 1.39000000e+00 5.33874330e+07
9.00000000e-02 1.00000000e-01 1.40000000e+00 5.30937301e+07
9.00000000e-02 1.00000000e-01 1.41000000e+00 5.32796127e+07
9.00000000e-02 1.00000000e-01 1.42000000e+00 5.25118397e+07
9.00000000e-02 1.00000000e-01 1.43000000e+00 5.23906810e+07
9.00000000e-02 1.00000000e-01 1.44000000e+00 5.21879440e+07
9.00000000e-02 1.00000000e-01 1.45000000e+00 5.19898593e+07
9.00000000e-02 1.00000000e-01 1.46000000e+00 5.19242846e+07
9.00000000e-02 1.00000000e-01 1.47000000e+00 5.38524214e+07
9.00000000e-02 1.00000000e-01 1.48000000e+00 5.16187255e+07
9.00000000e-02 1.00000000e-01 1.49000000e+00 5.13434079e+07
9.00000000e-02 1.00000000e-01 1.50000000e+00 5.11715544e+07
9.00000000e-02 1.00000000e-01 1.51000000e+00 5.09441197e+07
9.00000000e-02 1.00000000e-01 1.52000000e+00 5.05993663e+07
9.00000000e-02 1.00000000e-01 1.53000000e+00 5.03553901e+07
9.00000000e-02 1.00000000e-01 1.54000000e+00 5.02423917e+07
9.00000000e-02 1.00000000e-01 1.55000000e+00 4.99929722e+07
9.00000000e-02 1.00000000e-01 1.56000000e+00 4.97680021e+07
9.00000000e-02 1.00000000e-01 1.57000000e+00 4.95990476e+07
9.00000000e-02 1.00000000e-01 1.58000000e+00 4.93897645e+07
9.00000000e-02 1.00000000e-01 1.59000000e+00 4.92975277e+07
9.00000000e-02 1.00000000e-01 1.60000000e+00 4.92746746e+07
9.00000000e-02 1.00000000e-01 1.61000000e+00 4.88440268e+07
9.00000000e-02 1.00000000e-01 1.62000000e+00 4.87741136e+07
9.00000000e-02 1.00000000e-01 1.63000000e+00 4.82297320e+07
9.00000000e-02 1.00000000e-01 1.64000000e+00 4.80165351e+07
9.00000000e-02 1.00000000e-01 1.65000000e+00 4.80756521e+07
9.00000000e-02 1.00000000e-01 1.66000000e+00 4.78429226e+07
9.00000000e-02 1.00000000e-01 1.67000000e+00 4.73801607e+07
9.00000000e-02 1.00000000e-01 1.68000000e+00 4.72129391e+07
9.00000000e-02 1.00000000e-01 1.69000000e+00 4.69859621e+07
9.00000000e-02 1.00000000e-01 1.70000000e+00 4.67925950e+07
9.00000000e-02 1.00000000e-01 1.71000000e+00 4.66448822e+07
9.00000000e-02 1.00000000e-01 1.72000000e+00 4.66418837e+07
9.00000000e-02 1.00000000e-01 1.73000000e+00 4.65326979e+07
9.00000000e-02 1.00000000e-01 1.74000000e+00 4.64010682e+07
9.00000000e-02 1.00000000e-01 1.75000000e+00 4.63656593e+07
9.00000000e-02 1.00000000e-01 1.76000000e+00 4.63330221e+07
9.00000000e-02 1.00000000e-01 1.77000000e+00 4.62575624e+07
9.00000000e-02 1.00000000e-01 1.78000000e+00 4.62434812e+07
9.00000000e-02 1.00000000e-01 1.79000000e+00 4.62904778e+07
9.00000000e-02 1.00000000e-01 1.80000000e+00 4.64264616e+07
9.00000000e-02 1.00000000e-01 1.81000000e+00 4.66333532e+07
9.00000000e-02 1.00000000e-01 1.82000000e+00 4.70035567e+07
9.00000000e-02 1.00000000e-01 1.83000000e+00 4.74529651e+07
9.00000000e-02 1.00000000e-01 1.84000000e+00 4.80955120e+07
9.00000000e-02 1.00000000e-01 1.85000000e+00 4.87089177e+07
9.00000000e-02 1.00000000e-01 1.86000000e+00 4.97723323e+07
9.00000000e-02 1.00000000e-01 1.87000000e+00 4.77798860e+07
9.00000000e-02 1.00000000e-01 1.88000000e+00 4.62974656e+07
9.00000000e-02 1.00000000e-01 1.89000000e+00 4.52534224e+07
9.00000000e-02 1.00000000e-01 1.90000000e+00 4.44541163e+07
9.00000000e-02 1.00000000e-01 1.91000000e+00 4.38383559e+07
9.00000000e-02 1.00000000e-01 1.92000000e+00 4.33338144e+07
9.00000000e-02 1.00000000e-01 1.93000000e+00 4.29322653e+07
9.00000000e-02 1.00000000e-01 1.94000000e+00 4.26767705e+07
9.00000000e-02 1.00000000e-01 1.95000000e+00 4.26056662e+07
9.00000000e-02 1.00000000e-01 1.96000000e+00 4.22792046e+07
9.00000000e-02 1.00000000e-01 1.97000000e+00 4.19037694e+07
9.00000000e-02 1.00000000e-01 1.98000000e+00 4.16569286e+07
9.00000000e-02 1.00000000e-01 1.99000000e+00 4.17226092e+07
9.00000000e-02 1.00000000e-01 2.00000000e+00 4.89869536e+07
1.00000000e-01 1.10000000e-01 1.00000000e-02 1.79110149e+06
1.00000000e-01 1.10000000e-01 2.00000000e-02 3.55455080e+06
1.00000000e-01 1.10000000e-01 3.00000000e-02 5.28571172e+06
1.00000000e-01 1.10000000e-01 4.00000000e-02 6.98488796e+06
1.00000000e-01 1.10000000e-01 5.00000000e-02 8.64996201e+06
1.00000000e-01 1.10000000e-01 6.00000000e-02 1.03187565e+07
1.00000000e-01 1.10000000e-01 7.00000000e-02 1.19760573e+07
1.00000000e-01 1.10000000e-01 8.00000000e-02 1.41759253e+07
1.00000000e-01 1.10000000e-01 9.00000000e-02 1.60742824e+07
1.00000000e-01 1.10000000e-01 1.00000000e-01 1.76088139e+07
1.00000000e-01 1.10000000e-01 1.10000000e-01 1.90588615e+07
1.00000000e-01 1.10000000e-01 1.20000000e-01 2.05147189e+07
1.00000000e-01 1.10000000e-01 1.30000000e-01 2.19314335e+07
1.00000000e-01 1.10000000e-01 1.40000000e-01 2.32767971e+07
1.00000000e-01 1.10000000e-01 1.50000000e-01 2.46206294e+07
1.00000000e-01 1.10000000e-01 1.60000000e-01 2.58971244e+07
1.00000000e-01 1.10000000e-01 1.70000000e-01 2.71465860e+07
1.00000000e-01 1.10000000e-01 1.80000000e-01 2.83537056e+07
1.00000000e-01 1.10000000e-01 1.90000000e-01 2.95199652e+07
1.00000000e-01 1.10000000e-01 2.00000000e-01 3.06538614e+07
1.00000000e-01 1.10000000e-01 2.10000000e-01 3.17436826e+07
1.00000000e-01 1.10000000e-01 2.20000000e-01 3.27956110e+07
1.00000000e-01 1.10000000e-01 2.30000000e-01 3.38193369e+07
1.00000000e-01 1.10000000e-01 2.40000000e-01 3.48073550e+07
1.00000000e-01 1.10000000e-01 2.50000000e-01 3.57603242e+07
1.00000000e-01 1.10000000e-01 2.60000000e-01 3.66800126e+07
1.00000000e-01 1.10000000e-01 2.70000000e-01 3.75653567e+07
1.00000000e-01 1.10000000e-01 2.80000000e-01 3.84221103e+07
1.00000000e-01 1.10000000e-01 2.90000000e-01 3.92438511e+07
1.00000000e-01 1.10000000e-01 3.00000000e-01 4.00395412e+07
1.00000000e-01 1.10000000e-01 3.10000000e-01 4.08055260e+07
1.00000000e-01 1.10000000e-01 3.20000000e-01 4.15433966e+07
1.00000000e-01 1.10000000e-01 3.30000000e-01 4.22518402e+07
1.00000000e-01 1.10000000e-01 3.40000000e-01 4.29323785e+07
1.00000000e-01 1.10000000e-01 3.50000000e-01 4.35892587e+07
1.00000000e-01 1.10000000e-01 3.60000000e-01 4.42236992e+07
1.00000000e-01 1.10000000e-01 3.70000000e-01 4.48711404e+07
1.00000000e-01 1.10000000e-01 3.80000000e-01 4.54503007e+07
1.00000000e-01 1.10000000e-01 3.90000000e-01 4.60056290e+07
1.00000000e-01 1.10000000e-01 4.00000000e-01 4.65352798e+07
1.00000000e-01 1.10000000e-01 4.10000000e-01 4.70431155e+07
1.00000000e-01 1.10000000e-01 4.20000000e-01 4.75327527e+07
1.00000000e-01 1.10000000e-01 4.30000000e-01 4.79992796e+07
1.00000000e-01 1.10000000e-01 4.40000000e-01 4.84455615e+07
1.00000000e-01 1.10000000e-01 4.50000000e-01 4.88699523e+07
1.00000000e-01 1.10000000e-01 4.60000000e-01 4.92764987e+07
1.00000000e-01 1.10000000e-01 4.70000000e-01 4.96636371e+07
1.00000000e-01 1.10000000e-01 4.80000000e-01 5.00366828e+07
1.00000000e-01 1.10000000e-01 4.90000000e-01 5.03922990e+07
1.00000000e-01 1.10000000e-01 5.00000000e-01 5.10581406e+07
1.00000000e-01 1.10000000e-01 5.10000000e-01 5.13674544e+07
1.00000000e-01 1.10000000e-01 5.20000000e-01 5.16758250e+07
1.00000000e-01 1.10000000e-01 5.30000000e-01 5.19633941e+07
1.00000000e-01 1.10000000e-01 5.40000000e-01 5.22397586e+07
1.00000000e-01 1.10000000e-01 5.50000000e-01 5.25499142e+07
1.00000000e-01 1.10000000e-01 5.60000000e-01 5.27733125e+07
1.00000000e-01 1.10000000e-01 5.70000000e-01 5.30086013e+07
1.00000000e-01 1.10000000e-01 5.80000000e-01 5.32187364e+07
1.00000000e-01 1.10000000e-01 5.90000000e-01 5.34126464e+07
1.00000000e-01 1.10000000e-01 6.00000000e-01 5.35921598e+07
1.00000000e-01 1.10000000e-01 6.10000000e-01 5.37589408e+07
1.00000000e-01 1.10000000e-01 6.20000000e-01 5.39174950e+07
1.00000000e-01 1.10000000e-01 6.30000000e-01 5.40677326e+07
1.00000000e-01 1.10000000e-01 6.40000000e-01 5.42399662e+07
1.00000000e-01 1.10000000e-01 6.50000000e-01 5.48212764e+07
1.00000000e-01 1.10000000e-01 6.60000000e-01 5.57707036e+07
1.00000000e-01 1.10000000e-01 6.70000000e-01 5.58784343e+07
1.00000000e-01 1.10000000e-01 6.80000000e-01 5.59517700e+07
1.00000000e-01 1.10000000e-01 6.90000000e-01 5.60429383e+07
1.00000000e-01 1.10000000e-01 7.00000000e-01 5.61313032e+07
1.00000000e-01 1.10000000e-01 7.10000000e-01 5.62122222e+07
1.00000000e-01 1.10000000e-01 7.20000000e-01 5.62924464e+07
1.00000000e-01 1.10000000e-01 7.30000000e-01 5.63439502e+07
1.00000000e-01 1.10000000e-01 7.40000000e-01 5.66987297e+07
1.00000000e-01 1.10000000e-01 7.50000000e-01 5.67531429e+07
1.00000000e-01 1.10000000e-01 7.60000000e-01 5.67925379e+07
1.00000000e-01 1.10000000e-01 7.70000000e-01 5.68268326e+07
1.00000000e-01 1.10000000e-01 7.80000000e-01 5.68580139e+07
1.00000000e-01 1.10000000e-01 7.90000000e-01 5.68839665e+07
1.00000000e-01 1.10000000e-01 8.00000000e-01 5.69025065e+07
1.00000000e-01 1.10000000e-01 8.10000000e-01 5.69198767e+07
1.00000000e-01 1.10000000e-01 8.20000000e-01 5.69285150e+07
1.00000000e-01 1.10000000e-01 8.30000000e-01 5.69404484e+07
1.00000000e-01 1.10000000e-01 8.40000000e-01 5.69473181e+07
1.00000000e-01 1.10000000e-01 8.50000000e-01 5.69608272e+07
1.00000000e-01 1.10000000e-01 8.60000000e-01 5.69667469e+07
1.00000000e-01 1.10000000e-01 8.70000000e-01 5.69966032e+07
1.00000000e-01 1.10000000e-01 8.80000000e-01 5.69852858e+07
1.00000000e-01 1.10000000e-01 8.90000000e-01 5.69934519e+07
1.00000000e-01 1.10000000e-01 9.00000000e-01 5.70105794e+07
1.00000000e-01 1.10000000e-01 9.10000000e-01 5.70193620e+07
1.00000000e-01 1.10000000e-01 9.20000000e-01 5.70661989e+07
1.00000000e-01 1.10000000e-01 9.30000000e-01 5.69556626e+07
1.00000000e-01 1.10000000e-01 9.40000000e-01 5.68892344e+07
1.00000000e-01 1.10000000e-01 9.50000000e-01 5.68317609e+07
1.00000000e-01 1.10000000e-01 9.60000000e-01 5.68023787e+07
1.00000000e-01 1.10000000e-01 9.70000000e-01 5.67366060e+07
1.00000000e-01 1.10000000e-01 9.80000000e-01 5.67135483e+07
1.00000000e-01 1.10000000e-01 9.90000000e-01 5.67530722e+07
1.00000000e-01 1.10000000e-01 1.00000000e+00 5.67322475e+07
1.00000000e-01 1.10000000e-01 1.01000000e+00 5.66802848e+07
1.00000000e-01 1.10000000e-01 1.02000000e+00 5.81072912e+07
1.00000000e-01 1.10000000e-01 1.03000000e+00 5.73962603e+07
1.00000000e-01 1.10000000e-01 1.04000000e+00 5.73883795e+07
1.00000000e-01 1.10000000e-01 1.05000000e+00 5.88194342e+07
1.00000000e-01 1.10000000e-01 1.06000000e+00 5.81307970e+07
1.00000000e-01 1.10000000e-01 1.07000000e+00 5.70232733e+07
1.00000000e-01 1.10000000e-01 1.08000000e+00 5.67556050e+07
1.00000000e-01 1.10000000e-01 1.09000000e+00 5.66800519e+07
1.00000000e-01 1.10000000e-01 1.10000000e+00 5.61690379e+07
1.00000000e-01 1.10000000e-01 1.11000000e+00 5.59711788e+07
1.00000000e-01 1.10000000e-01 1.12000000e+00 5.55763065e+07
1.00000000e-01 1.10000000e-01 1.13000000e+00 5.53879908e+07
1.00000000e-01 1.10000000e-01 1.14000000e+00 5.50087911e+07
1.00000000e-01 1.10000000e-01 1.15000000e+00 5.47657559e+07
1.00000000e-01 1.10000000e-01 1.16000000e+00 5.45174402e+07
1.00000000e-01 1.10000000e-01 1.17000000e+00 5.43060558e+07
1.00000000e-01 1.10000000e-01 1.18000000e+00 5.41132170e+07
1.00000000e-01 1.10000000e-01 1.19000000e+00 5.41394486e+07
1.00000000e-01 1.10000000e-01 1.20000000e+00 5.39691659e+07
1.00000000e-01 1.10000000e-01 1.21000000e+00 5.37952647e+07
1.00000000e-01 1.10000000e-01 1.22000000e+00 5.36345988e+07
1.00000000e-01 1.10000000e-01 1.23000000e+00 5.34902726e+07
1.00000000e-01 1.10000000e-01 1.24000000e+00 5.33483302e+07
1.00000000e-01 1.10000000e-01 1.25000000e+00 5.33032631e+07
1.00000000e-01 1.10000000e-01 1.26000000e+00 5.31475841e+07
1.00000000e-01 1.10000000e-01 1.27000000e+00 5.29097376e+07
1.00000000e-01 1.10000000e-01 1.28000000e+00 5.28057271e+07
1.00000000e-01 1.10000000e-01 1.29000000e+00 5.26608517e+07
1.00000000e-01 1.10000000e-01 1.30000000e+00 5.25446807e+07
1.00000000e-01 1.10000000e-01 1.31000000e+00 5.24583182e+07
1.00000000e-01 1.10000000e-01 1.32000000e+00 5.24090488e+07
1.00000000e-01 1.10000000e-01 1.33000000e+00 5.23767174e+07
1.00000000e-01 1.10000000e-01 1.34000000e+00 5.23522077e+07
1.00000000e-01 1.10000000e-01 1.35000000e+00 5.24547623e+07
1.00000000e-01 1.10000000e-01 1.36000000e+00 5.18304465e+07
1.00000000e-01 1.10000000e-01 1.37000000e+00 5.14243383e+07
1.00000000e-01 1.10000000e-01 1.38000000e+00 5.11655805e+07
1.00000000e-01 1.10000000e-01 1.39000000e+00 5.07767816e+07
1.00000000e-01 1.10000000e-01 1.40000000e+00 5.04754181e+07
1.00000000e-01 1.10000000e-01 1.41000000e+00 5.06602186e+07
1.00000000e-01 1.10000000e-01 1.42000000e+00 4.98854942e+07
1.00000000e-01 1.10000000e-01 1.43000000e+00 4.97588690e+07
1.00000000e-01 1.10000000e-01 1.44000000e+00 4.95629428e+07
1.00000000e-01 1.10000000e-01 1.45000000e+00 4.93631554e+07
1.00000000e-01 1.10000000e-01 1.46000000e+00 4.92876218e+07
1.00000000e-01 1.10000000e-01 1.47000000e+00 5.13513870e+07
1.00000000e-01 1.10000000e-01 1.48000000e+00 4.89624126e+07
1.00000000e-01 1.10000000e-01 1.49000000e+00 4.86884455e+07
1.00000000e-01 1.10000000e-01 1.50000000e+00 4.85162677e+07
1.00000000e-01 1.10000000e-01 1.51000000e+00 4.82749721e+07
1.00000000e-01 1.10000000e-01 1.52000000e+00 4.79320688e+07
1.00000000e-01 1.10000000e-01 1.53000000e+00 4.76868563e+07
1.00000000e-01 1.10000000e-01 1.54000000e+00 4.75762174e+07
1.00000000e-01 1.10000000e-01 1.55000000e+00 4.73264295e+07
1.00000000e-01 1.10000000e-01 1.56000000e+00 4.70999492e+07
1.00000000e-01 1.10000000e-01 1.57000000e+00 4.69353054e+07
1.00000000e-01 1.10000000e-01 1.58000000e+00 4.67267742e+07
1.00000000e-01 1.10000000e-01 1.59000000e+00 4.66376424e+07
1.00000000e-01 1.10000000e-01 1.60000000e+00 4.66625272e+07
1.00000000e-01 1.10000000e-01 1.61000000e+00 4.61791029e+07
1.00000000e-01 1.10000000e-01 1.62000000e+00 4.61121227e+07
1.00000000e-01 1.10000000e-01 1.63000000e+00 4.55632420e+07
1.00000000e-01 1.10000000e-01 1.64000000e+00 4.53515860e+07
1.00000000e-01 1.10000000e-01 1.65000000e+00 4.54207535e+07
1.00000000e-01 1.10000000e-01 1.66000000e+00 4.51877761e+07
1.00000000e-01 1.10000000e-01 1.67000000e+00 4.47176464e+07
1.00000000e-01 1.10000000e-01 1.68000000e+00 4.45494902e+07
1.00000000e-01 1.10000000e-01 1.69000000e+00 4.43261901e+07
1.00000000e-01 1.10000000e-01 1.70000000e+00 4.41310112e+07
1.00000000e-01 1.10000000e-01 1.71000000e+00 4.39869454e+07
1.00000000e-01 1.10000000e-01 1.72000000e+00 4.39757375e+07
1.00000000e-01 1.10000000e-01 1.73000000e+00 4.38767010e+07
1.00000000e-01 1.10000000e-01 1.74000000e+00 4.37521088e+07
1.00000000e-01 1.10000000e-01 1.75000000e+00 4.37048542e+07
1.00000000e-01 1.10000000e-01 1.76000000e+00 4.36702182e+07
1.00000000e-01 1.10000000e-01 1.77000000e+00 4.35980421e+07
1.00000000e-01 1.10000000e-01 1.78000000e+00 4.35904002e+07
1.00000000e-01 1.10000000e-01 1.79000000e+00 4.36418184e+07
1.00000000e-01 1.10000000e-01 1.80000000e+00 4.37847548e+07
1.00000000e-01 1.10000000e-01 1.81000000e+00 4.40017071e+07
1.00000000e-01 1.10000000e-01 1.82000000e+00 4.43850143e+07
1.00000000e-01 1.10000000e-01 1.83000000e+00 4.48685807e+07
1.00000000e-01 1.10000000e-01 1.84000000e+00 4.55579750e+07
1.00000000e-01 1.10000000e-01 1.85000000e+00 4.62141447e+07
1.00000000e-01 1.10000000e-01 1.86000000e+00 4.74152924e+07
1.00000000e-01 1.10000000e-01 1.87000000e+00 4.52538493e+07
1.00000000e-01 1.10000000e-01 1.88000000e+00 4.37025294e+07
1.00000000e-01 1.10000000e-01 1.89000000e+00 4.26386063e+07
1.00000000e-01 1.10000000e-01 1.90000000e+00 4.18325040e+07
1.00000000e-01 1.10000000e-01 1.91000000e+00 4.12156153e+07
1.00000000e-01 1.10000000e-01 1.92000000e+00 4.07136006e+07
1.00000000e-01 1.10000000e-01 1.93000000e+00 4.03113762e+07
1.00000000e-01 1.10000000e-01 1.94000000e+00 4.00477109e+07
1.00000000e-01 1.10000000e-01 1.95000000e+00 3.99740904e+07
1.00000000e-01 1.10000000e-01 1.96000000e+00 3.96657738e+07
1.00000000e-01 1.10000000e-01 1.97000000e+00 3.93054696e+07
1.00000000e-01 1.10000000e-01 1.98000000e+00 3.90685446e+07
1.00000000e-01 1.10000000e-01 1.99000000e+00 3.91098658e+07
1.00000000e-01 1.10000000e-01 2.00000000e+00 4.65682113e+07
1.10000000e-01 1.20000000e-01 1.00000000e-02 1.75201705e+06
1.10000000e-01 1.20000000e-01 2.00000000e-02 3.47598155e+06
1.10000000e-01 1.20000000e-01 3.00000000e-02 5.16718464e+06
1.10000000e-01 1.20000000e-01 4.00000000e-02 6.82622768e+06
1.10000000e-01 1.20000000e-01 5.00000000e-02 8.45099369e+06
1.10000000e-01 1.20000000e-01 6.00000000e-02 1.00843141e+07
1.10000000e-01 1.20000000e-01 7.00000000e-02 1.17106728e+07
1.10000000e-01 1.20000000e-01 8.00000000e-02 1.40663164e+07
1.10000000e-01 1.20000000e-01 9.00000000e-02 1.56550246e+07
1.10000000e-01 1.20000000e-01 1.00000000e-01 1.71192574e+07
1.10000000e-01 1.20000000e-01 1.10000000e-01 1.85432284e+07
1.10000000e-01 1.20000000e-01 1.20000000e-01 1.99471921e+07
1.10000000e-01 1.20000000e-01 1.30000000e-01 2.13192127e+07
1.10000000e-01 1.20000000e-01 1.40000000e-01 2.26168299e+07
1.10000000e-01 1.20000000e-01 1.50000000e-01 2.39133616e+07
1.10000000e-01 1.20000000e-01 1.60000000e-01 2.51438366e+07
1.10000000e-01 1.20000000e-01 1.70000000e-01 2.63430143e+07
1.10000000e-01 1.20000000e-01 1.80000000e-01 2.75041146e+07
1.10000000e-01 1.20000000e-01 1.90000000e-01 2.86230862e+07
1.10000000e-01 1.20000000e-01 2.00000000e-01 2.97080418e+07
1.10000000e-01 1.20000000e-01 2.10000000e-01 3.07505589e+07
1.10000000e-01 1.20000000e-01 2.20000000e-01 3.17561250e+07
1.10000000e-01 1.20000000e-01 2.30000000e-01 3.27319763e+07
1.10000000e-01 1.20000000e-01 2.40000000e-01 3.36730561e+07
1.10000000e-01 1.20000000e-01 2.50000000e-01 3.45800311e+07
1.10000000e-01 1.20000000e-01 2.60000000e-01 3.54542627e+07
1.10000000e-01 1.20000000e-01 2.70000000e-01 3.62938987e+07
1.10000000e-01 1.20000000e-01 2.80000000e-01 3.71052046e+07
1.10000000e-01 1.20000000e-01 2.90000000e-01 3.78818688e+07
1.10000000e-01 1.20000000e-01 3.00000000e-01 3.86336889e+07
1.10000000e-01 1.20000000e-01 3.10000000e-01 3.93556657e+07
1.10000000e-01 1.20000000e-01 3.20000000e-01 4.00503890e+07
1.10000000e-01 1.20000000e-01 3.30000000e-01 4.07161288e+07
1.10000000e-01 1.20000000e-01 3.40000000e-01 4.13545012e+07
1.10000000e-01 1.20000000e-01 3.50000000e-01 4.19695608e+07
1.10000000e-01 1.20000000e-01 3.60000000e-01 4.25634870e+07
1.10000000e-01 1.20000000e-01 3.70000000e-01 4.31750290e+07
1.10000000e-01 1.20000000e-01 3.80000000e-01 4.37143319e+07
1.10000000e-01 1.20000000e-01 3.90000000e-01 4.42306313e+07
1.10000000e-01 1.20000000e-01 4.00000000e-01 4.47217580e+07
1.10000000e-01 1.20000000e-01 4.10000000e-01 4.51904830e+07
1.10000000e-01 1.20000000e-01 4.20000000e-01 4.56432324e+07
1.10000000e-01 1.20000000e-01 4.30000000e-01 4.60715062e+07
1.10000000e-01 1.20000000e-01 4.40000000e-01 4.64817843e+07
1.10000000e-01 1.20000000e-01 4.50000000e-01 4.68703138e+07
1.10000000e-01 1.20000000e-01 4.60000000e-01 4.72415502e+07
1.10000000e-01 1.20000000e-01 4.70000000e-01 4.75941318e+07
1.10000000e-01 1.20000000e-01 4.80000000e-01 4.79338113e+07
1.10000000e-01 1.20000000e-01 4.90000000e-01 4.82528659e+07
1.10000000e-01 1.20000000e-01 5.00000000e-01 4.88783663e+07
1.10000000e-01 1.20000000e-01 5.10000000e-01 4.91550221e+07
1.10000000e-01 1.20000000e-01 5.20000000e-01 4.94321634e+07
1.10000000e-01 1.20000000e-01 5.30000000e-01 4.96897121e+07
1.10000000e-01 1.20000000e-01 5.40000000e-01 4.99353611e+07
1.10000000e-01 1.20000000e-01 5.50000000e-01 5.02173892e+07
1.10000000e-01 1.20000000e-01 5.60000000e-01 5.04141848e+07
1.10000000e-01 1.20000000e-01 5.70000000e-01 5.06211846e+07
1.10000000e-01 1.20000000e-01 5.80000000e-01 5.08022723e+07
1.10000000e-01 1.20000000e-01 5.90000000e-01 5.09688590e+07
1.10000000e-01 1.20000000e-01 6.00000000e-01 5.11195845e+07
1.10000000e-01 1.20000000e-01 6.10000000e-01 5.12597208e+07
1.10000000e-01 1.20000000e-01 6.20000000e-01 5.13915291e+07
1.10000000e-01 1.20000000e-01 6.30000000e-01 5.15165150e+07
1.10000000e-01 1.20000000e-01 6.40000000e-01 5.16679096e+07
1.10000000e-01 1.20000000e-01 6.50000000e-01 5.22232446e+07
1.10000000e-01 1.20000000e-01 6.60000000e-01 5.31468766e+07
1.10000000e-01 1.20000000e-01 6.70000000e-01 5.32324558e+07
1.10000000e-01 1.20000000e-01 6.80000000e-01 5.32774759e+07
1.10000000e-01 1.20000000e-01 6.90000000e-01 5.33470497e+07
1.10000000e-01 1.20000000e-01 7.00000000e-01 5.34139438e+07
1.10000000e-01 1.20000000e-01 7.10000000e-01 5.34732742e+07
1.10000000e-01 1.20000000e-01 7.20000000e-01 5.35331807e+07
1.10000000e-01 1.20000000e-01 7.30000000e-01 5.35657902e+07
1.10000000e-01 1.20000000e-01 7.40000000e-01 5.39005217e+07
1.10000000e-01 1.20000000e-01 7.50000000e-01 5.39357141e+07
1.10000000e-01 1.20000000e-01 7.60000000e-01 5.39561489e+07
1.10000000e-01 1.20000000e-01 7.70000000e-01 5.39737477e+07
1.10000000e-01 1.20000000e-01 7.80000000e-01 5.39876612e+07
1.10000000e-01 1.20000000e-01 7.90000000e-01 5.39956681e+07
1.10000000e-01 1.20000000e-01 8.00000000e-01 5.39988498e+07
1.10000000e-01 1.20000000e-01 8.10000000e-01 5.40011695e+07
1.10000000e-01 1.20000000e-01 8.20000000e-01 5.39961039e+07
1.10000000e-01 1.20000000e-01 8.30000000e-01 5.39941360e+07
1.10000000e-01 1.20000000e-01 8.40000000e-01 5.39882436e+07
1.10000000e-01 1.20000000e-01 8.50000000e-01 5.39898207e+07
1.10000000e-01 1.20000000e-01 8.60000000e-01 5.39848310e+07
1.10000000e-01 1.20000000e-01 8.70000000e-01 5.40051558e+07
1.10000000e-01 1.20000000e-01 8.80000000e-01 5.39852193e+07
1.10000000e-01 1.20000000e-01 8.90000000e-01 5.39835201e+07
1.10000000e-01 1.20000000e-01 9.00000000e-01 5.39974724e+07
1.10000000e-01 1.20000000e-01 9.10000000e-01 5.39995450e+07
1.10000000e-01 1.20000000e-01 9.20000000e-01 5.40453722e+07
1.10000000e-01 1.20000000e-01 9.30000000e-01 5.39158706e+07
1.10000000e-01 1.20000000e-01 9.40000000e-01 5.38368450e+07
1.10000000e-01 1.20000000e-01 9.50000000e-01 5.37705470e+07
1.10000000e-01 1.20000000e-01 9.60000000e-01 5.37319458e+07
1.10000000e-01 1.20000000e-01 9.70000000e-01 5.36578611e+07
1.10000000e-01 1.20000000e-01 9.80000000e-01 5.36277432e+07
1.10000000e-01 1.20000000e-01 9.90000000e-01 5.36722996e+07
1.10000000e-01 1.20000000e-01 1.00000000e+00 5.36458895e+07
1.10000000e-01 1.20000000e-01 1.01000000e+00 5.35864333e+07
1.10000000e-01 1.20000000e-01 1.02000000e+00 5.50909171e+07
1.10000000e-01 1.20000000e-01 1.03000000e+00 5.42749524e+07
1.10000000e-01 1.20000000e-01 1.04000000e+00 5.42539874e+07
1.10000000e-01 1.20000000e-01 1.05000000e+00 5.56723569e+07
1.10000000e-01 1.20000000e-01 1.06000000e+00 5.49698264e+07
1.10000000e-01 1.20000000e-01 1.07000000e+00 5.38437747e+07
1.10000000e-01 1.20000000e-01 1.08000000e+00 5.35667996e+07
1.10000000e-01 1.20000000e-01 1.09000000e+00 5.34583395e+07
1.10000000e-01 1.20000000e-01 1.10000000e+00 5.29485264e+07
1.10000000e-01 1.20000000e-01 1.11000000e+00 5.27480203e+07
1.10000000e-01 1.20000000e-01 1.12000000e+00 5.23382312e+07
1.10000000e-01 1.20000000e-01 1.13000000e+00 5.21347671e+07
1.10000000e-01 1.20000000e-01 1.14000000e+00 5.17515327e+07
1.10000000e-01 1.20000000e-01 1.15000000e+00 5.15045583e+07
1.10000000e-01 1.20000000e-01 1.16000000e+00 5.12496825e+07
1.10000000e-01 1.20000000e-01 1.17000000e+00 5.10334391e+07
1.10000000e-01 1.20000000e-01 1.18000000e+00 5.08364606e+07
1.10000000e-01 1.20000000e-01 1.19000000e+00 5.08530874e+07
1.10000000e-01 1.20000000e-01 1.20000000e+00 5.06812356e+07
1.10000000e-01 1.20000000e-01 1.21000000e+00 5.05041140e+07
1.10000000e-01 1.20000000e-01 1.22000000e+00 5.03403397e+07
1.10000000e-01 1.20000000e-01 1.23000000e+00 5.01928202e+07
1.10000000e-01 1.20000000e-01 1.24000000e+00 5.00474937e+07
1.10000000e-01 1.20000000e-01 1.25000000e+00 4.99968596e+07
1.10000000e-01 1.20000000e-01 1.26000000e+00 4.98403517e+07
1.10000000e-01 1.20000000e-01 1.27000000e+00 4.96038006e+07
1.10000000e-01 1.20000000e-01 1.28000000e+00 4.94981470e+07
1.10000000e-01 1.20000000e-01 1.29000000e+00 4.93546815e+07
1.10000000e-01 1.20000000e-01 1.30000000e+00 4.92426184e+07
1.10000000e-01 1.20000000e-01 1.31000000e+00 4.91618479e+07
1.10000000e-01 1.20000000e-01 1.32000000e+00 4.91220416e+07
1.10000000e-01 1.20000000e-01 1.33000000e+00 4.90999896e+07
1.10000000e-01 1.20000000e-01 1.34000000e+00 4.90916190e+07
1.10000000e-01 1.20000000e-01 1.35000000e+00 4.92315971e+07
1.10000000e-01 1.20000000e-01 1.36000000e+00 4.85591972e+07
1.10000000e-01 1.20000000e-01 1.37000000e+00 4.81321863e+07
1.10000000e-01 1.20000000e-01 1.38000000e+00 4.78631802e+07
1.10000000e-01 1.20000000e-01 1.39000000e+00 4.74721963e+07
1.10000000e-01 1.20000000e-01 1.40000000e+00 4.71675712e+07
1.10000000e-01 1.20000000e-01 1.41000000e+00 4.73470677e+07
1.10000000e-01 1.20000000e-01 1.42000000e+00 4.65803579e+07
1.10000000e-01 1.20000000e-01 1.43000000e+00 4.64517867e+07
1.10000000e-01 1.20000000e-01 1.44000000e+00 4.62704235e+07
1.10000000e-01 1.20000000e-01 1.45000000e+00 4.60714555e+07
1.10000000e-01 1.20000000e-01 1.46000000e+00 4.59881710e+07
1.10000000e-01 1.20000000e-01 1.47000000e+00 4.81842935e+07
1.10000000e-01 1.20000000e-01 1.48000000e+00 4.56489573e+07
1.10000000e-01 1.20000000e-01 1.49000000e+00 4.53814509e+07
1.10000000e-01 1.20000000e-01 1.50000000e+00 4.52113029e+07
1.10000000e-01 1.20000000e-01 1.51000000e+00 4.49568661e+07
1.10000000e-01 1.20000000e-01 1.52000000e+00 4.46223433e+07
1.10000000e-01 1.20000000e-01 1.53000000e+00 4.43812444e+07
1.10000000e-01 1.20000000e-01 1.54000000e+00 4.42721465e+07
1.10000000e-01 1.20000000e-01 1.55000000e+00 4.40274567e+07
1.10000000e-01 1.20000000e-01 1.56000000e+00 4.38044034e+07
1.10000000e-01 1.20000000e-01 1.57000000e+00 4.36468956e+07
1.10000000e-01 1.20000000e-01 1.58000000e+00 4.34440836e+07
1.10000000e-01 1.20000000e-01 1.59000000e+00 4.33602631e+07
1.10000000e-01 1.20000000e-01 1.60000000e+00 4.34599334e+07
1.10000000e-01 1.20000000e-01 1.61000000e+00 4.28998451e+07
1.10000000e-01 1.20000000e-01 1.62000000e+00 4.28347836e+07
1.10000000e-01 1.20000000e-01 1.63000000e+00 4.22969779e+07
1.10000000e-01 1.20000000e-01 1.64000000e+00 4.20899698e+07
1.10000000e-01 1.20000000e-01 1.65000000e+00 4.21607136e+07
1.10000000e-01 1.20000000e-01 1.66000000e+00 4.19366930e+07
1.10000000e-01 1.20000000e-01 1.67000000e+00 4.14708734e+07
1.10000000e-01 1.20000000e-01 1.68000000e+00 4.13057166e+07
1.10000000e-01 1.20000000e-01 1.69000000e+00 4.10898038e+07
1.10000000e-01 1.20000000e-01 1.70000000e+00 4.08974753e+07
1.10000000e-01 1.20000000e-01 1.71000000e+00 4.07584871e+07
1.10000000e-01 1.20000000e-01 1.72000000e+00 4.07444852e+07
1.10000000e-01 1.20000000e-01 1.73000000e+00 4.06479020e+07
1.10000000e-01 1.20000000e-01 1.74000000e+00 4.05195564e+07
1.10000000e-01 1.20000000e-01 1.75000000e+00 4.04757590e+07
1.10000000e-01 1.20000000e-01 1.76000000e+00 4.04397295e+07
1.10000000e-01 1.20000000e-01 1.77000000e+00 4.03711636e+07
1.10000000e-01 1.20000000e-01 1.78000000e+00 4.03674050e+07
1.10000000e-01 1.20000000e-01 1.79000000e+00 4.04230899e+07
1.10000000e-01 1.20000000e-01 1.80000000e+00 4.05680371e+07
1.10000000e-01 1.20000000e-01 1.81000000e+00 4.07921764e+07
1.10000000e-01 1.20000000e-01 1.82000000e+00 4.11842086e+07
1.10000000e-01 1.20000000e-01 1.83000000e+00 4.16957415e+07
1.10000000e-01 1.20000000e-01 1.84000000e+00 4.24278690e+07
1.10000000e-01 1.20000000e-01 1.85000000e+00 4.31229687e+07
1.10000000e-01 1.20000000e-01 1.86000000e+00 4.44707479e+07
1.10000000e-01 1.20000000e-01 1.87000000e+00 4.21426582e+07
1.10000000e-01 1.20000000e-01 1.88000000e+00 4.05353161e+07
1.10000000e-01 1.20000000e-01 1.89000000e+00 3.94684689e+07
1.10000000e-01 1.20000000e-01 1.90000000e+00 3.86707369e+07
1.10000000e-01 1.20000000e-01 1.91000000e+00 3.80654067e+07
1.10000000e-01 1.20000000e-01 1.92000000e+00 3.75752727e+07
1.10000000e-01 1.20000000e-01 1.93000000e+00 3.71813496e+07
1.10000000e-01 1.20000000e-01 1.94000000e+00 3.69162110e+07
1.10000000e-01 1.20000000e-01 1.95000000e+00 3.68435887e+07
1.10000000e-01 1.20000000e-01 1.96000000e+00 3.65610339e+07
1.10000000e-01 1.20000000e-01 1.97000000e+00 3.62222663e+07
1.10000000e-01 1.20000000e-01 1.98000000e+00 3.59982696e+07
1.10000000e-01 1.20000000e-01 1.99000000e+00 3.60143922e+07
1.10000000e-01 1.20000000e-01 2.00000000e+00 4.35558548e+07
1.20000000e-01 1.30000000e-01 1.00000000e-02 1.69177229e+06
1.20000000e-01 1.30000000e-01 2.00000000e-02 3.35540347e+06
1.20000000e-01 1.30000000e-01 3.00000000e-02 4.98612961e+06
1.20000000e-01 1.30000000e-01 4.00000000e-02 6.58493433e+06
1.20000000e-01 1.30000000e-01 5.00000000e-02 8.14981415e+06
1.20000000e-01 1.30000000e-01 6.00000000e-02 9.72901597e+06
1.20000000e-01 1.30000000e-01 7.00000000e-02 1.13075931e+07
1.20000000e-01 1.30000000e-01 8.00000000e-02 1.35406941e+07
1.20000000e-01 1.30000000e-01 9.00000000e-02 1.50421455e+07
1.20000000e-01 1.30000000e-01 1.00000000e-01 1.64234027e+07
1.20000000e-01 1.30000000e-01 1.10000000e-01 1.78067286e+07
1.20000000e-01 1.30000000e-01 1.20000000e-01 1.91404611e+07
1.20000000e-01 1.30000000e-01 1.30000000e-01 2.04488132e+07
1.20000000e-01 1.30000000e-01 1.40000000e-01 2.16852800e+07
1.20000000e-01 1.30000000e-01 1.50000000e-01 2.29170771e+07
1.20000000e-01 1.30000000e-01 1.60000000e-01 2.40874094e+07
1.20000000e-01 1.30000000e-01 1.70000000e-01 2.52219845e+07
1.20000000e-01 1.30000000e-01 1.80000000e-01 2.63225908e+07
1.20000000e-01 1.30000000e-01 1.90000000e-01 2.73811427e+07
1.20000000e-01 1.30000000e-01 2.00000000e-01 2.84037819e+07
1.20000000e-01 1.30000000e-01 2.10000000e-01 2.93868851e+07
1.20000000e-01 1.30000000e-01 2.20000000e-01 3.03343195e+07
1.20000000e-01 1.30000000e-01 2.30000000e-01 3.12503278e+07
1.20000000e-01 1.30000000e-01 2.40000000e-01 3.21335384e+07
1.20000000e-01 1.30000000e-01 2.50000000e-01 3.29838541e+07
1.20000000e-01 1.30000000e-01 2.60000000e-01 3.38024360e+07
1.20000000e-01 1.30000000e-01 2.70000000e-01 3.45868408e+07
1.20000000e-01 1.30000000e-01 2.80000000e-01 3.53433248e+07
1.20000000e-01 1.30000000e-01 2.90000000e-01 3.60660049e+07
1.20000000e-01 1.30000000e-01 3.00000000e-01 3.67654277e+07
1.20000000e-01 1.30000000e-01 3.10000000e-01 3.74351337e+07
1.20000000e-01 1.30000000e-01 3.20000000e-01 3.80787946e+07
1.20000000e-01 1.30000000e-01 3.30000000e-01 3.86944442e+07
1.20000000e-01 1.30000000e-01 3.40000000e-01 3.92835988e+07
1.20000000e-01 1.30000000e-01 3.50000000e-01 3.98499635e+07
1.20000000e-01 1.30000000e-01 3.60000000e-01 4.03971907e+07
1.20000000e-01 1.30000000e-01 3.70000000e-01 4.09677439e+07
1.20000000e-01 1.30000000e-01 3.80000000e-01 4.14614237e+07
1.20000000e-01 1.30000000e-01 3.90000000e-01 4.19332775e+07
1.20000000e-01 1.30000000e-01 4.00000000e-01 4.23811086e+07
1.20000000e-01 1.30000000e-01 4.10000000e-01 4.28055422e+07
1.20000000e-01 1.30000000e-01 4.20000000e-01 4.32168448e+07
1.20000000e-01 1.30000000e-01 4.30000000e-01 4.36029194e+07
1.20000000e-01 1.30000000e-01 4.40000000e-01 4.39732394e+07
1.20000000e-01 1.30000000e-01 4.50000000e-01 4.43222164e+07
1.20000000e-01 1.30000000e-01 4.60000000e-01 4.46548226e+07
1.20000000e-01 1.30000000e-01 4.70000000e-01 4.49696083e+07
1.20000000e-01 1.30000000e-01 4.80000000e-01 4.52730762e+07
1.20000000e-01 1.30000000e-01 4.90000000e-01 4.55564847e+07
1.20000000e-01 1.30000000e-01 5.00000000e-01 4.61280251e+07
1.20000000e-01 1.30000000e-01 5.10000000e-01 4.63697374e+07
1.20000000e-01 1.30000000e-01 5.20000000e-01 4.66135309e+07
1.20000000e-01 1.30000000e-01 5.30000000e-01 4.68391973e+07
1.20000000e-01 1.30000000e-01 5.40000000e-01 4.70526726e+07
1.20000000e-01 1.30000000e-01 5.50000000e-01 4.73036914e+07
1.20000000e-01 1.30000000e-01 5.60000000e-01 4.74731063e+07
1.20000000e-01 1.30000000e-01 5.70000000e-01 4.76502275e+07
1.20000000e-01 1.30000000e-01 5.80000000e-01 4.78013539e+07
1.20000000e-01 1.30000000e-01 5.90000000e-01 4.79396329e+07
1.20000000e-01 1.30000000e-01 6.00000000e-01 4.80606060e+07
1.20000000e-01 1.30000000e-01 6.10000000e-01 4.81732449e+07
1.20000000e-01 1.30000000e-01 6.20000000e-01 4.82778230e+07
1.20000000e-01 1.30000000e-01 6.30000000e-01 4.83771465e+07
1.20000000e-01 1.30000000e-01 6.40000000e-01 4.85076974e+07
1.20000000e-01 1.30000000e-01 6.50000000e-01 4.90429517e+07
1.20000000e-01 1.30000000e-01 6.60000000e-01 4.99175192e+07
1.20000000e-01 1.30000000e-01 6.70000000e-01 4.99810374e+07
1.20000000e-01 1.30000000e-01 6.80000000e-01 4.99969087e+07
1.20000000e-01 1.30000000e-01 6.90000000e-01 5.00453446e+07
1.20000000e-01 1.30000000e-01 7.00000000e-01 5.00912010e+07
1.20000000e-01 1.30000000e-01 7.10000000e-01 5.01293790e+07
1.20000000e-01 1.30000000e-01 7.20000000e-01 5.01691152e+07
1.20000000e-01 1.30000000e-01 7.30000000e-01 5.01818750e+07
1.20000000e-01 1.30000000e-01 7.40000000e-01 5.04936804e+07
1.20000000e-01 1.30000000e-01 7.50000000e-01 5.05103870e+07
1.20000000e-01 1.30000000e-01 7.60000000e-01 5.05128475e+07
1.20000000e-01 1.30000000e-01 7.70000000e-01 5.05150014e+07
1.20000000e-01 1.30000000e-01 7.80000000e-01 5.05125872e+07
1.20000000e-01 1.30000000e-01 7.90000000e-01 5.05036890e+07
1.20000000e-01 1.30000000e-01 8.00000000e-01 5.04927397e+07
1.20000000e-01 1.30000000e-01 8.10000000e-01 5.04810149e+07
1.20000000e-01 1.30000000e-01 8.20000000e-01 5.04636230e+07
1.20000000e-01 1.30000000e-01 8.30000000e-01 5.04486215e+07
1.20000000e-01 1.30000000e-01 8.40000000e-01 5.04309843e+07
1.20000000e-01 1.30000000e-01 8.50000000e-01 5.04209275e+07
1.20000000e-01 1.30000000e-01 8.60000000e-01 5.04063334e+07
1.20000000e-01 1.30000000e-01 8.70000000e-01 5.04172167e+07
1.20000000e-01 1.30000000e-01 8.80000000e-01 5.03904011e+07
1.20000000e-01 1.30000000e-01 8.90000000e-01 5.03797741e+07
1.20000000e-01 1.30000000e-01 9.00000000e-01 5.03919840e+07
1.20000000e-01 1.30000000e-01 9.10000000e-01 5.03896527e+07
1.20000000e-01 1.30000000e-01 9.20000000e-01 5.04363898e+07
1.20000000e-01 1.30000000e-01 9.30000000e-01 5.02887985e+07
1.20000000e-01 1.30000000e-01 9.40000000e-01 5.01986616e+07
1.20000000e-01 1.30000000e-01 9.50000000e-01 5.01257703e+07
1.20000000e-01 1.30000000e-01 9.60000000e-01 5.00794753e+07
1.20000000e-01 1.30000000e-01 9.70000000e-01 4.99995525e+07
1.20000000e-01 1.30000000e-01 9.80000000e-01 4.99645069e+07
1.20000000e-01 1.30000000e-01 9.90000000e-01 5.00187559e+07
1.20000000e-01 1.30000000e-01 1.00000000e+00 4.99890800e+07
1.20000000e-01 1.30000000e-01 1.01000000e+00 4.99249146e+07
1.20000000e-01 1.30000000e-01 1.02000000e+00 5.15087518e+07
1.20000000e-01 1.30000000e-01 1.03000000e+00 5.05775941e+07
1.20000000e-01 1.30000000e-01 1.04000000e+00 5.05450751e+07
1.20000000e-01 1.30000000e-01 1.05000000e+00 5.19270406e+07
1.20000000e-01 1.30000000e-01 1.06000000e+00 5.12219112e+07
1.20000000e-01 1.30000000e-01 1.07000000e+00 5.00964987e+07
1.20000000e-01 1.30000000e-01 1.08000000e+00 4.98158156e+07
1.20000000e-01 1.30000000e-01 1.09000000e+00 4.96748743e+07
1.20000000e-01 1.30000000e-01 1.10000000e+00 4.91768227e+07
1.20000000e-01 1.30000000e-01 1.11000000e+00 4.89782028e+07
1.20000000e-01 1.30000000e-01 1.12000000e+00 4.85578349e+07
1.20000000e-01 1.30000000e-01 1.13000000e+00 4.83406587e+07
1.20000000e-01 1.30000000e-01 1.14000000e+00 4.79594220e+07
1.20000000e-01 1.30000000e-01 1.15000000e+00 4.77127977e+07
1.20000000e-01 1.30000000e-01 1.16000000e+00 4.74552904e+07
1.20000000e-01 1.30000000e-01 1.17000000e+00 4.72377865e+07
1.20000000e-01 1.30000000e-01 1.18000000e+00 4.70401226e+07
1.20000000e-01 1.30000000e-01 1.19000000e+00 4.70476095e+07
1.20000000e-01 1.30000000e-01 1.20000000e+00 4.68776826e+07
1.20000000e-01 1.30000000e-01 1.21000000e+00 4.67004900e+07
1.20000000e-01 1.30000000e-01 1.22000000e+00 4.65365562e+07
1.20000000e-01 1.30000000e-01 1.23000000e+00 4.63886510e+07
1.20000000e-01 1.30000000e-01 1.24000000e+00 4.62425244e+07
1.20000000e-01 1.30000000e-01 1.25000000e+00 4.61869185e+07
1.20000000e-01 1.30000000e-01 1.26000000e+00 4.60323003e+07
1.20000000e-01 1.30000000e-01 1.27000000e+00 4.58009551e+07
1.20000000e-01 1.30000000e-01 1.28000000e+00 4.56957546e+07
1.20000000e-01 1.30000000e-01 1.29000000e+00 4.55561163e+07
1.20000000e-01 1.30000000e-01 1.30000000e+00 4.54511078e+07
1.20000000e-01 1.30000000e-01 1.31000000e+00 4.53784247e+07
1.20000000e-01 1.30000000e-01 1.32000000e+00 4.53500999e+07
1.20000000e-01 1.30000000e-01 1.33000000e+00 4.53426699e+07
1.20000000e-01 1.30000000e-01 1.34000000e+00 4.53555082e+07
1.20000000e-01 1.30000000e-01 1.35000000e+00 4.55394441e+07
1.20000000e-01 1.30000000e-01 1.36000000e+00 4.48191278e+07
1.20000000e-01 1.30000000e-01 1.37000000e+00 4.43734934e+07
1.20000000e-01 1.30000000e-01 1.38000000e+00 4.40971183e+07
1.20000000e-01 1.30000000e-01 1.39000000e+00 4.37099829e+07
1.20000000e-01 1.30000000e-01 1.40000000e+00 4.34069874e+07
1.20000000e-01 1.30000000e-01 1.41000000e+00 4.35789714e+07
1.20000000e-01 1.30000000e-01 1.42000000e+00 4.28334398e+07
1.20000000e-01 1.30000000e-01 1.43000000e+00 4.27071863e+07
1.20000000e-01 1.30000000e-01 1.44000000e+00 4.25476406e+07
1.20000000e-01 1.30000000e-01 1.45000000e+00 4.23518881e+07
1.20000000e-01 1.30000000e-01 1.46000000e+00 4.22641718e+07
1.20000000e-01 1.30000000e-01 1.47000000e+00 4.46019184e+07
1.20000000e-01 1.30000000e-01 1.48000000e+00 4.19173365e+07
1.20000000e-01 1.30000000e-01 1.49000000e+00 4.16606199e+07
1.20000000e-01 1.30000000e-01 1.50000000e+00 4.14953209e+07
1.20000000e-01 1.30000000e-01 1.51000000e+00 4.12282251e+07
1.20000000e-01 1.30000000e-01 1.52000000e+00 4.09065496e+07
1.20000000e-01 1.30000000e-01 1.53000000e+00 4.06736656e+07
1.20000000e-01 1.30000000e-01 1.54000000e+00 4.05673216e+07
1.20000000e-01 1.30000000e-01 1.55000000e+00 4.03318370e+07
1.20000000e-01 1.30000000e-01 1.56000000e+00 4.01166000e+07
1.20000000e-01 1.30000000e-01 1.57000000e+00 3.99688948e+07
1.20000000e-01 1.30000000e-01 1.58000000e+00 3.97762827e+07
1.20000000e-01 1.30000000e-01 1.59000000e+00 3.96998294e+07
1.20000000e-01 1.30000000e-01 1.60000000e+00 3.98718966e+07
1.20000000e-01 1.30000000e-01 1.61000000e+00 3.92424686e+07
1.20000000e-01 1.30000000e-01 1.62000000e+00 3.91794743e+07
1.20000000e-01 1.30000000e-01 1.63000000e+00 3.86628467e+07
1.20000000e-01 1.30000000e-01 1.64000000e+00 3.84635705e+07
1.20000000e-01 1.30000000e-01 1.65000000e+00 3.85337111e+07
1.20000000e-01 1.30000000e-01 1.66000000e+00 3.83237872e+07
1.20000000e-01 1.30000000e-01 1.67000000e+00 3.78696891e+07
1.20000000e-01 1.30000000e-01 1.68000000e+00 3.77106280e+07
1.20000000e-01 1.30000000e-01 1.69000000e+00 3.75055188e+07
1.20000000e-01 1.30000000e-01 1.70000000e+00 3.73197706e+07
1.20000000e-01 1.30000000e-01 1.71000000e+00 3.71873036e+07
1.20000000e-01 1.30000000e-01 1.72000000e+00 3.71746182e+07
1.20000000e-01 1.30000000e-01 1.73000000e+00 3.70777802e+07
1.20000000e-01 1.30000000e-01 1.74000000e+00 3.69451514e+07
1.20000000e-01 1.30000000e-01 1.75000000e+00 3.69060189e+07
1.20000000e-01 1.30000000e-01 1.76000000e+00 3.68692175e+07
1.20000000e-01 1.30000000e-01 1.77000000e+00 3.68049955e+07
1.20000000e-01 1.30000000e-01 1.78000000e+00 3.68036207e+07
1.20000000e-01 1.30000000e-01 1.79000000e+00 3.68625510e+07
1.20000000e-01 1.30000000e-01 1.80000000e+00 3.70064597e+07
1.20000000e-01 1.30000000e-01 1.81000000e+00 3.72350259e+07
1.20000000e-01 1.30000000e-01 1.82000000e+00 3.76326806e+07
1.20000000e-01 1.30000000e-01 1.83000000e+00 3.81693201e+07
1.20000000e-01 1.30000000e-01 1.84000000e+00 3.89426502e+07
1.20000000e-01 1.30000000e-01 1.85000000e+00 3.96769690e+07
1.20000000e-01 1.30000000e-01 1.86000000e+00 4.11875096e+07
1.20000000e-01 1.30000000e-01 1.87000000e+00 3.86847367e+07
1.20000000e-01 1.30000000e-01 1.88000000e+00 3.70285887e+07
1.20000000e-01 1.30000000e-01 1.89000000e+00 3.59712753e+07
1.20000000e-01 1.30000000e-01 1.90000000e+00 3.51940370e+07
1.20000000e-01 1.30000000e-01 1.91000000e+00 3.46102765e+07
1.20000000e-01 1.30000000e-01 1.92000000e+00 3.41393725e+07
1.20000000e-01 1.30000000e-01 1.93000000e+00 3.37614244e+07
1.20000000e-01 1.30000000e-01 1.94000000e+00 3.35016066e+07
1.20000000e-01 1.30000000e-01 1.95000000e+00 3.34352973e+07
1.20000000e-01 1.30000000e-01 1.96000000e+00 3.31852293e+07
1.20000000e-01 1.30000000e-01 1.97000000e+00 3.28728998e+07
1.20000000e-01 1.30000000e-01 1.98000000e+00 3.26646432e+07
1.20000000e-01 1.30000000e-01 1.99000000e+00 3.26567705e+07
1.20000000e-01 1.30000000e-01 2.00000000e+00 4.02430756e+07
1.30000000e-01 1.40000000e-01 1.00000000e-02 1.61487410e+06
1.30000000e-01 1.40000000e-01 2.00000000e-02 3.20181388e+06
1.30000000e-01 1.40000000e-01 3.00000000e-02 4.75607003e+06
1.30000000e-01 1.40000000e-01 4.00000000e-02 6.27903540e+06
1.30000000e-01 1.40000000e-01 5.00000000e-02 7.76881295e+06
1.30000000e-01 1.40000000e-01 6.00000000e-02 9.27976175e+06
1.30000000e-01 1.40000000e-01 7.00000000e-02 1.07987190e+07
1.30000000e-01 1.40000000e-01 8.00000000e-02 1.28790788e+07
1.30000000e-01 1.40000000e-01 9.00000000e-02 1.42804975e+07
1.30000000e-01 1.40000000e-01 1.00000000e-01 1.55760722e+07
1.30000000e-01 1.40000000e-01 1.10000000e-01 1.68960282e+07
1.30000000e-01 1.40000000e-01 1.20000000e-01 1.81497638e+07
1.30000000e-01 1.40000000e-01 1.30000000e-01 1.93811780e+07
1.30000000e-01 1.40000000e-01 1.40000000e-01 2.05449628e+07
1.30000000e-01 1.40000000e-01 1.50000000e-01 2.17002144e+07
1.30000000e-01 1.40000000e-01 1.60000000e-01 2.27991324e+07
1.30000000e-01 1.40000000e-01 1.70000000e-01 2.38594723e+07
1.30000000e-01 1.40000000e-01 1.80000000e-01 2.48887074e+07
1.30000000e-01 1.40000000e-01 1.90000000e-01 2.58770229e+07
1.30000000e-01 1.40000000e-01 2.00000000e-01 2.68286774e+07
1.30000000e-01 1.40000000e-01 2.10000000e-01 2.77436187e+07
1.30000000e-01 1.40000000e-01 2.20000000e-01 2.86243446e+07
1.30000000e-01 1.40000000e-01 2.30000000e-01 2.94729475e+07
1.30000000e-01 1.40000000e-01 2.40000000e-01 3.02905928e+07
1.30000000e-01 1.40000000e-01 2.50000000e-01 3.10769360e+07
1.30000000e-01 1.40000000e-01 2.60000000e-01 3.18329661e+07
1.30000000e-01 1.40000000e-01 2.70000000e-01 3.25556346e+07
1.30000000e-01 1.40000000e-01 2.80000000e-01 3.32512182e+07
1.30000000e-01 1.40000000e-01 2.90000000e-01 3.39143133e+07
1.30000000e-01 1.40000000e-01 3.00000000e-01 3.45555534e+07
1.30000000e-01 1.40000000e-01 3.10000000e-01 3.51680497e+07
1.30000000e-01 1.40000000e-01 3.20000000e-01 3.57557945e+07
1.30000000e-01 1.40000000e-01 3.30000000e-01 3.63167571e+07
1.30000000e-01 1.40000000e-01 3.40000000e-01 3.68525268e+07
1.30000000e-01 1.40000000e-01 3.50000000e-01 3.73661838e+07
1.30000000e-01 1.40000000e-01 3.60000000e-01 3.78636775e+07
1.30000000e-01 1.40000000e-01 3.70000000e-01 3.83909501e+07
1.30000000e-01 1.40000000e-01 3.80000000e-01 3.88357776e+07
1.30000000e-01 1.40000000e-01 3.90000000e-01 3.92606608e+07
1.30000000e-01 1.40000000e-01 4.00000000e-01 3.96624764e+07
1.30000000e-01 1.40000000e-01 4.10000000e-01 4.00398195e+07
1.30000000e-01 1.40000000e-01 4.20000000e-01 4.04069701e+07
1.30000000e-01 1.40000000e-01 4.30000000e-01 4.07495485e+07
1.30000000e-01 1.40000000e-01 4.40000000e-01 4.10779614e+07
1.30000000e-01 1.40000000e-01 4.50000000e-01 4.13859298e+07
1.30000000e-01 1.40000000e-01 4.60000000e-01 4.16785673e+07
1.30000000e-01 1.40000000e-01 4.70000000e-01 4.19545156e+07
1.30000000e-01 1.40000000e-01 4.80000000e-01 4.22206674e+07
1.30000000e-01 1.40000000e-01 4.90000000e-01 4.24678896e+07
1.30000000e-01 1.40000000e-01 5.00000000e-01 4.29754212e+07
1.30000000e-01 1.40000000e-01 5.10000000e-01 4.31814551e+07
1.30000000e-01 1.40000000e-01 5.20000000e-01 4.33914414e+07
1.30000000e-01 1.40000000e-01 5.30000000e-01 4.35848489e+07
1.30000000e-01 1.40000000e-01 5.40000000e-01 4.37661974e+07
1.30000000e-01 1.40000000e-01 5.50000000e-01 4.39836277e+07
1.30000000e-01 1.40000000e-01 5.60000000e-01 4.41273660e+07
1.30000000e-01 1.40000000e-01 5.70000000e-01 4.42748636e+07
1.30000000e-01 1.40000000e-01 5.80000000e-01 4.43959890e+07
1.30000000e-01 1.40000000e-01 5.90000000e-01 4.45060093e+07
1.30000000e-01 1.40000000e-01 6.00000000e-01 4.45977598e+07
1.30000000e-01 1.40000000e-01 6.10000000e-01 4.46834055e+07
1.30000000e-01 1.40000000e-01 6.20000000e-01 4.47613533e+07
1.30000000e-01 1.40000000e-01 6.30000000e-01 4.48361180e+07
1.30000000e-01 1.40000000e-01 6.40000000e-01 4.49468232e+07
1.30000000e-01 1.40000000e-01 6.50000000e-01 4.54441659e+07
1.30000000e-01 1.40000000e-01 6.60000000e-01 4.62727088e+07
1.30000000e-01 1.40000000e-01 6.70000000e-01 4.63144002e+07
1.30000000e-01 1.40000000e-01 6.80000000e-01 4.63015021e+07
1.30000000e-01 1.40000000e-01 6.90000000e-01 4.63300053e+07
1.30000000e-01 1.40000000e-01 7.00000000e-01 4.63560734e+07
1.30000000e-01 1.40000000e-01 7.10000000e-01 4.63746265e+07
1.30000000e-01 1.40000000e-01 7.20000000e-01 4.63951376e+07
1.30000000e-01 1.40000000e-01 7.30000000e-01 4.63898664e+07
1.30000000e-01 1.40000000e-01 7.40000000e-01 4.66762963e+07
1.30000000e-01 1.40000000e-01 7.50000000e-01 4.66757129e+07
1.30000000e-01 1.40000000e-01 7.60000000e-01 4.66614052e+07
1.30000000e-01 1.40000000e-01 7.70000000e-01 4.66490360e+07
1.30000000e-01 1.40000000e-01 7.80000000e-01 4.66312045e+07
1.30000000e-01 1.40000000e-01 7.90000000e-01 4.66068113e+07
1.30000000e-01 1.40000000e-01 8.00000000e-01 4.65820653e+07
1.30000000e-01 1.40000000e-01 8.10000000e-01 4.65567315e+07
1.30000000e-01 1.40000000e-01 8.20000000e-01 4.65273518e+07
1.30000000e-01 1.40000000e-01 8.30000000e-01 4.64995466e+07
1.30000000e-01 1.40000000e-01 8.40000000e-01 4.64705676e+07
1.30000000e-01 1.40000000e-01 8.50000000e-01 4.64487251e+07
1.30000000e-01 1.40000000e-01 8.60000000e-01 4.64245068e+07
1.30000000e-01 1.40000000e-01 8.70000000e-01 4.64256805e+07
1.30000000e-01 1.40000000e-01 8.80000000e-01 4.63921276e+07
1.30000000e-01 1.40000000e-01 8.90000000e-01 4.63740465e+07
1.30000000e-01 1.40000000e-01 9.00000000e-01 4.63839454e+07
1.30000000e-01 1.40000000e-01 9.10000000e-01 4.63804401e+07
1.30000000e-01 1.40000000e-01 9.20000000e-01 4.64296823e+07
1.30000000e-01 1.40000000e-01 9.30000000e-01 4.62654162e+07
1.30000000e-01 1.40000000e-01 9.40000000e-01 4.61648227e+07
1.30000000e-01 1.40000000e-01 9.50000000e-01 4.60871225e+07
1.30000000e-01 1.40000000e-01 9.60000000e-01 4.60359260e+07
1.30000000e-01 1.40000000e-01 9.70000000e-01 4.59533084e+07
1.30000000e-01 1.40000000e-01 9.80000000e-01 4.59173383e+07
1.30000000e-01 1.40000000e-01 9.90000000e-01 4.59884734e+07
1.30000000e-01 1.40000000e-01 1.00000000e+00 4.59598413e+07
1.30000000e-01 1.40000000e-01 1.01000000e+00 4.58949083e+07
1.30000000e-01 1.40000000e-01 1.02000000e+00 4.75680138e+07
1.30000000e-01 1.40000000e-01 1.03000000e+00 4.65049776e+07
1.30000000e-01 1.40000000e-01 1.04000000e+00 4.64628431e+07
1.30000000e-01 1.40000000e-01 1.05000000e+00 4.77851078e+07
1.30000000e-01 1.40000000e-01 1.06000000e+00 4.70893111e+07
1.30000000e-01 1.40000000e-01 1.07000000e+00 4.59868295e+07
1.30000000e-01 1.40000000e-01 1.08000000e+00 4.57062217e+07
1.30000000e-01 1.40000000e-01 1.09000000e+00 4.55356366e+07
1.30000000e-01 1.40000000e-01 1.10000000e+00 4.50606332e+07
1.30000000e-01 1.40000000e-01 1.11000000e+00 4.48702012e+07
1.30000000e-01 1.40000000e-01 1.12000000e+00 4.44409651e+07
1.30000000e-01 1.40000000e-01 1.13000000e+00 4.42097440e+07
1.30000000e-01 1.40000000e-01 1.14000000e+00 4.38371776e+07
1.30000000e-01 1.40000000e-01 1.15000000e+00 4.35934059e+07
1.30000000e-01 1.40000000e-01 1.16000000e+00 4.33371468e+07
1.30000000e-01 1.40000000e-01 1.17000000e+00 4.31210321e+07
1.30000000e-01 1.40000000e-01 1.18000000e+00 4.29254554e+07
1.30000000e-01 1.40000000e-01 1.19000000e+00 4.29248849e+07
1.30000000e-01 1.40000000e-01 1.20000000e+00 4.27602614e+07
1.30000000e-01 1.40000000e-01 1.21000000e+00 4.25856514e+07
1.30000000e-01 1.40000000e-01 1.22000000e+00 4.24246112e+07
1.30000000e-01 1.40000000e-01 1.23000000e+00 4.22788799e+07
1.30000000e-01 1.40000000e-01 1.24000000e+00 4.21340896e+07
1.30000000e-01 1.40000000e-01 1.25000000e+00 4.20740199e+07
1.30000000e-01 1.40000000e-01 1.26000000e+00 4.19237753e+07
1.30000000e-01 1.40000000e-01 1.27000000e+00 4.17009534e+07
1.30000000e-01 1.40000000e-01 1.28000000e+00 4.15977107e+07
1.30000000e-01 1.40000000e-01 1.29000000e+00 4.14641795e+07
1.30000000e-01 1.40000000e-01 1.30000000e+00 4.13685907e+07
1.30000000e-01 1.40000000e-01 1.31000000e+00 4.13064742e+07
1.30000000e-01 1.40000000e-01 1.32000000e+00 4.12921794e+07
1.30000000e-01 1.40000000e-01 1.33000000e+00 4.13058507e+07
1.30000000e-01 1.40000000e-01 1.34000000e+00 4.13463322e+07
1.30000000e-01 1.40000000e-01 1.35000000e+00 4.15829994e+07
1.30000000e-01 1.40000000e-01 1.36000000e+00 4.08122720e+07
1.30000000e-01 1.40000000e-01 1.37000000e+00 4.03475938e+07
1.30000000e-01 1.40000000e-01 1.38000000e+00 4.00656238e+07
1.30000000e-01 1.40000000e-01 1.39000000e+00 3.96880424e+07
1.30000000e-01 1.40000000e-01 1.40000000e+00 3.93926127e+07
1.30000000e-01 1.40000000e-01 1.41000000e+00 3.95554503e+07
1.30000000e-01 1.40000000e-01 1.42000000e+00 3.88448987e+07
1.30000000e-01 1.40000000e-01 1.43000000e+00 3.87274883e+07
1.30000000e-01 1.40000000e-01 1.44000000e+00 3.85990354e+07
1.30000000e-01 1.40000000e-01 1.45000000e+00 3.84083067e+07
1.30000000e-01 1.40000000e-01 1.46000000e+00 3.83211199e+07
1.30000000e-01 1.40000000e-01 1.47000000e+00 4.08353882e+07
1.30000000e-01 1.40000000e-01 1.48000000e+00 3.79735902e+07
1.30000000e-01 1.40000000e-01 1.49000000e+00 3.77310685e+07
1.30000000e-01 1.40000000e-01 1.50000000e+00 3.75746520e+07
1.30000000e-01 1.40000000e-01 1.51000000e+00 3.72926582e+07
1.30000000e-01 1.40000000e-01 1.52000000e+00 3.69860627e+07
1.30000000e-01 1.40000000e-01 1.53000000e+00 3.67643179e+07
1.30000000e-01 1.40000000e-01 1.54000000e+00 3.66627776e+07
1.30000000e-01 1.40000000e-01 1.55000000e+00 3.64398114e+07
1.30000000e-01 1.40000000e-01 1.56000000e+00 3.62366978e+07
1.30000000e-01 1.40000000e-01 1.57000000e+00 3.61013657e+07
1.30000000e-01 1.40000000e-01 1.58000000e+00 3.59231545e+07
1.30000000e-01 1.40000000e-01 1.59000000e+00 3.58567771e+07
1.30000000e-01 1.40000000e-01 1.60000000e+00 3.60744038e+07
1.30000000e-01 1.40000000e-01 1.61000000e+00 3.54078800e+07
1.30000000e-01 1.40000000e-01 1.62000000e+00 3.53468643e+07
1.30000000e-01 1.40000000e-01 1.63000000e+00 3.48582490e+07
1.30000000e-01 1.40000000e-01 1.64000000e+00 3.46696231e+07
1.30000000e-01 1.40000000e-01 1.65000000e+00 3.47400857e+07
1.30000000e-01 1.40000000e-01 1.66000000e+00 3.45460368e+07
1.30000000e-01 1.40000000e-01 1.67000000e+00 3.41101054e+07
1.30000000e-01 1.40000000e-01 1.68000000e+00 3.39594952e+07
1.30000000e-01 1.40000000e-01 1.69000000e+00 3.37684760e+07
1.30000000e-01 1.40000000e-01 1.70000000e+00 3.35924598e+07
1.30000000e-01 1.40000000e-01 1.71000000e+00 3.34677540e+07
1.30000000e-01 1.40000000e-01 1.72000000e+00 3.34600107e+07
1.30000000e-01 1.40000000e-01 1.73000000e+00 3.33631179e+07
1.30000000e-01 1.40000000e-01 1.74000000e+00 3.32320042e+07
1.30000000e-01 1.40000000e-01 1.75000000e+00 3.31877055e+07
1.30000000e-01 1.40000000e-01 1.76000000e+00 3.31503181e+07
1.30000000e-01 1.40000000e-01 1.77000000e+00 3.30904474e+07
1.30000000e-01 1.40000000e-01 1.78000000e+00 3.30897740e+07
1.30000000e-01 1.40000000e-01 1.79000000e+00 3.31495037e+07
1.30000000e-01 1.40000000e-01 1.80000000e+00 3.32900685e+07
1.30000000e-01 1.40000000e-01 1.81000000e+00 3.35196554e+07
1.30000000e-01 1.40000000e-01 1.82000000e+00 3.39212680e+07
1.30000000e-01 1.40000000e-01 1.83000000e+00 3.44852080e+07
1.30000000e-01 1.40000000e-01 1.84000000e+00 3.53046060e+07
1.30000000e-01 1.40000000e-01 1.85000000e+00 3.60869576e+07
1.30000000e-01 1.40000000e-01 1.86000000e+00 3.77948422e+07
1.30000000e-01 1.40000000e-01 1.87000000e+00 3.50874361e+07
1.30000000e-01 1.40000000e-01 1.88000000e+00 3.33757876e+07
1.30000000e-01 1.40000000e-01 1.89000000e+00 3.23354215e+07
1.30000000e-01 1.40000000e-01 1.90000000e+00 3.15891349e+07
1.30000000e-01 1.40000000e-01 1.91000000e+00 3.10358930e+07
1.30000000e-01 1.40000000e-01 1.92000000e+00 3.05911010e+07
1.30000000e-01 1.40000000e-01 1.93000000e+00 3.02363460e+07
1.30000000e-01 1.40000000e-01 1.94000000e+00 2.99902707e+07
1.30000000e-01 1.40000000e-01 1.95000000e+00 2.99399989e+07
1.30000000e-01 1.40000000e-01 1.96000000e+00 2.97297837e+07
1.30000000e-01 1.40000000e-01 1.97000000e+00 2.94476753e+07
1.30000000e-01 1.40000000e-01 1.98000000e+00 2.92568723e+07
1.30000000e-01 1.40000000e-01 1.99000000e+00 2.92284942e+07
1.30000000e-01 1.40000000e-01 2.00000000e+00 3.69362227e+07
1.40000000e-01 1.50000000e-01 1.00000000e-02 1.52541840e+06
1.40000000e-01 1.50000000e-01 2.00000000e-02 3.02336574e+06
1.40000000e-01 1.50000000e-01 3.00000000e-02 4.48915535e+06
1.40000000e-01 1.50000000e-01 4.00000000e-02 5.92462990e+06
1.40000000e-01 1.50000000e-01 5.00000000e-02 7.32804571e+06
1.40000000e-01 1.50000000e-01 6.00000000e-02 8.76068229e+06
1.40000000e-01 1.50000000e-01 7.00000000e-02 1.02133041e+07
1.40000000e-01 1.50000000e-01 8.00000000e-02 1.21126494e+07
1.40000000e-01 1.50000000e-01 9.00000000e-02 1.34051593e+07
1.40000000e-01 1.50000000e-01 1.00000000e-01 1.46228388e+07
1.40000000e-01 1.50000000e-01 1.10000000e-01 1.58552488e+07
1.40000000e-01 1.50000000e-01 1.20000000e-01 1.70254463e+07
1.40000000e-01 1.50000000e-01 1.30000000e-01 1.81693767e+07
1.40000000e-01 1.50000000e-01 1.40000000e-01 1.92529049e+07
1.40000000e-01 1.50000000e-01 1.50000000e-01 2.03229335e+07
1.40000000e-01 1.50000000e-01 1.60000000e-01 2.13427243e+07
1.40000000e-01 1.50000000e-01 1.70000000e-01 2.23231640e+07
1.40000000e-01 1.50000000e-01 1.80000000e-01 2.32729669e+07
1.40000000e-01 1.50000000e-01 1.90000000e-01 2.41841794e+07
1.40000000e-01 1.50000000e-01 2.00000000e-01 2.50597149e+07
1.40000000e-01 1.50000000e-01 2.10000000e-01 2.59007799e+07
1.40000000e-01 1.50000000e-01 2.20000000e-01 2.67091572e+07
1.40000000e-01 1.50000000e-01 2.30000000e-01 2.74859759e+07
1.40000000e-01 1.50000000e-01 2.40000000e-01 2.82333458e+07
1.40000000e-01 1.50000000e-01 2.50000000e-01 2.89513049e+07
1.40000000e-01 1.50000000e-01 2.60000000e-01 2.96406006e+07
1.40000000e-01 1.50000000e-01 2.70000000e-01 3.02978740e+07
1.40000000e-01 1.50000000e-01 2.80000000e-01 3.09290628e+07
1.40000000e-01 1.50000000e-01 2.90000000e-01 3.15296478e+07
1.40000000e-01 1.50000000e-01 3.00000000e-01 3.21093910e+07
1.40000000e-01 1.50000000e-01 3.10000000e-01 3.26621763e+07
1.40000000e-01 1.50000000e-01 3.20000000e-01 3.31913521e+07
1.40000000e-01 1.50000000e-01 3.30000000e-01 3.36952678e+07
1.40000000e-01 1.50000000e-01 3.40000000e-01 3.41757378e+07
1.40000000e-01 1.50000000e-01 3.50000000e-01 3.46349294e+07
1.40000000e-01 1.50000000e-01 3.60000000e-01 3.50821317e+07
1.40000000e-01 1.50000000e-01 3.70000000e-01 3.55676932e+07
1.40000000e-01 1.50000000e-01 3.80000000e-01 3.59623507e+07
1.40000000e-01 1.50000000e-01 3.90000000e-01 3.63397353e+07
1.40000000e-01 1.50000000e-01 4.00000000e-01 3.66948170e+07
1.40000000e-01 1.50000000e-01 4.10000000e-01 3.70240004e+07
1.40000000e-01 1.50000000e-01 4.20000000e-01 3.73457171e+07
1.40000000e-01 1.50000000e-01 4.30000000e-01 3.76457122e+07
1.40000000e-01 1.50000000e-01 4.40000000e-01 3.79319980e+07
1.40000000e-01 1.50000000e-01 4.50000000e-01 3.81990422e+07
1.40000000e-01 1.50000000e-01 4.60000000e-01 3.84519869e+07
1.40000000e-01 1.50000000e-01 4.70000000e-01 3.86896127e+07
1.40000000e-01 1.50000000e-01 4.80000000e-01 3.89188714e+07
1.40000000e-01 1.50000000e-01 4.90000000e-01 3.91308062e+07
1.40000000e-01 1.50000000e-01 5.00000000e-01 3.95624486e+07
1.40000000e-01 1.50000000e-01 5.10000000e-01 3.97335104e+07
1.40000000e-01 1.50000000e-01 5.20000000e-01 3.99108040e+07
1.40000000e-01 1.50000000e-01 5.30000000e-01 4.00727387e+07
1.40000000e-01 1.50000000e-01 5.40000000e-01 4.02237305e+07
1.40000000e-01 1.50000000e-01 5.50000000e-01 4.04053292e+07
1.40000000e-01 1.50000000e-01 5.60000000e-01 4.05266177e+07
1.40000000e-01 1.50000000e-01 5.70000000e-01 4.06458476e+07
1.40000000e-01 1.50000000e-01 5.80000000e-01 4.07380356e+07
1.40000000e-01 1.50000000e-01 5.90000000e-01 4.08204263e+07
1.40000000e-01 1.50000000e-01 6.00000000e-01 4.08846239e+07
1.40000000e-01 1.50000000e-01 6.10000000e-01 4.09445358e+07
1.40000000e-01 1.50000000e-01 6.20000000e-01 4.09972109e+07
1.40000000e-01 1.50000000e-01 6.30000000e-01 4.10490781e+07
1.40000000e-01 1.50000000e-01 6.40000000e-01 4.11413185e+07
1.40000000e-01 1.50000000e-01 6.50000000e-01 4.15701544e+07
1.40000000e-01 1.50000000e-01 6.60000000e-01 4.23720250e+07
1.40000000e-01 1.50000000e-01 6.70000000e-01 4.23925055e+07
1.40000000e-01 1.50000000e-01 6.80000000e-01 4.23526431e+07
1.40000000e-01 1.50000000e-01 6.90000000e-01 4.23629448e+07
1.40000000e-01 1.50000000e-01 7.00000000e-01 4.23711481e+07
1.40000000e-01 1.50000000e-01 7.10000000e-01 4.23722275e+07
1.40000000e-01 1.50000000e-01 7.20000000e-01 4.23750655e+07
1.40000000e-01 1.50000000e-01 7.30000000e-01 4.23542833e+07
1.40000000e-01 1.50000000e-01 7.40000000e-01 4.26139984e+07
1.40000000e-01 1.50000000e-01 7.50000000e-01 4.25980497e+07
1.40000000e-01 1.50000000e-01 7.60000000e-01 4.25685673e+07
1.40000000e-01 1.50000000e-01 7.70000000e-01 4.25425974e+07
1.40000000e-01 1.50000000e-01 7.80000000e-01 4.25107929e+07
1.40000000e-01 1.50000000e-01 7.90000000e-01 4.24732471e+07
1.40000000e-01 1.50000000e-01 8.00000000e-01 4.24349689e+07
1.40000000e-01 1.50000000e-01 8.10000000e-01 4.23967726e+07
1.40000000e-01 1.50000000e-01 8.20000000e-01 4.23554671e+07
1.40000000e-01 1.50000000e-01 8.30000000e-01 4.23149558e+07
1.40000000e-01 1.50000000e-01 8.40000000e-01 4.22752029e+07
1.40000000e-01 1.50000000e-01 8.50000000e-01 4.22414960e+07
1.40000000e-01 1.50000000e-01 8.60000000e-01 4.22078473e+07
1.40000000e-01 1.50000000e-01 8.70000000e-01 4.21988745e+07
1.40000000e-01 1.50000000e-01 8.80000000e-01 4.21580683e+07
1.40000000e-01 1.50000000e-01 8.90000000e-01 4.21346156e+07
1.40000000e-01 1.50000000e-01 9.00000000e-01 4.21399201e+07
1.40000000e-01 1.50000000e-01 9.10000000e-01 4.21396819e+07
1.40000000e-01 1.50000000e-01 9.20000000e-01 4.21929244e+07
1.40000000e-01 1.50000000e-01 9.30000000e-01 4.20140201e+07
1.40000000e-01 1.50000000e-01 9.40000000e-01 4.19037663e+07
1.40000000e-01 1.50000000e-01 9.50000000e-01 4.18227608e+07
1.40000000e-01 1.50000000e-01 9.60000000e-01 4.17701893e+07
1.40000000e-01 1.50000000e-01 9.70000000e-01 4.16880705e+07
1.40000000e-01 1.50000000e-01 9.80000000e-01 4.16558649e+07
1.40000000e-01 1.50000000e-01 9.90000000e-01 4.17499245e+07
1.40000000e-01 1.50000000e-01 1.00000000e+00 4.17274235e+07
1.40000000e-01 1.50000000e-01 1.01000000e+00 4.16651304e+07
1.40000000e-01 1.50000000e-01 1.02000000e+00 4.34391153e+07
1.40000000e-01 1.50000000e-01 1.03000000e+00 4.22282365e+07
1.40000000e-01 1.50000000e-01 1.04000000e+00 4.21792411e+07
1.40000000e-01 1.50000000e-01 1.05000000e+00 4.34196219e+07
1.40000000e-01 1.50000000e-01 1.06000000e+00 4.27441154e+07
1.40000000e-01 1.50000000e-01 1.07000000e+00 4.16871979e+07
1.40000000e-01 1.50000000e-01 1.08000000e+00 4.14100697e+07
1.40000000e-01 1.50000000e-01 1.09000000e+00 4.12143314e+07
1.40000000e-01 1.50000000e-01 1.10000000e+00 4.07712192e+07
1.40000000e-01 1.50000000e-01 1.11000000e+00 4.05935485e+07
1.40000000e-01 1.50000000e-01 1.12000000e+00 4.01588719e+07
1.40000000e-01 1.50000000e-01 1.13000000e+00 3.99133028e+07
1.40000000e-01 1.50000000e-01 1.14000000e+00 3.95563854e+07
1.40000000e-01 1.50000000e-01 1.15000000e+00 3.93167134e+07
1.40000000e-01 1.50000000e-01 1.16000000e+00 3.90654205e+07
1.40000000e-01 1.50000000e-01 1.17000000e+00 3.88533850e+07
1.40000000e-01 1.50000000e-01 1.18000000e+00 3.86625108e+07
1.40000000e-01 1.50000000e-01 1.19000000e+00 3.86547164e+07
1.40000000e-01 1.50000000e-01 1.20000000e+00 3.84981764e+07
1.40000000e-01 1.50000000e-01 1.21000000e+00 3.83289623e+07
1.40000000e-01 1.50000000e-01 1.22000000e+00 3.81736085e+07
1.40000000e-01 1.50000000e-01 1.23000000e+00 3.80325364e+07
1.40000000e-01 1.50000000e-01 1.24000000e+00 3.78911904e+07
1.40000000e-01 1.50000000e-01 1.25000000e+00 3.78268958e+07
1.40000000e-01 1.50000000e-01 1.26000000e+00 3.76831064e+07
1.40000000e-01 1.50000000e-01 1.27000000e+00 3.74718312e+07
1.40000000e-01 1.50000000e-01 1.28000000e+00 3.73716310e+07
1.40000000e-01 1.50000000e-01 1.29000000e+00 3.72461106e+07
1.40000000e-01 1.50000000e-01 1.30000000e+00 3.71613876e+07
1.40000000e-01 1.50000000e-01 1.31000000e+00 3.71119673e+07
1.40000000e-01 1.50000000e-01 1.32000000e+00 3.71134305e+07
1.40000000e-01 1.50000000e-01 1.33000000e+00 3.71551933e+07
1.40000000e-01 1.50000000e-01 1.34000000e+00 3.72292846e+07
1.40000000e-01 1.50000000e-01 1.35000000e+00 3.75273948e+07
1.40000000e-01 1.50000000e-01 1.36000000e+00 3.67024069e+07
1.40000000e-01 1.50000000e-01 1.37000000e+00 3.62179603e+07
1.40000000e-01 1.50000000e-01 1.38000000e+00 3.59322311e+07
1.40000000e-01 1.50000000e-01 1.39000000e+00 3.55695875e+07
1.40000000e-01 1.50000000e-01 1.40000000e+00 3.52876780e+07
1.40000000e-01 1.50000000e-01 1.41000000e+00 3.54396789e+07
1.40000000e-01 1.50000000e-01 1.42000000e+00 3.47764708e+07
1.40000000e-01 1.50000000e-01 1.43000000e+00 3.46745028e+07
1.40000000e-01 1.50000000e-01 1.44000000e+00 3.45852812e+07
1.40000000e-01 1.50000000e-01 1.45000000e+00 3.44006631e+07
1.40000000e-01 1.50000000e-01 1.46000000e+00 3.43199255e+07
1.40000000e-01 1.50000000e-01 1.47000000e+00 3.70531390e+07
1.40000000e-01 1.50000000e-01 1.48000000e+00 3.39792377e+07
1.40000000e-01 1.50000000e-01 1.49000000e+00 3.37528004e+07
1.40000000e-01 1.50000000e-01 1.50000000e+00 3.36094731e+07
1.40000000e-01 1.50000000e-01 1.51000000e+00 3.33107932e+07
1.40000000e-01 1.50000000e-01 1.52000000e+00 3.30200781e+07
1.40000000e-01 1.50000000e-01 1.53000000e+00 3.28119732e+07
1.40000000e-01 1.50000000e-01 1.54000000e+00 3.27170503e+07
1.40000000e-01 1.50000000e-01 1.55000000e+00 3.25086494e+07
1.40000000e-01 1.50000000e-01 1.56000000e+00 3.23220362e+07
1.40000000e-01 1.50000000e-01 1.57000000e+00 3.22008139e+07
1.40000000e-01 1.50000000e-01 1.58000000e+00 3.20404026e+07
1.40000000e-01 1.50000000e-01 1.59000000e+00 3.19865122e+07
1.40000000e-01 1.50000000e-01 1.60000000e+00 3.21997462e+07
1.40000000e-01 1.50000000e-01 1.61000000e+00 3.15509380e+07
1.40000000e-01 1.50000000e-01 1.62000000e+00 3.14915596e+07
1.40000000e-01 1.50000000e-01 1.63000000e+00 3.10358065e+07
1.40000000e-01 1.50000000e-01 1.64000000e+00 3.08601988e+07
1.40000000e-01 1.50000000e-01 1.65000000e+00 3.09351668e+07
1.40000000e-01 1.50000000e-01 1.66000000e+00 3.07536787e+07
1.40000000e-01 1.50000000e-01 1.67000000e+00 3.03425563e+07
1.40000000e-01 1.50000000e-01 1.68000000e+00 3.02021832e+07
1.40000000e-01 1.50000000e-01 1.69000000e+00 3.00275113e+07
1.40000000e-01 1.50000000e-01 1.70000000e+00 2.98637663e+07
1.40000000e-01 1.50000000e-01 1.71000000e+00 2.97472152e+07
1.40000000e-01 1.50000000e-01 1.72000000e+00 2.97488814e+07
1.40000000e-01 1.50000000e-01 1.73000000e+00 2.96512356e+07
1.40000000e-01 1.50000000e-01 1.74000000e+00 2.95326010e+07
1.40000000e-01 1.50000000e-01 1.75000000e+00 2.94626674e+07
1.40000000e-01 1.50000000e-01 1.76000000e+00 2.94251813e+07
1.40000000e-01 1.50000000e-01 1.77000000e+00 2.93698449e+07
1.40000000e-01 1.50000000e-01 1.78000000e+00 2.93670473e+07
1.40000000e-01 1.50000000e-01 1.79000000e+00 2.94242329e+07
1.40000000e-01 1.50000000e-01 1.80000000e+00 2.95593041e+07
1.40000000e-01 1.50000000e-01 1.81000000e+00 2.97865544e+07
1.40000000e-01 1.50000000e-01 1.82000000e+00 3.01907691e+07
1.40000000e-01 1.50000000e-01 1.83000000e+00 3.07830723e+07
1.40000000e-01 1.50000000e-01 1.84000000e+00 3.16517090e+07
1.40000000e-01 1.50000000e-01 1.85000000e+00 3.24906711e+07
1.40000000e-01 1.50000000e-01 1.86000000e+00 3.44278954e+07
1.40000000e-01 1.50000000e-01 1.87000000e+00 3.14867354e+07
1.40000000e-01 1.50000000e-01 1.88000000e+00 2.97142884e+07
1.40000000e-01 1.50000000e-01 1.89000000e+00 2.86967764e+07
1.40000000e-01 1.50000000e-01 1.90000000e+00 2.79901046e+07
1.40000000e-01 1.50000000e-01 1.91000000e+00 2.74746775e+07
1.40000000e-01 1.50000000e-01 1.92000000e+00 2.70617456e+07
1.40000000e-01 1.50000000e-01 1.93000000e+00 2.67362200e+07
1.40000000e-01 1.50000000e-01 1.94000000e+00 2.65117742e+07
1.40000000e-01 1.50000000e-01 1.95000000e+00 2.64853982e+07
1.40000000e-01 1.50000000e-01 1.96000000e+00 2.63216460e+07
1.40000000e-01 1.50000000e-01 1.97000000e+00 2.60721369e+07
1.40000000e-01 1.50000000e-01 1.98000000e+00 2.59002259e+07
1.40000000e-01 1.50000000e-01 1.99000000e+00 2.58555762e+07
1.40000000e-01 1.50000000e-01 2.00000000e+00 3.37828766e+07
1.50000000e-01 1.60000000e-01 1.00000000e-02 1.42707552e+06
1.50000000e-01 1.60000000e-01 2.00000000e-02 2.82737059e+06
1.50000000e-01 1.60000000e-01 3.00000000e-02 4.19627252e+06
1.50000000e-01 1.60000000e-01 4.00000000e-02 5.53618443e+06
1.50000000e-01 1.60000000e-01 5.00000000e-02 6.84553396e+06
1.50000000e-01 1.60000000e-01 6.00000000e-02 8.19353710e+06
1.50000000e-01 1.60000000e-01 7.00000000e-02 9.57932662e+06
1.50000000e-01 1.60000000e-01 8.00000000e-02 1.12720991e+07
1.50000000e-01 1.60000000e-01 9.00000000e-02 1.24521685e+07
1.50000000e-01 1.60000000e-01 1.00000000e-01 1.36008130e+07
1.50000000e-01 1.60000000e-01 1.10000000e-01 1.47265581e+07
1.50000000e-01 1.60000000e-01 1.20000000e-01 1.58123251e+07
1.50000000e-01 1.60000000e-01 1.30000000e-01 1.68618857e+07
1.50000000e-01 1.60000000e-01 1.40000000e-01 1.78606030e+07
1.50000000e-01 1.60000000e-01 1.50000000e-01 1.88400719e+07
1.50000000e-01 1.60000000e-01 1.60000000e-01 1.97758951e+07
1.50000000e-01 1.60000000e-01 1.70000000e-01 2.06736237e+07
1.50000000e-01 1.60000000e-01 1.80000000e-01 2.15392032e+07
1.50000000e-01 1.60000000e-01 1.90000000e-01 2.23695339e+07
1.50000000e-01 1.60000000e-01 2.00000000e-01 2.31663832e+07
1.50000000e-01 1.60000000e-01 2.10000000e-01 2.39306337e+07
1.50000000e-01 1.60000000e-01 2.20000000e-01 2.46638092e+07
1.50000000e-01 1.60000000e-01 2.30000000e-01 2.53669872e+07
1.50000000e-01 1.60000000e-01 2.40000000e-01 2.60420225e+07
1.50000000e-01 1.60000000e-01 2.50000000e-01 2.66895501e+07
1.50000000e-01 1.60000000e-01 2.60000000e-01 2.73103761e+07
1.50000000e-01 1.60000000e-01 2.70000000e-01 2.79008696e+07
1.50000000e-01 1.60000000e-01 2.80000000e-01 2.84666111e+07
1.50000000e-01 1.60000000e-01 2.90000000e-01 2.90039841e+07
1.50000000e-01 1.60000000e-01 3.00000000e-01 2.95210878e+07
1.50000000e-01 1.60000000e-01 3.10000000e-01 3.00139280e+07
1.50000000e-01 1.60000000e-01 3.20000000e-01 3.04839417e+07
1.50000000e-01 1.60000000e-01 3.30000000e-01 3.09304823e+07
1.50000000e-01 1.60000000e-01 3.40000000e-01 3.13556303e+07
1.50000000e-01 1.60000000e-01 3.50000000e-01 3.17604909e+07
1.50000000e-01 1.60000000e-01 3.60000000e-01 3.21579550e+07
1.50000000e-01 1.60000000e-01 3.70000000e-01 3.26050407e+07
1.50000000e-01 1.60000000e-01 3.80000000e-01 3.29500398e+07
1.50000000e-01 1.60000000e-01 3.90000000e-01 3.32813434e+07
1.50000000e-01 1.60000000e-01 4.00000000e-01 3.35904472e+07
1.50000000e-01 1.60000000e-01 4.10000000e-01 3.38722714e+07
1.50000000e-01 1.60000000e-01 4.20000000e-01 3.41489137e+07
1.50000000e-01 1.60000000e-01 4.30000000e-01 3.44084311e+07
1.50000000e-01 1.60000000e-01 4.40000000e-01 3.46538829e+07
1.50000000e-01 1.60000000e-01 4.50000000e-01 3.48814836e+07
1.50000000e-01 1.60000000e-01 4.60000000e-01 3.50964753e+07
1.50000000e-01 1.60000000e-01 4.70000000e-01 3.52976785e+07
1.50000000e-01 1.60000000e-01 4.80000000e-01 3.54915433e+07
1.50000000e-01 1.60000000e-01 4.90000000e-01 3.56700869e+07
1.50000000e-01 1.60000000e-01 5.00000000e-01 3.60174224e+07
1.50000000e-01 1.60000000e-01 5.10000000e-01 3.61552421e+07
1.50000000e-01 1.60000000e-01 5.20000000e-01 3.63018936e+07
1.50000000e-01 1.60000000e-01 5.30000000e-01 3.64341760e+07
1.50000000e-01 1.60000000e-01 5.40000000e-01 3.65573047e+07
1.50000000e-01 1.60000000e-01 5.50000000e-01 3.67020872e+07
1.50000000e-01 1.60000000e-01 5.60000000e-01 3.68041302e+07
1.50000000e-01 1.60000000e-01 5.70000000e-01 3.68972075e+07
1.50000000e-01 1.60000000e-01 5.80000000e-01 3.69622440e+07
1.50000000e-01 1.60000000e-01 5.90000000e-01 3.70188301e+07
1.50000000e-01 1.60000000e-01 6.00000000e-01 3.70582873e+07
1.50000000e-01 1.60000000e-01 6.10000000e-01 3.70944636e+07
1.50000000e-01 1.60000000e-01 6.20000000e-01 3.71244238e+07
1.50000000e-01 1.60000000e-01 6.30000000e-01 3.71556356e+07
1.50000000e-01 1.60000000e-01 6.40000000e-01 3.72309942e+07
1.50000000e-01 1.60000000e-01 6.50000000e-01 3.75651451e+07
1.50000000e-01 1.60000000e-01 6.60000000e-01 3.83630692e+07
1.50000000e-01 1.60000000e-01 6.70000000e-01 3.83642253e+07
1.50000000e-01 1.60000000e-01 6.80000000e-01 3.83005929e+07
1.50000000e-01 1.60000000e-01 6.90000000e-01 3.82951209e+07
1.50000000e-01 1.60000000e-01 7.00000000e-01 3.82881446e+07
1.50000000e-01 1.60000000e-01 7.10000000e-01 3.82743694e+07
1.50000000e-01 1.60000000e-01 7.20000000e-01 3.82617038e+07
1.50000000e-01 1.60000000e-01 7.30000000e-01 3.82289032e+07
1.50000000e-01 1.60000000e-01 7.40000000e-01 3.84617433e+07
1.50000000e-01 1.60000000e-01 7.50000000e-01 3.84329630e+07
1.50000000e-01 1.60000000e-01 7.60000000e-01 3.83911258e+07
1.50000000e-01 1.60000000e-01 7.70000000e-01 3.83532781e+07
1.50000000e-01 1.60000000e-01 7.80000000e-01 3.83100277e+07
1.50000000e-01 1.60000000e-01 7.90000000e-01 3.82621181e+07
1.50000000e-01 1.60000000e-01 8.00000000e-01 3.82120783e+07
1.50000000e-01 1.60000000e-01 8.10000000e-01 3.81631358e+07
1.50000000e-01 1.60000000e-01 8.20000000e-01 3.81118771e+07
1.50000000e-01 1.60000000e-01 8.30000000e-01 3.80606042e+07
1.50000000e-01 1.60000000e-01 8.40000000e-01 3.80122291e+07
1.50000000e-01 1.60000000e-01 8.50000000e-01 3.79690798e+07
1.50000000e-01 1.60000000e-01 8.60000000e-01 3.79280860e+07
1.50000000e-01 1.60000000e-01 8.70000000e-01 3.79110506e+07
1.50000000e-01 1.60000000e-01 8.80000000e-01 3.78644914e+07
1.50000000e-01 1.60000000e-01 8.90000000e-01 3.78391162e+07
1.50000000e-01 1.60000000e-01 9.00000000e-01 3.78390322e+07
1.50000000e-01 1.60000000e-01 9.10000000e-01 3.78462627e+07
1.50000000e-01 1.60000000e-01 9.20000000e-01 3.79053129e+07
1.50000000e-01 1.60000000e-01 9.30000000e-01 3.77155403e+07
1.50000000e-01 1.60000000e-01 9.40000000e-01 3.75985622e+07
1.50000000e-01 1.60000000e-01 9.50000000e-01 3.75162702e+07
1.50000000e-01 1.60000000e-01 9.60000000e-01 3.74654454e+07
1.50000000e-01 1.60000000e-01 9.70000000e-01 3.73858708e+07
1.50000000e-01 1.60000000e-01 9.80000000e-01 3.73603470e+07
1.50000000e-01 1.60000000e-01 9.90000000e-01 3.74748746e+07
1.50000000e-01 1.60000000e-01 1.00000000e+00 3.74611262e+07
1.50000000e-01 1.60000000e-01 1.01000000e+00 3.74029042e+07
1.50000000e-01 1.60000000e-01 1.02000000e+00 3.92734816e+07
1.50000000e-01 1.60000000e-01 1.03000000e+00 3.79194318e+07
1.50000000e-01 1.60000000e-01 1.04000000e+00 3.78650986e+07
1.50000000e-01 1.60000000e-01 1.05000000e+00 3.90166714e+07
1.50000000e-01 1.60000000e-01 1.06000000e+00 3.83657573e+07
1.50000000e-01 1.60000000e-01 1.07000000e+00 3.73632164e+07
1.50000000e-01 1.60000000e-01 1.08000000e+00 3.70914959e+07
1.50000000e-01 1.60000000e-01 1.09000000e+00 3.68749173e+07
1.50000000e-01 1.60000000e-01 1.10000000e+00 3.64635234e+07
1.50000000e-01 1.60000000e-01 1.11000000e+00 3.62992602e+07
1.50000000e-01 1.60000000e-01 1.12000000e+00 3.58678488e+07
1.50000000e-01 1.60000000e-01 1.13000000e+00 3.56128803e+07
1.50000000e-01 1.60000000e-01 1.14000000e+00 3.52769559e+07
1.50000000e-01 1.60000000e-01 1.15000000e+00 3.50435276e+07
1.50000000e-01 1.60000000e-01 1.16000000e+00 3.48018363e+07
1.50000000e-01 1.60000000e-01 1.17000000e+00 3.45976175e+07
1.50000000e-01 1.60000000e-01 1.18000000e+00 3.44143921e+07
1.50000000e-01 1.60000000e-01 1.19000000e+00 3.44005457e+07
1.50000000e-01 1.60000000e-01 1.20000000e+00 3.42539712e+07
1.50000000e-01 1.60000000e-01 1.21000000e+00 3.40925815e+07
1.50000000e-01 1.60000000e-01 1.22000000e+00 3.39452774e+07
1.50000000e-01 1.60000000e-01 1.23000000e+00 3.38110998e+07
1.50000000e-01 1.60000000e-01 1.24000000e+00 3.36752441e+07
1.50000000e-01 1.60000000e-01 1.25000000e+00 3.36084040e+07
1.50000000e-01 1.60000000e-01 1.26000000e+00 3.34726700e+07
1.50000000e-01 1.60000000e-01 1.27000000e+00 3.32753857e+07
1.50000000e-01 1.60000000e-01 1.28000000e+00 3.31799273e+07
1.50000000e-01 1.60000000e-01 1.29000000e+00 3.30647071e+07
1.50000000e-01 1.60000000e-01 1.30000000e+00 3.29912222e+07
1.50000000e-01 1.60000000e-01 1.31000000e+00 3.29558152e+07
1.50000000e-01 1.60000000e-01 1.32000000e+00 3.29729836e+07
1.50000000e-01 1.60000000e-01 1.33000000e+00 3.30448654e+07
1.50000000e-01 1.60000000e-01 1.34000000e+00 3.31519613e+07
1.50000000e-01 1.60000000e-01 1.35000000e+00 3.35129551e+07
1.50000000e-01 1.60000000e-01 1.36000000e+00 3.26371164e+07
1.50000000e-01 1.60000000e-01 1.37000000e+00 3.21376003e+07
1.50000000e-01 1.60000000e-01 1.38000000e+00 3.18513746e+07
1.50000000e-01 1.60000000e-01 1.39000000e+00 3.15068414e+07
1.50000000e-01 1.60000000e-01 1.40000000e+00 3.12420960e+07
1.50000000e-01 1.60000000e-01 1.41000000e+00 3.13825548e+07
1.50000000e-01 1.60000000e-01 1.42000000e+00 3.07709345e+07
1.50000000e-01 1.60000000e-01 1.43000000e+00 3.06853945e+07
1.50000000e-01 1.60000000e-01 1.44000000e+00 3.06351090e+07
1.50000000e-01 1.60000000e-01 1.45000000e+00 3.04591429e+07
1.50000000e-01 1.60000000e-01 1.46000000e+00 3.03878929e+07
1.50000000e-01 1.60000000e-01 1.47000000e+00 3.33422575e+07
1.50000000e-01 1.60000000e-01 1.48000000e+00 3.00594985e+07
1.50000000e-01 1.60000000e-01 1.49000000e+00 2.98501334e+07
1.50000000e-01 1.60000000e-01 1.50000000e+00 2.97220348e+07
1.50000000e-01 1.60000000e-01 1.51000000e+00 2.94120043e+07
1.50000000e-01 1.60000000e-01 1.52000000e+00 2.91388540e+07
1.50000000e-01 1.60000000e-01 1.53000000e+00 2.89468973e+07
1.50000000e-01 1.60000000e-01 1.54000000e+00 2.88600949e+07
1.50000000e-01 1.60000000e-01 1.55000000e+00 2.86669723e+07
1.50000000e-01 1.60000000e-01 1.56000000e+00 2.84992946e+07
1.50000000e-01 1.60000000e-01 1.57000000e+00 2.83925409e+07
1.50000000e-01 1.60000000e-01 1.58000000e+00 2.82509894e+07
1.50000000e-01 1.60000000e-01 1.59000000e+00 2.82106785e+07
1.50000000e-01 1.60000000e-01 1.60000000e+00 2.83762894e+07
1.50000000e-01 1.60000000e-01 1.61000000e+00 2.77924289e+07
1.50000000e-01 1.60000000e-01 1.62000000e+00 2.77353663e+07
1.50000000e-01 1.60000000e-01 1.63000000e+00 2.73141055e+07
1.50000000e-01 1.60000000e-01 1.64000000e+00 2.71528775e+07
1.50000000e-01 1.60000000e-01 1.65000000e+00 2.72344642e+07
1.50000000e-01 1.60000000e-01 1.66000000e+00 2.70632354e+07
1.50000000e-01 1.60000000e-01 1.67000000e+00 2.66811152e+07
1.50000000e-01 1.60000000e-01 1.68000000e+00 2.65518956e+07
1.50000000e-01 1.60000000e-01 1.69000000e+00 2.63937890e+07
1.50000000e-01 1.60000000e-01 1.70000000e+00 2.62432071e+07
1.50000000e-01 1.60000000e-01 1.71000000e+00 2.61348354e+07
1.50000000e-01 1.60000000e-01 1.72000000e+00 2.61476923e+07
1.50000000e-01 1.60000000e-01 1.73000000e+00 2.60497172e+07
1.50000000e-01 1.60000000e-01 1.74000000e+00 2.59552299e+07
1.50000000e-01 1.60000000e-01 1.75000000e+00 2.58407442e+07
1.50000000e-01 1.60000000e-01 1.76000000e+00 2.58050834e+07
1.50000000e-01 1.60000000e-01 1.77000000e+00 2.57566455e+07
1.50000000e-01 1.60000000e-01 1.78000000e+00 2.57502110e+07
1.50000000e-01 1.60000000e-01 1.79000000e+00 2.58035554e+07
1.50000000e-01 1.60000000e-01 1.80000000e+00 2.59332411e+07
1.50000000e-01 1.60000000e-01 1.81000000e+00 2.61556151e+07
1.50000000e-01 1.60000000e-01 1.82000000e+00 2.65584845e+07
1.50000000e-01 1.60000000e-01 1.83000000e+00 2.71716711e+07
1.50000000e-01 1.60000000e-01 1.84000000e+00 2.80794059e+07
1.50000000e-01 1.60000000e-01 1.85000000e+00 2.89662900e+07
1.50000000e-01 1.60000000e-01 1.86000000e+00 3.11205979e+07
1.50000000e-01 1.60000000e-01 1.87000000e+00 2.79619543e+07
1.50000000e-01 1.60000000e-01 1.88000000e+00 2.61509798e+07
1.50000000e-01 1.60000000e-01 1.89000000e+00 2.51654567e+07
1.50000000e-01 1.60000000e-01 1.90000000e+00 2.45026798e+07
1.50000000e-01 1.60000000e-01 1.91000000e+00 2.40276200e+07
1.50000000e-01 1.60000000e-01 1.92000000e+00 2.36485760e+07
1.50000000e-01 1.60000000e-01 1.93000000e+00 2.33535404e+07
1.50000000e-01 1.60000000e-01 1.94000000e+00 2.31524108e+07
1.50000000e-01 1.60000000e-01 1.95000000e+00 2.31450156e+07
1.50000000e-01 1.60000000e-01 1.96000000e+00 2.30285528e+07
1.50000000e-01 1.60000000e-01 1.97000000e+00 2.28120446e+07
1.50000000e-01 1.60000000e-01 1.98000000e+00 2.26610801e+07
1.50000000e-01 1.60000000e-01 1.99000000e+00 2.26029300e+07
1.50000000e-01 1.60000000e-01 2.00000000e+00 3.07089431e+07
1.60000000e-01 1.70000000e-01 1.00000000e-02 1.32310234e+06
1.60000000e-01 1.70000000e-01 2.00000000e-02 2.62029659e+06
1.60000000e-01 1.70000000e-01 3.00000000e-02 3.88713796e+06
1.60000000e-01 1.70000000e-01 4.00000000e-02 5.12654133e+06
1.60000000e-01 1.70000000e-01 5.00000000e-02 6.33720594e+06
1.60000000e-01 1.70000000e-01 6.00000000e-02 7.59779885e+06
1.60000000e-01 1.70000000e-01 7.00000000e-02 8.92611921e+06
1.60000000e-01 1.70000000e-01 8.00000000e-02 1.03917864e+07
1.60000000e-01 1.70000000e-01 9.00000000e-02 1.14641504e+07
1.60000000e-01 1.70000000e-01 1.00000000e-01 1.25328858e+07
1.60000000e-01 1.70000000e-01 1.10000000e-01 1.35526197e+07
1.60000000e-01 1.70000000e-01 1.20000000e-01 1.45492367e+07
1.60000000e-01 1.70000000e-01 1.30000000e-01 1.55030022e+07
1.60000000e-01 1.70000000e-01 1.40000000e-01 1.64141213e+07
1.60000000e-01 1.70000000e-01 1.50000000e-01 1.73016777e+07
1.60000000e-01 1.70000000e-01 1.60000000e-01 1.81514014e+07
1.60000000e-01 1.70000000e-01 1.70000000e-01 1.89649645e+07
1.60000000e-01 1.70000000e-01 1.80000000e-01 1.97456331e+07
1.60000000e-01 1.70000000e-01 1.90000000e-01 2.04943238e+07
1.60000000e-01 1.70000000e-01 2.00000000e-01 2.12119118e+07
1.60000000e-01 1.70000000e-01 2.10000000e-01 2.18988282e+07
1.60000000e-01 1.70000000e-01 2.20000000e-01 2.25564681e+07
1.60000000e-01 1.70000000e-01 2.30000000e-01 2.31860216e+07
1.60000000e-01 1.70000000e-01 2.40000000e-01 2.37890160e+07
1.60000000e-01 1.70000000e-01 2.50000000e-01 2.43664804e+07
1.60000000e-01 1.70000000e-01 2.60000000e-01 2.49193913e+07
1.60000000e-01 1.70000000e-01 2.70000000e-01 2.54436381e+07
1.60000000e-01 1.70000000e-01 2.80000000e-01 2.59450026e+07
1.60000000e-01 1.70000000e-01 2.90000000e-01 2.64200391e+07
1.60000000e-01 1.70000000e-01 3.00000000e-01 2.68756743e+07
1.60000000e-01 1.70000000e-01 3.10000000e-01 2.73096525e+07
1.60000000e-01 1.70000000e-01 3.20000000e-01 2.77219920e+07
1.60000000e-01 1.70000000e-01 3.30000000e-01 2.81127570e+07
1.60000000e-01 1.70000000e-01 3.40000000e-01 2.84839228e+07
1.60000000e-01 1.70000000e-01 3.50000000e-01 2.88362983e+07
1.60000000e-01 1.70000000e-01 3.60000000e-01 2.91840381e+07
1.60000000e-01 1.70000000e-01 3.70000000e-01 2.95937186e+07
1.60000000e-01 1.70000000e-01 3.80000000e-01 2.98909976e+07
1.60000000e-01 1.70000000e-01 3.90000000e-01 3.01782421e+07
1.60000000e-01 1.70000000e-01 4.00000000e-01 3.04430129e+07
1.60000000e-01 1.70000000e-01 4.10000000e-01 3.06806429e+07
1.60000000e-01 1.70000000e-01 4.20000000e-01 3.09147545e+07
1.60000000e-01 1.70000000e-01 4.30000000e-01 3.11358103e+07
1.60000000e-01 1.70000000e-01 4.40000000e-01 3.13427177e+07
1.60000000e-01 1.70000000e-01 4.50000000e-01 3.15333994e+07
1.60000000e-01 1.70000000e-01 4.60000000e-01 3.17129731e+07
1.60000000e-01 1.70000000e-01 4.70000000e-01 3.18801985e+07
1.60000000e-01 1.70000000e-01 4.80000000e-01 3.20410979e+07
1.60000000e-01 1.70000000e-01 4.90000000e-01 3.21887344e+07
1.60000000e-01 1.70000000e-01 5.00000000e-01 3.24592790e+07
1.60000000e-01 1.70000000e-01 5.10000000e-01 3.25666377e+07
1.60000000e-01 1.70000000e-01 5.20000000e-01 3.26854285e+07
1.60000000e-01 1.70000000e-01 5.30000000e-01 3.27908148e+07
1.60000000e-01 1.70000000e-01 5.40000000e-01 3.28888636e+07
1.60000000e-01 1.70000000e-01 5.50000000e-01 3.30003506e+07
1.60000000e-01 1.70000000e-01 5.60000000e-01 3.30836736e+07
1.60000000e-01 1.70000000e-01 5.70000000e-01 3.31538206e+07
1.60000000e-01 1.70000000e-01 5.80000000e-01 3.31949039e+07
1.60000000e-01 1.70000000e-01 5.90000000e-01 3.32286650e+07
1.60000000e-01 1.70000000e-01 6.00000000e-01 3.32462037e+07
1.60000000e-01 1.70000000e-01 6.10000000e-01 3.32615651e+07
1.60000000e-01 1.70000000e-01 6.20000000e-01 3.32717729e+07
1.60000000e-01 1.70000000e-01 6.30000000e-01 3.32854057e+07
1.60000000e-01 1.70000000e-01 6.40000000e-01 3.33462234e+07
1.60000000e-01 1.70000000e-01 6.50000000e-01 3.36066240e+07
1.60000000e-01 1.70000000e-01 6.60000000e-01 3.43802255e+07
1.60000000e-01 1.70000000e-01 6.70000000e-01 3.43650745e+07
1.60000000e-01 1.70000000e-01 6.80000000e-01 3.42807874e+07
1.60000000e-01 1.70000000e-01 6.90000000e-01 3.42621775e+07
1.60000000e-01 1.70000000e-01 7.00000000e-01 3.42426963e+07
1.60000000e-01 1.70000000e-01 7.10000000e-01 3.42165940e+07
1.60000000e-01 1.70000000e-01 7.20000000e-01 3.41911697e+07
1.60000000e-01 1.70000000e-01 7.30000000e-01 3.41490482e+07
1.60000000e-01 1.70000000e-01 7.40000000e-01 3.43557644e+07
1.60000000e-01 1.70000000e-01 7.50000000e-01 3.43163362e+07
1.60000000e-01 1.70000000e-01 7.60000000e-01 3.42651699e+07
1.60000000e-01 1.70000000e-01 7.70000000e-01 3.42176606e+07
1.60000000e-01 1.70000000e-01 7.80000000e-01 3.41654042e+07
1.60000000e-01 1.70000000e-01 7.90000000e-01 3.41093523e+07
1.60000000e-01 1.70000000e-01 8.00000000e-01 3.40503111e+07
1.60000000e-01 1.70000000e-01 8.10000000e-01 3.39930710e+07
1.60000000e-01 1.70000000e-01 8.20000000e-01 3.39344050e+07
1.60000000e-01 1.70000000e-01 8.30000000e-01 3.38752052e+07
1.60000000e-01 1.70000000e-01 8.40000000e-01 3.38201605e+07
1.60000000e-01 1.70000000e-01 8.50000000e-01 3.37702329e+07
1.60000000e-01 1.70000000e-01 8.60000000e-01 3.37241012e+07
1.60000000e-01 1.70000000e-01 8.70000000e-01 3.37015701e+07
1.60000000e-01 1.70000000e-01 8.80000000e-01 3.36522824e+07
1.60000000e-01 1.70000000e-01 8.90000000e-01 3.36268280e+07
1.60000000e-01 1.70000000e-01 9.00000000e-01 3.36246530e+07
1.60000000e-01 1.70000000e-01 9.10000000e-01 3.36396604e+07
1.60000000e-01 1.70000000e-01 9.20000000e-01 3.37068581e+07
1.60000000e-01 1.70000000e-01 9.30000000e-01 3.35085233e+07
1.60000000e-01 1.70000000e-01 9.40000000e-01 3.33876972e+07
1.60000000e-01 1.70000000e-01 9.50000000e-01 3.33069930e+07
1.60000000e-01 1.70000000e-01 9.60000000e-01 3.32597668e+07
1.60000000e-01 1.70000000e-01 9.70000000e-01 3.31850197e+07
1.60000000e-01 1.70000000e-01 9.80000000e-01 3.31671691e+07
1.60000000e-01 1.70000000e-01 9.90000000e-01 3.32994036e+07
1.60000000e-01 1.70000000e-01 1.00000000e+00 3.32955575e+07
1.60000000e-01 1.70000000e-01 1.01000000e+00 3.32427836e+07
1.60000000e-01 1.70000000e-01 1.02000000e+00 3.52031871e+07
1.60000000e-01 1.70000000e-01 1.03000000e+00 3.37156749e+07
1.60000000e-01 1.70000000e-01 1.04000000e+00 3.36572985e+07
1.60000000e-01 1.70000000e-01 1.05000000e+00 3.47198896e+07
1.60000000e-01 1.70000000e-01 1.06000000e+00 3.40966784e+07
1.60000000e-01 1.70000000e-01 1.07000000e+00 3.31491210e+07
1.60000000e-01 1.70000000e-01 1.08000000e+00 3.28858706e+07
1.60000000e-01 1.70000000e-01 1.09000000e+00 3.26513800e+07
1.60000000e-01 1.70000000e-01 1.10000000e+00 3.22694268e+07
1.60000000e-01 1.70000000e-01 1.11000000e+00 3.21184000e+07
1.60000000e-01 1.70000000e-01 1.12000000e+00 3.16975815e+07
1.60000000e-01 1.70000000e-01 1.13000000e+00 3.14403958e+07
1.60000000e-01 1.70000000e-01 1.14000000e+00 3.11268853e+07
1.60000000e-01 1.70000000e-01 1.15000000e+00 3.09034491e+07
1.60000000e-01 1.70000000e-01 1.16000000e+00 3.06747086e+07
1.60000000e-01 1.70000000e-01 1.17000000e+00 3.04812953e+07
1.60000000e-01 1.70000000e-01 1.18000000e+00 3.03083689e+07
1.60000000e-01 1.70000000e-01 1.19000000e+00 3.02897045e+07
1.60000000e-01 1.70000000e-01 1.20000000e+00 3.01539256e+07
1.60000000e-01 1.70000000e-01 1.21000000e+00 3.00025793e+07
1.60000000e-01 1.70000000e-01 1.22000000e+00 2.98643467e+07
1.60000000e-01 1.70000000e-01 1.23000000e+00 2.97388038e+07
1.60000000e-01 1.70000000e-01 1.24000000e+00 2.96097383e+07
1.60000000e-01 1.70000000e-01 1.25000000e+00 2.95423997e+07
1.60000000e-01 1.70000000e-01 1.26000000e+00 2.94160057e+07
1.60000000e-01 1.70000000e-01 1.27000000e+00 2.92337655e+07
1.60000000e-01 1.70000000e-01 1.28000000e+00 2.91443325e+07
1.60000000e-01 1.70000000e-01 1.29000000e+00 2.90404589e+07
1.60000000e-01 1.70000000e-01 1.30000000e+00 2.89786201e+07
1.60000000e-01 1.70000000e-01 1.31000000e+00 2.89576346e+07
1.60000000e-01 1.70000000e-01 1.32000000e+00 2.89910364e+07
1.60000000e-01 1.70000000e-01 1.33000000e+00 2.90909255e+07
1.60000000e-01 1.70000000e-01 1.34000000e+00 2.92290601e+07
1.60000000e-01 1.70000000e-01 1.35000000e+00 2.96527452e+07
1.60000000e-01 1.70000000e-01 1.36000000e+00 2.87297913e+07
1.60000000e-01 1.70000000e-01 1.37000000e+00 2.82204806e+07
1.60000000e-01 1.70000000e-01 1.38000000e+00 2.79372649e+07
1.60000000e-01 1.70000000e-01 1.39000000e+00 2.76127190e+07
1.60000000e-01 1.70000000e-01 1.40000000e+00 2.73667183e+07
1.60000000e-01 1.70000000e-01 1.41000000e+00 2.74971980e+07
1.60000000e-01 1.70000000e-01 1.42000000e+00 2.69367144e+07
1.60000000e-01 1.70000000e-01 1.43000000e+00 2.68656247e+07
1.60000000e-01 1.70000000e-01 1.44000000e+00 2.68518303e+07
1.60000000e-01 1.70000000e-01 1.45000000e+00 2.66874799e+07
1.60000000e-01 1.70000000e-01 1.46000000e+00 2.66260222e+07
1.60000000e-01 1.70000000e-01 1.47000000e+00 2.97909714e+07
1.60000000e-01 1.70000000e-01 1.48000000e+00 2.63127925e+07
1.60000000e-01 1.70000000e-01 1.49000000e+00 2.61219824e+07
1.60000000e-01 1.70000000e-01 1.50000000e+00 2.60086811e+07
1.60000000e-01 1.70000000e-01 1.51000000e+00 2.56932653e+07
1.60000000e-01 1.70000000e-01 1.52000000e+00 2.54407344e+07
1.60000000e-01 1.70000000e-01 1.53000000e+00 2.52660134e+07
1.60000000e-01 1.70000000e-01 1.54000000e+00 2.51882145e+07
1.60000000e-01 1.70000000e-01 1.55000000e+00 2.50118516e+07
1.60000000e-01 1.70000000e-01 1.56000000e+00 2.48631699e+07
1.60000000e-01 1.70000000e-01 1.57000000e+00 2.47712801e+07
1.60000000e-01 1.70000000e-01 1.58000000e+00 2.46485889e+07
1.60000000e-01 1.70000000e-01 1.59000000e+00 2.46225840e+07
1.60000000e-01 1.70000000e-01 1.60000000e+00 2.47679814e+07
1.60000000e-01 1.70000000e-01 1.61000000e+00 2.42237421e+07
1.60000000e-01 1.70000000e-01 1.62000000e+00 2.41698490e+07
1.60000000e-01 1.70000000e-01 1.63000000e+00 2.37835057e+07
1.60000000e-01 1.70000000e-01 1.64000000e+00 2.36372895e+07
1.60000000e-01 1.70000000e-01 1.65000000e+00 2.37156824e+07
1.60000000e-01 1.70000000e-01 1.66000000e+00 2.35653756e+07
1.60000000e-01 1.70000000e-01 1.67000000e+00 2.32127741e+07
1.60000000e-01 1.70000000e-01 1.68000000e+00 2.30956858e+07
1.60000000e-01 1.70000000e-01 1.69000000e+00 2.29537450e+07
1.60000000e-01 1.70000000e-01 1.70000000e+00 2.28164972e+07
1.60000000e-01 1.70000000e-01 1.71000000e+00 2.27171153e+07
1.60000000e-01 1.70000000e-01 1.72000000e+00 2.27411467e+07
1.60000000e-01 1.70000000e-01 1.73000000e+00 2.26436632e+07
1.60000000e-01 1.70000000e-01 1.74000000e+00 2.25702629e+07
1.60000000e-01 1.70000000e-01 1.75000000e+00 2.24237703e+07
1.60000000e-01 1.70000000e-01 1.76000000e+00 2.23913459e+07
1.60000000e-01 1.70000000e-01 1.77000000e+00 2.23505401e+07
1.60000000e-01 1.70000000e-01 1.78000000e+00 2.23423239e+07
1.60000000e-01 1.70000000e-01 1.79000000e+00 2.23924691e+07
1.60000000e-01 1.70000000e-01 1.80000000e+00 2.25173244e+07
1.60000000e-01 1.70000000e-01 1.81000000e+00 2.27337341e+07
1.60000000e-01 1.70000000e-01 1.82000000e+00 2.31325503e+07
1.60000000e-01 1.70000000e-01 1.83000000e+00 2.37606930e+07
1.60000000e-01 1.70000000e-01 1.84000000e+00 2.46998439e+07
1.60000000e-01 1.70000000e-01 1.85000000e+00 2.56248870e+07
1.60000000e-01 1.70000000e-01 1.86000000e+00 2.79785678e+07
1.60000000e-01 1.70000000e-01 1.87000000e+00 2.46232475e+07
1.60000000e-01 1.70000000e-01 1.88000000e+00 2.27921666e+07
1.60000000e-01 1.70000000e-01 1.89000000e+00 2.18455192e+07
1.60000000e-01 1.70000000e-01 1.90000000e+00 2.12278316e+07
1.60000000e-01 1.70000000e-01 1.91000000e+00 2.07930885e+07
1.60000000e-01 1.70000000e-01 1.92000000e+00 2.04484144e+07
1.60000000e-01 1.70000000e-01 1.93000000e+00 2.01830338e+07
1.60000000e-01 1.70000000e-01 1.94000000e+00 2.00035291e+07
1.60000000e-01 1.70000000e-01 1.95000000e+00 2.00090661e+07
1.60000000e-01 1.70000000e-01 1.96000000e+00 1.99367091e+07
1.60000000e-01 1.70000000e-01 1.97000000e+00 1.97525353e+07
1.60000000e-01 1.70000000e-01 1.98000000e+00 1.96236929e+07
1.60000000e-01 1.70000000e-01 1.99000000e+00 1.95557693e+07
1.60000000e-01 1.70000000e-01 2.00000000e+00 2.77996415e+07
1.70000000e-01 1.80000000e-01 1.00000000e-02 1.21638987e+06
1.70000000e-01 1.80000000e-01 2.00000000e-02 2.40791073e+06
1.70000000e-01 1.80000000e-01 3.00000000e-02 3.57027995e+06
1.70000000e-01 1.80000000e-01 4.00000000e-02 4.70702459e+06
1.70000000e-01 1.80000000e-01 5.00000000e-02 5.81715602e+06
1.70000000e-01 1.80000000e-01 6.00000000e-02 6.99095763e+06
1.70000000e-01 1.80000000e-01 7.00000000e-02 8.31475261e+06
1.70000000e-01 1.80000000e-01 8.00000000e-02 9.49599262e+06
1.70000000e-01 1.80000000e-01 9.00000000e-02 1.04702117e+07
1.70000000e-01 1.80000000e-01 1.00000000e-01 1.14476904e+07
1.70000000e-01 1.80000000e-01 1.10000000e-01 1.23669414e+07
1.70000000e-01 1.80000000e-01 1.20000000e-01 1.32712361e+07
1.70000000e-01 1.80000000e-01 1.30000000e-01 1.41308333e+07
1.70000000e-01 1.80000000e-01 1.40000000e-01 1.49538816e+07
1.70000000e-01 1.80000000e-01 1.50000000e-01 1.57508649e+07
1.70000000e-01 1.80000000e-01 1.60000000e-01 1.65146418e+07
1.70000000e-01 1.80000000e-01 1.70000000e-01 1.72444966e+07
1.70000000e-01 1.80000000e-01 1.80000000e-01 1.79421717e+07
1.70000000e-01 1.80000000e-01 1.90000000e-01 1.86106394e+07
1.70000000e-01 1.80000000e-01 2.00000000e-01 1.92502858e+07
1.70000000e-01 1.80000000e-01 2.10000000e-01 1.98613930e+07
1.70000000e-01 1.80000000e-01 2.20000000e-01 2.04453055e+07
1.70000000e-01 1.80000000e-01 2.30000000e-01 2.10030033e+07
1.70000000e-01 1.80000000e-01 2.40000000e-01 2.15360649e+07
1.70000000e-01 1.80000000e-01 2.50000000e-01 2.20455594e+07
1.70000000e-01 1.80000000e-01 2.60000000e-01 2.25327059e+07
1.70000000e-01 1.80000000e-01 2.70000000e-01 2.29929702e+07
1.70000000e-01 1.80000000e-01 2.80000000e-01 2.34323924e+07
1.70000000e-01 1.80000000e-01 2.90000000e-01 2.38475810e+07
1.70000000e-01 1.80000000e-01 3.00000000e-01 2.42444484e+07
1.70000000e-01 1.80000000e-01 3.10000000e-01 2.46221123e+07
1.70000000e-01 1.80000000e-01 3.20000000e-01 2.49796651e+07
1.70000000e-01 1.80000000e-01 3.30000000e-01 2.53175031e+07
1.70000000e-01 1.80000000e-01 3.40000000e-01 2.56373737e+07
1.70000000e-01 1.80000000e-01 3.50000000e-01 2.59402286e+07
1.70000000e-01 1.80000000e-01 3.60000000e-01 2.62381459e+07
1.70000000e-01 1.80000000e-01 3.70000000e-01 2.66087822e+07
1.70000000e-01 1.80000000e-01 3.80000000e-01 2.68612970e+07
1.70000000e-01 1.80000000e-01 3.90000000e-01 2.71064019e+07
1.70000000e-01 1.80000000e-01 4.00000000e-01 2.73295469e+07
1.70000000e-01 1.80000000e-01 4.10000000e-01 2.75273851e+07
1.70000000e-01 1.80000000e-01 4.20000000e-01 2.77228023e+07
1.70000000e-01 1.80000000e-01 4.30000000e-01 2.79076202e+07
1.70000000e-01 1.80000000e-01 4.40000000e-01 2.80790192e+07
1.70000000e-01 1.80000000e-01 4.50000000e-01 2.82359852e+07
1.70000000e-01 1.80000000e-01 4.60000000e-01 2.83830948e+07
1.70000000e-01 1.80000000e-01 4.70000000e-01 2.85192735e+07
1.70000000e-01 1.80000000e-01 4.80000000e-01 2.86504517e+07
1.70000000e-01 1.80000000e-01 4.90000000e-01 2.87699531e+07
1.70000000e-01 1.80000000e-01 5.00000000e-01 2.89844106e+07
1.70000000e-01 1.80000000e-01 5.10000000e-01 2.90649823e+07
1.70000000e-01 1.80000000e-01 5.20000000e-01 2.91591816e+07
1.70000000e-01 1.80000000e-01 5.30000000e-01 2.92405417e+07
1.70000000e-01 1.80000000e-01 5.40000000e-01 2.93168277e+07
1.70000000e-01 1.80000000e-01 5.50000000e-01 2.94014837e+07
1.70000000e-01 1.80000000e-01 5.60000000e-01 2.94666747e+07
1.70000000e-01 1.80000000e-01 5.70000000e-01 2.95176305e+07
1.70000000e-01 1.80000000e-01 5.80000000e-01 2.95384123e+07
1.70000000e-01 1.80000000e-01 5.90000000e-01 2.95527479e+07
1.70000000e-01 1.80000000e-01 6.00000000e-01 2.95516359e+07
1.70000000e-01 1.80000000e-01 6.10000000e-01 2.95494439e+07
1.70000000e-01 1.80000000e-01 6.20000000e-01 2.95434029e+07
1.70000000e-01 1.80000000e-01 6.30000000e-01 2.95428495e+07
1.70000000e-01 1.80000000e-01 6.40000000e-01 2.95911221e+07
1.70000000e-01 1.80000000e-01 6.50000000e-01 2.98045717e+07
1.70000000e-01 1.80000000e-01 6.60000000e-01 3.05298348e+07
1.70000000e-01 1.80000000e-01 6.70000000e-01 3.05020167e+07
1.70000000e-01 1.80000000e-01 6.80000000e-01 3.04004974e+07
1.70000000e-01 1.80000000e-01 6.90000000e-01 3.03714435e+07
1.70000000e-01 1.80000000e-01 7.00000000e-01 3.03423241e+07
1.70000000e-01 1.80000000e-01 7.10000000e-01 3.03066972e+07
1.70000000e-01 1.80000000e-01 7.20000000e-01 3.02711288e+07
1.70000000e-01 1.80000000e-01 7.30000000e-01 3.02222578e+07
1.70000000e-01 1.80000000e-01 7.40000000e-01 3.04045351e+07
1.70000000e-01 1.80000000e-01 7.50000000e-01 3.03566822e+07
1.70000000e-01 1.80000000e-01 7.60000000e-01 3.02993994e+07
1.70000000e-01 1.80000000e-01 7.70000000e-01 3.02446970e+07
1.70000000e-01 1.80000000e-01 7.80000000e-01 3.01860141e+07
1.70000000e-01 1.80000000e-01 7.90000000e-01 3.01237155e+07
1.70000000e-01 1.80000000e-01 8.00000000e-01 3.00586728e+07
1.70000000e-01 1.80000000e-01 8.10000000e-01 2.99955514e+07
1.70000000e-01 1.80000000e-01 8.20000000e-01 2.99319852e+07
1.70000000e-01 1.80000000e-01 8.30000000e-01 2.98678564e+07
1.70000000e-01 1.80000000e-01 8.40000000e-01 2.98083707e+07
1.70000000e-01 1.80000000e-01 8.50000000e-01 2.97543003e+07
1.70000000e-01 1.80000000e-01 8.60000000e-01 2.97050494e+07
1.70000000e-01 1.80000000e-01 8.70000000e-01 2.96798058e+07
1.70000000e-01 1.80000000e-01 8.80000000e-01 2.96305701e+07
1.70000000e-01 1.80000000e-01 8.90000000e-01 2.96068547e+07
1.70000000e-01 1.80000000e-01 9.00000000e-01 2.96058221e+07
1.70000000e-01 1.80000000e-01 9.10000000e-01 2.96280101e+07
1.70000000e-01 1.80000000e-01 9.20000000e-01 2.97055801e+07
1.70000000e-01 1.80000000e-01 9.30000000e-01 2.95008070e+07
1.70000000e-01 1.80000000e-01 9.40000000e-01 2.93790876e+07
1.70000000e-01 1.80000000e-01 9.50000000e-01 2.93027944e+07
1.70000000e-01 1.80000000e-01 9.60000000e-01 2.92605747e+07
1.70000000e-01 1.80000000e-01 9.70000000e-01 2.91924201e+07
1.70000000e-01 1.80000000e-01 9.80000000e-01 2.91828992e+07
1.70000000e-01 1.80000000e-01 9.90000000e-01 2.93287239e+07
1.70000000e-01 1.80000000e-01 1.00000000e+00 2.93357508e+07
1.70000000e-01 1.80000000e-01 1.01000000e+00 2.92895860e+07
1.70000000e-01 1.80000000e-01 1.02000000e+00 3.13291943e+07
1.70000000e-01 1.80000000e-01 1.03000000e+00 2.97216224e+07
1.70000000e-01 1.80000000e-01 1.04000000e+00 2.96600268e+07
1.70000000e-01 1.80000000e-01 1.05000000e+00 3.06325452e+07
1.70000000e-01 1.80000000e-01 1.06000000e+00 3.00407486e+07
1.70000000e-01 1.80000000e-01 1.07000000e+00 2.91482371e+07
1.70000000e-01 1.80000000e-01 1.08000000e+00 2.88964082e+07
1.70000000e-01 1.80000000e-01 1.09000000e+00 2.86473689e+07
1.70000000e-01 1.80000000e-01 1.10000000e+00 2.82924029e+07
1.70000000e-01 1.80000000e-01 1.11000000e+00 2.81541769e+07
1.70000000e-01 1.80000000e-01 1.12000000e+00 2.77502643e+07
1.70000000e-01 1.80000000e-01 1.13000000e+00 2.74974797e+07
1.70000000e-01 1.80000000e-01 1.14000000e+00 2.72070505e+07
1.70000000e-01 1.80000000e-01 1.15000000e+00 2.69969453e+07
1.70000000e-01 1.80000000e-01 1.16000000e+00 2.67836037e+07
1.70000000e-01 1.80000000e-01 1.17000000e+00 2.66030853e+07
1.70000000e-01 1.80000000e-01 1.18000000e+00 2.64423310e+07
1.70000000e-01 1.80000000e-01 1.19000000e+00 2.64200182e+07
1.70000000e-01 1.80000000e-01 1.20000000e+00 2.62952012e+07
1.70000000e-01 1.80000000e-01 1.21000000e+00 2.61554011e+07
1.70000000e-01 1.80000000e-01 1.22000000e+00 2.60266649e+07
1.70000000e-01 1.80000000e-01 1.23000000e+00 2.59107794e+07
1.70000000e-01 1.80000000e-01 1.24000000e+00 2.57892202e+07
1.70000000e-01 1.80000000e-01 1.25000000e+00 2.57231448e+07
1.70000000e-01 1.80000000e-01 1.26000000e+00 2.56070076e+07
1.70000000e-01 1.80000000e-01 1.27000000e+00 2.54400864e+07
1.70000000e-01 1.80000000e-01 1.28000000e+00 2.53576481e+07
1.70000000e-01 1.80000000e-01 1.29000000e+00 2.52653680e+07
1.70000000e-01 1.80000000e-01 1.30000000e+00 2.52149177e+07
1.70000000e-01 1.80000000e-01 1.31000000e+00 2.52075259e+07
1.70000000e-01 1.80000000e-01 1.32000000e+00 2.52569806e+07
1.70000000e-01 1.80000000e-01 1.33000000e+00 2.53813161e+07
1.70000000e-01 1.80000000e-01 1.34000000e+00 2.55470601e+07
1.70000000e-01 1.80000000e-01 1.35000000e+00 2.60314275e+07
1.70000000e-01 1.80000000e-01 1.36000000e+00 2.50656657e+07
1.70000000e-01 1.80000000e-01 1.37000000e+00 2.45522619e+07
1.70000000e-01 1.80000000e-01 1.38000000e+00 2.42751100e+07
1.70000000e-01 1.80000000e-01 1.39000000e+00 2.39717272e+07
1.70000000e-01 1.80000000e-01 1.40000000e+00 2.37451365e+07
1.70000000e-01 1.80000000e-01 1.41000000e+00 2.38665405e+07
1.70000000e-01 1.80000000e-01 1.42000000e+00 2.33561538e+07
1.70000000e-01 1.80000000e-01 1.43000000e+00 2.32968951e+07
1.70000000e-01 1.80000000e-01 1.44000000e+00 2.33141685e+07
1.70000000e-01 1.80000000e-01 1.45000000e+00 2.31639950e+07
1.70000000e-01 1.80000000e-01 1.46000000e+00 2.31125277e+07
1.70000000e-01 1.80000000e-01 1.47000000e+00 2.64688978e+07
1.70000000e-01 1.80000000e-01 1.48000000e+00 2.28174515e+07
1.70000000e-01 1.80000000e-01 1.49000000e+00 2.26457611e+07
1.70000000e-01 1.80000000e-01 1.50000000e+00 2.25460580e+07
1.70000000e-01 1.80000000e-01 1.51000000e+00 2.22318700e+07
1.70000000e-01 1.80000000e-01 1.52000000e+00 2.20022296e+07
1.70000000e-01 1.80000000e-01 1.53000000e+00 2.18448936e+07
1.70000000e-01 1.80000000e-01 1.54000000e+00 2.17762466e+07
1.70000000e-01 1.80000000e-01 1.55000000e+00 2.16176987e+07
1.70000000e-01 1.80000000e-01 1.56000000e+00 2.14873337e+07
1.70000000e-01 1.80000000e-01 1.57000000e+00 2.14099384e+07
1.70000000e-01 1.80000000e-01 1.58000000e+00 2.13058031e+07
1.70000000e-01 1.80000000e-01 1.59000000e+00 2.12939070e+07
1.70000000e-01 1.80000000e-01 1.60000000e+00 2.14564278e+07
1.70000000e-01 1.80000000e-01 1.61000000e+00 2.09161166e+07
1.70000000e-01 1.80000000e-01 1.62000000e+00 2.08652410e+07
1.70000000e-01 1.80000000e-01 1.63000000e+00 2.05138197e+07
1.70000000e-01 1.80000000e-01 1.64000000e+00 2.03826134e+07
1.70000000e-01 1.80000000e-01 1.65000000e+00 2.04428413e+07
1.70000000e-01 1.80000000e-01 1.66000000e+00 2.03279493e+07
1.70000000e-01 1.80000000e-01 1.67000000e+00 2.00044074e+07
1.70000000e-01 1.80000000e-01 1.68000000e+00 1.98999203e+07
1.70000000e-01 1.80000000e-01 1.69000000e+00 1.97736520e+07
1.70000000e-01 1.80000000e-01 1.70000000e+00 1.96496931e+07
1.70000000e-01 1.80000000e-01 1.71000000e+00 1.95597190e+07
1.70000000e-01 1.80000000e-01 1.72000000e+00 1.95952657e+07
1.70000000e-01 1.80000000e-01 1.73000000e+00 1.94980094e+07
1.70000000e-01 1.80000000e-01 1.74000000e+00 1.94393324e+07
1.70000000e-01 1.80000000e-01 1.75000000e+00 1.92798582e+07
1.70000000e-01 1.80000000e-01 1.76000000e+00 1.92510674e+07
1.70000000e-01 1.80000000e-01 1.77000000e+00 1.92172643e+07
1.70000000e-01 1.80000000e-01 1.78000000e+00 1.92091956e+07
1.70000000e-01 1.80000000e-01 1.79000000e+00 1.92569336e+07
1.70000000e-01 1.80000000e-01 1.80000000e+00 1.93768903e+07
1.70000000e-01 1.80000000e-01 1.81000000e+00 1.95855354e+07
1.70000000e-01 1.80000000e-01 1.82000000e+00 1.99771094e+07
1.70000000e-01 1.80000000e-01 1.83000000e+00 2.06125773e+07
1.70000000e-01 1.80000000e-01 1.84000000e+00 2.15744200e+07
1.70000000e-01 1.80000000e-01 1.85000000e+00 2.25266012e+07
1.70000000e-01 1.80000000e-01 1.86000000e+00 2.50587200e+07
1.70000000e-01 1.80000000e-01 1.87000000e+00 2.15313560e+07
1.70000000e-01 1.80000000e-01 1.88000000e+00 1.96990724e+07
1.70000000e-01 1.80000000e-01 1.89000000e+00 1.87980663e+07
1.70000000e-01 1.80000000e-01 1.90000000e+00 1.82266431e+07
1.70000000e-01 1.80000000e-01 1.91000000e+00 1.78317055e+07
1.70000000e-01 1.80000000e-01 1.92000000e+00 1.75213756e+07
1.70000000e-01 1.80000000e-01 1.93000000e+00 1.72847314e+07
1.70000000e-01 1.80000000e-01 1.94000000e+00 1.71251057e+07
1.70000000e-01 1.80000000e-01 1.95000000e+00 1.71380707e+07
1.70000000e-01 1.80000000e-01 1.96000000e+00 1.71042414e+07
1.70000000e-01 1.80000000e-01 1.97000000e+00 1.69508633e+07
1.70000000e-01 1.80000000e-01 1.98000000e+00 1.68450086e+07
1.70000000e-01 1.80000000e-01 1.99000000e+00 1.67712756e+07
1.70000000e-01 1.80000000e-01 2.00000000e+00 2.51044138e+07
1.80000000e-01 1.90000000e-01 1.00000000e-02 1.10946782e+06
1.80000000e-01 1.90000000e-01 2.00000000e-02 2.19522585e+06
1.80000000e-01 1.90000000e-01 3.00000000e-02 3.25319862e+06
1.80000000e-01 1.90000000e-01 4.00000000e-02 4.28757440e+06
1.80000000e-01 1.90000000e-01 5.00000000e-02 5.29770270e+06
1.80000000e-01 1.90000000e-01 6.00000000e-02 6.38901455e+06
1.80000000e-01 1.90000000e-01 7.00000000e-02 7.67392282e+06
1.80000000e-01 1.90000000e-01 8.00000000e-02 8.60270753e+06
1.80000000e-01 1.90000000e-01 9.00000000e-02 9.49369449e+06
1.80000000e-01 1.90000000e-01 1.00000000e-01 1.03683082e+07
1.80000000e-01 1.90000000e-01 1.10000000e-01 1.11961169e+07
1.80000000e-01 1.90000000e-01 1.20000000e-01 1.20062888e+07
1.80000000e-01 1.90000000e-01 1.30000000e-01 1.27755314e+07
1.80000000e-01 1.90000000e-01 1.40000000e-01 1.35119608e+07
1.80000000e-01 1.90000000e-01 1.50000000e-01 1.42214769e+07
1.80000000e-01 1.90000000e-01 1.60000000e-01 1.49012075e+07
1.80000000e-01 1.90000000e-01 1.70000000e-01 1.55495972e+07
1.80000000e-01 1.90000000e-01 1.80000000e-01 1.61677299e+07
1.80000000e-01 1.90000000e-01 1.90000000e-01 1.67589795e+07
1.80000000e-01 1.90000000e-01 2.00000000e-01 1.73237334e+07
1.80000000e-01 1.90000000e-01 2.10000000e-01 1.78620370e+07
1.80000000e-01 1.90000000e-01 2.20000000e-01 1.83754469e+07
1.80000000e-01 1.90000000e-01 2.30000000e-01 1.88643750e+07
1.80000000e-01 1.90000000e-01 2.40000000e-01 1.93310121e+07
1.80000000e-01 1.90000000e-01 2.50000000e-01 1.97759494e+07
1.80000000e-01 1.90000000e-01 2.60000000e-01 2.02008440e+07
1.80000000e-01 1.90000000e-01 2.70000000e-01 2.06005595e+07
1.80000000e-01 1.90000000e-01 2.80000000e-01 2.09816210e+07
1.80000000e-01 1.90000000e-01 2.90000000e-01 2.13406982e+07
1.80000000e-01 1.90000000e-01 3.00000000e-01 2.16825679e+07
1.80000000e-01 1.90000000e-01 3.10000000e-01 2.20071291e+07
1.80000000e-01 1.90000000e-01 3.20000000e-01 2.23136354e+07
1.80000000e-01 1.90000000e-01 3.30000000e-01 2.26023688e+07
1.80000000e-01 1.90000000e-01 3.40000000e-01 2.28745918e+07
1.80000000e-01 1.90000000e-01 3.50000000e-01 2.31316690e+07
1.80000000e-01 1.90000000e-01 3.60000000e-01 2.33816440e+07
1.80000000e-01 1.90000000e-01 3.70000000e-01 2.37123573e+07
1.80000000e-01 1.90000000e-01 3.80000000e-01 2.39237137e+07
1.80000000e-01 1.90000000e-01 3.90000000e-01 2.41291986e+07
1.80000000e-01 1.90000000e-01 4.00000000e-01 2.43144429e+07
1.80000000e-01 1.90000000e-01 4.10000000e-01 2.44767675e+07
1.80000000e-01 1.90000000e-01 4.20000000e-01 2.46381852e+07
1.80000000e-01 1.90000000e-01 4.30000000e-01 2.47897499e+07
1.80000000e-01 1.90000000e-01 4.40000000e-01 2.49291162e+07
1.80000000e-01 1.90000000e-01 4.50000000e-01 2.50559635e+07
1.80000000e-01 1.90000000e-01 4.60000000e-01 2.51740839e+07
1.80000000e-01 1.90000000e-01 4.70000000e-01 2.52824125e+07
1.80000000e-01 1.90000000e-01 4.80000000e-01 2.53874045e+07
1.80000000e-01 1.90000000e-01 4.90000000e-01 2.54820502e+07
1.80000000e-01 1.90000000e-01 5.00000000e-01 2.56591248e+07
1.80000000e-01 1.90000000e-01 5.10000000e-01 2.57162660e+07
1.80000000e-01 1.90000000e-01 5.20000000e-01 2.57894896e+07
1.80000000e-01 1.90000000e-01 5.30000000e-01 2.58496553e+07
1.80000000e-01 1.90000000e-01 5.40000000e-01 2.59077587e+07
1.80000000e-01 1.90000000e-01 5.50000000e-01 2.59717863e+07
1.80000000e-01 1.90000000e-01 5.60000000e-01 2.60200603e+07
1.80000000e-01 1.90000000e-01 5.70000000e-01 2.60558253e+07
1.80000000e-01 1.90000000e-01 5.80000000e-01 2.60602369e+07
1.80000000e-01 1.90000000e-01 5.90000000e-01 2.60585243e+07
1.80000000e-01 1.90000000e-01 6.00000000e-01 2.60420892e+07
1.80000000e-01 1.90000000e-01 6.10000000e-01 2.60255364e+07
1.80000000e-01 1.90000000e-01 6.20000000e-01 2.60066842e+07
1.80000000e-01 1.90000000e-01 6.30000000e-01 2.59954513e+07
1.80000000e-01 1.90000000e-01 6.40000000e-01 2.60337708e+07
1.80000000e-01 1.90000000e-01 6.50000000e-01 2.62305715e+07
1.80000000e-01 1.90000000e-01 6.60000000e-01 2.68804322e+07
1.80000000e-01 1.90000000e-01 6.70000000e-01 2.68435142e+07
1.80000000e-01 1.90000000e-01 6.80000000e-01 2.67280385e+07
1.80000000e-01 1.90000000e-01 6.90000000e-01 2.66910800e+07
1.80000000e-01 1.90000000e-01 7.00000000e-01 2.66550355e+07
1.80000000e-01 1.90000000e-01 7.10000000e-01 2.66127941e+07
1.80000000e-01 1.90000000e-01 7.20000000e-01 2.65695856e+07
1.80000000e-01 1.90000000e-01 7.30000000e-01 2.65164602e+07
1.80000000e-01 1.90000000e-01 7.40000000e-01 2.66768672e+07
1.80000000e-01 1.90000000e-01 7.50000000e-01 2.66226696e+07
1.80000000e-01 1.90000000e-01 7.60000000e-01 2.65622977e+07
1.80000000e-01 1.90000000e-01 7.70000000e-01 2.65025377e+07
1.80000000e-01 1.90000000e-01 7.80000000e-01 2.64398908e+07
1.80000000e-01 1.90000000e-01 7.90000000e-01 2.63732828e+07
1.80000000e-01 1.90000000e-01 8.00000000e-01 2.63052158e+07
1.80000000e-01 1.90000000e-01 8.10000000e-01 2.62386816e+07
1.80000000e-01 1.90000000e-01 8.20000000e-01 2.61723966e+07
1.80000000e-01 1.90000000e-01 8.30000000e-01 2.61064682e+07
1.80000000e-01 1.90000000e-01 8.40000000e-01 2.60449327e+07
1.80000000e-01 1.90000000e-01 8.50000000e-01 2.59891166e+07
1.80000000e-01 1.90000000e-01 8.60000000e-01 2.59385505e+07
1.80000000e-01 1.90000000e-01 8.70000000e-01 2.59134870e+07
1.80000000e-01 1.90000000e-01 8.80000000e-01 2.58666197e+07
1.80000000e-01 1.90000000e-01 8.90000000e-01 2.58464518e+07
1.80000000e-01 1.90000000e-01 9.00000000e-01 2.58496135e+07
1.80000000e-01 1.90000000e-01 9.10000000e-01 2.58780206e+07
1.80000000e-01 1.90000000e-01 9.20000000e-01 2.59675719e+07
1.80000000e-01 1.90000000e-01 9.30000000e-01 2.57581953e+07
1.80000000e-01 1.90000000e-01 9.40000000e-01 2.56381673e+07
1.80000000e-01 1.90000000e-01 9.50000000e-01 2.55683649e+07
1.80000000e-01 1.90000000e-01 9.60000000e-01 2.55321624e+07
1.80000000e-01 1.90000000e-01 9.70000000e-01 2.54713918e+07
1.80000000e-01 1.90000000e-01 9.80000000e-01 2.54703677e+07
1.80000000e-01 1.90000000e-01 9.90000000e-01 2.56240676e+07
1.80000000e-01 1.90000000e-01 1.00000000e+00 2.56430991e+07
1.80000000e-01 1.90000000e-01 1.01000000e+00 2.56040301e+07
1.80000000e-01 1.90000000e-01 1.02000000e+00 2.77086326e+07
1.80000000e-01 1.90000000e-01 1.03000000e+00 2.59970880e+07
1.80000000e-01 1.90000000e-01 1.04000000e+00 2.59323350e+07
1.80000000e-01 1.90000000e-01 1.05000000e+00 2.68107702e+07
1.80000000e-01 1.90000000e-01 1.06000000e+00 2.62551639e+07
1.80000000e-01 1.90000000e-01 1.07000000e+00 2.54190696e+07
1.80000000e-01 1.90000000e-01 1.08000000e+00 2.51816472e+07
1.80000000e-01 1.90000000e-01 1.09000000e+00 2.49223700e+07
1.80000000e-01 1.90000000e-01 1.10000000e+00 2.45926772e+07
1.80000000e-01 1.90000000e-01 1.11000000e+00 2.44671606e+07
1.80000000e-01 1.90000000e-01 1.12000000e+00 2.40849115e+07
1.80000000e-01 1.90000000e-01 1.13000000e+00 2.38421650e+07
1.80000000e-01 1.90000000e-01 1.14000000e+00 2.35748979e+07
1.80000000e-01 1.90000000e-01 1.15000000e+00 2.33809465e+07
1.80000000e-01 1.90000000e-01 1.16000000e+00 2.31847587e+07
1.80000000e-01 1.90000000e-01 1.17000000e+00 2.30180038e+07
1.80000000e-01 1.90000000e-01 1.18000000e+00 2.28704825e+07
1.80000000e-01 1.90000000e-01 1.19000000e+00 2.28456885e+07
1.80000000e-01 1.90000000e-01 1.20000000e+00 2.27313842e+07
1.80000000e-01 1.90000000e-01 1.21000000e+00 2.26038164e+07
1.80000000e-01 1.90000000e-01 1.22000000e+00 2.24844584e+07
1.80000000e-01 1.90000000e-01 1.23000000e+00 2.23787387e+07
1.80000000e-01 1.90000000e-01 1.24000000e+00 2.22647550e+07
1.80000000e-01 1.90000000e-01 1.25000000e+00 2.22011662e+07
1.80000000e-01 1.90000000e-01 1.26000000e+00 2.20959913e+07
1.80000000e-01 1.90000000e-01 1.27000000e+00 2.19441219e+07
1.80000000e-01 1.90000000e-01 1.28000000e+00 2.18692191e+07
1.80000000e-01 1.90000000e-01 1.29000000e+00 2.17880227e+07
1.80000000e-01 1.90000000e-01 1.30000000e+00 2.17478211e+07
1.80000000e-01 1.90000000e-01 1.31000000e+00 2.17520775e+07
1.80000000e-01 1.90000000e-01 1.32000000e+00 2.18161266e+07
1.80000000e-01 1.90000000e-01 1.33000000e+00 2.19598294e+07
1.80000000e-01 1.90000000e-01 1.34000000e+00 2.21483202e+07
1.80000000e-01 1.90000000e-01 1.35000000e+00 2.26896518e+07
1.80000000e-01 1.90000000e-01 1.36000000e+00 2.16862066e+07
1.80000000e-01 1.90000000e-01 1.37000000e+00 2.11746339e+07
1.80000000e-01 1.90000000e-01 1.38000000e+00 2.09061812e+07
1.80000000e-01 1.90000000e-01 1.39000000e+00 2.06248626e+07
1.80000000e-01 1.90000000e-01 1.40000000e+00 2.04176234e+07
1.80000000e-01 1.90000000e-01 1.41000000e+00 2.05294880e+07
1.80000000e-01 1.90000000e-01 1.42000000e+00 2.00686270e+07
1.80000000e-01 1.90000000e-01 1.43000000e+00 2.00188036e+07
1.80000000e-01 1.90000000e-01 1.44000000e+00 2.00595367e+07
1.80000000e-01 1.90000000e-01 1.45000000e+00 1.99254739e+07
1.80000000e-01 1.90000000e-01 1.46000000e+00 1.98841661e+07
1.80000000e-01 1.90000000e-01 1.47000000e+00 2.34000835e+07
1.80000000e-01 1.90000000e-01 1.48000000e+00 1.96105690e+07
1.80000000e-01 1.90000000e-01 1.49000000e+00 1.94579048e+07
1.80000000e-01 1.90000000e-01 1.50000000e+00 1.93700602e+07
1.80000000e-01 1.90000000e-01 1.51000000e+00 1.90640198e+07
1.80000000e-01 1.90000000e-01 1.52000000e+00 1.88584955e+07
1.80000000e-01 1.90000000e-01 1.53000000e+00 1.87177572e+07
1.80000000e-01 1.90000000e-01 1.54000000e+00 1.86577213e+07
1.80000000e-01 1.90000000e-01 1.55000000e+00 1.85177630e+07
1.80000000e-01 1.90000000e-01 1.56000000e+00 1.84045302e+07
1.80000000e-01 1.90000000e-01 1.57000000e+00 1.83402499e+07
1.80000000e-01 1.90000000e-01 1.58000000e+00 1.82541697e+07
1.80000000e-01 1.90000000e-01 1.59000000e+00 1.82551442e+07
1.80000000e-01 1.90000000e-01 1.60000000e+00 1.84828749e+07
1.80000000e-01 1.90000000e-01 1.61000000e+00 1.79004136e+07
1.80000000e-01 1.90000000e-01 1.62000000e+00 1.78512292e+07
1.80000000e-01 1.90000000e-01 1.63000000e+00 1.75348844e+07
1.80000000e-01 1.90000000e-01 1.64000000e+00 1.74182517e+07
1.80000000e-01 1.90000000e-01 1.65000000e+00 1.74388603e+07
1.80000000e-01 1.90000000e-01 1.66000000e+00 1.73788650e+07
1.80000000e-01 1.90000000e-01 1.67000000e+00 1.70824606e+07
1.80000000e-01 1.90000000e-01 1.68000000e+00 1.69906681e+07
1.80000000e-01 1.90000000e-01 1.69000000e+00 1.68802789e+07
1.80000000e-01 1.90000000e-01 1.70000000e+00 1.67700733e+07
1.80000000e-01 1.90000000e-01 1.71000000e+00 1.66896837e+07
1.80000000e-01 1.90000000e-01 1.72000000e+00 1.67381125e+07
1.80000000e-01 1.90000000e-01 1.73000000e+00 1.66389826e+07
1.80000000e-01 1.90000000e-01 1.74000000e+00 1.65858896e+07
1.80000000e-01 1.90000000e-01 1.75000000e+00 1.64384976e+07
1.80000000e-01 1.90000000e-01 1.76000000e+00 1.64124825e+07
1.80000000e-01 1.90000000e-01 1.77000000e+00 1.63831666e+07
1.80000000e-01 1.90000000e-01 1.78000000e+00 1.63772993e+07
1.80000000e-01 1.90000000e-01 1.79000000e+00 1.64235985e+07
1.80000000e-01 1.90000000e-01 1.80000000e+00 1.65380570e+07
1.80000000e-01 1.90000000e-01 1.81000000e+00 1.67358858e+07
1.80000000e-01 1.90000000e-01 1.82000000e+00 1.71159175e+07
1.80000000e-01 1.90000000e-01 1.83000000e+00 1.77485659e+07
1.80000000e-01 1.90000000e-01 1.84000000e+00 1.87226327e+07
1.80000000e-01 1.90000000e-01 1.85000000e+00 1.96889098e+07
1.80000000e-01 1.90000000e-01 1.86000000e+00 2.23742282e+07
1.80000000e-01 1.90000000e-01 1.87000000e+00 1.87056250e+07
1.80000000e-01 1.90000000e-01 1.88000000e+00 1.68930172e+07
1.80000000e-01 1.90000000e-01 1.89000000e+00 1.60452229e+07
1.80000000e-01 1.90000000e-01 1.90000000e+00 1.55220809e+07
1.80000000e-01 1.90000000e-01 1.91000000e+00 1.51668213e+07
1.80000000e-01 1.90000000e-01 1.92000000e+00 1.48910975e+07
1.80000000e-01 1.90000000e-01 1.93000000e+00 1.46827812e+07
1.80000000e-01 1.90000000e-01 1.94000000e+00 1.45419089e+07
1.80000000e-01 1.90000000e-01 1.95000000e+00 1.45581093e+07
1.80000000e-01 1.90000000e-01 1.96000000e+00 1.45550198e+07
1.80000000e-01 1.90000000e-01 1.97000000e+00 1.44303096e+07
1.80000000e-01 1.90000000e-01 1.98000000e+00 1.43487014e+07
1.80000000e-01 1.90000000e-01 1.99000000e+00 1.42727216e+07
1.80000000e-01 1.90000000e-01 2.00000000e+00 2.26311790e+07
1.90000000e-01 2.00000000e-01 1.00000000e-02 1.00447696e+06
1.90000000e-01 2.00000000e-01 2.00000000e-02 1.98649903e+06
1.90000000e-01 2.00000000e-01 3.00000000e-02 2.94221672e+06
1.90000000e-01 2.00000000e-01 4.00000000e-02 3.87652020e+06
1.90000000e-01 2.00000000e-01 5.00000000e-02 4.78918370e+06
1.90000000e-01 2.00000000e-01 6.00000000e-02 5.80741359e+06
1.90000000e-01 2.00000000e-01 7.00000000e-02 6.91329833e+06
1.90000000e-01 2.00000000e-01 8.00000000e-02 7.73530945e+06
1.90000000e-01 2.00000000e-01 9.00000000e-02 8.54407307e+06
1.90000000e-01 2.00000000e-01 1.00000000e-01 9.31851823e+06
1.90000000e-01 2.00000000e-01 1.10000000e-01 1.00588830e+07
1.90000000e-01 2.00000000e-01 1.20000000e-01 1.07780783e+07
1.90000000e-01 2.00000000e-01 1.30000000e-01 1.14608843e+07
1.90000000e-01 2.00000000e-01 1.40000000e-01 1.21140575e+07
1.90000000e-01 2.00000000e-01 1.50000000e-01 1.27403805e+07
1.90000000e-01 2.00000000e-01 1.60000000e-01 1.33399436e+07
1.90000000e-01 2.00000000e-01 1.70000000e-01 1.39108120e+07
1.90000000e-01 2.00000000e-01 1.80000000e-01 1.44537344e+07
1.90000000e-01 2.00000000e-01 1.90000000e-01 1.49720075e+07
1.90000000e-01 2.00000000e-01 2.00000000e-01 1.54659169e+07
1.90000000e-01 2.00000000e-01 2.10000000e-01 1.59356490e+07
1.90000000e-01 2.00000000e-01 2.20000000e-01 1.63827613e+07
1.90000000e-01 2.00000000e-01 2.30000000e-01 1.68073780e+07
1.90000000e-01 2.00000000e-01 2.40000000e-01 1.72118080e+07
1.90000000e-01 2.00000000e-01 2.50000000e-01 1.75964617e+07
1.90000000e-01 2.00000000e-01 2.60000000e-01 1.79634615e+07
1.90000000e-01 2.00000000e-01 2.70000000e-01 1.83071451e+07
1.90000000e-01 2.00000000e-01 2.80000000e-01 1.86341107e+07
1.90000000e-01 2.00000000e-01 2.90000000e-01 1.89411826e+07
1.90000000e-01 2.00000000e-01 3.00000000e-01 1.92325211e+07
1.90000000e-01 2.00000000e-01 3.10000000e-01 1.95083948e+07
1.90000000e-01 2.00000000e-01 3.20000000e-01 1.97682182e+07
1.90000000e-01 2.00000000e-01 3.30000000e-01 2.00120943e+07
1.90000000e-01 2.00000000e-01 3.40000000e-01 2.02409006e+07
1.90000000e-01 2.00000000e-01 3.50000000e-01 2.04564006e+07
1.90000000e-01 2.00000000e-01 3.60000000e-01 2.06628110e+07
1.90000000e-01 2.00000000e-01 3.70000000e-01 2.09541662e+07
1.90000000e-01 2.00000000e-01 3.80000000e-01 2.11284688e+07
1.90000000e-01 2.00000000e-01 3.90000000e-01 2.12979513e+07
1.90000000e-01 2.00000000e-01 4.00000000e-01 2.14491559e+07
1.90000000e-01 2.00000000e-01 4.10000000e-01 2.15802529e+07
1.90000000e-01 2.00000000e-01 4.20000000e-01 2.17116363e+07
1.90000000e-01 2.00000000e-01 4.30000000e-01 2.18336308e+07
1.90000000e-01 2.00000000e-01 4.40000000e-01 2.19447563e+07
1.90000000e-01 2.00000000e-01 4.50000000e-01 2.20451664e+07
1.90000000e-01 2.00000000e-01 4.60000000e-01 2.21379521e+07
1.90000000e-01 2.00000000e-01 4.70000000e-01 2.22220927e+07
1.90000000e-01 2.00000000e-01 4.80000000e-01 2.23043967e+07
1.90000000e-01 2.00000000e-01 4.90000000e-01 2.23776827e+07
1.90000000e-01 2.00000000e-01 5.00000000e-01 2.25277664e+07
1.90000000e-01 2.00000000e-01 5.10000000e-01 2.25648834e+07
1.90000000e-01 2.00000000e-01 5.20000000e-01 2.26201510e+07
1.90000000e-01 2.00000000e-01 5.30000000e-01 2.26628053e+07
1.90000000e-01 2.00000000e-01 5.40000000e-01 2.27058638e+07
1.90000000e-01 2.00000000e-01 5.50000000e-01 2.27537623e+07
1.90000000e-01 2.00000000e-01 5.60000000e-01 2.27878393e+07
1.90000000e-01 2.00000000e-01 5.70000000e-01 2.28114674e+07
1.90000000e-01 2.00000000e-01 5.80000000e-01 2.28028549e+07
1.90000000e-01 2.00000000e-01 5.90000000e-01 2.27885358e+07
1.90000000e-01 2.00000000e-01 6.00000000e-01 2.27596786e+07
1.90000000e-01 2.00000000e-01 6.10000000e-01 2.27318787e+07
1.90000000e-01 2.00000000e-01 6.20000000e-01 2.27031516e+07
1.90000000e-01 2.00000000e-01 6.30000000e-01 2.26833406e+07
1.90000000e-01 2.00000000e-01 6.40000000e-01 2.27152205e+07
1.90000000e-01 2.00000000e-01 6.50000000e-01 2.29016015e+07
1.90000000e-01 2.00000000e-01 6.60000000e-01 2.34745577e+07
1.90000000e-01 2.00000000e-01 6.70000000e-01 2.34314253e+07
1.90000000e-01 2.00000000e-01 6.80000000e-01 2.33051949e+07
1.90000000e-01 2.00000000e-01 6.90000000e-01 2.32627523e+07
1.90000000e-01 2.00000000e-01 7.00000000e-01 2.32223686e+07
1.90000000e-01 2.00000000e-01 7.10000000e-01 2.31759961e+07
1.90000000e-01 2.00000000e-01 7.20000000e-01 2.31277147e+07
1.90000000e-01 2.00000000e-01 7.30000000e-01 2.30723843e+07
1.90000000e-01 2.00000000e-01 7.40000000e-01 2.32125696e+07
1.90000000e-01 2.00000000e-01 7.50000000e-01 2.31545571e+07
1.90000000e-01 2.00000000e-01 7.60000000e-01 2.30930306e+07
1.90000000e-01 2.00000000e-01 7.70000000e-01 2.30306874e+07
1.90000000e-01 2.00000000e-01 7.80000000e-01 2.29662344e+07
1.90000000e-01 2.00000000e-01 7.90000000e-01 2.28976328e+07
1.90000000e-01 2.00000000e-01 8.00000000e-01 2.28286864e+07
1.90000000e-01 2.00000000e-01 8.10000000e-01 2.27611048e+07
1.90000000e-01 2.00000000e-01 8.20000000e-01 2.26943012e+07
1.90000000e-01 2.00000000e-01 8.30000000e-01 2.26283997e+07
1.90000000e-01 2.00000000e-01 8.40000000e-01 2.25670549e+07
1.90000000e-01 2.00000000e-01 8.50000000e-01 2.25116393e+07
1.90000000e-01 2.00000000e-01 8.60000000e-01 2.24616581e+07
1.90000000e-01 2.00000000e-01 8.70000000e-01 2.24384998e+07
1.90000000e-01 2.00000000e-01 8.80000000e-01 2.23952451e+07
1.90000000e-01 2.00000000e-01 8.90000000e-01 2.23797824e+07
1.90000000e-01 2.00000000e-01 9.00000000e-01 2.23881144e+07
1.90000000e-01 2.00000000e-01 9.10000000e-01 2.24230591e+07
1.90000000e-01 2.00000000e-01 9.20000000e-01 2.25259237e+07
1.90000000e-01 2.00000000e-01 9.30000000e-01 2.23135219e+07
1.90000000e-01 2.00000000e-01 9.40000000e-01 2.21980418e+07
1.90000000e-01 2.00000000e-01 9.50000000e-01 2.21365116e+07
1.90000000e-01 2.00000000e-01 9.60000000e-01 2.21076395e+07
1.90000000e-01 2.00000000e-01 9.70000000e-01 2.20553882e+07
1.90000000e-01 2.00000000e-01 9.80000000e-01 2.20632264e+07
1.90000000e-01 2.00000000e-01 9.90000000e-01 2.22193979e+07
1.90000000e-01 2.00000000e-01 1.00000000e+00 2.22511142e+07
1.90000000e-01 2.00000000e-01 1.01000000e+00 2.22193916e+07
1.90000000e-01 2.00000000e-01 1.02000000e+00 2.43732871e+07
1.90000000e-01 2.00000000e-01 1.03000000e+00 2.25748745e+07
1.90000000e-01 2.00000000e-01 1.04000000e+00 2.25074967e+07
1.90000000e-01 2.00000000e-01 1.05000000e+00 2.32935109e+07
1.90000000e-01 2.00000000e-01 1.06000000e+00 2.27753931e+07
1.90000000e-01 2.00000000e-01 1.07000000e+00 2.19953313e+07
1.90000000e-01 2.00000000e-01 1.08000000e+00 2.17733572e+07
1.90000000e-01 2.00000000e-01 1.09000000e+00 2.15067119e+07
1.90000000e-01 2.00000000e-01 1.10000000e+00 2.12013937e+07
1.90000000e-01 2.00000000e-01 1.11000000e+00 2.10878173e+07
1.90000000e-01 2.00000000e-01 1.12000000e+00 2.07311868e+07
1.90000000e-01 2.00000000e-01 1.13000000e+00 2.05022804e+07
1.90000000e-01 2.00000000e-01 1.14000000e+00 2.02588401e+07
1.90000000e-01 2.00000000e-01 1.15000000e+00 2.00826664e+07
1.90000000e-01 2.00000000e-01 1.16000000e+00 1.99042628e+07
1.90000000e-01 2.00000000e-01 1.17000000e+00 1.97526680e+07
1.90000000e-01 2.00000000e-01 1.18000000e+00 1.96193509e+07
1.90000000e-01 2.00000000e-01 1.19000000e+00 1.95910601e+07
1.90000000e-01 2.00000000e-01 1.20000000e+00 1.94879819e+07
1.90000000e-01 2.00000000e-01 1.21000000e+00 1.93728411e+07
1.90000000e-01 2.00000000e-01 1.22000000e+00 1.92634983e+07
1.90000000e-01 2.00000000e-01 1.23000000e+00 1.91680693e+07
1.90000000e-01 2.00000000e-01 1.24000000e+00 1.90621615e+07
1.90000000e-01 2.00000000e-01 1.25000000e+00 1.90021796e+07
1.90000000e-01 2.00000000e-01 1.26000000e+00 1.89078954e+07
1.90000000e-01 2.00000000e-01 1.27000000e+00 1.87712339e+07
1.90000000e-01 2.00000000e-01 1.28000000e+00 1.87042232e+07
1.90000000e-01 2.00000000e-01 1.29000000e+00 1.86336159e+07
1.90000000e-01 2.00000000e-01 1.30000000e+00 1.86028440e+07
1.90000000e-01 2.00000000e-01 1.31000000e+00 1.86172674e+07
1.90000000e-01 2.00000000e-01 1.32000000e+00 1.86939925e+07
1.90000000e-01 2.00000000e-01 1.33000000e+00 1.88537121e+07
1.90000000e-01 2.00000000e-01 1.34000000e+00 1.90605288e+07
1.90000000e-01 2.00000000e-01 1.35000000e+00 1.96552172e+07
1.90000000e-01 2.00000000e-01 1.36000000e+00 1.86185927e+07
1.90000000e-01 2.00000000e-01 1.37000000e+00 1.81143811e+07
1.90000000e-01 2.00000000e-01 1.38000000e+00 1.78571683e+07
1.90000000e-01 2.00000000e-01 1.39000000e+00 1.75984470e+07
1.90000000e-01 2.00000000e-01 1.40000000e+00 1.74105327e+07
1.90000000e-01 2.00000000e-01 1.41000000e+00 1.75133071e+07
1.90000000e-01 2.00000000e-01 1.42000000e+00 1.70999441e+07
1.90000000e-01 2.00000000e-01 1.43000000e+00 1.70571128e+07
1.90000000e-01 2.00000000e-01 1.44000000e+00 1.71146022e+07
1.90000000e-01 2.00000000e-01 1.45000000e+00 1.69976827e+07
1.90000000e-01 2.00000000e-01 1.46000000e+00 1.69658431e+07
1.90000000e-01 2.00000000e-01 1.47000000e+00 2.06084230e+07
1.90000000e-01 2.00000000e-01 1.48000000e+00 1.67166376e+07
1.90000000e-01 2.00000000e-01 1.49000000e+00 1.65818914e+07
1.90000000e-01 2.00000000e-01 1.50000000e+00 1.65041336e+07
1.90000000e-01 2.00000000e-01 1.51000000e+00 1.62116247e+07
1.90000000e-01 2.00000000e-01 1.52000000e+00 1.60303808e+07
1.90000000e-01 2.00000000e-01 1.53000000e+00 1.59058085e+07
1.90000000e-01 2.00000000e-01 1.54000000e+00 1.58545706e+07
1.90000000e-01 2.00000000e-01 1.55000000e+00 1.57320575e+07
1.90000000e-01 2.00000000e-01 1.56000000e+00 1.56349223e+07
1.90000000e-01 2.00000000e-01 1.57000000e+00 1.55829376e+07
1.90000000e-01 2.00000000e-01 1.58000000e+00 1.55137776e+07
1.90000000e-01 2.00000000e-01 1.59000000e+00 1.55260354e+07
1.90000000e-01 2.00000000e-01 1.60000000e+00 1.58127772e+07
1.90000000e-01 2.00000000e-01 1.61000000e+00 1.51948878e+07
1.90000000e-01 2.00000000e-01 1.62000000e+00 1.51478051e+07
1.90000000e-01 2.00000000e-01 1.63000000e+00 1.48652800e+07
1.90000000e-01 2.00000000e-01 1.64000000e+00 1.47624829e+07
1.90000000e-01 2.00000000e-01 1.65000000e+00 1.47518944e+07
1.90000000e-01 2.00000000e-01 1.66000000e+00 1.47356461e+07
1.90000000e-01 2.00000000e-01 1.67000000e+00 1.44662929e+07
1.90000000e-01 2.00000000e-01 1.68000000e+00 1.43863986e+07
1.90000000e-01 2.00000000e-01 1.69000000e+00 1.42914563e+07
1.90000000e-01 2.00000000e-01 1.70000000e+00 1.41945429e+07
1.90000000e-01 2.00000000e-01 1.71000000e+00 1.41237331e+07
1.90000000e-01 2.00000000e-01 1.72000000e+00 1.41824453e+07
1.90000000e-01 2.00000000e-01 1.73000000e+00 1.40835962e+07
1.90000000e-01 2.00000000e-01 1.74000000e+00 1.40345933e+07
1.90000000e-01 2.00000000e-01 1.75000000e+00 1.39043283e+07
1.90000000e-01 2.00000000e-01 1.76000000e+00 1.38810721e+07
1.90000000e-01 2.00000000e-01 1.77000000e+00 1.38558013e+07
1.90000000e-01 2.00000000e-01 1.78000000e+00 1.38525802e+07
1.90000000e-01 2.00000000e-01 1.79000000e+00 1.38981995e+07
1.90000000e-01 2.00000000e-01 1.80000000e+00 1.40069192e+07
1.90000000e-01 2.00000000e-01 1.81000000e+00 1.41932574e+07
1.90000000e-01 2.00000000e-01 1.82000000e+00 1.45589210e+07
1.90000000e-01 2.00000000e-01 1.83000000e+00 1.51810847e+07
1.90000000e-01 2.00000000e-01 1.84000000e+00 1.61580889e+07
1.90000000e-01 2.00000000e-01 1.85000000e+00 1.71264594e+07
1.90000000e-01 2.00000000e-01 1.86000000e+00 1.99421232e+07
1.90000000e-01 2.00000000e-01 1.87000000e+00 1.61587479e+07
1.90000000e-01 2.00000000e-01 1.88000000e+00 1.43845140e+07
1.90000000e-01 2.00000000e-01 1.89000000e+00 1.35926184e+07
1.90000000e-01 2.00000000e-01 1.90000000e+00 1.31169050e+07
1.90000000e-01 2.00000000e-01 1.91000000e+00 1.27992380e+07
1.90000000e-01 2.00000000e-01 1.92000000e+00 1.25559451e+07
1.90000000e-01 2.00000000e-01 1.93000000e+00 1.23734449e+07
1.90000000e-01 2.00000000e-01 1.94000000e+00 1.22491528e+07
1.90000000e-01 2.00000000e-01 1.95000000e+00 1.22635718e+07
1.90000000e-01 2.00000000e-01 1.96000000e+00 1.22836065e+07
1.90000000e-01 2.00000000e-01 1.97000000e+00 1.21838717e+07
1.90000000e-01 2.00000000e-01 1.98000000e+00 1.21248985e+07
1.90000000e-01 2.00000000e-01 1.99000000e+00 1.20495196e+07
1.90000000e-01 2.00000000e-01 2.00000000e+00 2.03624005e+07
2.00000000e-01 2.10000000e-01 1.00000000e-02 9.03185193e+05
2.00000000e-01 2.10000000e-01 2.00000000e-02 1.78523380e+06
2.00000000e-01 2.10000000e-01 3.00000000e-02 2.64254753e+06
2.00000000e-01 2.10000000e-01 4.00000000e-02 3.48075181e+06
2.00000000e-01 2.10000000e-01 5.00000000e-02 4.30015689e+06
2.00000000e-01 2.10000000e-01 6.00000000e-02 5.26765249e+06
2.00000000e-01 2.10000000e-01 7.00000000e-02 6.18222213e+06
2.00000000e-01 2.10000000e-01 8.00000000e-02 6.90899690e+06
2.00000000e-01 2.10000000e-01 9.00000000e-02 7.63348211e+06
2.00000000e-01 2.10000000e-01 1.00000000e-01 8.31550601e+06
2.00000000e-01 2.10000000e-01 1.10000000e-01 8.97196014e+06
2.00000000e-01 2.10000000e-01 1.20000000e-01 9.60544804e+06
2.00000000e-01 2.10000000e-01 1.30000000e-01 1.02066087e+07
2.00000000e-01 2.10000000e-01 1.40000000e-01 1.07811265e+07
2.00000000e-01 2.10000000e-01 1.50000000e-01 1.13296216e+07
2.00000000e-01 2.10000000e-01 1.60000000e-01 1.18541556e+07
2.00000000e-01 2.10000000e-01 1.70000000e-01 1.23526213e+07
2.00000000e-01 2.10000000e-01 1.80000000e-01 1.28254138e+07
2.00000000e-01 2.10000000e-01 1.90000000e-01 1.32757765e+07
2.00000000e-01 2.10000000e-01 2.00000000e-01 1.37039176e+07
2.00000000e-01 2.10000000e-01 2.10000000e-01 1.41101408e+07
2.00000000e-01 2.10000000e-01 2.20000000e-01 1.44959776e+07
2.00000000e-01 2.10000000e-01 2.30000000e-01 1.48613731e+07
2.00000000e-01 2.10000000e-01 2.40000000e-01 1.52085446e+07
2.00000000e-01 2.10000000e-01 2.50000000e-01 1.55378830e+07
2.00000000e-01 2.10000000e-01 2.60000000e-01 1.58518709e+07
2.00000000e-01 2.10000000e-01 2.70000000e-01 1.61445285e+07
2.00000000e-01 2.10000000e-01 2.80000000e-01 1.64221483e+07
2.00000000e-01 2.10000000e-01 2.90000000e-01 1.66819908e+07
2.00000000e-01 2.10000000e-01 3.00000000e-01 1.69275816e+07
2.00000000e-01 2.10000000e-01 3.10000000e-01 1.71595651e+07
2.00000000e-01 2.10000000e-01 3.20000000e-01 1.73773567e+07
2.00000000e-01 2.10000000e-01 3.30000000e-01 1.75809452e+07
2.00000000e-01 2.10000000e-01 3.40000000e-01 1.77710055e+07
2.00000000e-01 2.10000000e-01 3.50000000e-01 1.79493835e+07
2.00000000e-01 2.10000000e-01 3.60000000e-01 1.81177912e+07
2.00000000e-01 2.10000000e-01 3.70000000e-01 1.83715947e+07
2.00000000e-01 2.10000000e-01 3.80000000e-01 1.85131431e+07
2.00000000e-01 2.10000000e-01 3.90000000e-01 1.86509922e+07
2.00000000e-01 2.10000000e-01 4.00000000e-01 1.87722082e+07
2.00000000e-01 2.10000000e-01 4.10000000e-01 1.88763457e+07
2.00000000e-01 2.10000000e-01 4.20000000e-01 1.89814943e+07
2.00000000e-01 2.10000000e-01 4.30000000e-01 1.90776584e+07
2.00000000e-01 2.10000000e-01 4.40000000e-01 1.91645007e+07
2.00000000e-01 2.10000000e-01 4.50000000e-01 1.92421317e+07
2.00000000e-01 2.10000000e-01 4.60000000e-01 1.93131160e+07
2.00000000e-01 2.10000000e-01 4.70000000e-01 1.93768144e+07
2.00000000e-01 2.10000000e-01 4.80000000e-01 1.94398670e+07
2.00000000e-01 2.10000000e-01 4.90000000e-01 1.94953387e+07
2.00000000e-01 2.10000000e-01 5.00000000e-01 1.96241155e+07
2.00000000e-01 2.10000000e-01 5.10000000e-01 1.96439903e+07
2.00000000e-01 2.10000000e-01 5.20000000e-01 1.96841688e+07
2.00000000e-01 2.10000000e-01 5.30000000e-01 1.97132553e+07
2.00000000e-01 2.10000000e-01 5.40000000e-01 1.97442149e+07
2.00000000e-01 2.10000000e-01 5.50000000e-01 1.97791484e+07
2.00000000e-01 2.10000000e-01 5.60000000e-01 1.98020642e+07
2.00000000e-01 2.10000000e-01 5.70000000e-01 1.98165383e+07
2.00000000e-01 2.10000000e-01 5.80000000e-01 1.97975361e+07
2.00000000e-01 2.10000000e-01 5.90000000e-01 1.97739804e+07
2.00000000e-01 2.10000000e-01 6.00000000e-01 1.97352749e+07
2.00000000e-01 2.10000000e-01 6.10000000e-01 1.96993516e+07
2.00000000e-01 2.10000000e-01 6.20000000e-01 1.96630961e+07
2.00000000e-01 2.10000000e-01 6.30000000e-01 1.96361843e+07
2.00000000e-01 2.10000000e-01 6.40000000e-01 1.96657302e+07
2.00000000e-01 2.10000000e-01 6.50000000e-01 1.98404707e+07
2.00000000e-01 2.10000000e-01 6.60000000e-01 2.03432681e+07
2.00000000e-01 2.10000000e-01 6.70000000e-01 2.02961369e+07
2.00000000e-01 2.10000000e-01 6.80000000e-01 2.01620260e+07
2.00000000e-01 2.10000000e-01 6.90000000e-01 2.01162669e+07
2.00000000e-01 2.10000000e-01 7.00000000e-01 2.00736927e+07
2.00000000e-01 2.10000000e-01 7.10000000e-01 2.00253442e+07
2.00000000e-01 2.10000000e-01 7.20000000e-01 1.99744751e+07
2.00000000e-01 2.10000000e-01 7.30000000e-01 1.99187201e+07
2.00000000e-01 2.10000000e-01 7.40000000e-01 2.00401021e+07
2.00000000e-01 2.10000000e-01 7.50000000e-01 1.99808210e+07
2.00000000e-01 2.10000000e-01 7.60000000e-01 1.99194827e+07
2.00000000e-01 2.10000000e-01 7.70000000e-01 1.98571081e+07
2.00000000e-01 2.10000000e-01 7.80000000e-01 1.97926635e+07
2.00000000e-01 2.10000000e-01 7.90000000e-01 1.97243536e+07
2.00000000e-01 2.10000000e-01 8.00000000e-01 1.96562186e+07
2.00000000e-01 2.10000000e-01 8.10000000e-01 1.95897585e+07
2.00000000e-01 2.10000000e-01 8.20000000e-01 1.95244768e+07
2.00000000e-01 2.10000000e-01 8.30000000e-01 1.94599620e+07
2.00000000e-01 2.10000000e-01 8.40000000e-01 1.94006153e+07
2.00000000e-01 2.10000000e-01 8.50000000e-01 1.93475222e+07
2.00000000e-01 2.10000000e-01 8.60000000e-01 1.92998688e+07
2.00000000e-01 2.10000000e-01 8.70000000e-01 1.92795246e+07
2.00000000e-01 2.10000000e-01 8.80000000e-01 1.92406573e+07
2.00000000e-01 2.10000000e-01 8.90000000e-01 1.92301586e+07
2.00000000e-01 2.10000000e-01 9.00000000e-01 1.92442488e+07
2.00000000e-01 2.10000000e-01 9.10000000e-01 1.92863757e+07
2.00000000e-01 2.10000000e-01 9.20000000e-01 1.94033774e+07
2.00000000e-01 2.10000000e-01 9.30000000e-01 1.91891300e+07
2.00000000e-01 2.10000000e-01 9.40000000e-01 1.90805175e+07
2.00000000e-01 2.10000000e-01 9.50000000e-01 1.90287497e+07
2.00000000e-01 2.10000000e-01 9.60000000e-01 1.90082017e+07
2.00000000e-01 2.10000000e-01 9.70000000e-01 1.89655654e+07
2.00000000e-01 2.10000000e-01 9.80000000e-01 1.89823208e+07
2.00000000e-01 2.10000000e-01 9.90000000e-01 1.91364008e+07
2.00000000e-01 2.10000000e-01 1.00000000e+00 1.91810141e+07
2.00000000e-01 2.10000000e-01 1.01000000e+00 1.91563028e+07
2.00000000e-01 2.10000000e-01 1.02000000e+00 2.13446529e+07
2.00000000e-01 2.10000000e-01 1.03000000e+00 1.94756250e+07
2.00000000e-01 2.10000000e-01 1.04000000e+00 1.94061776e+07
2.00000000e-01 2.10000000e-01 1.05000000e+00 2.01022061e+07
2.00000000e-01 2.10000000e-01 1.06000000e+00 1.96219229e+07
2.00000000e-01 2.10000000e-01 1.07000000e+00 1.88975250e+07
2.00000000e-01 2.10000000e-01 1.08000000e+00 1.86908132e+07
2.00000000e-01 2.10000000e-01 1.09000000e+00 1.84196361e+07
2.00000000e-01 2.10000000e-01 1.10000000e+00 1.81381687e+07
2.00000000e-01 2.10000000e-01 1.11000000e+00 1.80359046e+07
2.00000000e-01 2.10000000e-01 1.12000000e+00 1.77076504e+07
2.00000000e-01 2.10000000e-01 1.13000000e+00 1.74949956e+07
2.00000000e-01 2.10000000e-01 1.14000000e+00 1.72758857e+07
2.00000000e-01 2.10000000e-01 1.15000000e+00 1.71181223e+07
2.00000000e-01 2.10000000e-01 1.16000000e+00 1.69575166e+07
2.00000000e-01 2.10000000e-01 1.17000000e+00 1.68219696e+07
2.00000000e-01 2.10000000e-01 1.18000000e+00 1.67033520e+07
2.00000000e-01 2.10000000e-01 1.19000000e+00 1.66691758e+07
2.00000000e-01 2.10000000e-01 1.20000000e+00 1.65778832e+07
2.00000000e-01 2.10000000e-01 1.21000000e+00 1.64751098e+07
2.00000000e-01 2.10000000e-01 1.22000000e+00 1.63763765e+07
2.00000000e-01 2.10000000e-01 1.23000000e+00 1.62910398e+07
2.00000000e-01 2.10000000e-01 1.24000000e+00 1.61936846e+07
2.00000000e-01 2.10000000e-01 1.25000000e+00 1.61380526e+07
2.00000000e-01 2.10000000e-01 1.26000000e+00 1.60541239e+07
2.00000000e-01 2.10000000e-01 1.27000000e+00 1.59327126e+07
2.00000000e-01 2.10000000e-01 1.28000000e+00 1.58735781e+07
2.00000000e-01 2.10000000e-01 1.29000000e+00 1.58128303e+07
2.00000000e-01 2.10000000e-01 1.30000000e+00 1.57905377e+07
2.00000000e-01 2.10000000e-01 1.31000000e+00 1.58134028e+07
2.00000000e-01 2.10000000e-01 1.32000000e+00 1.59006269e+07
2.00000000e-01 2.10000000e-01 1.33000000e+00 1.60731837e+07
2.00000000e-01 2.10000000e-01 1.34000000e+00 1.62935302e+07
2.00000000e-01 2.10000000e-01 1.35000000e+00 1.69386047e+07
2.00000000e-01 2.10000000e-01 1.36000000e+00 1.58725031e+07
2.00000000e-01 2.10000000e-01 1.37000000e+00 1.53809444e+07
2.00000000e-01 2.10000000e-01 1.38000000e+00 1.51373522e+07
2.00000000e-01 2.10000000e-01 1.39000000e+00 1.49015822e+07
2.00000000e-01 2.10000000e-01 1.40000000e+00 1.47328148e+07
2.00000000e-01 2.10000000e-01 1.41000000e+00 1.48268908e+07
2.00000000e-01 2.10000000e-01 1.42000000e+00 1.44583521e+07
2.00000000e-01 2.10000000e-01 1.43000000e+00 1.44205047e+07
2.00000000e-01 2.10000000e-01 1.44000000e+00 1.44887147e+07
2.00000000e-01 2.10000000e-01 1.45000000e+00 1.43893941e+07
2.00000000e-01 2.10000000e-01 1.46000000e+00 1.43658139e+07
2.00000000e-01 2.10000000e-01 1.47000000e+00 1.80995948e+07
2.00000000e-01 2.10000000e-01 1.48000000e+00 1.41429262e+07
2.00000000e-01 2.10000000e-01 1.49000000e+00 1.40245974e+07
2.00000000e-01 2.10000000e-01 1.50000000e+00 1.39551077e+07
2.00000000e-01 2.10000000e-01 1.51000000e+00 1.36803281e+07
2.00000000e-01 2.10000000e-01 1.52000000e+00 1.35226567e+07
2.00000000e-01 2.10000000e-01 1.53000000e+00 1.34136050e+07
2.00000000e-01 2.10000000e-01 1.54000000e+00 1.33712710e+07
2.00000000e-01 2.10000000e-01 1.55000000e+00 1.32643414e+07
2.00000000e-01 2.10000000e-01 1.56000000e+00 1.31820165e+07
2.00000000e-01 2.10000000e-01 1.57000000e+00 1.31415451e+07
2.00000000e-01 2.10000000e-01 1.58000000e+00 1.30876897e+07
2.00000000e-01 2.10000000e-01 1.59000000e+00 1.31095104e+07
2.00000000e-01 2.10000000e-01 1.60000000e+00 1.34313140e+07
2.00000000e-01 2.10000000e-01 1.61000000e+00 1.28015653e+07
2.00000000e-01 2.10000000e-01 1.62000000e+00 1.27573401e+07
2.00000000e-01 2.10000000e-01 1.63000000e+00 1.25068560e+07
2.00000000e-01 2.10000000e-01 1.64000000e+00 1.24169127e+07
2.00000000e-01 2.10000000e-01 1.65000000e+00 1.23898614e+07
2.00000000e-01 2.10000000e-01 1.66000000e+00 1.23995049e+07
2.00000000e-01 2.10000000e-01 1.67000000e+00 1.21577026e+07
2.00000000e-01 2.10000000e-01 1.68000000e+00 1.20884024e+07
2.00000000e-01 2.10000000e-01 1.69000000e+00 1.20080630e+07
2.00000000e-01 2.10000000e-01 1.70000000e+00 1.19235431e+07
2.00000000e-01 2.10000000e-01 1.71000000e+00 1.18620065e+07
2.00000000e-01 2.10000000e-01 1.72000000e+00 1.19266347e+07
2.00000000e-01 2.10000000e-01 1.73000000e+00 1.18315011e+07
2.00000000e-01 2.10000000e-01 1.74000000e+00 1.17870776e+07
2.00000000e-01 2.10000000e-01 1.75000000e+00 1.16729029e+07
2.00000000e-01 2.10000000e-01 1.76000000e+00 1.16523760e+07
2.00000000e-01 2.10000000e-01 1.77000000e+00 1.16311167e+07
2.00000000e-01 2.10000000e-01 1.78000000e+00 1.16301234e+07
2.00000000e-01 2.10000000e-01 1.79000000e+00 1.16751530e+07
2.00000000e-01 2.10000000e-01 1.80000000e+00 1.17774734e+07
2.00000000e-01 2.10000000e-01 1.81000000e+00 1.19520983e+07
2.00000000e-01 2.10000000e-01 1.82000000e+00 1.23004436e+07
2.00000000e-01 2.10000000e-01 1.83000000e+00 1.29053023e+07
2.00000000e-01 2.10000000e-01 1.84000000e+00 1.38762670e+07
2.00000000e-01 2.10000000e-01 1.85000000e+00 1.48340497e+07
2.00000000e-01 2.10000000e-01 1.86000000e+00 1.77576198e+07
2.00000000e-01 2.10000000e-01 1.87000000e+00 1.38855102e+07
2.00000000e-01 2.10000000e-01 1.88000000e+00 1.21678085e+07
2.00000000e-01 2.10000000e-01 1.89000000e+00 1.14331333e+07
2.00000000e-01 2.10000000e-01 1.90000000e+00 1.10033009e+07
2.00000000e-01 2.10000000e-01 1.91000000e+00 1.07207033e+07
2.00000000e-01 2.10000000e-01 1.92000000e+00 1.05071489e+07
2.00000000e-01 2.10000000e-01 1.93000000e+00 1.03474743e+07
2.00000000e-01 2.10000000e-01 1.94000000e+00 1.02377499e+07
2.00000000e-01 2.10000000e-01 1.95000000e+00 1.02465540e+07
2.00000000e-01 2.10000000e-01 1.96000000e+00 1.02820781e+07
2.00000000e-01 2.10000000e-01 1.97000000e+00 1.02030674e+07
2.00000000e-01 2.10000000e-01 1.98000000e+00 1.01636604e+07
2.00000000e-01 2.10000000e-01 1.99000000e+00 1.00917194e+07
2.00000000e-01 2.10000000e-01 2.00000000e+00 1.82759351e+07
2.10000000e-01 2.20000000e-01 1.00000000e-02 8.06937483e+05
2.10000000e-01 2.20000000e-01 2.00000000e-02 1.59409779e+06
2.10000000e-01 2.20000000e-01 3.00000000e-02 2.35813542e+06
2.10000000e-01 2.20000000e-01 4.00000000e-02 3.10546137e+06
2.10000000e-01 2.20000000e-01 5.00000000e-02 3.83705484e+06
2.10000000e-01 2.20000000e-01 6.00000000e-02 4.79103767e+06
2.10000000e-01 2.20000000e-01 7.00000000e-02 5.48817138e+06
2.10000000e-01 2.20000000e-01 8.00000000e-02 6.13472499e+06
2.10000000e-01 2.20000000e-01 9.00000000e-02 6.77246259e+06
2.10000000e-01 2.20000000e-01 1.00000000e-01 7.37139466e+06
2.10000000e-01 2.20000000e-01 1.10000000e-01 7.94830002e+06
2.10000000e-01 2.20000000e-01 1.20000000e-01 8.50228590e+06
2.10000000e-01 2.20000000e-01 1.30000000e-01 9.02738628e+06
2.10000000e-01 2.20000000e-01 1.40000000e-01 9.52868781e+06
2.10000000e-01 2.20000000e-01 1.50000000e-01 1.00055477e+07
2.10000000e-01 2.20000000e-01 1.60000000e-01 1.04608846e+07
2.10000000e-01 2.20000000e-01 1.70000000e-01 1.08927325e+07
2.10000000e-01 2.20000000e-01 1.80000000e-01 1.13011833e+07
2.10000000e-01 2.20000000e-01 1.90000000e-01 1.16893296e+07
2.10000000e-01 2.20000000e-01 2.00000000e-01 1.20572176e+07
2.10000000e-01 2.20000000e-01 2.10000000e-01 1.24055263e+07
2.10000000e-01 2.20000000e-01 2.20000000e-01 1.27355635e+07
2.10000000e-01 2.20000000e-01 2.30000000e-01 1.30473416e+07
2.10000000e-01 2.20000000e-01 2.40000000e-01 1.33425776e+07
2.10000000e-01 2.20000000e-01 2.50000000e-01 1.36219165e+07
2.10000000e-01 2.20000000e-01 2.60000000e-01 1.38880439e+07
2.10000000e-01 2.20000000e-01 2.70000000e-01 1.41350972e+07
2.10000000e-01 2.20000000e-01 2.80000000e-01 1.43683774e+07
2.10000000e-01 2.20000000e-01 2.90000000e-01 1.45858586e+07
2.10000000e-01 2.20000000e-01 3.00000000e-01 1.47907172e+07
2.10000000e-01 2.20000000e-01 3.10000000e-01 1.49838620e+07
2.10000000e-01 2.20000000e-01 3.20000000e-01 1.51644767e+07
2.10000000e-01 2.20000000e-01 3.30000000e-01 1.53325587e+07
2.10000000e-01 2.20000000e-01 3.40000000e-01 1.54884910e+07
2.10000000e-01 2.20000000e-01 3.50000000e-01 1.56343054e+07
2.10000000e-01 2.20000000e-01 3.60000000e-01 1.57708472e+07
2.10000000e-01 2.20000000e-01 3.70000000e-01 1.59893171e+07
2.10000000e-01 2.20000000e-01 3.80000000e-01 1.61024005e+07
2.10000000e-01 2.20000000e-01 3.90000000e-01 1.62129170e+07
2.10000000e-01 2.20000000e-01 4.00000000e-01 1.63081733e+07
2.10000000e-01 2.20000000e-01 4.10000000e-01 1.63896498e+07
2.10000000e-01 2.20000000e-01 4.20000000e-01 1.64721532e+07
2.10000000e-01 2.20000000e-01 4.30000000e-01 1.65463479e+07
2.10000000e-01 2.20000000e-01 4.40000000e-01 1.66127450e+07
2.10000000e-01 2.20000000e-01 4.50000000e-01 1.66711504e+07
2.10000000e-01 2.20000000e-01 4.60000000e-01 1.67238111e+07
2.10000000e-01 2.20000000e-01 4.70000000e-01 1.67707642e+07
2.10000000e-01 2.20000000e-01 4.80000000e-01 1.68178331e+07
2.10000000e-01 2.20000000e-01 4.90000000e-01 1.68588543e+07
2.10000000e-01 2.20000000e-01 5.00000000e-01 1.69700811e+07
2.10000000e-01 2.20000000e-01 5.10000000e-01 1.69754708e+07
2.10000000e-01 2.20000000e-01 5.20000000e-01 1.70029102e+07
2.10000000e-01 2.20000000e-01 5.30000000e-01 1.70223263e+07
2.10000000e-01 2.20000000e-01 5.40000000e-01 1.70439097e+07
2.10000000e-01 2.20000000e-01 5.50000000e-01 1.70687196e+07
2.10000000e-01 2.20000000e-01 5.60000000e-01 1.70832900e+07
2.10000000e-01 2.20000000e-01 5.70000000e-01 1.70912640e+07
2.10000000e-01 2.20000000e-01 5.80000000e-01 1.70642989e+07
2.10000000e-01 2.20000000e-01 5.90000000e-01 1.70351489e+07
2.10000000e-01 2.20000000e-01 6.00000000e-01 1.69884198e+07
2.10000000e-01 2.20000000e-01 6.10000000e-01 1.69471125e+07
2.10000000e-01 2.20000000e-01 6.20000000e-01 1.69052552e+07
2.10000000e-01 2.20000000e-01 6.30000000e-01 1.68721729e+07
2.10000000e-01 2.20000000e-01 6.40000000e-01 1.69034507e+07
2.10000000e-01 2.20000000e-01 6.50000000e-01 1.70625804e+07
2.10000000e-01 2.20000000e-01 6.60000000e-01 1.75047433e+07
2.10000000e-01 2.20000000e-01 6.70000000e-01 1.74555245e+07
2.10000000e-01 2.20000000e-01 6.80000000e-01 1.73159411e+07
2.10000000e-01 2.20000000e-01 6.90000000e-01 1.72690467e+07
2.10000000e-01 2.20000000e-01 7.00000000e-01 1.72259388e+07
2.10000000e-01 2.20000000e-01 7.10000000e-01 1.71774547e+07
2.10000000e-01 2.20000000e-01 7.20000000e-01 1.71264474e+07
2.10000000e-01 2.20000000e-01 7.30000000e-01 1.70718069e+07
2.10000000e-01 2.20000000e-01 7.40000000e-01 1.71759962e+07
2.10000000e-01 2.20000000e-01 7.50000000e-01 1.71180833e+07
2.10000000e-01 2.20000000e-01 7.60000000e-01 1.70576765e+07
2.10000000e-01 2.20000000e-01 7.70000000e-01 1.69978912e+07
2.10000000e-01 2.20000000e-01 7.80000000e-01 1.69348244e+07
2.10000000e-01 2.20000000e-01 7.90000000e-01 1.68690427e+07
2.10000000e-01 2.20000000e-01 8.00000000e-01 1.68030930e+07
2.10000000e-01 2.20000000e-01 8.10000000e-01 1.67397427e+07
2.10000000e-01 2.20000000e-01 8.20000000e-01 1.66778148e+07
2.10000000e-01 2.20000000e-01 8.30000000e-01 1.66160182e+07
2.10000000e-01 2.20000000e-01 8.40000000e-01 1.65601948e+07
2.10000000e-01 2.20000000e-01 8.50000000e-01 1.65110699e+07
2.10000000e-01 2.20000000e-01 8.60000000e-01 1.64674719e+07
2.10000000e-01 2.20000000e-01 8.70000000e-01 1.64502463e+07
2.10000000e-01 2.20000000e-01 8.80000000e-01 1.64164171e+07
2.10000000e-01 2.20000000e-01 8.90000000e-01 1.64108578e+07
2.10000000e-01 2.20000000e-01 9.00000000e-01 1.64311152e+07
2.10000000e-01 2.20000000e-01 9.10000000e-01 1.64811221e+07
2.10000000e-01 2.20000000e-01 9.20000000e-01 1.66126096e+07
2.10000000e-01 2.20000000e-01 9.30000000e-01 1.63972243e+07
2.10000000e-01 2.20000000e-01 9.40000000e-01 1.62973535e+07
2.10000000e-01 2.20000000e-01 9.50000000e-01 1.62566487e+07
2.10000000e-01 2.20000000e-01 9.60000000e-01 1.62445400e+07
2.10000000e-01 2.20000000e-01 9.70000000e-01 1.62125041e+07
2.10000000e-01 2.20000000e-01 9.80000000e-01 1.62376655e+07
2.10000000e-01 2.20000000e-01 9.90000000e-01 1.63855094e+07
2.10000000e-01 2.20000000e-01 1.00000000e+00 1.64426955e+07
2.10000000e-01 2.20000000e-01 1.01000000e+00 1.64241505e+07
2.10000000e-01 2.20000000e-01 1.02000000e+00 1.86335291e+07
2.10000000e-01 2.20000000e-01 1.03000000e+00 1.67083922e+07
2.10000000e-01 2.20000000e-01 1.04000000e+00 1.66376382e+07
2.10000000e-01 2.20000000e-01 1.05000000e+00 1.72429856e+07
2.10000000e-01 2.20000000e-01 1.06000000e+00 1.68009476e+07
2.10000000e-01 2.20000000e-01 1.07000000e+00 1.61341521e+07
2.10000000e-01 2.20000000e-01 1.08000000e+00 1.59418171e+07
2.10000000e-01 2.20000000e-01 1.09000000e+00 1.56699849e+07
2.10000000e-01 2.20000000e-01 1.10000000e+00 1.54132648e+07
2.10000000e-01 2.20000000e-01 1.11000000e+00 1.53219591e+07
2.10000000e-01 2.20000000e-01 1.12000000e+00 1.50230090e+07
2.10000000e-01 2.20000000e-01 1.13000000e+00 1.48279826e+07
2.10000000e-01 2.20000000e-01 1.14000000e+00 1.46333712e+07
2.10000000e-01 2.20000000e-01 1.15000000e+00 1.44941802e+07
2.10000000e-01 2.20000000e-01 1.16000000e+00 1.43504588e+07
2.10000000e-01 2.20000000e-01 1.17000000e+00 1.42311474e+07
2.10000000e-01 2.20000000e-01 1.18000000e+00 1.41271473e+07
2.10000000e-01 2.20000000e-01 1.19000000e+00 1.40813965e+07
2.10000000e-01 2.20000000e-01 1.20000000e+00 1.40017481e+07
2.10000000e-01 2.20000000e-01 1.21000000e+00 1.39109517e+07
2.10000000e-01 2.20000000e-01 1.22000000e+00 1.38230755e+07
2.10000000e-01 2.20000000e-01 1.23000000e+00 1.37474127e+07
2.10000000e-01 2.20000000e-01 1.24000000e+00 1.36589785e+07
2.10000000e-01 2.20000000e-01 1.25000000e+00 1.36076684e+07
2.10000000e-01 2.20000000e-01 1.26000000e+00 1.35332335e+07
2.10000000e-01 2.20000000e-01 1.27000000e+00 1.34271138e+07
2.10000000e-01 2.20000000e-01 1.28000000e+00 1.33753462e+07
2.10000000e-01 2.20000000e-01 1.29000000e+00 1.33235672e+07
2.10000000e-01 2.20000000e-01 1.30000000e+00 1.33088993e+07
2.10000000e-01 2.20000000e-01 1.31000000e+00 1.33376775e+07
2.10000000e-01 2.20000000e-01 1.32000000e+00 1.34328795e+07
2.10000000e-01 2.20000000e-01 1.33000000e+00 1.36142630e+07
2.10000000e-01 2.20000000e-01 1.34000000e+00 1.38429257e+07
2.10000000e-01 2.20000000e-01 1.35000000e+00 1.45353639e+07
2.10000000e-01 2.20000000e-01 1.36000000e+00 1.34431937e+07
2.10000000e-01 2.20000000e-01 1.37000000e+00 1.29695525e+07
2.10000000e-01 2.20000000e-01 1.38000000e+00 1.27418377e+07
2.10000000e-01 2.20000000e-01 1.39000000e+00 1.25291282e+07
2.10000000e-01 2.20000000e-01 1.40000000e+00 1.23790885e+07
2.10000000e-01 2.20000000e-01 1.41000000e+00 1.24640665e+07
2.10000000e-01 2.20000000e-01 1.42000000e+00 1.21383052e+07
2.10000000e-01 2.20000000e-01 1.43000000e+00 1.21039787e+07
2.10000000e-01 2.20000000e-01 1.44000000e+00 1.21772357e+07
2.10000000e-01 2.20000000e-01 1.45000000e+00 1.20954712e+07
2.10000000e-01 2.20000000e-01 1.46000000e+00 1.20786322e+07
2.10000000e-01 2.20000000e-01 1.47000000e+00 1.58624017e+07
2.10000000e-01 2.20000000e-01 1.48000000e+00 1.18834618e+07
2.10000000e-01 2.20000000e-01 1.49000000e+00 1.17799256e+07
2.10000000e-01 2.20000000e-01 1.50000000e+00 1.17164566e+07
2.10000000e-01 2.20000000e-01 1.51000000e+00 1.14623983e+07
2.10000000e-01 2.20000000e-01 1.52000000e+00 1.13270450e+07
2.10000000e-01 2.20000000e-01 1.53000000e+00 1.12326011e+07
2.10000000e-01 2.20000000e-01 1.54000000e+00 1.11990400e+07
2.10000000e-01 2.20000000e-01 1.55000000e+00 1.11054723e+07
2.10000000e-01 2.20000000e-01 1.56000000e+00 1.10362290e+07
2.10000000e-01 2.20000000e-01 1.57000000e+00 1.10064141e+07
2.10000000e-01 2.20000000e-01 1.58000000e+00 1.09656813e+07
2.10000000e-01 2.20000000e-01 1.59000000e+00 1.09951337e+07
2.10000000e-01 2.20000000e-01 1.60000000e+00 1.13211386e+07
2.10000000e-01 2.20000000e-01 1.61000000e+00 1.07096072e+07
2.10000000e-01 2.20000000e-01 1.62000000e+00 1.06687918e+07
2.10000000e-01 2.20000000e-01 1.63000000e+00 1.04486253e+07
2.10000000e-01 2.20000000e-01 1.64000000e+00 1.03703389e+07
2.10000000e-01 2.20000000e-01 1.65000000e+00 1.03410386e+07
2.10000000e-01 2.20000000e-01 1.66000000e+00 1.03579888e+07
2.10000000e-01 2.20000000e-01 1.67000000e+00 1.01452623e+07
2.10000000e-01 2.20000000e-01 1.68000000e+00 1.00845607e+07
2.10000000e-01 2.20000000e-01 1.69000000e+00 1.00179113e+07
2.10000000e-01 2.20000000e-01 1.70000000e+00 9.94467557e+06
2.10000000e-01 2.20000000e-01 1.71000000e+00 9.89176339e+06
2.10000000e-01 2.20000000e-01 1.72000000e+00 9.95656917e+06
2.10000000e-01 2.20000000e-01 1.73000000e+00 9.86905424e+06
2.10000000e-01 2.20000000e-01 1.74000000e+00 9.82930084e+06
2.10000000e-01 2.20000000e-01 1.75000000e+00 9.72984119e+06
2.10000000e-01 2.20000000e-01 1.76000000e+00 9.71152145e+06
2.10000000e-01 2.20000000e-01 1.77000000e+00 9.69381420e+06
2.10000000e-01 2.20000000e-01 1.78000000e+00 9.69402749e+06
2.10000000e-01 2.20000000e-01 1.79000000e+00 9.73761870e+06
2.10000000e-01 2.20000000e-01 1.80000000e+00 9.83155001e+06
2.10000000e-01 2.20000000e-01 1.81000000e+00 9.99358925e+06
2.10000000e-01 2.20000000e-01 1.82000000e+00 1.03198951e+07
2.10000000e-01 2.20000000e-01 1.83000000e+00 1.08991975e+07
2.10000000e-01 2.20000000e-01 1.84000000e+00 1.18525017e+07
2.10000000e-01 2.20000000e-01 1.85000000e+00 1.27832448e+07
2.10000000e-01 2.20000000e-01 1.86000000e+00 1.57888940e+07
2.10000000e-01 2.20000000e-01 1.87000000e+00 1.18605398e+07
2.10000000e-01 2.20000000e-01 1.88000000e+00 1.02211324e+07
2.10000000e-01 2.20000000e-01 1.89000000e+00 9.54613933e+06
2.10000000e-01 2.20000000e-01 1.90000000e+00 9.16160680e+06
2.10000000e-01 2.20000000e-01 1.91000000e+00 8.91219359e+06
2.10000000e-01 2.20000000e-01 1.92000000e+00 8.72598569e+06
2.10000000e-01 2.20000000e-01 1.93000000e+00 8.58640825e+06
2.10000000e-01 2.20000000e-01 1.94000000e+00 8.49036469e+06
2.10000000e-01 2.20000000e-01 1.95000000e+00 8.49167753e+06
2.10000000e-01 2.20000000e-01 1.96000000e+00 8.53459806e+06
2.10000000e-01 2.20000000e-01 1.97000000e+00 8.47219083e+06
2.10000000e-01 2.20000000e-01 1.98000000e+00 8.44811663e+06
2.10000000e-01 2.20000000e-01 1.99000000e+00 8.38299497e+06
2.10000000e-01 2.20000000e-01 2.00000000e+00 1.63200564e+07
2.20000000e-01 2.30000000e-01 1.00000000e-02 7.16666076e+05
2.20000000e-01 2.30000000e-01 2.00000000e-02 1.41491841e+06
2.20000000e-01 2.30000000e-01 3.00000000e-02 2.09167653e+06
2.20000000e-01 2.30000000e-01 4.00000000e-02 2.75422354e+06
2.20000000e-01 2.30000000e-01 5.00000000e-02 3.40435273e+06
2.20000000e-01 2.30000000e-01 6.00000000e-02 4.24352879e+06
2.20000000e-01 2.30000000e-01 7.00000000e-02 4.84043119e+06
2.20000000e-01 2.30000000e-01 8.00000000e-02 5.41566710e+06
2.20000000e-01 2.30000000e-01 9.00000000e-02 5.96984477e+06
2.20000000e-01 2.30000000e-01 1.00000000e-01 6.49372325e+06
2.20000000e-01 2.30000000e-01 1.10000000e-01 6.99664992e+06
2.20000000e-01 2.30000000e-01 1.20000000e-01 7.47781747e+06
2.20000000e-01 2.30000000e-01 1.30000000e-01 7.93308127e+06
2.20000000e-01 2.30000000e-01 1.40000000e-01 8.36716886e+06
2.20000000e-01 2.30000000e-01 1.50000000e-01 8.77879988e+06
2.20000000e-01 2.30000000e-01 1.60000000e-01 9.17115977e+06
2.20000000e-01 2.30000000e-01 1.70000000e-01 9.54253617e+06
2.20000000e-01 2.30000000e-01 1.80000000e-01 9.89266302e+06
2.20000000e-01 2.30000000e-01 1.90000000e-01 1.02245604e+07
2.20000000e-01 2.30000000e-01 2.00000000e-01 1.05380576e+07
2.20000000e-01 2.30000000e-01 2.10000000e-01 1.08342691e+07
2.20000000e-01 2.30000000e-01 2.20000000e-01 1.11142349e+07
2.20000000e-01 2.30000000e-01 2.30000000e-01 1.13780828e+07
2.20000000e-01 2.30000000e-01 2.40000000e-01 1.16268925e+07
2.20000000e-01 2.30000000e-01 2.50000000e-01 1.18616905e+07
2.20000000e-01 2.30000000e-01 2.60000000e-01 1.20852165e+07
2.20000000e-01 2.30000000e-01 2.70000000e-01 1.22919833e+07
2.20000000e-01 2.30000000e-01 2.80000000e-01 1.24860504e+07
2.20000000e-01 2.30000000e-01 2.90000000e-01 1.26661461e+07
2.20000000e-01 2.30000000e-01 3.00000000e-01 1.28352725e+07
2.20000000e-01 2.30000000e-01 3.10000000e-01 1.29944561e+07
2.20000000e-01 2.30000000e-01 3.20000000e-01 1.31426047e+07
2.20000000e-01 2.30000000e-01 3.30000000e-01 1.32797555e+07
2.20000000e-01 2.30000000e-01 3.40000000e-01 1.34061765e+07
2.20000000e-01 2.30000000e-01 3.50000000e-01 1.35238098e+07
2.20000000e-01 2.30000000e-01 3.60000000e-01 1.36336758e+07
2.20000000e-01 2.30000000e-01 3.70000000e-01 1.38199491e+07
2.20000000e-01 2.30000000e-01 3.80000000e-01 1.39088229e+07
2.20000000e-01 2.30000000e-01 3.90000000e-01 1.39960183e+07
2.20000000e-01 2.30000000e-01 4.00000000e-01 1.40693240e+07
2.20000000e-01 2.30000000e-01 4.10000000e-01 1.41319272e+07
2.20000000e-01 2.30000000e-01 4.20000000e-01 1.41952144e+07
2.20000000e-01 2.30000000e-01 4.30000000e-01 1.42510479e+07
2.20000000e-01 2.30000000e-01 4.40000000e-01 1.43005146e+07
2.20000000e-01 2.30000000e-01 4.50000000e-01 1.43429504e+07
2.20000000e-01 2.30000000e-01 4.60000000e-01 1.43806102e+07
2.20000000e-01 2.30000000e-01 4.70000000e-01 1.44140021e+07
2.20000000e-01 2.30000000e-01 4.80000000e-01 1.44480305e+07
2.20000000e-01 2.30000000e-01 4.90000000e-01 1.44775459e+07
2.20000000e-01 2.30000000e-01 5.00000000e-01 1.45743226e+07
2.20000000e-01 2.30000000e-01 5.10000000e-01 1.45677447e+07
2.20000000e-01 2.30000000e-01 5.20000000e-01 1.45848565e+07
2.20000000e-01 2.30000000e-01 5.30000000e-01 1.45972281e+07
2.20000000e-01 2.30000000e-01 5.40000000e-01 1.46117936e+07
2.20000000e-01 2.30000000e-01 5.50000000e-01 1.46288485e+07
2.20000000e-01 2.30000000e-01 5.60000000e-01 1.46374698e+07
2.20000000e-01 2.30000000e-01 5.70000000e-01 1.46413105e+07
2.20000000e-01 2.30000000e-01 5.80000000e-01 1.46084940e+07
2.20000000e-01 2.30000000e-01 5.90000000e-01 1.45760490e+07
2.20000000e-01 2.30000000e-01 6.00000000e-01 1.45235131e+07
2.20000000e-01 2.30000000e-01 6.10000000e-01 1.44791579e+07
2.20000000e-01 2.30000000e-01 6.20000000e-01 1.44336484e+07
2.20000000e-01 2.30000000e-01 6.30000000e-01 1.43962165e+07
2.20000000e-01 2.30000000e-01 6.40000000e-01 1.44318945e+07
2.20000000e-01 2.30000000e-01 6.50000000e-01 1.45764081e+07
2.20000000e-01 2.30000000e-01 6.60000000e-01 1.49626953e+07
2.20000000e-01 2.30000000e-01 6.70000000e-01 1.49130301e+07
2.20000000e-01 2.30000000e-01 6.80000000e-01 1.47696848e+07
2.20000000e-01 2.30000000e-01 6.90000000e-01 1.47233288e+07
2.20000000e-01 2.30000000e-01 7.00000000e-01 1.46810216e+07
2.20000000e-01 2.30000000e-01 7.10000000e-01 1.46339596e+07
2.20000000e-01 2.30000000e-01 7.20000000e-01 1.45846177e+07
2.20000000e-01 2.30000000e-01 7.30000000e-01 1.45323835e+07
2.20000000e-01 2.30000000e-01 7.40000000e-01 1.46210602e+07
2.20000000e-01 2.30000000e-01 7.50000000e-01 1.45663656e+07
2.20000000e-01 2.30000000e-01 7.60000000e-01 1.45077666e+07
2.20000000e-01 2.30000000e-01 7.70000000e-01 1.44522877e+07
2.20000000e-01 2.30000000e-01 7.80000000e-01 1.43918265e+07
2.20000000e-01 2.30000000e-01 7.90000000e-01 1.43300207e+07
2.20000000e-01 2.30000000e-01 8.00000000e-01 1.42673512e+07
2.20000000e-01 2.30000000e-01 8.10000000e-01 1.42084629e+07
2.20000000e-01 2.30000000e-01 8.20000000e-01 1.41510288e+07
2.20000000e-01 2.30000000e-01 8.30000000e-01 1.40930720e+07
2.20000000e-01 2.30000000e-01 8.40000000e-01 1.40417470e+07
2.20000000e-01 2.30000000e-01 8.50000000e-01 1.39974920e+07
2.20000000e-01 2.30000000e-01 8.60000000e-01 1.39589770e+07
2.20000000e-01 2.30000000e-01 8.70000000e-01 1.39450571e+07
2.20000000e-01 2.30000000e-01 8.80000000e-01 1.39164619e+07
2.20000000e-01 2.30000000e-01 8.90000000e-01 1.39156578e+07
2.20000000e-01 2.30000000e-01 9.00000000e-01 1.39421035e+07
2.20000000e-01 2.30000000e-01 9.10000000e-01 1.40002469e+07
2.20000000e-01 2.30000000e-01 9.20000000e-01 1.41466642e+07
2.20000000e-01 2.30000000e-01 9.30000000e-01 1.39299796e+07
2.20000000e-01 2.30000000e-01 9.40000000e-01 1.38397120e+07
2.20000000e-01 2.30000000e-01 9.50000000e-01 1.38107208e+07
2.20000000e-01 2.30000000e-01 9.60000000e-01 1.38067749e+07
2.20000000e-01 2.30000000e-01 9.70000000e-01 1.37851587e+07
2.20000000e-01 2.30000000e-01 9.80000000e-01 1.38179735e+07
2.20000000e-01 2.30000000e-01 9.90000000e-01 1.39570341e+07
2.20000000e-01 2.30000000e-01 1.00000000e+00 1.40263552e+07
2.20000000e-01 2.30000000e-01 1.01000000e+00 1.40129798e+07
2.20000000e-01 2.30000000e-01 1.02000000e+00 1.62312335e+07
2.20000000e-01 2.30000000e-01 1.03000000e+00 1.42629137e+07
2.20000000e-01 2.30000000e-01 1.04000000e+00 1.41910879e+07
2.20000000e-01 2.30000000e-01 1.05000000e+00 1.47072304e+07
2.20000000e-01 2.30000000e-01 1.06000000e+00 1.43034148e+07
2.20000000e-01 2.30000000e-01 1.07000000e+00 1.36943764e+07
2.20000000e-01 2.30000000e-01 1.08000000e+00 1.35157386e+07
2.20000000e-01 2.30000000e-01 1.09000000e+00 1.32463483e+07
2.20000000e-01 2.30000000e-01 1.10000000e+00 1.30147586e+07
2.20000000e-01 2.30000000e-01 1.11000000e+00 1.29343996e+07
2.20000000e-01 2.30000000e-01 1.12000000e+00 1.26646414e+07
2.20000000e-01 2.30000000e-01 1.13000000e+00 1.24874884e+07
2.20000000e-01 2.30000000e-01 1.14000000e+00 1.23167718e+07
2.20000000e-01 2.30000000e-01 1.15000000e+00 1.21958396e+07
2.20000000e-01 2.30000000e-01 1.16000000e+00 1.20680693e+07
2.20000000e-01 2.30000000e-01 1.17000000e+00 1.19642352e+07
2.20000000e-01 2.30000000e-01 1.18000000e+00 1.18741691e+07
2.20000000e-01 2.30000000e-01 1.19000000e+00 1.18172083e+07
2.20000000e-01 2.30000000e-01 1.20000000e+00 1.17486275e+07
2.20000000e-01 2.30000000e-01 1.21000000e+00 1.16692582e+07
2.20000000e-01 2.30000000e-01 1.22000000e+00 1.15921206e+07
2.20000000e-01 2.30000000e-01 1.23000000e+00 1.15253808e+07
2.20000000e-01 2.30000000e-01 1.24000000e+00 1.14460482e+07
2.20000000e-01 2.30000000e-01 1.25000000e+00 1.13989554e+07
2.20000000e-01 2.30000000e-01 1.26000000e+00 1.13335783e+07
2.20000000e-01 2.30000000e-01 1.27000000e+00 1.12418720e+07
2.20000000e-01 2.30000000e-01 1.28000000e+00 1.11970833e+07
2.20000000e-01 2.30000000e-01 1.29000000e+00 1.11534309e+07
2.20000000e-01 2.30000000e-01 1.30000000e+00 1.11452633e+07
2.20000000e-01 2.30000000e-01 1.31000000e+00 1.11777750e+07
2.20000000e-01 2.30000000e-01 1.32000000e+00 1.12780537e+07
2.20000000e-01 2.30000000e-01 1.33000000e+00 1.14651540e+07
2.20000000e-01 2.30000000e-01 1.34000000e+00 1.16971965e+07
2.20000000e-01 2.30000000e-01 1.35000000e+00 1.24352755e+07
2.20000000e-01 2.30000000e-01 1.36000000e+00 1.13189628e+07
2.20000000e-01 2.30000000e-01 1.37000000e+00 1.08675565e+07
2.20000000e-01 2.30000000e-01 1.38000000e+00 1.06572293e+07
2.20000000e-01 2.30000000e-01 1.39000000e+00 1.04672579e+07
2.20000000e-01 2.30000000e-01 1.40000000e+00 1.03351422e+07
2.20000000e-01 2.30000000e-01 1.41000000e+00 1.04110030e+07
2.20000000e-01 2.30000000e-01 1.42000000e+00 1.01254248e+07
2.20000000e-01 2.30000000e-01 1.43000000e+00 1.00937116e+07
2.20000000e-01 2.30000000e-01 1.44000000e+00 1.01673897e+07
2.20000000e-01 2.30000000e-01 1.45000000e+00 1.01028556e+07
2.20000000e-01 2.30000000e-01 1.46000000e+00 1.00913298e+07
2.20000000e-01 2.30000000e-01 1.47000000e+00 1.38814409e+07
2.20000000e-01 2.30000000e-01 1.48000000e+00 9.92352387e+06
2.20000000e-01 2.30000000e-01 1.49000000e+00 9.83310132e+06
2.20000000e-01 2.30000000e-01 1.50000000e+00 9.77354287e+06
2.20000000e-01 2.30000000e-01 1.51000000e+00 9.54217691e+06
2.20000000e-01 2.30000000e-01 1.52000000e+00 9.42740553e+06
2.20000000e-01 2.30000000e-01 1.53000000e+00 9.34639826e+06
2.20000000e-01 2.30000000e-01 1.54000000e+00 9.32067834e+06
2.20000000e-01 2.30000000e-01 1.55000000e+00 9.23893677e+06
2.20000000e-01 2.30000000e-01 1.56000000e+00 9.18117036e+06
2.20000000e-01 2.30000000e-01 1.57000000e+00 9.16081631e+06
2.20000000e-01 2.30000000e-01 1.58000000e+00 9.13138029e+06
2.20000000e-01 2.30000000e-01 1.59000000e+00 9.16655395e+06
2.20000000e-01 2.30000000e-01 1.60000000e+00 9.47932278e+06
2.20000000e-01 2.30000000e-01 1.61000000e+00 8.90264781e+06
2.20000000e-01 2.30000000e-01 1.62000000e+00 8.86533811e+06
2.20000000e-01 2.30000000e-01 1.63000000e+00 8.67344693e+06
2.20000000e-01 2.30000000e-01 1.64000000e+00 8.60575241e+06
2.20000000e-01 2.30000000e-01 1.65000000e+00 8.58038846e+06
2.20000000e-01 2.30000000e-01 1.66000000e+00 8.59716679e+06
2.20000000e-01 2.30000000e-01 1.67000000e+00 8.41181095e+06
2.20000000e-01 2.30000000e-01 1.68000000e+00 8.35841711e+06
2.20000000e-01 2.30000000e-01 1.69000000e+00 8.30416338e+06
2.20000000e-01 2.30000000e-01 1.70000000e+00 8.24122972e+06
2.20000000e-01 2.30000000e-01 1.71000000e+00 8.19616592e+06
2.20000000e-01 2.30000000e-01 1.72000000e+00 8.25766695e+06
2.20000000e-01 2.30000000e-01 1.73000000e+00 8.17972205e+06
2.20000000e-01 2.30000000e-01 1.74000000e+00 8.14467838e+06
2.20000000e-01 2.30000000e-01 1.75000000e+00 8.05869552e+06
2.20000000e-01 2.30000000e-01 1.76000000e+00 8.04220921e+06
2.20000000e-01 2.30000000e-01 1.77000000e+00 8.02764357e+06
2.20000000e-01 2.30000000e-01 1.78000000e+00 8.02852551e+06
2.20000000e-01 2.30000000e-01 1.79000000e+00 8.07010168e+06
2.20000000e-01 2.30000000e-01 1.80000000e+00 8.15480570e+06
2.20000000e-01 2.30000000e-01 1.81000000e+00 8.30362333e+06
2.20000000e-01 2.30000000e-01 1.82000000e+00 8.60477046e+06
2.20000000e-01 2.30000000e-01 1.83000000e+00 9.15239949e+06
2.20000000e-01 2.30000000e-01 1.84000000e+00 1.00796124e+07
2.20000000e-01 2.30000000e-01 1.85000000e+00 1.09692677e+07
2.20000000e-01 2.30000000e-01 1.86000000e+00 1.40370335e+07
2.20000000e-01 2.30000000e-01 1.87000000e+00 1.00778444e+07
2.20000000e-01 2.30000000e-01 1.88000000e+00 8.53378738e+06
2.20000000e-01 2.30000000e-01 1.89000000e+00 7.91980458e+06
2.20000000e-01 2.30000000e-01 1.90000000e+00 7.57871010e+06
2.20000000e-01 2.30000000e-01 1.91000000e+00 7.35996484e+06
2.20000000e-01 2.30000000e-01 1.92000000e+00 7.19850239e+06
2.20000000e-01 2.30000000e-01 1.93000000e+00 7.07680487e+06
2.20000000e-01 2.30000000e-01 1.94000000e+00 6.99343996e+06
2.20000000e-01 2.30000000e-01 1.95000000e+00 6.98730984e+06
2.20000000e-01 2.30000000e-01 1.96000000e+00 7.03167731e+06
2.20000000e-01 2.30000000e-01 1.97000000e+00 6.98276780e+06
2.20000000e-01 2.30000000e-01 1.98000000e+00 6.97103914e+06
2.20000000e-01 2.30000000e-01 1.99000000e+00 6.91449485e+06
2.20000000e-01 2.30000000e-01 2.00000000e+00 1.45018519e+07
2.30000000e-01 2.40000000e-01 1.00000000e-02 6.33027125e+05
2.30000000e-01 2.40000000e-01 2.00000000e-02 1.24899634e+06
2.30000000e-01 2.40000000e-01 3.00000000e-02 1.84509191e+06
2.30000000e-01 2.40000000e-01 4.00000000e-02 2.42951818e+06
2.30000000e-01 2.40000000e-01 5.00000000e-02 3.00519182e+06
2.30000000e-01 2.40000000e-01 6.00000000e-02 3.73094058e+06
2.30000000e-01 2.40000000e-01 7.00000000e-02 4.24621705e+06
2.30000000e-01 2.40000000e-01 8.00000000e-02 4.75288800e+06
2.30000000e-01 2.40000000e-01 9.00000000e-02 5.23211620e+06
2.30000000e-01 2.40000000e-01 1.00000000e-01 5.68737873e+06
2.30000000e-01 2.40000000e-01 1.10000000e-01 6.12291702e+06
2.30000000e-01 2.40000000e-01 1.20000000e-01 6.53813117e+06
2.30000000e-01 2.40000000e-01 1.30000000e-01 6.93019042e+06
2.30000000e-01 2.40000000e-01 1.40000000e-01 7.30342733e+06
2.30000000e-01 2.40000000e-01 1.50000000e-01 7.65624055e+06
2.30000000e-01 2.40000000e-01 1.60000000e-01 7.99200354e+06
2.30000000e-01 2.40000000e-01 1.70000000e-01 8.30915369e+06
2.30000000e-01 2.40000000e-01 1.80000000e-01 8.60704119e+06
2.30000000e-01 2.40000000e-01 1.90000000e-01 8.88872873e+06
2.30000000e-01 2.40000000e-01 2.00000000e-01 9.15383733e+06
2.30000000e-01 2.40000000e-01 2.10000000e-01 9.40376649e+06
2.30000000e-01 2.40000000e-01 2.20000000e-01 9.63935920e+06
2.30000000e-01 2.40000000e-01 2.30000000e-01 9.86081317e+06
2.30000000e-01 2.40000000e-01 2.40000000e-01 1.00687376e+07
2.30000000e-01 2.40000000e-01 2.50000000e-01 1.02644063e+07
2.30000000e-01 2.40000000e-01 2.60000000e-01 1.04505920e+07
2.30000000e-01 2.40000000e-01 2.70000000e-01 1.06221088e+07
2.30000000e-01 2.40000000e-01 2.80000000e-01 1.07820991e+07
2.30000000e-01 2.40000000e-01 2.90000000e-01 1.09297084e+07
2.30000000e-01 2.40000000e-01 3.00000000e-01 1.10679461e+07
2.30000000e-01 2.40000000e-01 3.10000000e-01 1.11977857e+07
2.30000000e-01 2.40000000e-01 3.20000000e-01 1.13179956e+07
2.30000000e-01 2.40000000e-01 3.30000000e-01 1.14286363e+07
2.30000000e-01 2.40000000e-01 3.40000000e-01 1.15298235e+07
2.30000000e-01 2.40000000e-01 3.50000000e-01 1.16235167e+07
2.30000000e-01 2.40000000e-01 3.60000000e-01 1.17108050e+07
2.30000000e-01 2.40000000e-01 3.70000000e-01 1.18688396e+07
2.30000000e-01 2.40000000e-01 3.80000000e-01 1.19373796e+07
2.30000000e-01 2.40000000e-01 3.90000000e-01 1.20046434e+07
2.30000000e-01 2.40000000e-01 4.00000000e-01 1.20598363e+07
2.30000000e-01 2.40000000e-01 4.10000000e-01 1.21068130e+07
2.30000000e-01 2.40000000e-01 4.20000000e-01 1.21541439e+07
2.30000000e-01 2.40000000e-01 4.30000000e-01 1.21949526e+07
2.30000000e-01 2.40000000e-01 4.40000000e-01 1.22305432e+07
2.30000000e-01 2.40000000e-01 4.50000000e-01 1.22598872e+07
2.30000000e-01 2.40000000e-01 4.60000000e-01 1.22856063e+07
2.30000000e-01 2.40000000e-01 4.70000000e-01 1.23080156e+07
2.30000000e-01 2.40000000e-01 4.80000000e-01 1.23316048e+07
2.30000000e-01 2.40000000e-01 4.90000000e-01 1.23519038e+07
2.30000000e-01 2.40000000e-01 5.00000000e-01 1.24370643e+07
2.30000000e-01 2.40000000e-01 5.10000000e-01 1.24206844e+07
2.30000000e-01 2.40000000e-01 5.20000000e-01 1.24299653e+07
2.30000000e-01 2.40000000e-01 5.30000000e-01 1.24366703e+07
2.30000000e-01 2.40000000e-01 5.40000000e-01 1.24461779e+07
2.30000000e-01 2.40000000e-01 5.50000000e-01 1.24573151e+07
2.30000000e-01 2.40000000e-01 5.60000000e-01 1.24619110e+07
2.30000000e-01 2.40000000e-01 5.70000000e-01 1.24635265e+07
2.30000000e-01 2.40000000e-01 5.80000000e-01 1.24267072e+07
2.30000000e-01 2.40000000e-01 5.90000000e-01 1.23917536e+07
2.30000000e-01 2.40000000e-01 6.00000000e-01 1.23361396e+07
2.30000000e-01 2.40000000e-01 6.10000000e-01 1.22906466e+07
2.30000000e-01 2.40000000e-01 6.20000000e-01 1.22436092e+07
2.30000000e-01 2.40000000e-01 6.30000000e-01 1.22045445e+07
2.30000000e-01 2.40000000e-01 6.40000000e-01 1.22455877e+07
2.30000000e-01 2.40000000e-01 6.50000000e-01 1.23820169e+07
2.30000000e-01 2.40000000e-01 6.60000000e-01 1.27116949e+07
2.30000000e-01 2.40000000e-01 6.70000000e-01 1.26631636e+07
2.30000000e-01 2.40000000e-01 6.80000000e-01 1.25170143e+07
2.30000000e-01 2.40000000e-01 6.90000000e-01 1.24723798e+07
2.30000000e-01 2.40000000e-01 7.00000000e-01 1.24320880e+07
2.30000000e-01 2.40000000e-01 7.10000000e-01 1.23875954e+07
2.30000000e-01 2.40000000e-01 7.20000000e-01 1.23410596e+07
2.30000000e-01 2.40000000e-01 7.30000000e-01 1.22922308e+07
2.30000000e-01 2.40000000e-01 7.40000000e-01 1.23673193e+07
2.30000000e-01 2.40000000e-01 7.50000000e-01 1.23165836e+07
2.30000000e-01 2.40000000e-01 7.60000000e-01 1.22611138e+07
2.30000000e-01 2.40000000e-01 7.70000000e-01 1.22104315e+07
2.30000000e-01 2.40000000e-01 7.80000000e-01 1.21535994e+07
2.30000000e-01 2.40000000e-01 7.90000000e-01 1.20963674e+07
2.30000000e-01 2.40000000e-01 8.00000000e-01 1.20378550e+07
2.30000000e-01 2.40000000e-01 8.10000000e-01 1.19840129e+07
2.30000000e-01 2.40000000e-01 8.20000000e-01 1.19314912e+07
2.30000000e-01 2.40000000e-01 8.30000000e-01 1.18780625e+07
2.30000000e-01 2.40000000e-01 8.40000000e-01 1.18317182e+07
2.30000000e-01 2.40000000e-01 8.50000000e-01 1.17924874e+07
2.30000000e-01 2.40000000e-01 8.60000000e-01 1.17589850e+07
2.30000000e-01 2.40000000e-01 8.70000000e-01 1.17483665e+07
2.30000000e-01 2.40000000e-01 8.80000000e-01 1.17247553e+07
2.30000000e-01 2.40000000e-01 8.90000000e-01 1.17284751e+07
2.30000000e-01 2.40000000e-01 9.00000000e-01 1.17607617e+07
2.30000000e-01 2.40000000e-01 9.10000000e-01 1.18263041e+07
2.30000000e-01 2.40000000e-01 9.20000000e-01 1.19881890e+07
2.30000000e-01 2.40000000e-01 9.30000000e-01 1.17693509e+07
2.30000000e-01 2.40000000e-01 9.40000000e-01 1.16882722e+07
2.30000000e-01 2.40000000e-01 9.50000000e-01 1.16709746e+07
2.30000000e-01 2.40000000e-01 9.60000000e-01 1.16745240e+07
2.30000000e-01 2.40000000e-01 9.70000000e-01 1.16625065e+07
2.30000000e-01 2.40000000e-01 9.80000000e-01 1.17021153e+07
2.30000000e-01 2.40000000e-01 9.90000000e-01 1.18313633e+07
2.30000000e-01 2.40000000e-01 1.00000000e+00 1.19125902e+07
2.30000000e-01 2.40000000e-01 1.01000000e+00 1.19032841e+07
2.30000000e-01 2.40000000e-01 1.02000000e+00 1.41216783e+07
2.30000000e-01 2.40000000e-01 1.03000000e+00 1.21202949e+07
2.30000000e-01 2.40000000e-01 1.04000000e+00 1.20471809e+07
2.30000000e-01 2.40000000e-01 1.05000000e+00 1.24782362e+07
2.30000000e-01 2.40000000e-01 1.06000000e+00 1.21120420e+07
2.30000000e-01 2.40000000e-01 1.07000000e+00 1.15587611e+07
2.30000000e-01 2.40000000e-01 1.08000000e+00 1.13939014e+07
2.30000000e-01 2.40000000e-01 1.09000000e+00 1.11290017e+07
2.30000000e-01 2.40000000e-01 1.10000000e+00 1.09218302e+07
2.30000000e-01 2.40000000e-01 1.11000000e+00 1.08529070e+07
2.30000000e-01 2.40000000e-01 1.12000000e+00 1.06108144e+07
2.30000000e-01 2.40000000e-01 1.13000000e+00 1.04511297e+07
2.30000000e-01 2.40000000e-01 1.14000000e+00 1.03026782e+07
2.30000000e-01 2.40000000e-01 1.15000000e+00 1.01995209e+07
2.30000000e-01 2.40000000e-01 1.16000000e+00 1.00867107e+07
2.30000000e-01 2.40000000e-01 1.17000000e+00 9.99702956e+06
2.30000000e-01 2.40000000e-01 1.18000000e+00 9.91986637e+06
2.30000000e-01 2.40000000e-01 1.19000000e+00 9.85857789e+06
2.30000000e-01 2.40000000e-01 1.20000000e+00 9.80029428e+06
2.30000000e-01 2.40000000e-01 1.21000000e+00 9.73162046e+06
2.30000000e-01 2.40000000e-01 1.22000000e+00 9.66468067e+06
2.30000000e-01 2.40000000e-01 1.23000000e+00 9.60596714e+06
2.30000000e-01 2.40000000e-01 1.24000000e+00 9.53556641e+06
2.30000000e-01 2.40000000e-01 1.25000000e+00 9.49285896e+06
2.30000000e-01 2.40000000e-01 1.26000000e+00 9.43631515e+06
2.30000000e-01 2.40000000e-01 1.27000000e+00 9.35735634e+06
2.30000000e-01 2.40000000e-01 1.28000000e+00 9.31924013e+06
2.30000000e-01 2.40000000e-01 1.29000000e+00 9.28298746e+06
2.30000000e-01 2.40000000e-01 1.30000000e+00 9.27997216e+06
2.30000000e-01 2.40000000e-01 1.31000000e+00 9.31469593e+06
2.30000000e-01 2.40000000e-01 1.32000000e+00 9.41682291e+06
2.30000000e-01 2.40000000e-01 1.33000000e+00 9.60780678e+06
2.30000000e-01 2.40000000e-01 1.34000000e+00 9.83885937e+06
2.30000000e-01 2.40000000e-01 1.35000000e+00 1.06222051e+07
2.30000000e-01 2.40000000e-01 1.36000000e+00 9.48197124e+06
2.30000000e-01 2.40000000e-01 1.37000000e+00 9.05602693e+06
2.30000000e-01 2.40000000e-01 1.38000000e+00 8.86380767e+06
2.30000000e-01 2.40000000e-01 1.39000000e+00 8.69556833e+06
2.30000000e-01 2.40000000e-01 1.40000000e+00 8.58025518e+06
2.30000000e-01 2.40000000e-01 1.41000000e+00 8.64770519e+06
2.30000000e-01 2.40000000e-01 1.42000000e+00 8.39924084e+06
2.30000000e-01 2.40000000e-01 1.43000000e+00 8.36967432e+06
2.30000000e-01 2.40000000e-01 1.44000000e+00 8.44065514e+06
2.30000000e-01 2.40000000e-01 1.45000000e+00 8.39264450e+06
2.30000000e-01 2.40000000e-01 1.46000000e+00 8.38543712e+06
2.30000000e-01 2.40000000e-01 1.47000000e+00 1.21394990e+07
2.30000000e-01 2.40000000e-01 1.48000000e+00 8.24308450e+06
2.30000000e-01 2.40000000e-01 1.49000000e+00 8.16405399e+06
2.30000000e-01 2.40000000e-01 1.50000000e+00 8.10641841e+06
2.30000000e-01 2.40000000e-01 1.51000000e+00 7.89862375e+06
2.30000000e-01 2.40000000e-01 1.52000000e+00 7.80224644e+06
2.30000000e-01 2.40000000e-01 1.53000000e+00 7.73337497e+06
2.30000000e-01 2.40000000e-01 1.54000000e+00 7.71405386e+06
2.30000000e-01 2.40000000e-01 1.55000000e+00 7.64323158e+06
2.30000000e-01 2.40000000e-01 1.56000000e+00 7.59561396e+06
2.30000000e-01 2.40000000e-01 1.57000000e+00 7.58320740e+06
2.30000000e-01 2.40000000e-01 1.58000000e+00 7.56370781e+06
2.30000000e-01 2.40000000e-01 1.59000000e+00 7.60267707e+06
2.30000000e-01 2.40000000e-01 1.60000000e+00 7.89904534e+06
2.30000000e-01 2.40000000e-01 1.61000000e+00 7.35977439e+06
2.30000000e-01 2.40000000e-01 1.62000000e+00 7.32572245e+06
2.30000000e-01 2.40000000e-01 1.63000000e+00 7.15964520e+06
2.30000000e-01 2.40000000e-01 1.64000000e+00 7.10164401e+06
2.30000000e-01 2.40000000e-01 1.65000000e+00 7.07989076e+06
2.30000000e-01 2.40000000e-01 1.66000000e+00 7.09807746e+06
2.30000000e-01 2.40000000e-01 1.67000000e+00 6.93565962e+06
2.30000000e-01 2.40000000e-01 1.68000000e+00 6.88917197e+06
2.30000000e-01 2.40000000e-01 1.69000000e+00 6.84551486e+06
2.30000000e-01 2.40000000e-01 1.70000000e+00 6.79205810e+06
2.30000000e-01 2.40000000e-01 1.71000000e+00 6.75421055e+06
2.30000000e-01 2.40000000e-01 1.72000000e+00 6.81137244e+06
2.30000000e-01 2.40000000e-01 1.73000000e+00 6.74280327e+06
2.30000000e-01 2.40000000e-01 1.74000000e+00 6.71253845e+06
2.30000000e-01 2.40000000e-01 1.75000000e+00 6.63896430e+06
2.30000000e-01 2.40000000e-01 1.76000000e+00 6.62415454e+06
2.30000000e-01 2.40000000e-01 1.77000000e+00 6.61253392e+06
2.30000000e-01 2.40000000e-01 1.78000000e+00 6.61395476e+06
2.30000000e-01 2.40000000e-01 1.79000000e+00 6.65336638e+06
2.30000000e-01 2.40000000e-01 1.80000000e+00 6.72940016e+06
2.30000000e-01 2.40000000e-01 1.81000000e+00 6.86450470e+06
2.30000000e-01 2.40000000e-01 1.82000000e+00 7.13930151e+06
2.30000000e-01 2.40000000e-01 1.83000000e+00 7.65146376e+06
2.30000000e-01 2.40000000e-01 1.84000000e+00 8.54835278e+06
2.30000000e-01 2.40000000e-01 1.85000000e+00 9.38626718e+06
2.30000000e-01 2.40000000e-01 1.86000000e+00 1.25052593e+07
2.30000000e-01 2.40000000e-01 1.87000000e+00 8.52937979e+06
2.30000000e-01 2.40000000e-01 1.88000000e+00 7.09203313e+06
2.30000000e-01 2.40000000e-01 1.89000000e+00 6.53891724e+06
2.30000000e-01 2.40000000e-01 1.90000000e+00 6.23804000e+06
2.30000000e-01 2.40000000e-01 1.91000000e+00 6.04699736e+06
2.30000000e-01 2.40000000e-01 1.92000000e+00 5.90742197e+06
2.30000000e-01 2.40000000e-01 1.93000000e+00 5.80179263e+06
2.30000000e-01 2.40000000e-01 1.94000000e+00 5.72956309e+06
2.30000000e-01 2.40000000e-01 1.95000000e+00 5.71727520e+06
2.30000000e-01 2.40000000e-01 1.96000000e+00 5.75961725e+06
2.30000000e-01 2.40000000e-01 1.97000000e+00 5.72217086e+06
2.30000000e-01 2.40000000e-01 1.98000000e+00 5.72161018e+06
2.30000000e-01 2.40000000e-01 1.99000000e+00 5.67373546e+06
2.30000000e-01 2.40000000e-01 2.00000000e+00 1.28431139e+07
2.40000000e-01 2.50000000e-01 1.00000000e-02 5.56361249e+05
2.40000000e-01 2.50000000e-01 2.00000000e-02 1.09698170e+06
2.40000000e-01 2.50000000e-01 3.00000000e-02 1.61933208e+06
2.40000000e-01 2.50000000e-01 4.00000000e-02 2.13261223e+06
2.40000000e-01 2.50000000e-01 5.00000000e-02 2.64130345e+06
2.40000000e-01 2.50000000e-01 6.00000000e-02 3.26168861e+06
2.40000000e-01 2.50000000e-01 7.00000000e-02 3.70739975e+06
2.40000000e-01 2.50000000e-01 8.00000000e-02 4.14819623e+06
2.40000000e-01 2.50000000e-01 9.00000000e-02 4.56129630e+06
2.40000000e-01 2.50000000e-01 1.00000000e-01 4.95452459e+06
2.40000000e-01 2.50000000e-01 1.10000000e-01 5.32934455e+06
2.40000000e-01 2.50000000e-01 1.20000000e-01 5.68547510e+06
2.40000000e-01 2.50000000e-01 1.30000000e-01 6.02098249e+06
2.40000000e-01 2.50000000e-01 1.40000000e-01 6.33970496e+06
2.40000000e-01 2.50000000e-01 1.50000000e-01 6.64007014e+06
2.40000000e-01 2.50000000e-01 1.60000000e-01 6.92553917e+06
2.40000000e-01 2.50000000e-01 1.70000000e-01 7.19464873e+06
2.40000000e-01 2.50000000e-01 1.80000000e-01 7.44628032e+06
2.40000000e-01 2.50000000e-01 1.90000000e-01 7.68365980e+06
2.40000000e-01 2.50000000e-01 2.00000000e-01 7.90625057e+06
2.40000000e-01 2.50000000e-01 2.10000000e-01 8.11553954e+06
2.40000000e-01 2.50000000e-01 2.20000000e-01 8.31226441e+06
2.40000000e-01 2.50000000e-01 2.30000000e-01 8.49666397e+06
2.40000000e-01 2.50000000e-01 2.40000000e-01 8.66903183e+06
2.40000000e-01 2.50000000e-01 2.50000000e-01 8.83076289e+06
2.40000000e-01 2.50000000e-01 2.60000000e-01 8.98463659e+06
2.40000000e-01 2.50000000e-01 2.70000000e-01 9.12562908e+06
2.40000000e-01 2.50000000e-01 2.80000000e-01 9.25647328e+06
2.40000000e-01 2.50000000e-01 2.90000000e-01 9.37622400e+06
2.40000000e-01 2.50000000e-01 3.00000000e-01 9.48814346e+06
2.40000000e-01 2.50000000e-01 3.10000000e-01 9.59290958e+06
2.40000000e-01 2.50000000e-01 3.20000000e-01 9.68942543e+06
2.40000000e-01 2.50000000e-01 3.30000000e-01 9.77762748e+06
2.40000000e-01 2.50000000e-01 3.40000000e-01 9.85754368e+06
2.40000000e-01 2.50000000e-01 3.50000000e-01 9.93117929e+06
2.40000000e-01 2.50000000e-01 3.60000000e-01 9.99967779e+06
2.40000000e-01 2.50000000e-01 3.70000000e-01 1.01332172e+07
2.40000000e-01 2.50000000e-01 3.80000000e-01 1.01849522e+07
2.40000000e-01 2.50000000e-01 3.90000000e-01 1.02354687e+07
2.40000000e-01 2.50000000e-01 4.00000000e-01 1.02759023e+07
2.40000000e-01 2.50000000e-01 4.10000000e-01 1.03101551e+07
2.40000000e-01 2.50000000e-01 4.20000000e-01 1.03444956e+07
2.40000000e-01 2.50000000e-01 4.30000000e-01 1.03732332e+07
2.40000000e-01 2.50000000e-01 4.40000000e-01 1.03976429e+07
2.40000000e-01 2.50000000e-01 4.50000000e-01 1.04164578e+07
2.40000000e-01 2.50000000e-01 4.60000000e-01 1.04329075e+07
2.40000000e-01 2.50000000e-01 4.70000000e-01 1.04465867e+07
2.40000000e-01 2.50000000e-01 4.80000000e-01 1.04619883e+07
2.40000000e-01 2.50000000e-01 4.90000000e-01 1.04750290e+07
2.40000000e-01 2.50000000e-01 5.00000000e-01 1.05510086e+07
2.40000000e-01 2.50000000e-01 5.10000000e-01 1.05265988e+07
2.40000000e-01 2.50000000e-01 5.20000000e-01 1.05300737e+07
2.40000000e-01 2.50000000e-01 5.30000000e-01 1.05320512e+07
2.40000000e-01 2.50000000e-01 5.40000000e-01 1.05381533e+07
2.40000000e-01 2.50000000e-01 5.50000000e-01 1.05446401e+07
2.40000000e-01 2.50000000e-01 5.60000000e-01 1.05468155e+07
2.40000000e-01 2.50000000e-01 5.70000000e-01 1.05477878e+07
2.40000000e-01 2.50000000e-01 5.80000000e-01 1.05084520e+07
2.40000000e-01 2.50000000e-01 5.90000000e-01 1.04712776e+07
2.40000000e-01 2.50000000e-01 6.00000000e-01 1.04150236e+07
2.40000000e-01 2.50000000e-01 6.10000000e-01 1.03701009e+07
2.40000000e-01 2.50000000e-01 6.20000000e-01 1.03234285e+07
2.40000000e-01 2.50000000e-01 6.30000000e-01 1.02853270e+07
2.40000000e-01 2.50000000e-01 6.40000000e-01 1.03327714e+07
2.40000000e-01 2.50000000e-01 6.50000000e-01 1.04681159e+07
2.40000000e-01 2.50000000e-01 6.60000000e-01 1.07390876e+07
2.40000000e-01 2.50000000e-01 6.70000000e-01 1.06930920e+07
2.40000000e-01 2.50000000e-01 6.80000000e-01 1.05443238e+07
2.40000000e-01 2.50000000e-01 6.90000000e-01 1.05023640e+07
2.40000000e-01 2.50000000e-01 7.00000000e-01 1.04651085e+07
2.40000000e-01 2.50000000e-01 7.10000000e-01 1.04239424e+07
2.40000000e-01 2.50000000e-01 7.20000000e-01 1.03811716e+07
2.40000000e-01 2.50000000e-01 7.30000000e-01 1.03363965e+07
2.40000000e-01 2.50000000e-01 7.40000000e-01 1.04001755e+07
2.40000000e-01 2.50000000e-01 7.50000000e-01 1.03536542e+07
2.40000000e-01 2.50000000e-01 7.60000000e-01 1.03025314e+07
2.40000000e-01 2.50000000e-01 7.70000000e-01 1.02566492e+07
2.40000000e-01 2.50000000e-01 7.80000000e-01 1.02043473e+07
2.40000000e-01 2.50000000e-01 7.90000000e-01 1.01519384e+07
2.40000000e-01 2.50000000e-01 8.00000000e-01 1.00982579e+07
2.40000000e-01 2.50000000e-01 8.10000000e-01 1.00495778e+07
2.40000000e-01 2.50000000e-01 8.20000000e-01 1.00021375e+07
2.40000000e-01 2.50000000e-01 8.30000000e-01 9.95358576e+06
2.40000000e-01 2.50000000e-01 8.40000000e-01 9.91222447e+06
2.40000000e-01 2.50000000e-01 8.50000000e-01 9.87800032e+06
2.40000000e-01 2.50000000e-01 8.60000000e-01 9.84878165e+06
2.40000000e-01 2.50000000e-01 8.70000000e-01 9.84122708e+06
2.40000000e-01 2.50000000e-01 8.80000000e-01 9.82201529e+06
2.40000000e-01 2.50000000e-01 8.90000000e-01 9.82972728e+06
2.40000000e-01 2.50000000e-01 9.00000000e-01 9.86714650e+06
2.40000000e-01 2.50000000e-01 9.10000000e-01 9.93914432e+06
2.40000000e-01 2.50000000e-01 9.20000000e-01 1.01172728e+07
2.40000000e-01 2.50000000e-01 9.30000000e-01 9.89418353e+06
2.40000000e-01 2.50000000e-01 9.40000000e-01 9.82078659e+06
2.40000000e-01 2.50000000e-01 9.50000000e-01 9.81460512e+06
2.40000000e-01 2.50000000e-01 9.60000000e-01 9.82430508e+06
2.40000000e-01 2.50000000e-01 9.70000000e-01 9.82051529e+06
2.40000000e-01 2.50000000e-01 9.80000000e-01 9.86529610e+06
2.40000000e-01 2.50000000e-01 9.90000000e-01 9.98487340e+06
2.40000000e-01 2.50000000e-01 1.00000000e+00 1.00777890e+07
2.40000000e-01 2.50000000e-01 1.01000000e+00 1.00708990e+07
2.40000000e-01 2.50000000e-01 1.02000000e+00 1.22871007e+07
2.40000000e-01 2.50000000e-01 1.03000000e+00 1.02569465e+07
2.40000000e-01 2.50000000e-01 1.04000000e+00 1.01824252e+07
2.40000000e-01 2.50000000e-01 1.05000000e+00 1.05304836e+07
2.40000000e-01 2.50000000e-01 1.06000000e+00 1.02020235e+07
2.40000000e-01 2.50000000e-01 1.07000000e+00 9.70477089e+06
2.40000000e-01 2.50000000e-01 1.08000000e+00 9.55389085e+06
2.40000000e-01 2.50000000e-01 1.09000000e+00 9.29591838e+06
2.40000000e-01 2.50000000e-01 1.10000000e+00 9.11319640e+06
2.40000000e-01 2.50000000e-01 1.11000000e+00 9.05692176e+06
2.40000000e-01 2.50000000e-01 1.12000000e+00 8.83953960e+06
2.40000000e-01 2.50000000e-01 1.13000000e+00 8.69634738e+06
2.40000000e-01 2.50000000e-01 1.14000000e+00 8.56805517e+06
2.40000000e-01 2.50000000e-01 1.15000000e+00 8.48205353e+06
2.40000000e-01 2.50000000e-01 1.16000000e+00 8.38249738e+06
2.40000000e-01 2.50000000e-01 1.17000000e+00 8.30541970e+06
2.40000000e-01 2.50000000e-01 1.18000000e+00 8.23992458e+06
2.40000000e-01 2.50000000e-01 1.19000000e+00 8.18132541e+06
2.40000000e-01 2.50000000e-01 1.20000000e+00 8.13261499e+06
2.40000000e-01 2.50000000e-01 1.21000000e+00 8.07374680e+06
2.40000000e-01 2.50000000e-01 1.22000000e+00 8.01639724e+06
2.40000000e-01 2.50000000e-01 1.23000000e+00 7.96476042e+06
2.40000000e-01 2.50000000e-01 1.24000000e+00 7.90280484e+06
2.40000000e-01 2.50000000e-01 1.25000000e+00 7.86452025e+06
2.40000000e-01 2.50000000e-01 1.26000000e+00 7.81642486e+06
2.40000000e-01 2.50000000e-01 1.27000000e+00 7.74861020e+06
2.40000000e-01 2.50000000e-01 1.28000000e+00 7.71665125e+06
2.40000000e-01 2.50000000e-01 1.29000000e+00 7.68679179e+06
2.40000000e-01 2.50000000e-01 1.30000000e+00 7.68747613e+06
2.40000000e-01 2.50000000e-01 1.31000000e+00 7.72264922e+06
2.40000000e-01 2.50000000e-01 1.32000000e+00 7.82322845e+06
2.40000000e-01 2.50000000e-01 1.33000000e+00 8.01661475e+06
2.40000000e-01 2.50000000e-01 1.34000000e+00 8.24212046e+06
2.40000000e-01 2.50000000e-01 1.35000000e+00 9.07222405e+06
2.40000000e-01 2.50000000e-01 1.36000000e+00 7.90639204e+06
2.40000000e-01 2.50000000e-01 1.37000000e+00 7.50890100e+06
2.40000000e-01 2.50000000e-01 1.38000000e+00 7.33525555e+06
2.40000000e-01 2.50000000e-01 1.39000000e+00 7.18773852e+06
2.40000000e-01 2.50000000e-01 1.40000000e+00 7.08811776e+06
2.40000000e-01 2.50000000e-01 1.41000000e+00 7.14765053e+06
2.40000000e-01 2.50000000e-01 1.42000000e+00 6.93364783e+06
2.40000000e-01 2.50000000e-01 1.43000000e+00 6.90618583e+06
2.40000000e-01 2.50000000e-01 1.44000000e+00 6.97267336e+06
2.40000000e-01 2.50000000e-01 1.45000000e+00 6.94034740e+06
2.40000000e-01 2.50000000e-01 1.46000000e+00 6.93670802e+06
2.40000000e-01 2.50000000e-01 1.47000000e+00 1.06126295e+07
2.40000000e-01 2.50000000e-01 1.48000000e+00 6.81744229e+06
2.40000000e-01 2.50000000e-01 1.49000000e+00 6.74803906e+06
2.40000000e-01 2.50000000e-01 1.50000000e+00 6.69000879e+06
2.40000000e-01 2.50000000e-01 1.51000000e+00 6.50566735e+06
2.40000000e-01 2.50000000e-01 1.52000000e+00 6.42512624e+06
2.40000000e-01 2.50000000e-01 1.53000000e+00 6.36698631e+06
2.40000000e-01 2.50000000e-01 1.54000000e+00 6.35251942e+06
2.40000000e-01 2.50000000e-01 1.55000000e+00 6.29154759e+06
2.40000000e-01 2.50000000e-01 1.56000000e+00 6.25277574e+06
2.40000000e-01 2.50000000e-01 1.57000000e+00 6.24665579e+06
2.40000000e-01 2.50000000e-01 1.58000000e+00 6.23590560e+06
2.40000000e-01 2.50000000e-01 1.59000000e+00 6.27649067e+06
2.40000000e-01 2.50000000e-01 1.60000000e+00 6.55187338e+06
2.40000000e-01 2.50000000e-01 1.61000000e+00 6.05408174e+06
2.40000000e-01 2.50000000e-01 1.62000000e+00 6.02285969e+06
2.40000000e-01 2.50000000e-01 1.63000000e+00 5.88044570e+06
2.40000000e-01 2.50000000e-01 1.64000000e+00 5.83124843e+06
2.40000000e-01 2.50000000e-01 1.65000000e+00 5.81267923e+06
2.40000000e-01 2.50000000e-01 1.66000000e+00 5.83370577e+06
2.40000000e-01 2.50000000e-01 1.67000000e+00 5.69008653e+06
2.40000000e-01 2.50000000e-01 1.68000000e+00 5.65021774e+06
2.40000000e-01 2.50000000e-01 1.69000000e+00 5.61515748e+06
2.40000000e-01 2.50000000e-01 1.70000000e+00 5.57038463e+06
2.40000000e-01 2.50000000e-01 1.71000000e+00 5.53909534e+06
2.40000000e-01 2.50000000e-01 1.72000000e+00 5.59057896e+06
2.40000000e-01 2.50000000e-01 1.73000000e+00 5.53123578e+06
2.40000000e-01 2.50000000e-01 1.74000000e+00 5.50546557e+06
2.40000000e-01 2.50000000e-01 1.75000000e+00 5.44332209e+06
2.40000000e-01 2.50000000e-01 1.76000000e+00 5.42989008e+06
2.40000000e-01 2.50000000e-01 1.77000000e+00 5.42072845e+06
2.40000000e-01 2.50000000e-01 1.78000000e+00 5.42212365e+06
2.40000000e-01 2.50000000e-01 1.79000000e+00 5.45866857e+06
2.40000000e-01 2.50000000e-01 1.80000000e+00 5.52617890e+06
2.40000000e-01 2.50000000e-01 1.81000000e+00 5.64616849e+06
2.40000000e-01 2.50000000e-01 1.82000000e+00 5.89252020e+06
2.40000000e-01 2.50000000e-01 1.83000000e+00 6.36364480e+06
2.40000000e-01 2.50000000e-01 1.84000000e+00 7.22495487e+06
2.40000000e-01 2.50000000e-01 1.85000000e+00 7.99705620e+06
2.40000000e-01 2.50000000e-01 1.86000000e+00 1.11597276e+07
2.40000000e-01 2.50000000e-01 1.87000000e+00 7.18019111e+06
2.40000000e-01 2.50000000e-01 1.88000000e+00 5.86490516e+06
2.40000000e-01 2.50000000e-01 1.89000000e+00 5.37372688e+06
2.40000000e-01 2.50000000e-01 1.90000000e+00 5.11071339e+06
2.40000000e-01 2.50000000e-01 1.91000000e+00 4.94497174e+06
2.40000000e-01 2.50000000e-01 1.92000000e+00 4.82492047e+06
2.40000000e-01 2.50000000e-01 1.93000000e+00 4.73395356e+06
2.40000000e-01 2.50000000e-01 1.94000000e+00 4.67162355e+06
2.40000000e-01 2.50000000e-01 1.95000000e+00 4.65539720e+06
2.40000000e-01 2.50000000e-01 1.96000000e+00 4.69298066e+06
2.40000000e-01 2.50000000e-01 1.97000000e+00 4.66552906e+06
2.40000000e-01 2.50000000e-01 1.98000000e+00 4.67536445e+06
2.40000000e-01 2.50000000e-01 1.99000000e+00 4.63604196e+06
2.40000000e-01 2.50000000e-01 2.00000000e+00 1.13065096e+07
2.50000000e-01 2.60000000e-01 1.00000000e-02 4.86745873e+05
2.50000000e-01 2.60000000e-01 2.00000000e-02 9.59031271e+05
2.50000000e-01 2.60000000e-01 3.00000000e-02 1.41458912e+06
2.50000000e-01 2.60000000e-01 4.00000000e-02 1.86375393e+06
2.50000000e-01 2.60000000e-01 5.00000000e-02 2.31333784e+06
2.50000000e-01 2.60000000e-01 6.00000000e-02 2.83593686e+06
2.50000000e-01 2.60000000e-01 7.00000000e-02 3.22349044e+06
2.50000000e-01 2.60000000e-01 8.00000000e-02 3.60160443e+06
2.50000000e-01 2.60000000e-01 9.00000000e-02 3.95711811e+06
2.50000000e-01 2.60000000e-01 1.00000000e-01 4.29483161e+06
2.50000000e-01 2.60000000e-01 1.10000000e-01 4.61545661e+06
2.50000000e-01 2.60000000e-01 1.20000000e-01 4.91920134e+06
2.50000000e-01 2.60000000e-01 1.30000000e-01 5.20462780e+06
2.50000000e-01 2.60000000e-01 1.40000000e-01 5.47499590e+06
2.50000000e-01 2.60000000e-01 1.50000000e-01 5.72907549e+06
2.50000000e-01 2.60000000e-01 1.60000000e-01 5.97030642e+06
2.50000000e-01 2.60000000e-01 1.70000000e-01 6.19730077e+06
2.50000000e-01 2.60000000e-01 1.80000000e-01 6.40840980e+06
2.50000000e-01 2.60000000e-01 1.90000000e-01 6.60710397e+06
2.50000000e-01 2.60000000e-01 2.00000000e-01 6.79276424e+06
2.50000000e-01 2.60000000e-01 2.10000000e-01 6.96674891e+06
2.50000000e-01 2.60000000e-01 2.20000000e-01 7.12979397e+06
2.50000000e-01 2.60000000e-01 2.30000000e-01 7.28216783e+06
2.50000000e-01 2.60000000e-01 2.40000000e-01 7.42395922e+06
2.50000000e-01 2.60000000e-01 2.50000000e-01 7.55658564e+06
2.50000000e-01 2.60000000e-01 2.60000000e-01 7.68287800e+06
2.50000000e-01 2.60000000e-01 2.70000000e-01 7.79770458e+06
2.50000000e-01 2.60000000e-01 2.80000000e-01 7.90399114e+06
2.50000000e-01 2.60000000e-01 2.90000000e-01 8.00011748e+06
2.50000000e-01 2.60000000e-01 3.00000000e-01 8.08991476e+06
2.50000000e-01 2.60000000e-01 3.10000000e-01 8.17350331e+06
2.50000000e-01 2.60000000e-01 3.20000000e-01 8.25019010e+06
2.50000000e-01 2.60000000e-01 3.30000000e-01 8.31965324e+06
2.50000000e-01 2.60000000e-01 3.40000000e-01 8.38189537e+06
2.50000000e-01 2.60000000e-01 3.50000000e-01 8.43896850e+06
2.50000000e-01 2.60000000e-01 3.60000000e-01 8.49208631e+06
2.50000000e-01 2.60000000e-01 3.70000000e-01 8.60453714e+06
2.50000000e-01 2.60000000e-01 3.80000000e-01 8.64257019e+06
2.50000000e-01 2.60000000e-01 3.90000000e-01 8.67911110e+06
2.50000000e-01 2.60000000e-01 4.00000000e-01 8.70758074e+06
2.50000000e-01 2.60000000e-01 4.10000000e-01 8.73171232e+06
2.50000000e-01 2.60000000e-01 4.20000000e-01 8.75565851e+06
2.50000000e-01 2.60000000e-01 4.30000000e-01 8.77485857e+06
2.50000000e-01 2.60000000e-01 4.40000000e-01 8.79037579e+06
2.50000000e-01 2.60000000e-01 4.50000000e-01 8.80081109e+06
2.50000000e-01 2.60000000e-01 4.60000000e-01 8.81014824e+06
2.50000000e-01 2.60000000e-01 4.70000000e-01 8.81691033e+06
2.50000000e-01 2.60000000e-01 4.80000000e-01 8.82594733e+06
2.50000000e-01 2.60000000e-01 4.90000000e-01 8.83324815e+06
2.50000000e-01 2.60000000e-01 5.00000000e-01 8.90206296e+06
2.50000000e-01 2.60000000e-01 5.10000000e-01 8.87073287e+06
2.50000000e-01 2.60000000e-01 5.20000000e-01 8.86985853e+06
2.50000000e-01 2.60000000e-01 5.30000000e-01 8.86755032e+06
2.50000000e-01 2.60000000e-01 5.40000000e-01 8.87139125e+06
2.50000000e-01 2.60000000e-01 5.50000000e-01 8.87386274e+06
2.50000000e-01 2.60000000e-01 5.60000000e-01 8.87482513e+06
2.50000000e-01 2.60000000e-01 5.70000000e-01 8.87641808e+06
2.50000000e-01 2.60000000e-01 5.80000000e-01 8.83566941e+06
2.50000000e-01 2.60000000e-01 5.90000000e-01 8.79614192e+06
2.50000000e-01 2.60000000e-01 6.00000000e-01 8.74148223e+06
2.50000000e-01 2.60000000e-01 6.10000000e-01 8.69875216e+06
2.50000000e-01 2.60000000e-01 6.20000000e-01 8.65425322e+06
2.50000000e-01 2.60000000e-01 6.30000000e-01 8.61971890e+06
2.50000000e-01 2.60000000e-01 6.40000000e-01 8.67540614e+06
2.50000000e-01 2.60000000e-01 6.50000000e-01 8.81718474e+06
2.50000000e-01 2.60000000e-01 6.60000000e-01 9.02522044e+06
2.50000000e-01 2.60000000e-01 6.70000000e-01 8.98339909e+06
2.50000000e-01 2.60000000e-01 6.80000000e-01 8.83084583e+06
2.50000000e-01 2.60000000e-01 6.90000000e-01 8.79236375e+06
2.50000000e-01 2.60000000e-01 7.00000000e-01 8.75907765e+06
2.50000000e-01 2.60000000e-01 7.10000000e-01 8.72179519e+06
2.50000000e-01 2.60000000e-01 7.20000000e-01 8.68367192e+06
2.50000000e-01 2.60000000e-01 7.30000000e-01 8.64339632e+06
2.50000000e-01 2.60000000e-01 7.40000000e-01 8.69855041e+06
2.50000000e-01 2.60000000e-01 7.50000000e-01 8.65618661e+06
2.50000000e-01 2.60000000e-01 7.60000000e-01 8.61064752e+06
2.50000000e-01 2.60000000e-01 7.70000000e-01 8.56921655e+06
2.50000000e-01 2.60000000e-01 7.80000000e-01 8.52215777e+06
2.50000000e-01 2.60000000e-01 7.90000000e-01 8.47447047e+06
2.50000000e-01 2.60000000e-01 8.00000000e-01 8.42627168e+06
2.50000000e-01 2.60000000e-01 8.10000000e-01 8.38248272e+06
2.50000000e-01 2.60000000e-01 8.20000000e-01 8.34004861e+06
2.50000000e-01 2.60000000e-01 8.30000000e-01 8.29659445e+06
2.50000000e-01 2.60000000e-01 8.40000000e-01 8.25998579e+06
2.50000000e-01 2.60000000e-01 8.50000000e-01 8.23045515e+06
2.50000000e-01 2.60000000e-01 8.60000000e-01 8.20426102e+06
2.50000000e-01 2.60000000e-01 8.70000000e-01 8.19920242e+06
2.50000000e-01 2.60000000e-01 8.80000000e-01 8.18362529e+06
2.50000000e-01 2.60000000e-01 8.90000000e-01 8.19460938e+06
2.50000000e-01 2.60000000e-01 9.00000000e-01 8.23621688e+06
2.50000000e-01 2.60000000e-01 9.10000000e-01 8.31360342e+06
2.50000000e-01 2.60000000e-01 9.20000000e-01 8.50985211e+06
2.50000000e-01 2.60000000e-01 9.30000000e-01 8.27839379e+06
2.50000000e-01 2.60000000e-01 9.40000000e-01 8.20986489e+06
2.50000000e-01 2.60000000e-01 9.50000000e-01 8.21344136e+06
2.50000000e-01 2.60000000e-01 9.60000000e-01 8.22728770e+06
2.50000000e-01 2.60000000e-01 9.70000000e-01 8.22990921e+06
2.50000000e-01 2.60000000e-01 9.80000000e-01 8.27776288e+06
2.50000000e-01 2.60000000e-01 9.90000000e-01 8.38831057e+06
2.50000000e-01 2.60000000e-01 1.00000000e+00 8.49396382e+06
2.50000000e-01 2.60000000e-01 1.01000000e+00 8.48738157e+06
2.50000000e-01 2.60000000e-01 1.02000000e+00 1.07138207e+07
2.50000000e-01 2.60000000e-01 1.03000000e+00 8.64543966e+06
2.50000000e-01 2.60000000e-01 1.04000000e+00 8.57001508e+06
2.50000000e-01 2.60000000e-01 1.05000000e+00 8.83376070e+06
2.50000000e-01 2.60000000e-01 1.06000000e+00 8.54461298e+06
2.50000000e-01 2.60000000e-01 1.07000000e+00 8.10686422e+06
2.50000000e-01 2.60000000e-01 1.08000000e+00 7.97033942e+06
2.50000000e-01 2.60000000e-01 1.09000000e+00 7.72153123e+06
2.50000000e-01 2.60000000e-01 1.10000000e+00 7.56451193e+06
2.50000000e-01 2.60000000e-01 1.11000000e+00 7.52354049e+06
2.50000000e-01 2.60000000e-01 1.12000000e+00 7.32566780e+06
2.50000000e-01 2.60000000e-01 1.13000000e+00 7.19728022e+06
2.50000000e-01 2.60000000e-01 1.14000000e+00 7.08686822e+06
2.50000000e-01 2.60000000e-01 1.15000000e+00 7.01763570e+06
2.50000000e-01 2.60000000e-01 1.16000000e+00 6.92863571e+06
2.50000000e-01 2.60000000e-01 1.17000000e+00 6.86240674e+06
2.50000000e-01 2.60000000e-01 1.18000000e+00 6.80728716e+06
2.50000000e-01 2.60000000e-01 1.19000000e+00 6.75732277e+06
2.50000000e-01 2.60000000e-01 1.20000000e+00 6.71755151e+06
2.50000000e-01 2.60000000e-01 1.21000000e+00 6.66761684e+06
2.50000000e-01 2.60000000e-01 1.22000000e+00 6.61925408e+06
2.50000000e-01 2.60000000e-01 1.23000000e+00 6.57383669e+06
2.50000000e-01 2.60000000e-01 1.24000000e+00 6.51966798e+06
2.50000000e-01 2.60000000e-01 1.25000000e+00 6.48572881e+06
2.50000000e-01 2.60000000e-01 1.26000000e+00 6.44574725e+06
2.50000000e-01 2.60000000e-01 1.27000000e+00 6.38747007e+06
2.50000000e-01 2.60000000e-01 1.28000000e+00 6.36101359e+06
2.50000000e-01 2.60000000e-01 1.29000000e+00 6.33629864e+06
2.50000000e-01 2.60000000e-01 1.30000000e+00 6.33926033e+06
2.50000000e-01 2.60000000e-01 1.31000000e+00 6.37271667e+06
2.50000000e-01 2.60000000e-01 1.32000000e+00 6.46835028e+06
2.50000000e-01 2.60000000e-01 1.33000000e+00 6.66310734e+06
2.50000000e-01 2.60000000e-01 1.34000000e+00 6.87812420e+06
2.50000000e-01 2.60000000e-01 1.35000000e+00 7.76170674e+06
2.50000000e-01 2.60000000e-01 1.36000000e+00 6.56322050e+06
2.50000000e-01 2.60000000e-01 1.37000000e+00 6.19732596e+06
2.50000000e-01 2.60000000e-01 1.38000000e+00 6.04277268e+06
2.50000000e-01 2.60000000e-01 1.39000000e+00 5.91513378e+06
2.50000000e-01 2.60000000e-01 1.40000000e+00 5.83029647e+06
2.50000000e-01 2.60000000e-01 1.41000000e+00 5.88226043e+06
2.50000000e-01 2.60000000e-01 1.42000000e+00 5.70064593e+06
2.50000000e-01 2.60000000e-01 1.43000000e+00 5.67549004e+06
2.50000000e-01 2.60000000e-01 1.44000000e+00 5.73735988e+06
2.50000000e-01 2.60000000e-01 1.45000000e+00 5.72005193e+06
2.50000000e-01 2.60000000e-01 1.46000000e+00 5.71945962e+06
2.50000000e-01 2.60000000e-01 1.47000000e+00 9.28056365e+06
2.50000000e-01 2.60000000e-01 1.48000000e+00 5.62075621e+06
2.50000000e-01 2.60000000e-01 1.49000000e+00 5.55921882e+06
2.50000000e-01 2.60000000e-01 1.50000000e+00 5.49764110e+06
2.50000000e-01 2.60000000e-01 1.51000000e+00 5.33536337e+06
2.50000000e-01 2.60000000e-01 1.52000000e+00 5.26775351e+06
2.50000000e-01 2.60000000e-01 1.53000000e+00 5.21884819e+06
2.50000000e-01 2.60000000e-01 1.54000000e+00 5.20761523e+06
2.50000000e-01 2.60000000e-01 1.55000000e+00 5.15525626e+06
2.50000000e-01 2.60000000e-01 1.56000000e+00 5.12402099e+06
2.50000000e-01 2.60000000e-01 1.57000000e+00 5.12250669e+06
2.50000000e-01 2.60000000e-01 1.58000000e+00 5.11929521e+06
2.50000000e-01 2.60000000e-01 1.59000000e+00 5.15907623e+06
2.50000000e-01 2.60000000e-01 1.60000000e+00 5.40792725e+06
2.50000000e-01 2.60000000e-01 1.61000000e+00 4.95693901e+06
2.50000000e-01 2.60000000e-01 1.62000000e+00 4.92811952e+06
2.50000000e-01 2.60000000e-01 1.63000000e+00 4.80757345e+06
2.50000000e-01 2.60000000e-01 1.64000000e+00 4.76629395e+06
2.50000000e-01 2.60000000e-01 1.65000000e+00 4.75048867e+06
2.50000000e-01 2.60000000e-01 1.66000000e+00 4.77523875e+06
2.50000000e-01 2.60000000e-01 1.67000000e+00 4.64704702e+06
2.50000000e-01 2.60000000e-01 1.68000000e+00 4.61364141e+06
2.50000000e-01 2.60000000e-01 1.69000000e+00 4.58522331e+06
2.50000000e-01 2.60000000e-01 1.70000000e+00 4.54850526e+06
2.50000000e-01 2.60000000e-01 1.71000000e+00 4.52320808e+06
2.50000000e-01 2.60000000e-01 1.72000000e+00 4.56754717e+06
2.50000000e-01 2.60000000e-01 1.73000000e+00 4.51740174e+06
2.50000000e-01 2.60000000e-01 1.74000000e+00 4.49555534e+06
2.50000000e-01 2.60000000e-01 1.75000000e+00 4.44398652e+06
2.50000000e-01 2.60000000e-01 1.76000000e+00 4.43143820e+06
2.50000000e-01 2.60000000e-01 1.77000000e+00 4.42391727e+06
2.50000000e-01 2.60000000e-01 1.78000000e+00 4.42439882e+06
2.50000000e-01 2.60000000e-01 1.79000000e+00 4.45696136e+06
2.50000000e-01 2.60000000e-01 1.80000000e+00 4.51556630e+06
2.50000000e-01 2.60000000e-01 1.81000000e+00 4.61793229e+06
2.50000000e-01 2.60000000e-01 1.82000000e+00 4.83202412e+06
2.50000000e-01 2.60000000e-01 1.83000000e+00 5.25381433e+06
2.50000000e-01 2.60000000e-01 1.84000000e+00 6.07402902e+06
2.50000000e-01 2.60000000e-01 1.85000000e+00 6.75939928e+06
2.50000000e-01 2.60000000e-01 1.86000000e+00 9.97010470e+06
2.50000000e-01 2.60000000e-01 1.87000000e+00 5.99111312e+06
2.50000000e-01 2.60000000e-01 1.88000000e+00 4.82091806e+06
2.50000000e-01 2.60000000e-01 1.89000000e+00 4.39485435e+06
2.50000000e-01 2.60000000e-01 1.90000000e+00 4.16839814e+06
2.50000000e-01 2.60000000e-01 1.91000000e+00 4.02617969e+06
2.50000000e-01 2.60000000e-01 1.92000000e+00 3.92368445e+06
2.50000000e-01 2.60000000e-01 1.93000000e+00 3.84624730e+06
2.50000000e-01 2.60000000e-01 1.94000000e+00 3.79280493e+06
2.50000000e-01 2.60000000e-01 1.95000000e+00 3.77527100e+06
2.50000000e-01 2.60000000e-01 1.96000000e+00 3.80625922e+06
2.50000000e-01 2.60000000e-01 1.97000000e+00 3.78819431e+06
2.50000000e-01 2.60000000e-01 1.98000000e+00 3.80873599e+06
2.50000000e-01 2.60000000e-01 1.99000000e+00 3.77792750e+06
2.50000000e-01 2.60000000e-01 2.00000000e+00 9.85778323e+06
2.60000000e-01 2.70000000e-01 1.00000000e-02 4.24113453e+05
2.60000000e-01 2.70000000e-01 2.00000000e-02 8.34987611e+05
2.60000000e-01 2.70000000e-01 3.00000000e-02 1.23061782e+06
2.60000000e-01 2.70000000e-01 4.00000000e-02 1.62261556e+06
2.60000000e-01 2.70000000e-01 5.00000000e-02 2.02174467e+06
2.60000000e-01 2.70000000e-01 6.00000000e-02 2.45506100e+06
2.60000000e-01 2.70000000e-01 7.00000000e-02 2.79056554e+06
2.60000000e-01 2.70000000e-01 8.00000000e-02 3.11323336e+06
2.60000000e-01 2.70000000e-01 9.00000000e-02 3.41781527e+06
2.60000000e-01 2.70000000e-01 1.00000000e-01 3.70630167e+06
2.60000000e-01 2.70000000e-01 1.10000000e-01 3.97910851e+06
2.60000000e-01 2.70000000e-01 1.20000000e-01 4.23680545e+06
2.60000000e-01 2.70000000e-01 1.30000000e-01 4.47833716e+06
2.60000000e-01 2.70000000e-01 1.40000000e-01 4.70638737e+06
2.60000000e-01 2.70000000e-01 1.50000000e-01 4.92013607e+06
2.60000000e-01 2.70000000e-01 1.60000000e-01 5.12284677e+06
2.60000000e-01 2.70000000e-01 1.70000000e-01 5.31330600e+06
2.60000000e-01 2.70000000e-01 1.80000000e-01 5.48932565e+06
2.60000000e-01 2.70000000e-01 1.90000000e-01 5.65461598e+06
2.60000000e-01 2.70000000e-01 2.00000000e-01 5.80847823e+06
2.60000000e-01 2.70000000e-01 2.10000000e-01 5.95214770e+06
2.60000000e-01 2.70000000e-01 2.20000000e-01 6.08635830e+06
2.60000000e-01 2.70000000e-01 2.30000000e-01 6.21138287e+06
2.60000000e-01 2.70000000e-01 2.40000000e-01 6.32718877e+06
2.60000000e-01 2.70000000e-01 2.50000000e-01 6.43509738e+06
2.60000000e-01 2.70000000e-01 2.60000000e-01 6.53810777e+06
2.60000000e-01 2.70000000e-01 2.70000000e-01 6.63088433e+06
2.60000000e-01 2.70000000e-01 2.80000000e-01 6.71654975e+06
2.60000000e-01 2.70000000e-01 2.90000000e-01 6.79291121e+06
2.60000000e-01 2.70000000e-01 3.00000000e-01 6.86427354e+06
2.60000000e-01 2.70000000e-01 3.10000000e-01 6.93030827e+06
2.60000000e-01 2.70000000e-01 3.20000000e-01 6.99068931e+06
2.60000000e-01 2.70000000e-01 3.30000000e-01 7.04476023e+06
2.60000000e-01 2.70000000e-01 3.40000000e-01 7.09252708e+06
2.60000000e-01 2.70000000e-01 3.50000000e-01 7.13610204e+06
2.60000000e-01 2.70000000e-01 3.60000000e-01 7.17684536e+06
2.60000000e-01 2.70000000e-01 3.70000000e-01 7.27114475e+06
2.60000000e-01 2.70000000e-01 3.80000000e-01 7.29807222e+06
2.60000000e-01 2.70000000e-01 3.90000000e-01 7.32303394e+06
2.60000000e-01 2.70000000e-01 4.00000000e-01 7.34178999e+06
2.60000000e-01 2.70000000e-01 4.10000000e-01 7.35784567e+06
2.60000000e-01 2.70000000e-01 4.20000000e-01 7.37351450e+06
2.60000000e-01 2.70000000e-01 4.30000000e-01 7.38522784e+06
2.60000000e-01 2.70000000e-01 4.40000000e-01 7.39363590e+06
2.60000000e-01 2.70000000e-01 4.50000000e-01 7.39745423e+06
2.60000000e-01 2.70000000e-01 4.60000000e-01 7.40106764e+06
2.60000000e-01 2.70000000e-01 4.70000000e-01 7.40227132e+06
2.60000000e-01 2.70000000e-01 4.80000000e-01 7.40603430e+06
2.60000000e-01 2.70000000e-01 4.90000000e-01 7.40876436e+06
2.60000000e-01 2.70000000e-01 5.00000000e-01 7.47143741e+06
2.60000000e-01 2.70000000e-01 5.10000000e-01 7.43311155e+06
2.60000000e-01 2.70000000e-01 5.20000000e-01 7.42805774e+06
2.60000000e-01 2.70000000e-01 5.30000000e-01 7.42156289e+06
2.60000000e-01 2.70000000e-01 5.40000000e-01 7.42239814e+06
2.60000000e-01 2.70000000e-01 5.50000000e-01 7.42148738e+06
2.60000000e-01 2.70000000e-01 5.60000000e-01 7.42154324e+06
2.60000000e-01 2.70000000e-01 5.70000000e-01 7.42479049e+06
2.60000000e-01 2.70000000e-01 5.80000000e-01 7.38322452e+06
2.60000000e-01 2.70000000e-01 5.90000000e-01 7.34174140e+06
2.60000000e-01 2.70000000e-01 6.00000000e-01 7.29041952e+06
2.60000000e-01 2.70000000e-01 6.10000000e-01 7.25110469e+06
2.60000000e-01 2.70000000e-01 6.20000000e-01 7.21073583e+06
2.60000000e-01 2.70000000e-01 6.30000000e-01 7.18203477e+06
2.60000000e-01 2.70000000e-01 6.40000000e-01 7.25018924e+06
2.60000000e-01 2.70000000e-01 6.50000000e-01 7.40330473e+06
2.60000000e-01 2.70000000e-01 6.60000000e-01 7.54556806e+06
2.60000000e-01 2.70000000e-01 6.70000000e-01 7.51004857e+06
2.60000000e-01 2.70000000e-01 6.80000000e-01 7.35111385e+06
2.60000000e-01 2.70000000e-01 6.90000000e-01 7.31695607e+06
2.60000000e-01 2.70000000e-01 7.00000000e-01 7.28846339e+06
2.60000000e-01 2.70000000e-01 7.10000000e-01 7.25611592e+06
2.60000000e-01 2.70000000e-01 7.20000000e-01 7.22338038e+06
2.60000000e-01 2.70000000e-01 7.30000000e-01 7.18835724e+06
2.60000000e-01 2.70000000e-01 7.40000000e-01 7.23704785e+06
2.60000000e-01 2.70000000e-01 7.50000000e-01 7.19943622e+06
2.60000000e-01 2.70000000e-01 7.60000000e-01 7.15986746e+06
2.60000000e-01 2.70000000e-01 7.70000000e-01 7.12326661e+06
2.60000000e-01 2.70000000e-01 7.80000000e-01 7.08180169e+06
2.60000000e-01 2.70000000e-01 7.90000000e-01 7.03891784e+06
2.60000000e-01 2.70000000e-01 8.00000000e-01 6.99645634e+06
2.60000000e-01 2.70000000e-01 8.10000000e-01 6.95739222e+06
2.60000000e-01 2.70000000e-01 8.20000000e-01 6.91988987e+06
2.60000000e-01 2.70000000e-01 8.30000000e-01 6.88151533e+06
2.60000000e-01 2.70000000e-01 8.40000000e-01 6.84924994e+06
2.60000000e-01 2.70000000e-01 8.50000000e-01 6.82382539e+06
2.60000000e-01 2.70000000e-01 8.60000000e-01 6.80028753e+06
2.60000000e-01 2.70000000e-01 8.70000000e-01 6.79672594e+06
2.60000000e-01 2.70000000e-01 8.80000000e-01 6.78403900e+06
2.60000000e-01 2.70000000e-01 8.90000000e-01 6.79739488e+06
2.60000000e-01 2.70000000e-01 9.00000000e-01 6.84269062e+06
2.60000000e-01 2.70000000e-01 9.10000000e-01 6.92561390e+06
2.60000000e-01 2.70000000e-01 9.20000000e-01 7.14320424e+06
2.60000000e-01 2.70000000e-01 9.30000000e-01 6.89720572e+06
2.60000000e-01 2.70000000e-01 9.40000000e-01 6.83062541e+06
2.60000000e-01 2.70000000e-01 9.50000000e-01 6.84240079e+06
2.60000000e-01 2.70000000e-01 9.60000000e-01 6.85933821e+06
2.60000000e-01 2.70000000e-01 9.70000000e-01 6.86661460e+06
2.60000000e-01 2.70000000e-01 9.80000000e-01 6.91697812e+06
2.60000000e-01 2.70000000e-01 9.90000000e-01 7.01848256e+06
2.60000000e-01 2.70000000e-01 1.00000000e+00 7.14130788e+06
2.60000000e-01 2.70000000e-01 1.01000000e+00 7.13392375e+06
2.60000000e-01 2.70000000e-01 1.02000000e+00 9.41364426e+06
2.60000000e-01 2.70000000e-01 1.03000000e+00 7.26989035e+06
2.60000000e-01 2.70000000e-01 1.04000000e+00 7.19526497e+06
2.60000000e-01 2.70000000e-01 1.05000000e+00 7.37383286e+06
2.60000000e-01 2.70000000e-01 1.06000000e+00 7.12444935e+06
2.60000000e-01 2.70000000e-01 1.07000000e+00 6.74827687e+06
2.60000000e-01 2.70000000e-01 1.08000000e+00 6.62533342e+06
2.60000000e-01 2.70000000e-01 1.09000000e+00 6.38519362e+06
2.60000000e-01 2.70000000e-01 1.10000000e+00 6.25441536e+06
2.60000000e-01 2.70000000e-01 1.11000000e+00 6.23204187e+06
2.60000000e-01 2.70000000e-01 1.12000000e+00 6.04708860e+06
2.60000000e-01 2.70000000e-01 1.13000000e+00 5.93123094e+06
2.60000000e-01 2.70000000e-01 1.14000000e+00 5.83670702e+06
2.60000000e-01 2.70000000e-01 1.15000000e+00 5.78381759e+06
2.60000000e-01 2.70000000e-01 1.16000000e+00 5.70236590e+06
2.60000000e-01 2.70000000e-01 1.17000000e+00 5.64544023e+06
2.60000000e-01 2.70000000e-01 1.18000000e+00 5.59969629e+06
2.60000000e-01 2.70000000e-01 1.19000000e+00 5.55823401e+06
2.60000000e-01 2.70000000e-01 1.20000000e+00 5.52669264e+06
2.60000000e-01 2.70000000e-01 1.21000000e+00 5.48504260e+06
2.60000000e-01 2.70000000e-01 1.22000000e+00 5.44514682e+06
2.60000000e-01 2.70000000e-01 1.23000000e+00 5.40535422e+06
2.60000000e-01 2.70000000e-01 1.24000000e+00 5.35835184e+06
2.60000000e-01 2.70000000e-01 1.25000000e+00 5.32857984e+06
2.60000000e-01 2.70000000e-01 1.26000000e+00 5.29608496e+06
2.60000000e-01 2.70000000e-01 1.27000000e+00 5.24594447e+06
2.60000000e-01 2.70000000e-01 1.28000000e+00 5.22427982e+06
2.60000000e-01 2.70000000e-01 1.29000000e+00 5.20329753e+06
2.60000000e-01 2.70000000e-01 1.30000000e+00 5.20740533e+06
2.60000000e-01 2.70000000e-01 1.31000000e+00 5.23694247e+06
2.60000000e-01 2.70000000e-01 1.32000000e+00 5.32633101e+06
2.60000000e-01 2.70000000e-01 1.33000000e+00 5.52215457e+06
2.60000000e-01 2.70000000e-01 1.34000000e+00 5.72260756e+06
2.60000000e-01 2.70000000e-01 1.35000000e+00 6.67492190e+06
2.60000000e-01 2.70000000e-01 1.36000000e+00 5.42694862e+06
2.60000000e-01 2.70000000e-01 1.37000000e+00 5.09427880e+06
2.60000000e-01 2.70000000e-01 1.38000000e+00 4.95944746e+06
2.60000000e-01 2.70000000e-01 1.39000000e+00 4.85071851e+06
2.60000000e-01 2.70000000e-01 1.40000000e+00 4.77984540e+06
2.60000000e-01 2.70000000e-01 1.41000000e+00 4.82532122e+06
2.60000000e-01 2.70000000e-01 1.42000000e+00 4.67334750e+06
2.60000000e-01 2.70000000e-01 1.43000000e+00 4.65055554e+06
2.60000000e-01 2.70000000e-01 1.44000000e+00 4.70989328e+06
2.60000000e-01 2.70000000e-01 1.45000000e+00 4.70741942e+06
2.60000000e-01 2.70000000e-01 1.46000000e+00 4.70933229e+06
2.60000000e-01 2.70000000e-01 1.47000000e+00 8.14944651e+06
2.60000000e-01 2.70000000e-01 1.48000000e+00 4.62906291e+06
2.60000000e-01 2.70000000e-01 1.49000000e+00 4.57361516e+06
2.60000000e-01 2.70000000e-01 1.50000000e+00 4.50426984e+06
2.60000000e-01 2.70000000e-01 1.51000000e+00 4.36061512e+06
2.60000000e-01 2.70000000e-01 1.52000000e+00 4.30330265e+06
2.60000000e-01 2.70000000e-01 1.53000000e+00 4.26214313e+06
2.60000000e-01 2.70000000e-01 1.54000000e+00 4.25296941e+06
2.60000000e-01 2.70000000e-01 1.55000000e+00 4.20778872e+06
2.60000000e-01 2.70000000e-01 1.56000000e+00 4.18258799e+06
2.60000000e-01 2.70000000e-01 1.57000000e+00 4.18483002e+06
2.60000000e-01 2.70000000e-01 1.58000000e+00 4.18766658e+06
2.60000000e-01 2.70000000e-01 1.59000000e+00 4.22476077e+06
2.60000000e-01 2.70000000e-01 1.60000000e+00 4.44570245e+06
2.60000000e-01 2.70000000e-01 1.61000000e+00 4.04195445e+06
2.60000000e-01 2.70000000e-01 1.62000000e+00 4.01587059e+06
2.60000000e-01 2.70000000e-01 1.63000000e+00 3.91493543e+06
2.60000000e-01 2.70000000e-01 1.64000000e+00 3.88057631e+06
2.60000000e-01 2.70000000e-01 1.65000000e+00 3.86716996e+06
2.60000000e-01 2.70000000e-01 1.66000000e+00 3.89476645e+06
2.60000000e-01 2.70000000e-01 1.67000000e+00 3.78067083e+06
2.60000000e-01 2.70000000e-01 1.68000000e+00 3.75313930e+06
2.60000000e-01 2.70000000e-01 1.69000000e+00 3.73054109e+06
2.60000000e-01 2.70000000e-01 1.70000000e+00 3.70122380e+06
2.60000000e-01 2.70000000e-01 1.71000000e+00 3.68145747e+06
2.60000000e-01 2.70000000e-01 1.72000000e+00 3.71880148e+06
2.60000000e-01 2.70000000e-01 1.73000000e+00 3.67753136e+06
2.60000000e-01 2.70000000e-01 1.74000000e+00 3.65898226e+06
2.60000000e-01 2.70000000e-01 1.75000000e+00 3.61670975e+06
2.60000000e-01 2.70000000e-01 1.76000000e+00 3.60455405e+06
2.60000000e-01 2.70000000e-01 1.77000000e+00 3.59743123e+06
2.60000000e-01 2.70000000e-01 1.78000000e+00 3.59659396e+06
2.60000000e-01 2.70000000e-01 1.79000000e+00 3.62470589e+06
2.60000000e-01 2.70000000e-01 1.80000000e+00 3.67400017e+06
2.60000000e-01 2.70000000e-01 1.81000000e+00 3.75734653e+06
2.60000000e-01 2.70000000e-01 1.82000000e+00 3.93606456e+06
2.60000000e-01 2.70000000e-01 1.83000000e+00 4.30261932e+06
2.60000000e-01 2.70000000e-01 1.84000000e+00 5.08181285e+06
2.60000000e-01 2.70000000e-01 1.85000000e+00 5.65937139e+06
2.60000000e-01 2.70000000e-01 1.86000000e+00 8.94943660e+06
2.60000000e-01 2.70000000e-01 1.87000000e+00 4.94577844e+06
2.60000000e-01 2.70000000e-01 1.88000000e+00 3.94116856e+06
2.60000000e-01 2.70000000e-01 1.89000000e+00 3.58189530e+06
2.60000000e-01 2.70000000e-01 1.90000000e+00 3.38998548e+06
2.60000000e-01 2.70000000e-01 1.91000000e+00 3.26902377e+06
2.60000000e-01 2.70000000e-01 1.92000000e+00 3.18178848e+06
2.60000000e-01 2.70000000e-01 1.93000000e+00 3.11613423e+06
2.60000000e-01 2.70000000e-01 1.94000000e+00 3.07045650e+06
2.60000000e-01 2.70000000e-01 1.95000000e+00 3.05271380e+06
2.60000000e-01 2.70000000e-01 1.96000000e+00 3.07755135e+06
2.60000000e-01 2.70000000e-01 1.97000000e+00 3.06948129e+06
2.60000000e-01 2.70000000e-01 1.98000000e+00 3.10276015e+06
2.60000000e-01 2.70000000e-01 1.99000000e+00 3.08062862e+06
2.60000000e-01 2.70000000e-01 2.00000000e+00 8.55106785e+06
2.70000000e-01 2.80000000e-01 1.00000000e-02 3.68162581e+05
2.70000000e-01 2.80000000e-01 2.00000000e-02 7.24244413e+05
2.70000000e-01 2.80000000e-01 3.00000000e-02 1.06649914e+06
2.70000000e-01 2.80000000e-01 4.00000000e-02 1.40800604e+06
2.70000000e-01 2.80000000e-01 5.00000000e-02 1.76848509e+06
2.70000000e-01 2.80000000e-01 6.00000000e-02 2.11708441e+06
2.70000000e-01 2.80000000e-01 7.00000000e-02 2.40577385e+06
2.70000000e-01 2.80000000e-01 8.00000000e-02 2.68030536e+06
2.70000000e-01 2.80000000e-01 9.00000000e-02 2.93996526e+06
2.70000000e-01 2.80000000e-01 1.00000000e-01 3.18515289e+06
2.70000000e-01 2.80000000e-01 1.10000000e-01 3.41609838e+06
2.70000000e-01 2.80000000e-01 1.20000000e-01 3.63368346e+06
2.70000000e-01 2.80000000e-01 1.30000000e-01 3.83703352e+06
2.70000000e-01 2.80000000e-01 1.40000000e-01 4.02838339e+06
2.70000000e-01 2.80000000e-01 1.50000000e-01 4.20727822e+06
2.70000000e-01 2.80000000e-01 1.60000000e-01 4.37664378e+06
2.70000000e-01 2.80000000e-01 1.70000000e-01 4.53563466e+06
2.70000000e-01 2.80000000e-01 1.80000000e-01 4.68153881e+06
2.70000000e-01 2.80000000e-01 1.90000000e-01 4.81824052e+06
2.70000000e-01 2.80000000e-01 2.00000000e-01 4.94493538e+06
2.70000000e-01 2.80000000e-01 2.10000000e-01 5.06281879e+06
2.70000000e-01 2.80000000e-01 2.20000000e-01 5.17256354e+06
2.70000000e-01 2.80000000e-01 2.30000000e-01 5.27444831e+06
2.70000000e-01 2.80000000e-01 2.40000000e-01 5.36838414e+06
2.70000000e-01 2.80000000e-01 2.50000000e-01 5.45549146e+06
2.70000000e-01 2.80000000e-01 2.60000000e-01 5.53897231e+06
2.70000000e-01 2.80000000e-01 2.70000000e-01 5.61335404e+06
2.70000000e-01 2.80000000e-01 2.80000000e-01 5.68185091e+06
2.70000000e-01 2.80000000e-01 2.90000000e-01 5.74185815e+06
2.70000000e-01 2.80000000e-01 3.00000000e-01 5.79799185e+06
2.70000000e-01 2.80000000e-01 3.10000000e-01 5.84962211e+06
2.70000000e-01 2.80000000e-01 3.20000000e-01 5.89662742e+06
2.70000000e-01 2.80000000e-01 3.30000000e-01 5.93817468e+06
2.70000000e-01 2.80000000e-01 3.40000000e-01 5.97421793e+06
2.70000000e-01 2.80000000e-01 3.50000000e-01 6.00685447e+06
2.70000000e-01 2.80000000e-01 3.60000000e-01 6.03768861e+06
2.70000000e-01 2.80000000e-01 3.70000000e-01 6.11647122e+06
2.70000000e-01 2.80000000e-01 3.80000000e-01 6.13473053e+06
2.70000000e-01 2.80000000e-01 3.90000000e-01 6.15050714e+06
2.70000000e-01 2.80000000e-01 4.00000000e-01 6.16178115e+06
2.70000000e-01 2.80000000e-01 4.10000000e-01 6.17149654e+06
2.70000000e-01 2.80000000e-01 4.20000000e-01 6.18076160e+06
2.70000000e-01 2.80000000e-01 4.30000000e-01 6.18677839e+06
2.70000000e-01 2.80000000e-01 4.40000000e-01 6.18970817e+06
2.70000000e-01 2.80000000e-01 4.50000000e-01 6.18866834e+06
2.70000000e-01 2.80000000e-01 4.60000000e-01 6.18798368e+06
2.70000000e-01 2.80000000e-01 4.70000000e-01 6.18509302e+06
2.70000000e-01 2.80000000e-01 4.80000000e-01 6.18480087e+06
2.70000000e-01 2.80000000e-01 4.90000000e-01 6.18420408e+06
2.70000000e-01 2.80000000e-01 5.00000000e-01 6.24191342e+06
2.70000000e-01 2.80000000e-01 5.10000000e-01 6.19770107e+06
2.70000000e-01 2.80000000e-01 5.20000000e-01 6.18940568e+06
2.70000000e-01 2.80000000e-01 5.30000000e-01 6.17981098e+06
2.70000000e-01 2.80000000e-01 5.40000000e-01 6.17770639e+06
2.70000000e-01 2.80000000e-01 5.50000000e-01 6.17477516e+06
2.70000000e-01 2.80000000e-01 5.60000000e-01 6.17441981e+06
2.70000000e-01 2.80000000e-01 5.70000000e-01 6.17969917e+06
2.70000000e-01 2.80000000e-01 5.80000000e-01 6.13811753e+06
2.70000000e-01 2.80000000e-01 5.90000000e-01 6.09546020e+06
2.70000000e-01 2.80000000e-01 6.00000000e-01 6.04833813e+06
2.70000000e-01 2.80000000e-01 6.10000000e-01 6.01257590e+06
2.70000000e-01 2.80000000e-01 6.20000000e-01 5.97683022e+06
2.70000000e-01 2.80000000e-01 6.30000000e-01 5.95389430e+06
2.70000000e-01 2.80000000e-01 6.40000000e-01 6.03345181e+06
2.70000000e-01 2.80000000e-01 6.50000000e-01 6.19715818e+06
2.70000000e-01 2.80000000e-01 6.60000000e-01 6.28121811e+06
2.70000000e-01 2.80000000e-01 6.70000000e-01 6.25137687e+06
2.70000000e-01 2.80000000e-01 6.80000000e-01 6.08928482e+06
2.70000000e-01 2.80000000e-01 6.90000000e-01 6.05945897e+06
2.70000000e-01 2.80000000e-01 7.00000000e-01 6.03564342e+06
2.70000000e-01 2.80000000e-01 7.10000000e-01 6.00838266e+06
2.70000000e-01 2.80000000e-01 7.20000000e-01 5.98084827e+06
2.70000000e-01 2.80000000e-01 7.30000000e-01 5.95104404e+06
2.70000000e-01 2.80000000e-01 7.40000000e-01 5.99410999e+06
2.70000000e-01 2.80000000e-01 7.50000000e-01 5.96143116e+06
2.70000000e-01 2.80000000e-01 7.60000000e-01 5.92750302e+06
2.70000000e-01 2.80000000e-01 7.70000000e-01 5.89581582e+06
2.70000000e-01 2.80000000e-01 7.80000000e-01 5.85973585e+06
2.70000000e-01 2.80000000e-01 7.90000000e-01 5.82153419e+06
2.70000000e-01 2.80000000e-01 8.00000000e-01 5.78445638e+06
2.70000000e-01 2.80000000e-01 8.10000000e-01 5.74995567e+06
2.70000000e-01 2.80000000e-01 8.20000000e-01 5.71709572e+06
2.70000000e-01 2.80000000e-01 8.30000000e-01 5.68364911e+06
2.70000000e-01 2.80000000e-01 8.40000000e-01 5.65531605e+06
2.70000000e-01 2.80000000e-01 8.50000000e-01 5.63354047e+06
2.70000000e-01 2.80000000e-01 8.60000000e-01 5.61289617e+06
2.70000000e-01 2.80000000e-01 8.70000000e-01 5.61062931e+06
2.70000000e-01 2.80000000e-01 8.80000000e-01 5.60064990e+06
2.70000000e-01 2.80000000e-01 8.90000000e-01 5.61593835e+06
2.70000000e-01 2.80000000e-01 9.00000000e-01 5.66441295e+06
2.70000000e-01 2.80000000e-01 9.10000000e-01 5.75220911e+06
2.70000000e-01 2.80000000e-01 9.20000000e-01 5.98932571e+06
2.70000000e-01 2.80000000e-01 9.30000000e-01 5.72959039e+06
2.70000000e-01 2.80000000e-01 9.40000000e-01 5.66565979e+06
2.70000000e-01 2.80000000e-01 9.50000000e-01 5.68495274e+06
2.70000000e-01 2.80000000e-01 9.60000000e-01 5.70486381e+06
2.70000000e-01 2.80000000e-01 9.70000000e-01 5.71554777e+06
2.70000000e-01 2.80000000e-01 9.80000000e-01 5.76853275e+06
2.70000000e-01 2.80000000e-01 9.90000000e-01 5.86208071e+06
2.70000000e-01 2.80000000e-01 1.00000000e+00 5.99842011e+06
2.70000000e-01 2.80000000e-01 1.01000000e+00 5.99027522e+06
2.70000000e-01 2.80000000e-01 1.02000000e+00 8.33170041e+06
2.70000000e-01 2.80000000e-01 1.03000000e+00 6.10743561e+06
2.70000000e-01 2.80000000e-01 1.04000000e+00 6.03405126e+06
2.70000000e-01 2.80000000e-01 1.05000000e+00 6.14182599e+06
2.70000000e-01 2.80000000e-01 1.06000000e+00 5.92530975e+06
2.70000000e-01 2.80000000e-01 1.07000000e+00 5.60290803e+06
2.70000000e-01 2.80000000e-01 1.08000000e+00 5.49254598e+06
2.70000000e-01 2.80000000e-01 1.09000000e+00 5.26306631e+06
2.70000000e-01 2.80000000e-01 1.10000000e+00 5.15380290e+06
2.70000000e-01 2.80000000e-01 1.11000000e+00 5.14482680e+06
2.70000000e-01 2.80000000e-01 1.12000000e+00 4.97519171e+06
2.70000000e-01 2.80000000e-01 1.13000000e+00 4.87133030e+06
2.70000000e-01 2.80000000e-01 1.14000000e+00 4.79011139e+06
2.70000000e-01 2.80000000e-01 1.15000000e+00 4.75008022e+06
2.70000000e-01 2.80000000e-01 1.16000000e+00 4.67720832e+06
2.70000000e-01 2.80000000e-01 1.17000000e+00 4.62897812e+06
2.70000000e-01 2.80000000e-01 1.18000000e+00 4.59152501e+06
2.70000000e-01 2.80000000e-01 1.19000000e+00 4.55760448e+06
2.70000000e-01 2.80000000e-01 1.20000000e+00 4.53324609e+06
2.70000000e-01 2.80000000e-01 1.21000000e+00 4.49885522e+06
2.70000000e-01 2.80000000e-01 1.22000000e+00 4.46643025e+06
2.70000000e-01 2.80000000e-01 1.23000000e+00 4.43177702e+06
2.70000000e-01 2.80000000e-01 1.24000000e+00 4.39118993e+06
2.70000000e-01 2.80000000e-01 1.25000000e+00 4.36526387e+06
2.70000000e-01 2.80000000e-01 1.26000000e+00 4.33900917e+06
2.70000000e-01 2.80000000e-01 1.27000000e+00 4.29622280e+06
2.70000000e-01 2.80000000e-01 1.28000000e+00 4.27871782e+06
2.70000000e-01 2.80000000e-01 1.29000000e+00 4.26098164e+06
2.70000000e-01 2.80000000e-01 1.30000000e+00 4.26553268e+06
2.70000000e-01 2.80000000e-01 1.31000000e+00 4.29162262e+06
2.70000000e-01 2.80000000e-01 1.32000000e+00 4.37509733e+06
2.70000000e-01 2.80000000e-01 1.33000000e+00 4.56960799e+06
2.70000000e-01 2.80000000e-01 1.34000000e+00 4.75562688e+06
2.70000000e-01 2.80000000e-01 1.35000000e+00 5.76986899e+06
2.70000000e-01 2.80000000e-01 1.36000000e+00 4.47817332e+06
2.70000000e-01 2.80000000e-01 1.37000000e+00 4.17671530e+06
2.70000000e-01 2.80000000e-01 1.38000000e+00 4.05963043e+06
2.70000000e-01 2.80000000e-01 1.39000000e+00 3.96723897e+06
2.70000000e-01 2.80000000e-01 1.40000000e+00 3.90828794e+06
2.70000000e-01 2.80000000e-01 1.41000000e+00 3.94817714e+06
2.70000000e-01 2.80000000e-01 1.42000000e+00 3.82122782e+06
2.70000000e-01 2.80000000e-01 1.43000000e+00 3.80080798e+06
2.70000000e-01 2.80000000e-01 1.44000000e+00 3.85719296e+06
2.70000000e-01 2.80000000e-01 1.45000000e+00 3.86747858e+06
2.70000000e-01 2.80000000e-01 1.46000000e+00 3.87157565e+06
2.70000000e-01 2.80000000e-01 1.47000000e+00 7.18688273e+06
2.70000000e-01 2.80000000e-01 1.48000000e+00 3.80657365e+06
2.70000000e-01 2.80000000e-01 1.49000000e+00 3.75603652e+06
2.70000000e-01 2.80000000e-01 1.50000000e+00 3.68075146e+06
2.70000000e-01 2.80000000e-01 1.51000000e+00 3.55459575e+06
2.70000000e-01 2.80000000e-01 1.52000000e+00 3.50622163e+06
2.70000000e-01 2.80000000e-01 1.53000000e+00 3.47180104e+06
2.70000000e-01 2.80000000e-01 1.54000000e+00 3.46446169e+06
2.70000000e-01 2.80000000e-01 1.55000000e+00 3.42570534e+06
2.70000000e-01 2.80000000e-01 1.56000000e+00 3.40563537e+06
2.70000000e-01 2.80000000e-01 1.57000000e+00 3.41114463e+06
2.70000000e-01 2.80000000e-01 1.58000000e+00 3.41874118e+06
2.70000000e-01 2.80000000e-01 1.59000000e+00 3.45291933e+06
2.70000000e-01 2.80000000e-01 1.60000000e+00 3.64846197e+06
2.70000000e-01 2.80000000e-01 1.61000000e+00 3.28767225e+06
2.70000000e-01 2.80000000e-01 1.62000000e+00 3.26433527e+06
2.70000000e-01 2.80000000e-01 1.63000000e+00 3.17993951e+06
2.70000000e-01 2.80000000e-01 1.64000000e+00 3.15140262e+06
2.70000000e-01 2.80000000e-01 1.65000000e+00 3.14007949e+06
2.70000000e-01 2.80000000e-01 1.66000000e+00 3.17023872e+06
2.70000000e-01 2.80000000e-01 1.67000000e+00 3.06782632e+06
2.70000000e-01 2.80000000e-01 1.68000000e+00 3.04528904e+06
2.70000000e-01 2.80000000e-01 1.69000000e+00 3.02756041e+06
2.70000000e-01 2.80000000e-01 1.70000000e+00 3.00432734e+06
2.70000000e-01 2.80000000e-01 1.71000000e+00 2.98913439e+06
2.70000000e-01 2.80000000e-01 1.72000000e+00 3.02053246e+06
2.70000000e-01 2.80000000e-01 1.73000000e+00 2.98705094e+06
2.70000000e-01 2.80000000e-01 1.74000000e+00 2.97122815e+06
2.70000000e-01 2.80000000e-01 1.75000000e+00 2.93657554e+06
2.70000000e-01 2.80000000e-01 1.76000000e+00 2.92493183e+06
2.70000000e-01 2.80000000e-01 1.77000000e+00 2.91806278e+06
2.70000000e-01 2.80000000e-01 1.78000000e+00 2.91645071e+06
2.70000000e-01 2.80000000e-01 1.79000000e+00 2.94070572e+06
2.70000000e-01 2.80000000e-01 1.80000000e+00 2.98210185e+06
2.70000000e-01 2.80000000e-01 1.81000000e+00 3.04940549e+06
2.70000000e-01 2.80000000e-01 1.82000000e+00 3.19763909e+06
2.70000000e-01 2.80000000e-01 1.83000000e+00 3.51523759e+06
2.70000000e-01 2.80000000e-01 1.84000000e+00 4.25159218e+06
2.70000000e-01 2.80000000e-01 1.85000000e+00 4.73347276e+06
2.70000000e-01 2.80000000e-01 1.86000000e+00 8.07346388e+06
2.70000000e-01 2.80000000e-01 1.87000000e+00 4.07228383e+06
2.70000000e-01 2.80000000e-01 1.88000000e+00 3.21557514e+06
2.70000000e-01 2.80000000e-01 1.89000000e+00 2.91419548e+06
2.70000000e-01 2.80000000e-01 1.90000000e+00 2.75196074e+06
2.70000000e-01 2.80000000e-01 1.91000000e+00 2.64913264e+06
2.70000000e-01 2.80000000e-01 1.92000000e+00 2.57485204e+06
2.70000000e-01 2.80000000e-01 1.93000000e+00 2.51916376e+06
2.70000000e-01 2.80000000e-01 1.94000000e+00 2.48010908e+06
2.70000000e-01 2.80000000e-01 1.95000000e+00 2.46286621e+06
2.70000000e-01 2.80000000e-01 1.96000000e+00 2.48242031e+06
2.70000000e-01 2.80000000e-01 1.97000000e+00 2.48179519e+06
2.70000000e-01 2.80000000e-01 1.98000000e+00 2.52445301e+06
2.70000000e-01 2.80000000e-01 1.99000000e+00 2.50957979e+06
2.70000000e-01 2.80000000e-01 2.00000000e+00 7.41956361e+06
2.80000000e-01 2.90000000e-01 1.00000000e-02 3.18539395e+05
2.80000000e-01 2.90000000e-01 2.00000000e-02 6.26085958e+05
2.80000000e-01 2.90000000e-01 3.00000000e-02 9.21145864e+05
2.80000000e-01 2.90000000e-01 4.00000000e-02 1.21857057e+06
2.80000000e-01 2.90000000e-01 5.00000000e-02 1.55593124e+06
2.80000000e-01 2.90000000e-01 6.00000000e-02 1.81935236e+06
2.80000000e-01 2.90000000e-01 7.00000000e-02 2.06602968e+06
2.80000000e-01 2.90000000e-01 8.00000000e-02 2.29936682e+06
2.80000000e-01 2.90000000e-01 9.00000000e-02 2.51974311e+06
2.80000000e-01 2.90000000e-01 1.00000000e-01 2.72709807e+06
2.80000000e-01 2.90000000e-01 1.10000000e-01 2.92163278e+06
2.80000000e-01 2.90000000e-01 1.20000000e-01 3.10456118e+06
2.80000000e-01 2.90000000e-01 1.30000000e-01 3.27499044e+06
2.80000000e-01 2.90000000e-01 1.40000000e-01 3.43476657e+06
2.80000000e-01 2.90000000e-01 1.50000000e-01 3.58380388e+06
2.80000000e-01 2.90000000e-01 1.60000000e-01 3.72449835e+06
2.80000000e-01 2.90000000e-01 1.70000000e-01 3.85660556e+06
2.80000000e-01 2.90000000e-01 1.80000000e-01 3.97689941e+06
2.80000000e-01 2.90000000e-01 1.90000000e-01 4.08933561e+06
2.80000000e-01 2.90000000e-01 2.00000000e-01 4.19304406e+06
2.80000000e-01 2.90000000e-01 2.10000000e-01 4.28920742e+06
2.80000000e-01 2.90000000e-01 2.20000000e-01 4.37835883e+06
2.80000000e-01 2.90000000e-01 2.30000000e-01 4.46085493e+06
2.80000000e-01 2.90000000e-01 2.40000000e-01 4.53656996e+06
2.80000000e-01 2.90000000e-01 2.50000000e-01 4.60637193e+06
2.80000000e-01 2.90000000e-01 2.60000000e-01 4.67361633e+06
2.80000000e-01 2.90000000e-01 2.70000000e-01 4.73277494e+06
2.80000000e-01 2.90000000e-01 2.80000000e-01 4.78709163e+06
2.80000000e-01 2.90000000e-01 2.90000000e-01 4.83372455e+06
2.80000000e-01 2.90000000e-01 3.00000000e-01 4.87738563e+06
2.80000000e-01 2.90000000e-01 3.10000000e-01 4.91732211e+06
2.80000000e-01 2.90000000e-01 3.20000000e-01 4.95348585e+06
2.80000000e-01 2.90000000e-01 3.30000000e-01 4.98492570e+06
2.80000000e-01 2.90000000e-01 3.40000000e-01 5.01161005e+06
2.80000000e-01 2.90000000e-01 3.50000000e-01 5.03549679e+06
2.80000000e-01 2.90000000e-01 3.60000000e-01 5.05847399e+06
2.80000000e-01 2.90000000e-01 3.70000000e-01 5.12421181e+06
2.80000000e-01 2.90000000e-01 3.80000000e-01 5.13594454e+06
2.80000000e-01 2.90000000e-01 3.90000000e-01 5.14459448e+06
2.80000000e-01 2.90000000e-01 4.00000000e-01 5.15030731e+06
2.80000000e-01 2.90000000e-01 4.10000000e-01 5.15509663e+06
2.80000000e-01 2.90000000e-01 4.20000000e-01 5.15957562e+06
2.80000000e-01 2.90000000e-01 4.30000000e-01 5.16145016e+06
2.80000000e-01 2.90000000e-01 4.40000000e-01 5.16029931e+06
2.80000000e-01 2.90000000e-01 4.50000000e-01 5.15597845e+06
2.80000000e-01 2.90000000e-01 4.60000000e-01 5.15225592e+06
2.80000000e-01 2.90000000e-01 4.70000000e-01 5.14657561e+06
2.80000000e-01 2.90000000e-01 4.80000000e-01 5.14338410e+06
2.80000000e-01 2.90000000e-01 4.90000000e-01 5.14070116e+06
2.80000000e-01 2.90000000e-01 5.00000000e-01 5.19456106e+06
2.80000000e-01 2.90000000e-01 5.10000000e-01 5.14569083e+06
2.80000000e-01 2.90000000e-01 5.20000000e-01 5.13534360e+06
2.80000000e-01 2.90000000e-01 5.30000000e-01 5.12387007e+06
2.80000000e-01 2.90000000e-01 5.40000000e-01 5.11904950e+06
2.80000000e-01 2.90000000e-01 5.50000000e-01 5.11565994e+06
2.80000000e-01 2.90000000e-01 5.60000000e-01 5.11532430e+06
2.80000000e-01 2.90000000e-01 5.70000000e-01 5.12279779e+06
2.80000000e-01 2.90000000e-01 5.80000000e-01 5.08187575e+06
2.80000000e-01 2.90000000e-01 5.90000000e-01 5.03847822e+06
2.80000000e-01 2.90000000e-01 6.00000000e-01 4.99628974e+06
2.80000000e-01 2.90000000e-01 6.10000000e-01 4.96373817e+06
2.80000000e-01 2.90000000e-01 6.20000000e-01 4.93260745e+06
2.80000000e-01 2.90000000e-01 6.30000000e-01 4.91468192e+06
2.80000000e-01 2.90000000e-01 6.40000000e-01 5.00317448e+06
2.80000000e-01 2.90000000e-01 6.50000000e-01 5.17515951e+06
2.80000000e-01 2.90000000e-01 6.60000000e-01 5.21048860e+06
2.80000000e-01 2.90000000e-01 6.70000000e-01 5.18489097e+06
2.80000000e-01 2.90000000e-01 6.80000000e-01 5.02369648e+06
2.80000000e-01 2.90000000e-01 6.90000000e-01 4.99782300e+06
2.80000000e-01 2.90000000e-01 7.00000000e-01 4.97823598e+06
2.80000000e-01 2.90000000e-01 7.10000000e-01 4.95590883e+06
2.80000000e-01 2.90000000e-01 7.20000000e-01 4.93299666e+06
2.80000000e-01 2.90000000e-01 7.30000000e-01 4.90808843e+06
2.80000000e-01 2.90000000e-01 7.40000000e-01 4.94609412e+06
2.80000000e-01 2.90000000e-01 7.50000000e-01 4.91841516e+06
2.80000000e-01 2.90000000e-01 7.60000000e-01 4.88962819e+06
2.80000000e-01 2.90000000e-01 7.70000000e-01 4.86272411e+06
2.80000000e-01 2.90000000e-01 7.80000000e-01 4.83160867e+06
2.80000000e-01 2.90000000e-01 7.90000000e-01 4.79797617e+06
2.80000000e-01 2.90000000e-01 8.00000000e-01 4.76574596e+06
2.80000000e-01 2.90000000e-01 8.10000000e-01 4.73552088e+06
2.80000000e-01 2.90000000e-01 8.20000000e-01 4.70697272e+06
2.80000000e-01 2.90000000e-01 8.30000000e-01 4.67826136e+06
2.80000000e-01 2.90000000e-01 8.40000000e-01 4.65344999e+06
2.80000000e-01 2.90000000e-01 8.50000000e-01 4.63498134e+06
2.80000000e-01 2.90000000e-01 8.60000000e-01 4.61759054e+06
2.80000000e-01 2.90000000e-01 8.70000000e-01 4.61654492e+06
2.80000000e-01 2.90000000e-01 8.80000000e-01 4.60927487e+06
2.80000000e-01 2.90000000e-01 8.90000000e-01 4.62613376e+06
2.80000000e-01 2.90000000e-01 9.00000000e-01 4.67726660e+06
2.80000000e-01 2.90000000e-01 9.10000000e-01 4.76878863e+06
2.80000000e-01 2.90000000e-01 9.20000000e-01 5.02202705e+06
2.80000000e-01 2.90000000e-01 9.30000000e-01 4.75091042e+06
2.80000000e-01 2.90000000e-01 9.40000000e-01 4.69091219e+06
2.80000000e-01 2.90000000e-01 9.50000000e-01 4.71684837e+06
2.80000000e-01 2.90000000e-01 9.60000000e-01 4.73931996e+06
2.80000000e-01 2.90000000e-01 9.70000000e-01 4.75183720e+06
2.80000000e-01 2.90000000e-01 9.80000000e-01 4.80709860e+06
2.80000000e-01 2.90000000e-01 9.90000000e-01 4.89333892e+06
2.80000000e-01 2.90000000e-01 1.00000000e+00 5.03740187e+06
2.80000000e-01 2.90000000e-01 1.01000000e+00 5.02854674e+06
2.80000000e-01 2.90000000e-01 1.02000000e+00 7.42934082e+06
2.80000000e-01 2.90000000e-01 1.03000000e+00 5.12860670e+06
2.80000000e-01 2.90000000e-01 1.04000000e+00 5.05662652e+06
2.80000000e-01 2.90000000e-01 1.05000000e+00 5.10781696e+06
2.80000000e-01 2.90000000e-01 1.06000000e+00 4.91763675e+06
2.80000000e-01 2.90000000e-01 1.07000000e+00 4.64175636e+06
2.80000000e-01 2.90000000e-01 1.08000000e+00 4.54307937e+06
2.80000000e-01 2.90000000e-01 1.09000000e+00 4.32736913e+06
2.80000000e-01 2.90000000e-01 1.10000000e+00 4.23527180e+06
2.80000000e-01 2.90000000e-01 1.11000000e+00 4.23394843e+06
2.80000000e-01 2.90000000e-01 1.12000000e+00 4.08250052e+06
2.80000000e-01 2.90000000e-01 1.13000000e+00 3.99043516e+06
2.80000000e-01 2.90000000e-01 1.14000000e+00 3.92037139e+06
2.80000000e-01 2.90000000e-01 1.15000000e+00 3.88986076e+06
2.80000000e-01 2.90000000e-01 1.16000000e+00 3.82649357e+06
2.80000000e-01 2.90000000e-01 1.17000000e+00 3.78619025e+06
2.80000000e-01 2.90000000e-01 1.18000000e+00 3.75586554e+06
2.80000000e-01 2.90000000e-01 1.19000000e+00 3.72845308e+06
2.80000000e-01 2.90000000e-01 1.20000000e+00 3.71002290e+06
2.80000000e-01 2.90000000e-01 1.21000000e+00 3.68186254e+06
2.80000000e-01 2.90000000e-01 1.22000000e+00 3.65582090e+06
2.80000000e-01 2.90000000e-01 1.23000000e+00 3.62586707e+06
2.80000000e-01 2.90000000e-01 1.24000000e+00 3.59094960e+06
2.80000000e-01 2.90000000e-01 1.25000000e+00 3.56846365e+06
2.80000000e-01 2.90000000e-01 1.26000000e+00 3.54723915e+06
2.80000000e-01 2.90000000e-01 1.27000000e+00 3.51121777e+06
2.80000000e-01 2.90000000e-01 1.28000000e+00 3.49723627e+06
2.80000000e-01 2.90000000e-01 1.29000000e+00 3.48247798e+06
2.80000000e-01 2.90000000e-01 1.30000000e+00 3.48690716e+06
2.80000000e-01 2.90000000e-01 1.31000000e+00 3.51017384e+06
2.80000000e-01 2.90000000e-01 1.32000000e+00 3.58784066e+06
2.80000000e-01 2.90000000e-01 1.33000000e+00 3.77794591e+06
2.80000000e-01 2.90000000e-01 1.34000000e+00 3.95001658e+06
2.80000000e-01 2.90000000e-01 1.35000000e+00 5.01362277e+06
2.80000000e-01 2.90000000e-01 1.36000000e+00 3.69021343e+06
2.80000000e-01 2.90000000e-01 1.37000000e+00 3.41808693e+06
2.80000000e-01 2.90000000e-01 1.38000000e+00 3.31655127e+06
2.80000000e-01 2.90000000e-01 1.39000000e+00 3.23807121e+06
2.80000000e-01 2.90000000e-01 1.40000000e+00 3.18900363e+06
2.80000000e-01 2.90000000e-01 1.41000000e+00 3.22373316e+06
2.80000000e-01 2.90000000e-01 1.42000000e+00 3.11786496e+06
2.80000000e-01 2.90000000e-01 1.43000000e+00 3.09965591e+06
2.80000000e-01 2.90000000e-01 1.44000000e+00 3.15203437e+06
2.80000000e-01 2.90000000e-01 1.45000000e+00 3.17242368e+06
2.80000000e-01 2.90000000e-01 1.46000000e+00 3.17852484e+06
2.80000000e-01 2.90000000e-01 1.47000000e+00 6.35193991e+06
2.80000000e-01 2.90000000e-01 1.48000000e+00 3.12612389e+06
2.80000000e-01 2.90000000e-01 1.49000000e+00 3.07971477e+06
2.80000000e-01 2.90000000e-01 1.50000000e+00 3.00136923e+06
2.80000000e-01 2.90000000e-01 1.51000000e+00 2.89191961e+06
2.80000000e-01 2.90000000e-01 1.52000000e+00 2.85132050e+06
2.80000000e-01 2.90000000e-01 1.53000000e+00 2.82284168e+06
2.80000000e-01 2.90000000e-01 1.54000000e+00 2.81710449e+06
2.80000000e-01 2.90000000e-01 1.55000000e+00 2.78415265e+06
2.80000000e-01 2.90000000e-01 1.56000000e+00 2.76844880e+06
2.80000000e-01 2.90000000e-01 1.57000000e+00 2.77669733e+06
2.80000000e-01 2.90000000e-01 1.58000000e+00 2.78772204e+06
2.80000000e-01 2.90000000e-01 1.59000000e+00 2.81889074e+06
2.80000000e-01 2.90000000e-01 1.60000000e+00 2.99129911e+06
2.80000000e-01 2.90000000e-01 1.61000000e+00 2.66979720e+06
2.80000000e-01 2.90000000e-01 1.62000000e+00 2.64891888e+06
2.80000000e-01 2.90000000e-01 1.63000000e+00 2.57843044e+06
2.80000000e-01 2.90000000e-01 1.64000000e+00 2.55474283e+06
2.80000000e-01 2.90000000e-01 1.65000000e+00 2.54509350e+06
2.80000000e-01 2.90000000e-01 1.66000000e+00 2.57895107e+06
2.80000000e-01 2.90000000e-01 1.67000000e+00 2.48479255e+06
2.80000000e-01 2.90000000e-01 1.68000000e+00 2.46640027e+06
2.80000000e-01 2.90000000e-01 1.69000000e+00 2.45260634e+06
2.80000000e-01 2.90000000e-01 1.70000000e+00 2.43407141e+06
2.80000000e-01 2.90000000e-01 1.71000000e+00 2.42247186e+06
2.80000000e-01 2.90000000e-01 1.72000000e+00 2.44852140e+06
2.80000000e-01 2.90000000e-01 1.73000000e+00 2.42201445e+06
2.80000000e-01 2.90000000e-01 1.74000000e+00 2.40835521e+06
2.80000000e-01 2.90000000e-01 1.75000000e+00 2.37986971e+06
2.80000000e-01 2.90000000e-01 1.76000000e+00 2.36879760e+06
2.80000000e-01 2.90000000e-01 1.77000000e+00 2.36201464e+06
2.80000000e-01 2.90000000e-01 1.78000000e+00 2.36028967e+06
2.80000000e-01 2.90000000e-01 1.79000000e+00 2.38103892e+06
2.80000000e-01 2.90000000e-01 1.80000000e+00 2.41569905e+06
2.80000000e-01 2.90000000e-01 1.81000000e+00 2.46996481e+06
2.80000000e-01 2.90000000e-01 1.82000000e+00 2.59258135e+06
2.80000000e-01 2.90000000e-01 1.83000000e+00 2.86733497e+06
2.80000000e-01 2.90000000e-01 1.84000000e+00 3.55662731e+06
2.80000000e-01 2.90000000e-01 1.85000000e+00 3.95796223e+06
2.80000000e-01 2.90000000e-01 1.86000000e+00 7.30077999e+06
2.80000000e-01 2.90000000e-01 1.87000000e+00 3.34734246e+06
2.80000000e-01 2.90000000e-01 1.88000000e+00 2.61903925e+06
2.80000000e-01 2.90000000e-01 1.89000000e+00 2.36692849e+06
2.80000000e-01 2.90000000e-01 1.90000000e+00 2.23010116e+06
2.80000000e-01 2.90000000e-01 1.91000000e+00 2.14290670e+06
2.80000000e-01 2.90000000e-01 1.92000000e+00 2.07978615e+06
2.80000000e-01 2.90000000e-01 1.93000000e+00 2.03258778e+06
2.80000000e-01 2.90000000e-01 1.94000000e+00 1.99920308e+06
2.80000000e-01 2.90000000e-01 1.95000000e+00 1.98308482e+06
2.80000000e-01 2.90000000e-01 1.96000000e+00 1.99788779e+06
2.80000000e-01 2.90000000e-01 1.97000000e+00 2.00205566e+06
2.80000000e-01 2.90000000e-01 1.98000000e+00 2.04982370e+06
2.80000000e-01 2.90000000e-01 1.99000000e+00 2.04057819e+06
2.80000000e-01 2.90000000e-01 2.00000000e+00 6.42702366e+06
2.90000000e-01 3.00000000e-01 1.00000000e-02 2.74831641e+05
2.90000000e-01 3.00000000e-01 2.00000000e-02 5.39685268e+05
2.90000000e-01 3.00000000e-01 3.00000000e-02 7.93308471e+05
2.90000000e-01 3.00000000e-01 4.00000000e-02 1.05283121e+06
2.90000000e-01 3.00000000e-01 5.00000000e-02 1.33738708e+06
2.90000000e-01 3.00000000e-01 6.00000000e-02 1.55885773e+06
2.90000000e-01 3.00000000e-01 7.00000000e-02 1.76847601e+06
2.90000000e-01 3.00000000e-01 8.00000000e-02 1.96649183e+06
2.90000000e-01 3.00000000e-01 9.00000000e-02 2.15278527e+06
2.90000000e-01 3.00000000e-01 1.00000000e-01 2.32740203e+06
2.90000000e-01 3.00000000e-01 1.10000000e-01 2.49056246e+06
2.90000000e-01 3.00000000e-01 1.20000000e-01 2.64375468e+06
2.90000000e-01 3.00000000e-01 1.30000000e-01 2.78600332e+06
2.90000000e-01 3.00000000e-01 1.40000000e-01 2.91883881e+06
2.90000000e-01 3.00000000e-01 1.50000000e-01 3.04248460e+06
2.90000000e-01 3.00000000e-01 1.60000000e-01 3.15876395e+06
2.90000000e-01 3.00000000e-01 1.70000000e-01 3.26808889e+06
2.90000000e-01 3.00000000e-01 1.80000000e-01 3.36679470e+06
2.90000000e-01 3.00000000e-01 1.90000000e-01 3.45881429e+06
2.90000000e-01 3.00000000e-01 2.00000000e-01 3.54325040e+06
2.90000000e-01 3.00000000e-01 2.10000000e-01 3.62124996e+06
2.90000000e-01 3.00000000e-01 2.20000000e-01 3.69322036e+06
2.90000000e-01 3.00000000e-01 2.30000000e-01 3.75961634e+06
2.90000000e-01 3.00000000e-01 2.40000000e-01 3.82027536e+06
2.90000000e-01 3.00000000e-01 2.50000000e-01 3.87583861e+06
2.90000000e-01 3.00000000e-01 2.60000000e-01 3.92968403e+06
2.90000000e-01 3.00000000e-01 2.70000000e-01 3.97637812e+06
2.90000000e-01 3.00000000e-01 2.80000000e-01 4.01913831e+06
2.90000000e-01 3.00000000e-01 2.90000000e-01 4.05492721e+06
2.90000000e-01 3.00000000e-01 3.00000000e-01 4.08850687e+06
2.90000000e-01 3.00000000e-01 3.10000000e-01 4.11904057e+06
2.90000000e-01 3.00000000e-01 3.20000000e-01 4.14648847e+06
2.90000000e-01 3.00000000e-01 3.30000000e-01 4.16986146e+06
2.90000000e-01 3.00000000e-01 3.40000000e-01 4.18916767e+06
2.90000000e-01 3.00000000e-01 3.50000000e-01 4.20616020e+06
2.90000000e-01 3.00000000e-01 3.60000000e-01 4.22301565e+06
2.90000000e-01 3.00000000e-01 3.70000000e-01 4.27785864e+06
2.90000000e-01 3.00000000e-01 3.80000000e-01 4.28470034e+06
2.90000000e-01 3.00000000e-01 3.90000000e-01 4.28796957e+06
2.90000000e-01 3.00000000e-01 4.00000000e-01 4.28962882e+06
2.90000000e-01 3.00000000e-01 4.10000000e-01 4.29069865e+06
2.90000000e-01 3.00000000e-01 4.20000000e-01 4.29170397e+06
2.90000000e-01 3.00000000e-01 4.30000000e-01 4.29056729e+06
2.90000000e-01 3.00000000e-01 4.40000000e-01 4.28657601e+06
2.90000000e-01 3.00000000e-01 4.50000000e-01 4.28013986e+06
2.90000000e-01 3.00000000e-01 4.60000000e-01 4.27438056e+06
2.90000000e-01 3.00000000e-01 4.70000000e-01 4.26689587e+06
2.90000000e-01 3.00000000e-01 4.80000000e-01 4.26171778e+06
2.90000000e-01 3.00000000e-01 4.90000000e-01 4.25777702e+06
2.90000000e-01 3.00000000e-01 5.00000000e-01 4.30882384e+06
2.90000000e-01 3.00000000e-01 5.10000000e-01 4.25639084e+06
2.90000000e-01 3.00000000e-01 5.20000000e-01 4.24481849e+06
2.90000000e-01 3.00000000e-01 5.30000000e-01 4.23237593e+06
2.90000000e-01 3.00000000e-01 5.40000000e-01 4.22550327e+06
2.90000000e-01 3.00000000e-01 5.50000000e-01 4.22241431e+06
2.90000000e-01 3.00000000e-01 5.60000000e-01 4.22241860e+06
2.90000000e-01 3.00000000e-01 5.70000000e-01 4.23207375e+06
2.90000000e-01 3.00000000e-01 5.80000000e-01 4.19224810e+06
2.90000000e-01 3.00000000e-01 5.90000000e-01 4.14883992e+06
2.90000000e-01 3.00000000e-01 6.00000000e-01 4.11162620e+06
2.90000000e-01 3.00000000e-01 6.10000000e-01 4.08207708e+06
2.90000000e-01 3.00000000e-01 6.20000000e-01 4.05531929e+06
2.90000000e-01 3.00000000e-01 6.30000000e-01 4.04154492e+06
2.90000000e-01 3.00000000e-01 6.40000000e-01 4.13638136e+06
2.90000000e-01 3.00000000e-01 6.50000000e-01 4.31402715e+06
2.90000000e-01 3.00000000e-01 6.60000000e-01 4.30983096e+06
2.90000000e-01 3.00000000e-01 6.70000000e-01 4.28699400e+06
2.90000000e-01 3.00000000e-01 6.80000000e-01 4.12992925e+06
2.90000000e-01 3.00000000e-01 6.90000000e-01 4.10770967e+06
2.90000000e-01 3.00000000e-01 7.00000000e-01 4.09187523e+06
2.90000000e-01 3.00000000e-01 7.10000000e-01 4.07407654e+06
2.90000000e-01 3.00000000e-01 7.20000000e-01 4.05527952e+06
2.90000000e-01 3.00000000e-01 7.30000000e-01 4.03483759e+06
2.90000000e-01 3.00000000e-01 7.40000000e-01 4.06834240e+06
2.90000000e-01 3.00000000e-01 7.50000000e-01 4.04545940e+06
2.90000000e-01 3.00000000e-01 7.60000000e-01 4.02137234e+06
2.90000000e-01 3.00000000e-01 7.70000000e-01 3.99889557e+06
2.90000000e-01 3.00000000e-01 7.80000000e-01 3.97227647e+06
2.90000000e-01 3.00000000e-01 7.90000000e-01 3.94300661e+06
2.90000000e-01 3.00000000e-01 8.00000000e-01 3.91505641e+06
2.90000000e-01 3.00000000e-01 8.10000000e-01 3.88888222e+06
2.90000000e-01 3.00000000e-01 8.20000000e-01 3.86426268e+06
2.90000000e-01 3.00000000e-01 8.30000000e-01 3.83989342e+06
2.90000000e-01 3.00000000e-01 8.40000000e-01 3.81833852e+06
2.90000000e-01 3.00000000e-01 8.50000000e-01 3.80293407e+06
2.90000000e-01 3.00000000e-01 8.60000000e-01 3.78875369e+06
2.90000000e-01 3.00000000e-01 8.70000000e-01 3.78901911e+06
2.90000000e-01 3.00000000e-01 8.80000000e-01 3.78430119e+06
2.90000000e-01 3.00000000e-01 8.90000000e-01 3.80243380e+06
2.90000000e-01 3.00000000e-01 9.00000000e-01 3.85557743e+06
2.90000000e-01 3.00000000e-01 9.10000000e-01 3.94967316e+06
2.90000000e-01 3.00000000e-01 9.20000000e-01 4.21601436e+06
2.90000000e-01 3.00000000e-01 9.30000000e-01 3.93583993e+06
2.90000000e-01 3.00000000e-01 9.40000000e-01 3.88061074e+06
2.90000000e-01 3.00000000e-01 9.50000000e-01 3.91246900e+06
2.90000000e-01 3.00000000e-01 9.60000000e-01 3.93686980e+06
2.90000000e-01 3.00000000e-01 9.70000000e-01 3.95015534e+06
2.90000000e-01 3.00000000e-01 9.80000000e-01 4.00701871e+06
2.90000000e-01 3.00000000e-01 9.90000000e-01 4.08673902e+06
2.90000000e-01 3.00000000e-01 1.00000000e+00 4.23342825e+06
2.90000000e-01 3.00000000e-01 1.01000000e+00 4.22378895e+06
2.90000000e-01 3.00000000e-01 1.02000000e+00 6.67718360e+06
2.90000000e-01 3.00000000e-01 1.03000000e+00 4.30835754e+06
2.90000000e-01 3.00000000e-01 1.04000000e+00 4.23762318e+06
2.90000000e-01 3.00000000e-01 1.05000000e+00 4.24478148e+06
2.90000000e-01 3.00000000e-01 1.06000000e+00 4.07550587e+06
2.90000000e-01 3.00000000e-01 1.07000000e+00 3.83927167e+06
2.90000000e-01 3.00000000e-01 1.08000000e+00 3.75149588e+06
2.90000000e-01 3.00000000e-01 1.09000000e+00 3.55153202e+06
2.90000000e-01 3.00000000e-01 1.10000000e+00 3.47311389e+06
2.90000000e-01 3.00000000e-01 1.11000000e+00 3.47519886e+06
2.90000000e-01 3.00000000e-01 1.12000000e+00 3.34342252e+06
2.90000000e-01 3.00000000e-01 1.13000000e+00 3.26273148e+06
2.90000000e-01 3.00000000e-01 1.14000000e+00 3.20219731e+06
2.90000000e-01 3.00000000e-01 1.15000000e+00 3.17882148e+06
2.90000000e-01 3.00000000e-01 1.16000000e+00 3.12501902e+06
2.90000000e-01 3.00000000e-01 1.17000000e+00 3.09175507e+06
2.90000000e-01 3.00000000e-01 1.18000000e+00 3.06746921e+06
2.90000000e-01 3.00000000e-01 1.19000000e+00 3.04558438e+06
2.90000000e-01 3.00000000e-01 1.20000000e+00 3.03198515e+06
2.90000000e-01 3.00000000e-01 1.21000000e+00 3.00909409e+06
2.90000000e-01 3.00000000e-01 1.22000000e+00 2.98843312e+06
2.90000000e-01 3.00000000e-01 1.23000000e+00 2.96273848e+06
2.90000000e-01 3.00000000e-01 1.24000000e+00 2.93275606e+06
2.90000000e-01 3.00000000e-01 1.25000000e+00 2.91333021e+06
2.90000000e-01 3.00000000e-01 1.26000000e+00 2.89620096e+06
2.90000000e-01 3.00000000e-01 1.27000000e+00 2.86626793e+06
2.90000000e-01 3.00000000e-01 1.28000000e+00 2.85521850e+06
2.90000000e-01 3.00000000e-01 1.29000000e+00 2.84323753e+06
2.90000000e-01 3.00000000e-01 1.30000000e+00 2.84722760e+06
2.90000000e-01 3.00000000e-01 1.31000000e+00 2.86816868e+06
2.90000000e-01 3.00000000e-01 1.32000000e+00 2.94011440e+06
2.90000000e-01 3.00000000e-01 1.33000000e+00 3.12375573e+06
2.90000000e-01 3.00000000e-01 1.34000000e+00 3.28252963e+06
2.90000000e-01 3.00000000e-01 1.35000000e+00 4.38458551e+06
2.90000000e-01 3.00000000e-01 1.36000000e+00 3.03961854e+06
2.90000000e-01 3.00000000e-01 1.37000000e+00 2.79470485e+06
2.90000000e-01 3.00000000e-01 1.38000000e+00 2.70659143e+06
2.90000000e-01 3.00000000e-01 1.39000000e+00 2.63989560e+06
2.90000000e-01 3.00000000e-01 1.40000000e+00 2.59891653e+06
2.90000000e-01 3.00000000e-01 1.41000000e+00 2.62884360e+06
2.90000000e-01 3.00000000e-01 1.42000000e+00 2.54075251e+06
2.90000000e-01 3.00000000e-01 1.43000000e+00 2.52448755e+06
2.90000000e-01 3.00000000e-01 1.44000000e+00 2.57205246e+06
2.90000000e-01 3.00000000e-01 1.45000000e+00 2.59995691e+06
2.90000000e-01 3.00000000e-01 1.46000000e+00 2.60796417e+06
2.90000000e-01 3.00000000e-01 1.47000000e+00 5.62824088e+06
2.90000000e-01 3.00000000e-01 1.48000000e+00 2.56589059e+06
2.90000000e-01 3.00000000e-01 1.49000000e+00 2.52294760e+06
2.90000000e-01 3.00000000e-01 1.50000000e+00 2.44407300e+06
2.90000000e-01 3.00000000e-01 1.51000000e+00 2.35016901e+06
2.90000000e-01 3.00000000e-01 1.52000000e+00 2.31627833e+06
2.90000000e-01 3.00000000e-01 1.53000000e+00 2.29296654e+06
2.90000000e-01 3.00000000e-01 1.54000000e+00 2.28864522e+06
2.90000000e-01 3.00000000e-01 1.55000000e+00 2.26077382e+06
2.90000000e-01 3.00000000e-01 1.56000000e+00 2.24873575e+06
2.90000000e-01 3.00000000e-01 1.57000000e+00 2.25911552e+06
2.90000000e-01 3.00000000e-01 1.58000000e+00 2.27263148e+06
2.90000000e-01 3.00000000e-01 1.59000000e+00 2.30073110e+06
2.90000000e-01 3.00000000e-01 1.60000000e+00 2.45260319e+06
2.90000000e-01 3.00000000e-01 1.61000000e+00 2.16635980e+06
2.90000000e-01 3.00000000e-01 1.62000000e+00 2.14761120e+06
2.90000000e-01 3.00000000e-01 1.63000000e+00 2.08885303e+06
2.90000000e-01 3.00000000e-01 1.64000000e+00 2.06919885e+06
2.90000000e-01 3.00000000e-01 1.65000000e+00 2.06087785e+06
2.90000000e-01 3.00000000e-01 1.66000000e+00 2.09779479e+06
2.90000000e-01 3.00000000e-01 1.67000000e+00 2.01059976e+06
2.90000000e-01 3.00000000e-01 1.68000000e+00 1.99557701e+06
2.90000000e-01 3.00000000e-01 1.69000000e+00 1.98490773e+06
2.90000000e-01 3.00000000e-01 1.70000000e+00 1.97000792e+06
2.90000000e-01 3.00000000e-01 1.71000000e+00 1.96119503e+06
2.90000000e-01 3.00000000e-01 1.72000000e+00 1.98265374e+06
2.90000000e-01 3.00000000e-01 1.73000000e+00 1.96206695e+06
2.90000000e-01 3.00000000e-01 1.74000000e+00 1.95013414e+06
2.90000000e-01 3.00000000e-01 1.75000000e+00 1.92674752e+06
2.90000000e-01 3.00000000e-01 1.76000000e+00 1.91622636e+06
2.90000000e-01 3.00000000e-01 1.77000000e+00 1.90958071e+06
2.90000000e-01 3.00000000e-01 1.78000000e+00 1.90806887e+06
2.90000000e-01 3.00000000e-01 1.79000000e+00 1.92573613e+06
2.90000000e-01 3.00000000e-01 1.80000000e+00 1.95473608e+06
2.90000000e-01 3.00000000e-01 1.81000000e+00 1.99852882e+06
2.90000000e-01 3.00000000e-01 1.82000000e+00 2.09989245e+06
2.90000000e-01 3.00000000e-01 1.83000000e+00 2.33746688e+06
2.90000000e-01 3.00000000e-01 1.84000000e+00 2.97818054e+06
2.90000000e-01 3.00000000e-01 1.85000000e+00 3.31186414e+06
2.90000000e-01 3.00000000e-01 1.86000000e+00 6.62031521e+06
2.90000000e-01 3.00000000e-01 1.87000000e+00 2.74992053e+06
2.90000000e-01 3.00000000e-01 1.88000000e+00 2.13162616e+06
2.90000000e-01 3.00000000e-01 1.89000000e+00 1.92091256e+06
2.90000000e-01 3.00000000e-01 1.90000000e+00 1.80559478e+06
2.90000000e-01 3.00000000e-01 1.91000000e+00 1.73174132e+06
2.90000000e-01 3.00000000e-01 1.92000000e+00 1.67816076e+06
2.90000000e-01 3.00000000e-01 1.93000000e+00 1.63812193e+06
2.90000000e-01 3.00000000e-01 1.94000000e+00 1.60953705e+06
2.90000000e-01 3.00000000e-01 1.95000000e+00 1.59477896e+06
2.90000000e-01 3.00000000e-01 1.96000000e+00 1.60537521e+06
2.90000000e-01 3.00000000e-01 1.97000000e+00 1.61217904e+06
2.90000000e-01 3.00000000e-01 1.98000000e+00 1.66146027e+06
2.90000000e-01 3.00000000e-01 1.99000000e+00 1.65645106e+06
2.90000000e-01 3.00000000e-01 2.00000000e+00 5.56226935e+06
3.00000000e-01 3.10000000e-01 1.00000000e-02 2.36557706e+05
3.00000000e-01 3.10000000e-01 2.00000000e-02 4.64080227e+05
3.00000000e-01 3.10000000e-01 3.00000000e-02 6.81539273e+05
3.00000000e-01 3.10000000e-01 4.00000000e-02 9.09318429e+05
3.00000000e-01 3.10000000e-01 5.00000000e-02 1.14459786e+06
3.00000000e-01 3.10000000e-01 6.00000000e-02 1.33222612e+06
3.00000000e-01 3.10000000e-01 7.00000000e-02 1.50979862e+06
3.00000000e-01 3.10000000e-01 8.00000000e-02 1.67726189e+06
3.00000000e-01 3.10000000e-01 9.00000000e-02 1.83419057e+06
3.00000000e-01 3.10000000e-01 1.00000000e-01 1.98072462e+06
3.00000000e-01 3.10000000e-01 1.10000000e-01 2.11710489e+06
3.00000000e-01 3.10000000e-01 1.20000000e-01 2.24493544e+06
3.00000000e-01 3.10000000e-01 1.30000000e-01 2.36319610e+06
3.00000000e-01 3.10000000e-01 1.40000000e-01 2.47321447e+06
3.00000000e-01 3.10000000e-01 1.50000000e-01 2.57536552e+06
3.00000000e-01 3.10000000e-01 1.60000000e-01 2.67103431e+06
3.00000000e-01 3.10000000e-01 1.70000000e-01 2.76120188e+06
3.00000000e-01 3.10000000e-01 1.80000000e-01 2.84181191e+06
3.00000000e-01 3.10000000e-01 1.90000000e-01 2.91679839e+06
3.00000000e-01 3.10000000e-01 2.00000000e-01 2.98518444e+06
3.00000000e-01 3.10000000e-01 2.10000000e-01 3.04814685e+06
3.00000000e-01 3.10000000e-01 2.20000000e-01 3.10592282e+06
3.00000000e-01 3.10000000e-01 2.30000000e-01 3.15906577e+06
3.00000000e-01 3.10000000e-01 2.40000000e-01 3.20736535e+06
3.00000000e-01 3.10000000e-01 2.50000000e-01 3.25130517e+06
3.00000000e-01 3.10000000e-01 2.60000000e-01 3.29415097e+06
3.00000000e-01 3.10000000e-01 2.70000000e-01 3.33077187e+06
3.00000000e-01 3.10000000e-01 2.80000000e-01 3.36425377e+06
3.00000000e-01 3.10000000e-01 2.90000000e-01 3.39130195e+06
3.00000000e-01 3.10000000e-01 3.00000000e-01 3.41684198e+06
3.00000000e-01 3.10000000e-01 3.10000000e-01 3.43987252e+06
3.00000000e-01 3.10000000e-01 3.20000000e-01 3.46037953e+06
3.00000000e-01 3.10000000e-01 3.30000000e-01 3.47740757e+06
3.00000000e-01 3.10000000e-01 3.40000000e-01 3.49095152e+06
3.00000000e-01 3.10000000e-01 3.50000000e-01 3.50260174e+06
3.00000000e-01 3.10000000e-01 3.60000000e-01 3.51476333e+06
3.00000000e-01 3.10000000e-01 3.70000000e-01 3.56054081e+06
3.00000000e-01 3.10000000e-01 3.80000000e-01 3.56368106e+06
3.00000000e-01 3.10000000e-01 3.90000000e-01 3.56303860e+06
3.00000000e-01 3.10000000e-01 4.00000000e-01 3.56180059e+06
3.00000000e-01 3.10000000e-01 4.10000000e-01 3.56021553e+06
3.00000000e-01 3.10000000e-01 4.20000000e-01 3.55878262e+06
3.00000000e-01 3.10000000e-01 4.30000000e-01 3.55552139e+06
3.00000000e-01 3.10000000e-01 4.40000000e-01 3.54965148e+06
3.00000000e-01 3.10000000e-01 4.50000000e-01 3.54191145e+06
3.00000000e-01 3.10000000e-01 4.60000000e-01 3.53488457e+06
3.00000000e-01 3.10000000e-01 4.70000000e-01 3.52631467e+06
3.00000000e-01 3.10000000e-01 4.80000000e-01 3.51987129e+06
3.00000000e-01 3.10000000e-01 4.90000000e-01 3.51514341e+06
3.00000000e-01 3.10000000e-01 5.00000000e-01 3.56433952e+06
3.00000000e-01 3.10000000e-01 5.10000000e-01 3.50935232e+06
3.00000000e-01 3.10000000e-01 5.20000000e-01 3.49706458e+06
3.00000000e-01 3.10000000e-01 5.30000000e-01 3.48429534e+06
3.00000000e-01 3.10000000e-01 5.40000000e-01 3.47638031e+06
3.00000000e-01 3.10000000e-01 5.50000000e-01 3.47359545e+06
3.00000000e-01 3.10000000e-01 5.60000000e-01 3.47414219e+06
3.00000000e-01 3.10000000e-01 5.70000000e-01 3.48579087e+06
3.00000000e-01 3.10000000e-01 5.80000000e-01 3.44734086e+06
3.00000000e-01 3.10000000e-01 5.90000000e-01 3.40504413e+06
3.00000000e-01 3.10000000e-01 6.00000000e-01 3.37221622e+06
3.00000000e-01 3.10000000e-01 6.10000000e-01 3.34564229e+06
3.00000000e-01 3.10000000e-01 6.20000000e-01 3.32280853e+06
3.00000000e-01 3.10000000e-01 6.30000000e-01 3.31231308e+06
3.00000000e-01 3.10000000e-01 6.40000000e-01 3.41080397e+06
3.00000000e-01 3.10000000e-01 6.50000000e-01 3.59125039e+06
3.00000000e-01 3.10000000e-01 6.60000000e-01 3.55647589e+06
3.00000000e-01 3.10000000e-01 6.70000000e-01 3.53482864e+06
3.00000000e-01 3.10000000e-01 6.80000000e-01 3.38432566e+06
3.00000000e-01 3.10000000e-01 6.90000000e-01 3.36555160e+06
3.00000000e-01 3.10000000e-01 7.00000000e-01 3.35300746e+06
3.00000000e-01 3.10000000e-01 7.10000000e-01 3.33914690e+06
3.00000000e-01 3.10000000e-01 7.20000000e-01 3.32407180e+06
3.00000000e-01 3.10000000e-01 7.30000000e-01 3.30759641e+06
3.00000000e-01 3.10000000e-01 7.40000000e-01 3.33718495e+06
3.00000000e-01 3.10000000e-01 7.50000000e-01 3.31859487e+06
3.00000000e-01 3.10000000e-01 7.60000000e-01 3.29879062e+06
3.00000000e-01 3.10000000e-01 7.70000000e-01 3.28036607e+06
3.00000000e-01 3.10000000e-01 7.80000000e-01 3.25782329e+06
3.00000000e-01 3.10000000e-01 7.90000000e-01 3.23249241e+06
3.00000000e-01 3.10000000e-01 8.00000000e-01 3.20832066e+06
3.00000000e-01 3.10000000e-01 8.10000000e-01 3.18595857e+06
3.00000000e-01 3.10000000e-01 8.20000000e-01 3.16492022e+06
3.00000000e-01 3.10000000e-01 8.30000000e-01 3.14431130e+06
3.00000000e-01 3.10000000e-01 8.40000000e-01 3.12586276e+06
3.00000000e-01 3.10000000e-01 8.50000000e-01 3.11328154e+06
3.00000000e-01 3.10000000e-01 8.60000000e-01 3.10192704e+06
3.00000000e-01 3.10000000e-01 8.70000000e-01 3.10357148e+06
3.00000000e-01 3.10000000e-01 8.80000000e-01 3.10106493e+06
3.00000000e-01 3.10000000e-01 8.90000000e-01 3.12022077e+06
3.00000000e-01 3.10000000e-01 9.00000000e-01 3.17445130e+06
3.00000000e-01 3.10000000e-01 9.10000000e-01 3.27028914e+06
3.00000000e-01 3.10000000e-01 9.20000000e-01 3.54719978e+06
3.00000000e-01 3.10000000e-01 9.30000000e-01 3.26012838e+06
3.00000000e-01 3.10000000e-01 9.40000000e-01 3.21016208e+06
3.00000000e-01 3.10000000e-01 9.50000000e-01 3.24753739e+06
3.00000000e-01 3.10000000e-01 9.60000000e-01 3.27328574e+06
3.00000000e-01 3.10000000e-01 9.70000000e-01 3.28687953e+06
3.00000000e-01 3.10000000e-01 9.80000000e-01 3.34471422e+06
3.00000000e-01 3.10000000e-01 9.90000000e-01 3.41900982e+06
3.00000000e-01 3.10000000e-01 1.00000000e+00 3.56422130e+06
3.00000000e-01 3.10000000e-01 1.01000000e+00 3.55377982e+06
3.00000000e-01 3.10000000e-01 1.02000000e+00 6.04841893e+06
3.00000000e-01 3.10000000e-01 1.03000000e+00 3.62467682e+06
3.00000000e-01 3.10000000e-01 1.04000000e+00 3.55462535e+06
3.00000000e-01 3.10000000e-01 1.05000000e+00 3.52925040e+06
3.00000000e-01 3.10000000e-01 1.06000000e+00 3.37616727e+06
3.00000000e-01 3.10000000e-01 1.07000000e+00 3.17271912e+06
3.00000000e-01 3.10000000e-01 1.08000000e+00 3.09510966e+06
3.00000000e-01 3.10000000e-01 1.09000000e+00 2.91124483e+06
3.00000000e-01 3.10000000e-01 1.10000000e+00 2.84349576e+06
3.00000000e-01 3.10000000e-01 1.11000000e+00 2.84624013e+06
3.00000000e-01 3.10000000e-01 1.12000000e+00 2.73442696e+06
3.00000000e-01 3.10000000e-01 1.13000000e+00 2.66447148e+06
3.00000000e-01 3.10000000e-01 1.14000000e+00 2.61214363e+06
3.00000000e-01 3.10000000e-01 1.15000000e+00 2.59406771e+06
3.00000000e-01 3.10000000e-01 1.16000000e+00 2.54943229e+06
3.00000000e-01 3.10000000e-01 1.17000000e+00 2.52235056e+06
3.00000000e-01 3.10000000e-01 1.18000000e+00 2.50312750e+06
3.00000000e-01 3.10000000e-01 1.19000000e+00 2.48587821e+06
3.00000000e-01 3.10000000e-01 1.20000000e+00 2.47630988e+06
3.00000000e-01 3.10000000e-01 1.21000000e+00 2.45777554e+06
3.00000000e-01 3.10000000e-01 1.22000000e+00 2.44161814e+06
3.00000000e-01 3.10000000e-01 1.23000000e+00 2.41970537e+06
3.00000000e-01 3.10000000e-01 1.24000000e+00 2.39391343e+06
3.00000000e-01 3.10000000e-01 1.25000000e+00 2.37723247e+06
3.00000000e-01 3.10000000e-01 1.26000000e+00 2.36349676e+06
3.00000000e-01 3.10000000e-01 1.27000000e+00 2.33887872e+06
3.00000000e-01 3.10000000e-01 1.28000000e+00 2.33027717e+06
3.00000000e-01 3.10000000e-01 1.29000000e+00 2.32083186e+06
3.00000000e-01 3.10000000e-01 1.30000000e+00 2.32427269e+06
3.00000000e-01 3.10000000e-01 1.31000000e+00 2.34333536e+06
3.00000000e-01 3.10000000e-01 1.32000000e+00 2.40984038e+06
3.00000000e-01 3.10000000e-01 1.33000000e+00 2.58612372e+06
3.00000000e-01 3.10000000e-01 1.34000000e+00 2.73248884e+06
3.00000000e-01 3.10000000e-01 1.35000000e+00 3.86453946e+06
3.00000000e-01 3.10000000e-01 1.36000000e+00 2.50550390e+06
3.00000000e-01 3.10000000e-01 1.37000000e+00 2.28517794e+06
3.00000000e-01 3.10000000e-01 1.38000000e+00 2.20848385e+06
3.00000000e-01 3.10000000e-01 1.39000000e+00 2.15161302e+06
3.00000000e-01 3.10000000e-01 1.40000000e+00 2.11719123e+06
3.00000000e-01 3.10000000e-01 1.41000000e+00 2.14280609e+06
3.00000000e-01 3.10000000e-01 1.42000000e+00 2.06947525e+06
3.00000000e-01 3.10000000e-01 1.43000000e+00 2.05494145e+06
3.00000000e-01 3.10000000e-01 1.44000000e+00 2.09725930e+06
3.00000000e-01 3.10000000e-01 1.45000000e+00 2.13033911e+06
3.00000000e-01 3.10000000e-01 1.46000000e+00 2.14017891e+06
3.00000000e-01 3.10000000e-01 1.47000000e+00 5.00787208e+06
3.00000000e-01 3.10000000e-01 1.48000000e+00 2.10634907e+06
3.00000000e-01 3.10000000e-01 1.49000000e+00 2.06622575e+06
3.00000000e-01 3.10000000e-01 1.50000000e+00 1.98896692e+06
3.00000000e-01 3.10000000e-01 1.51000000e+00 1.90918843e+06
3.00000000e-01 3.10000000e-01 1.52000000e+00 1.88112466e+06
3.00000000e-01 3.10000000e-01 1.53000000e+00 1.86219395e+06
3.00000000e-01 3.10000000e-01 1.54000000e+00 1.85918862e+06
3.00000000e-01 3.10000000e-01 1.55000000e+00 1.83566370e+06
3.00000000e-01 3.10000000e-01 1.56000000e+00 1.82669244e+06
3.00000000e-01 3.10000000e-01 1.57000000e+00 1.83864131e+06
3.00000000e-01 3.10000000e-01 1.58000000e+00 1.85412937e+06
3.00000000e-01 3.10000000e-01 1.59000000e+00 1.87919384e+06
3.00000000e-01 3.10000000e-01 1.60000000e+00 2.01342846e+06
3.00000000e-01 3.10000000e-01 1.61000000e+00 1.75794748e+06
3.00000000e-01 3.10000000e-01 1.62000000e+00 1.74109952e+06
3.00000000e-01 3.10000000e-01 1.63000000e+00 1.69216114e+06
3.00000000e-01 3.10000000e-01 1.64000000e+00 1.67583225e+06
3.00000000e-01 3.10000000e-01 1.65000000e+00 1.66862630e+06
3.00000000e-01 3.10000000e-01 1.66000000e+00 1.70591902e+06
3.00000000e-01 3.10000000e-01 1.67000000e+00 1.62665397e+06
3.00000000e-01 3.10000000e-01 1.68000000e+00 1.61432041e+06
3.00000000e-01 3.10000000e-01 1.69000000e+00 1.60611363e+06
3.00000000e-01 3.10000000e-01 1.70000000e+00 1.59410580e+06
3.00000000e-01 3.10000000e-01 1.71000000e+00 1.58746804e+06
3.00000000e-01 3.10000000e-01 1.72000000e+00 1.60541423e+06
3.00000000e-01 3.10000000e-01 1.73000000e+00 1.58936969e+06
3.00000000e-01 3.10000000e-01 1.74000000e+00 1.57886258e+06
3.00000000e-01 3.10000000e-01 1.75000000e+00 1.55971297e+06
3.00000000e-01 3.10000000e-01 1.76000000e+00 1.54978755e+06
3.00000000e-01 3.10000000e-01 1.77000000e+00 1.54358451e+06
3.00000000e-01 3.10000000e-01 1.78000000e+00 1.54228788e+06
3.00000000e-01 3.10000000e-01 1.79000000e+00 1.55748525e+06
3.00000000e-01 3.10000000e-01 1.80000000e+00 1.58197866e+06
3.00000000e-01 3.10000000e-01 1.81000000e+00 1.61751452e+06
3.00000000e-01 3.10000000e-01 1.82000000e+00 1.70177972e+06
3.00000000e-01 3.10000000e-01 1.83000000e+00 1.90791051e+06
3.00000000e-01 3.10000000e-01 1.84000000e+00 2.50205358e+06
3.00000000e-01 3.10000000e-01 1.85000000e+00 2.77968041e+06
3.00000000e-01 3.10000000e-01 1.86000000e+00 6.03036578e+06
3.00000000e-01 3.10000000e-01 1.87000000e+00 2.26357110e+06
3.00000000e-01 3.10000000e-01 1.88000000e+00 1.73674377e+06
3.00000000e-01 3.10000000e-01 1.89000000e+00 1.55992954e+06
3.00000000e-01 3.10000000e-01 1.90000000e+00 1.46241918e+06
3.00000000e-01 3.10000000e-01 1.91000000e+00 1.39967872e+06
3.00000000e-01 3.10000000e-01 1.92000000e+00 1.35410347e+06
3.00000000e-01 3.10000000e-01 1.93000000e+00 1.32001128e+06
3.00000000e-01 3.10000000e-01 1.94000000e+00 1.29544799e+06
3.00000000e-01 3.10000000e-01 1.95000000e+00 1.28197974e+06
3.00000000e-01 3.10000000e-01 1.96000000e+00 1.28909870e+06
3.00000000e-01 3.10000000e-01 1.97000000e+00 1.29687531e+06
3.00000000e-01 3.10000000e-01 1.98000000e+00 1.34495852e+06
3.00000000e-01 3.10000000e-01 1.99000000e+00 1.34309939e+06
3.00000000e-01 3.10000000e-01 2.00000000e+00 4.82102989e+06
3.10000000e-01 3.20000000e-01 1.00000000e-02 2.03192567e+05
3.10000000e-01 3.20000000e-01 2.00000000e-02 3.98216532e+05
3.10000000e-01 3.20000000e-01 3.00000000e-02 5.84267633e+05
3.10000000e-01 3.20000000e-01 4.00000000e-02 7.88230950e+05
3.10000000e-01 3.20000000e-01 5.00000000e-02 9.77078206e+05
3.10000000e-01 3.20000000e-01 6.00000000e-02 1.13599267e+06
3.10000000e-01 3.20000000e-01 7.00000000e-02 1.28600466e+06
3.10000000e-01 3.20000000e-01 8.00000000e-02 1.42717102e+06
3.10000000e-01 3.20000000e-01 9.00000000e-02 1.55892733e+06
3.10000000e-01 3.20000000e-01 1.00000000e-01 1.68149857e+06
3.10000000e-01 3.20000000e-01 1.10000000e-01 1.79515836e+06
3.10000000e-01 3.20000000e-01 1.20000000e-01 1.90146029e+06
3.10000000e-01 3.20000000e-01 1.30000000e-01 1.99943262e+06
3.10000000e-01 3.20000000e-01 1.40000000e-01 2.09023725e+06
3.10000000e-01 3.20000000e-01 1.50000000e-01 2.17430637e+06
3.10000000e-01 3.20000000e-01 1.60000000e-01 2.25269285e+06
3.10000000e-01 3.20000000e-01 1.70000000e-01 2.32684420e+06
3.10000000e-01 3.20000000e-01 1.80000000e-01 2.39237465e+06
3.10000000e-01 3.20000000e-01 1.90000000e-01 2.45323371e+06
3.10000000e-01 3.20000000e-01 2.00000000e-01 2.50833104e+06
3.10000000e-01 3.20000000e-01 2.10000000e-01 2.55888171e+06
3.10000000e-01 3.20000000e-01 2.20000000e-01 2.60501919e+06
3.10000000e-01 3.20000000e-01 2.30000000e-01 2.64732697e+06
3.10000000e-01 3.20000000e-01 2.40000000e-01 2.68555512e+06
3.10000000e-01 3.20000000e-01 2.50000000e-01 2.72006890e+06
3.10000000e-01 3.20000000e-01 2.60000000e-01 2.75393856e+06
3.10000000e-01 3.20000000e-01 2.70000000e-01 2.78248854e+06
3.10000000e-01 3.20000000e-01 2.80000000e-01 2.80859198e+06
3.10000000e-01 3.20000000e-01 2.90000000e-01 2.82865291e+06
3.10000000e-01 3.20000000e-01 3.00000000e-01 2.84782533e+06
3.10000000e-01 3.20000000e-01 3.10000000e-01 2.86494592e+06
3.10000000e-01 3.20000000e-01 3.20000000e-01 2.87997801e+06
3.10000000e-01 3.20000000e-01 3.30000000e-01 2.89208614e+06
3.10000000e-01 3.20000000e-01 3.40000000e-01 2.90118631e+06
3.10000000e-01 3.20000000e-01 3.50000000e-01 2.90874723e+06
3.10000000e-01 3.20000000e-01 3.60000000e-01 2.91739847e+06
3.10000000e-01 3.20000000e-01 3.70000000e-01 2.95569072e+06
3.10000000e-01 3.20000000e-01 3.80000000e-01 2.95608563e+06
3.10000000e-01 3.20000000e-01 3.90000000e-01 2.95265480e+06
3.10000000e-01 3.20000000e-01 4.00000000e-01 2.94941944e+06
3.10000000e-01 3.20000000e-01 4.10000000e-01 2.94603413e+06
3.10000000e-01 3.20000000e-01 4.20000000e-01 2.94298455e+06
3.10000000e-01 3.20000000e-01 4.30000000e-01 2.93837112e+06
3.10000000e-01 3.20000000e-01 4.40000000e-01 2.93134012e+06
3.10000000e-01 3.20000000e-01 4.50000000e-01 2.92292413e+06
3.10000000e-01 3.20000000e-01 4.60000000e-01 2.91522597e+06
3.10000000e-01 3.20000000e-01 4.70000000e-01 2.90615007e+06
3.10000000e-01 3.20000000e-01 4.80000000e-01 2.89900920e+06
3.10000000e-01 3.20000000e-01 4.90000000e-01 2.89385401e+06
3.10000000e-01 3.20000000e-01 5.00000000e-01 2.94209316e+06
3.10000000e-01 3.20000000e-01 5.10000000e-01 2.88526410e+06
3.10000000e-01 3.20000000e-01 5.20000000e-01 2.87269680e+06
3.10000000e-01 3.20000000e-01 5.30000000e-01 2.86010907e+06
3.10000000e-01 3.20000000e-01 5.40000000e-01 2.85194569e+06
3.10000000e-01 3.20000000e-01 5.50000000e-01 2.84945595e+06
3.10000000e-01 3.20000000e-01 5.60000000e-01 2.85065303e+06
3.10000000e-01 3.20000000e-01 5.70000000e-01 2.86411982e+06
3.10000000e-01 3.20000000e-01 5.80000000e-01 2.82716740e+06
3.10000000e-01 3.20000000e-01 5.90000000e-01 2.78685994e+06
3.10000000e-01 3.20000000e-01 6.00000000e-01 2.75785816e+06
3.10000000e-01 3.20000000e-01 6.10000000e-01 2.73415331e+06
3.10000000e-01 3.20000000e-01 6.20000000e-01 2.71474871e+06
3.10000000e-01 3.20000000e-01 6.30000000e-01 2.70677332e+06
3.10000000e-01 3.20000000e-01 6.40000000e-01 2.80658775e+06
3.10000000e-01 3.20000000e-01 6.50000000e-01 2.98702789e+06
3.10000000e-01 3.20000000e-01 6.60000000e-01 2.92961815e+06
3.10000000e-01 3.20000000e-01 6.70000000e-01 2.90767459e+06
3.10000000e-01 3.20000000e-01 6.80000000e-01 2.76549593e+06
3.10000000e-01 3.20000000e-01 6.90000000e-01 2.74994371e+06
3.10000000e-01 3.20000000e-01 7.00000000e-01 2.74020274e+06
3.10000000e-01 3.20000000e-01 7.10000000e-01 2.72969471e+06
3.10000000e-01 3.20000000e-01 7.20000000e-01 2.71791648e+06
3.10000000e-01 3.20000000e-01 7.30000000e-01 2.70492336e+06
3.10000000e-01 3.20000000e-01 7.40000000e-01 2.73113062e+06
3.10000000e-01 3.20000000e-01 7.50000000e-01 2.71625642e+06
3.10000000e-01 3.20000000e-01 7.60000000e-01 2.70027341e+06
3.10000000e-01 3.20000000e-01 7.70000000e-01 2.68551686e+06
3.10000000e-01 3.20000000e-01 7.80000000e-01 2.66668175e+06
3.10000000e-01 3.20000000e-01 7.90000000e-01 2.64483107e+06
3.10000000e-01 3.20000000e-01 8.00000000e-01 2.62401948e+06
3.10000000e-01 3.20000000e-01 8.10000000e-01 2.60518222e+06
3.10000000e-01 3.20000000e-01 8.20000000e-01 2.58737546e+06
3.10000000e-01 3.20000000e-01 8.30000000e-01 2.57001273e+06
3.10000000e-01 3.20000000e-01 8.40000000e-01 2.55450722e+06
3.10000000e-01 3.20000000e-01 8.50000000e-01 2.54445517e+06
3.10000000e-01 3.20000000e-01 8.60000000e-01 2.53557835e+06
3.10000000e-01 3.20000000e-01 8.70000000e-01 2.53861723e+06
3.10000000e-01 3.20000000e-01 8.80000000e-01 2.53794280e+06
3.10000000e-01 3.20000000e-01 8.90000000e-01 2.55779110e+06
3.10000000e-01 3.20000000e-01 9.00000000e-01 2.61206270e+06
3.10000000e-01 3.20000000e-01 9.10000000e-01 2.70884034e+06
3.10000000e-01 3.20000000e-01 9.20000000e-01 2.99389502e+06
3.10000000e-01 3.20000000e-01 9.30000000e-01 2.70170508e+06
3.10000000e-01 3.20000000e-01 9.40000000e-01 2.65725863e+06
3.10000000e-01 3.20000000e-01 9.50000000e-01 2.69953676e+06
3.10000000e-01 3.20000000e-01 9.60000000e-01 2.72589803e+06
3.10000000e-01 3.20000000e-01 9.70000000e-01 2.73917918e+06
3.10000000e-01 3.20000000e-01 9.80000000e-01 2.79721070e+06
3.10000000e-01 3.20000000e-01 9.90000000e-01 2.86669632e+06
3.10000000e-01 3.20000000e-01 1.00000000e+00 3.00686354e+06
3.10000000e-01 3.20000000e-01 1.01000000e+00 2.99568151e+06
3.10000000e-01 3.20000000e-01 1.02000000e+00 5.51750888e+06
3.10000000e-01 3.20000000e-01 1.03000000e+00 3.05433246e+06
3.10000000e-01 3.20000000e-01 1.04000000e+00 2.98448729e+06
3.10000000e-01 3.20000000e-01 1.05000000e+00 2.93583564e+06
3.10000000e-01 3.20000000e-01 1.06000000e+00 2.79554213e+06
3.10000000e-01 3.20000000e-01 1.07000000e+00 2.62001684e+06
3.10000000e-01 3.20000000e-01 1.08000000e+00 2.55191349e+06
3.10000000e-01 3.20000000e-01 1.09000000e+00 2.38443344e+06
3.10000000e-01 3.20000000e-01 1.10000000e+00 2.32541370e+06
3.10000000e-01 3.20000000e-01 1.11000000e+00 2.32730030e+06
3.10000000e-01 3.20000000e-01 1.12000000e+00 2.23442332e+06
3.10000000e-01 3.20000000e-01 1.13000000e+00 2.17440621e+06
3.10000000e-01 3.20000000e-01 1.14000000e+00 2.12919245e+06
3.10000000e-01 3.20000000e-01 1.15000000e+00 2.11520381e+06
3.10000000e-01 3.20000000e-01 1.16000000e+00 2.07871661e+06
3.10000000e-01 3.20000000e-01 1.17000000e+00 2.05686525e+06
3.10000000e-01 3.20000000e-01 1.18000000e+00 2.04180130e+06
3.10000000e-01 3.20000000e-01 1.19000000e+00 2.02840569e+06
3.10000000e-01 3.20000000e-01 1.20000000e+00 2.02217214e+06
3.10000000e-01 3.20000000e-01 1.21000000e+00 2.00714171e+06
3.10000000e-01 3.20000000e-01 1.22000000e+00 1.99476002e+06
3.10000000e-01 3.20000000e-01 1.23000000e+00 1.97615908e+06
3.10000000e-01 3.20000000e-01 1.24000000e+00 1.95390854e+06
3.10000000e-01 3.20000000e-01 1.25000000e+00 1.93967338e+06
3.10000000e-01 3.20000000e-01 1.26000000e+00 1.92876863e+06
3.10000000e-01 3.20000000e-01 1.27000000e+00 1.90871478e+06
3.10000000e-01 3.20000000e-01 1.28000000e+00 1.90215454e+06
3.10000000e-01 3.20000000e-01 1.29000000e+00 1.89488595e+06
3.10000000e-01 3.20000000e-01 1.30000000e+00 1.89776059e+06
3.10000000e-01 3.20000000e-01 1.31000000e+00 1.91507403e+06
3.10000000e-01 3.20000000e-01 1.32000000e+00 1.97621983e+06
3.10000000e-01 3.20000000e-01 1.33000000e+00 2.14425899e+06
3.10000000e-01 3.20000000e-01 1.34000000e+00 2.27865074e+06
3.10000000e-01 3.20000000e-01 1.35000000e+00 3.43280884e+06
3.10000000e-01 3.20000000e-01 1.36000000e+00 2.06709492e+06
3.10000000e-01 3.20000000e-01 1.37000000e+00 1.86928677e+06
3.10000000e-01 3.20000000e-01 1.38000000e+00 1.80241969e+06
3.10000000e-01 3.20000000e-01 1.39000000e+00 1.75378636e+06
3.10000000e-01 3.20000000e-01 1.40000000e+00 1.72472951e+06
3.10000000e-01 3.20000000e-01 1.41000000e+00 1.74645628e+06
3.10000000e-01 3.20000000e-01 1.42000000e+00 1.68549920e+06
3.10000000e-01 3.20000000e-01 1.43000000e+00 1.67245780e+06
3.10000000e-01 3.20000000e-01 1.44000000e+00 1.70934828e+06
3.10000000e-01 3.20000000e-01 1.45000000e+00 1.74538124e+06
3.10000000e-01 3.20000000e-01 1.46000000e+00 1.75704837e+06
3.10000000e-01 3.20000000e-01 1.47000000e+00 4.46933786e+06
3.10000000e-01 3.20000000e-01 1.48000000e+00 1.72982918e+06
3.10000000e-01 3.20000000e-01 1.49000000e+00 1.69202041e+06
3.10000000e-01 3.20000000e-01 1.50000000e+00 1.61807564e+06
3.10000000e-01 3.20000000e-01 1.51000000e+00 1.55092680e+06
3.10000000e-01 3.20000000e-01 1.52000000e+00 1.52785067e+06
3.10000000e-01 3.20000000e-01 1.53000000e+00 1.51257474e+06
3.10000000e-01 3.20000000e-01 1.54000000e+00 1.51071986e+06
3.10000000e-01 3.20000000e-01 1.55000000e+00 1.49087689e+06
3.10000000e-01 3.20000000e-01 1.56000000e+00 1.48444001e+06
3.10000000e-01 3.20000000e-01 1.57000000e+00 1.49746349e+06
3.10000000e-01 3.20000000e-01 1.58000000e+00 1.51443540e+06
3.10000000e-01 3.20000000e-01 1.59000000e+00 1.53637233e+06
3.10000000e-01 3.20000000e-01 1.60000000e+00 1.65487498e+06
3.10000000e-01 3.20000000e-01 1.61000000e+00 1.42701049e+06
3.10000000e-01 3.20000000e-01 1.62000000e+00 1.41188221e+06
3.10000000e-01 3.20000000e-01 1.63000000e+00 1.37120969e+06
3.10000000e-01 3.20000000e-01 1.64000000e+00 1.35760515e+06
3.10000000e-01 3.20000000e-01 1.65000000e+00 1.35134177e+06
3.10000000e-01 3.20000000e-01 1.66000000e+00 1.38639211e+06
3.10000000e-01 3.20000000e-01 1.67000000e+00 1.31628926e+06
3.10000000e-01 3.20000000e-01 1.68000000e+00 1.30606137e+06
3.10000000e-01 3.20000000e-01 1.69000000e+00 1.29976729e+06
3.10000000e-01 3.20000000e-01 1.70000000e+00 1.29004729e+06
3.10000000e-01 3.20000000e-01 1.71000000e+00 1.28509115e+06
3.10000000e-01 3.20000000e-01 1.72000000e+00 1.30043925e+06
3.10000000e-01 3.20000000e-01 1.73000000e+00 1.28776299e+06
3.10000000e-01 3.20000000e-01 1.74000000e+00 1.27833399e+06
3.10000000e-01 3.20000000e-01 1.75000000e+00 1.26273492e+06
3.10000000e-01 3.20000000e-01 1.76000000e+00 1.25340941e+06
3.10000000e-01 3.20000000e-01 1.77000000e+00 1.24776619e+06
3.10000000e-01 3.20000000e-01 1.78000000e+00 1.24658840e+06
3.10000000e-01 3.20000000e-01 1.79000000e+00 1.25971492e+06
3.10000000e-01 3.20000000e-01 1.80000000e+00 1.28051625e+06
3.10000000e-01 3.20000000e-01 1.81000000e+00 1.30934986e+06
3.10000000e-01 3.20000000e-01 1.82000000e+00 1.37953218e+06
3.10000000e-01 3.20000000e-01 1.83000000e+00 1.55827504e+06
3.10000000e-01 3.20000000e-01 1.84000000e+00 2.10692541e+06
3.10000000e-01 3.20000000e-01 1.85000000e+00 2.33709916e+06
3.10000000e-01 3.20000000e-01 1.86000000e+00 5.50689218e+06
3.10000000e-01 3.20000000e-01 1.87000000e+00 1.86543195e+06
3.10000000e-01 3.20000000e-01 1.88000000e+00 1.41593320e+06
3.10000000e-01 3.20000000e-01 1.89000000e+00 1.26731050e+06
3.10000000e-01 3.20000000e-01 1.90000000e+00 1.18476647e+06
3.10000000e-01 3.20000000e-01 1.91000000e+00 1.13142003e+06
3.10000000e-01 3.20000000e-01 1.92000000e+00 1.09264615e+06
3.10000000e-01 3.20000000e-01 1.93000000e+00 1.06357689e+06
3.10000000e-01 3.20000000e-01 1.94000000e+00 1.04245062e+06
3.10000000e-01 3.20000000e-01 1.95000000e+00 1.03026085e+06
3.10000000e-01 3.20000000e-01 1.96000000e+00 1.03454063e+06
3.10000000e-01 3.20000000e-01 1.97000000e+00 1.04216364e+06
3.10000000e-01 3.20000000e-01 1.98000000e+00 1.08697341e+06
3.10000000e-01 3.20000000e-01 1.99000000e+00 1.08747622e+06
3.10000000e-01 3.20000000e-01 2.00000000e+00 4.17407934e+06
3.20000000e-01 3.30000000e-01 1.00000000e-02 1.74241934e+05
3.20000000e-01 3.30000000e-01 2.00000000e-02 3.41113297e+05
3.20000000e-01 3.30000000e-01 3.00000000e-02 5.00014484e+05
3.20000000e-01 3.30000000e-01 4.00000000e-02 6.84820742e+05
3.20000000e-01 3.30000000e-01 5.00000000e-02 8.31988787e+05
3.20000000e-01 3.30000000e-01 6.00000000e-02 9.66889005e+05
3.20000000e-01 3.30000000e-01 7.00000000e-02 1.09333216e+06
3.20000000e-01 3.30000000e-01 8.00000000e-02 1.21196739e+06
3.20000000e-01 3.30000000e-01 9.00000000e-02 1.32224248e+06
3.20000000e-01 3.30000000e-01 1.00000000e-01 1.42446316e+06
3.20000000e-01 3.30000000e-01 1.10000000e-01 1.51897133e+06
3.20000000e-01 3.30000000e-01 1.20000000e-01 1.60709429e+06
3.20000000e-01 3.30000000e-01 1.30000000e-01 1.68799944e+06
3.20000000e-01 3.30000000e-01 1.40000000e-01 1.76272386e+06
3.20000000e-01 3.30000000e-01 1.50000000e-01 1.83166362e+06
3.20000000e-01 3.30000000e-01 1.60000000e-01 1.89564103e+06
3.20000000e-01 3.30000000e-01 1.70000000e-01 1.95651496e+06
3.20000000e-01 3.30000000e-01 1.80000000e-01 2.00951686e+06
3.20000000e-01 3.30000000e-01 1.90000000e-01 2.05873739e+06
3.20000000e-01 3.30000000e-01 2.00000000e-01 2.10289990e+06
3.20000000e-01 3.30000000e-01 2.10000000e-01 2.14328170e+06
3.20000000e-01 3.30000000e-01 2.20000000e-01 2.17996229e+06
3.20000000e-01 3.30000000e-01 2.30000000e-01 2.21347395e+06
3.20000000e-01 3.30000000e-01 2.40000000e-01 2.24355802e+06
3.20000000e-01 3.30000000e-01 2.50000000e-01 2.27048284e+06
3.20000000e-01 3.30000000e-01 2.60000000e-01 2.29705326e+06
3.20000000e-01 3.30000000e-01 2.70000000e-01 2.31922077e+06
3.20000000e-01 3.30000000e-01 2.80000000e-01 2.33952831e+06
3.20000000e-01 3.30000000e-01 2.90000000e-01 2.35405372e+06
3.20000000e-01 3.30000000e-01 3.00000000e-01 2.36822942e+06
3.20000000e-01 3.30000000e-01 3.10000000e-01 2.38072733e+06
3.20000000e-01 3.30000000e-01 3.20000000e-01 2.39148399e+06
3.20000000e-01 3.30000000e-01 3.30000000e-01 2.39984677e+06
3.20000000e-01 3.30000000e-01 3.40000000e-01 2.40556428e+06
3.20000000e-01 3.30000000e-01 3.50000000e-01 2.41006793e+06
3.20000000e-01 3.30000000e-01 3.60000000e-01 2.41619731e+06
3.20000000e-01 3.30000000e-01 3.70000000e-01 2.44830187e+06
3.20000000e-01 3.30000000e-01 3.80000000e-01 2.44670839e+06
3.20000000e-01 3.30000000e-01 3.90000000e-01 2.44140606e+06
3.20000000e-01 3.30000000e-01 4.00000000e-01 2.43685028e+06
3.20000000e-01 3.30000000e-01 4.10000000e-01 2.43235179e+06
3.20000000e-01 3.30000000e-01 4.20000000e-01 2.42833523e+06
3.20000000e-01 3.30000000e-01 4.30000000e-01 2.42293611e+06
3.20000000e-01 3.30000000e-01 4.40000000e-01 2.41531633e+06
3.20000000e-01 3.30000000e-01 4.50000000e-01 2.40668382e+06
3.20000000e-01 3.30000000e-01 4.60000000e-01 2.39876291e+06
3.20000000e-01 3.30000000e-01 4.70000000e-01 2.38963083e+06
3.20000000e-01 3.30000000e-01 4.80000000e-01 2.38223760e+06
3.20000000e-01 3.30000000e-01 4.90000000e-01 2.37689945e+06
3.20000000e-01 3.30000000e-01 5.00000000e-01 2.42502755e+06
3.20000000e-01 3.30000000e-01 5.10000000e-01 2.36686567e+06
3.20000000e-01 3.30000000e-01 5.20000000e-01 2.35435184e+06
3.20000000e-01 3.30000000e-01 5.30000000e-01 2.34238651e+06
3.20000000e-01 3.30000000e-01 5.40000000e-01 2.33462639e+06
3.20000000e-01 3.30000000e-01 5.50000000e-01 2.33242690e+06
3.20000000e-01 3.30000000e-01 5.60000000e-01 2.33434727e+06
3.20000000e-01 3.30000000e-01 5.70000000e-01 2.34953171e+06
3.20000000e-01 3.30000000e-01 5.80000000e-01 2.31403915e+06
3.20000000e-01 3.30000000e-01 5.90000000e-01 2.27636165e+06
3.20000000e-01 3.30000000e-01 6.00000000e-01 2.25055494e+06
3.20000000e-01 3.30000000e-01 6.10000000e-01 2.22955281e+06
3.20000000e-01 3.30000000e-01 6.20000000e-01 2.21305619e+06
3.20000000e-01 3.30000000e-01 6.30000000e-01 2.20695663e+06
3.20000000e-01 3.30000000e-01 6.40000000e-01 2.30620780e+06
3.20000000e-01 3.30000000e-01 6.50000000e-01 2.48399167e+06
3.20000000e-01 3.30000000e-01 6.60000000e-01 2.41084812e+06
3.20000000e-01 3.30000000e-01 6.70000000e-01 2.38715824e+06
3.20000000e-01 3.30000000e-01 6.80000000e-01 2.25441133e+06
3.20000000e-01 3.30000000e-01 6.90000000e-01 2.24192350e+06
3.20000000e-01 3.30000000e-01 7.00000000e-01 2.23449129e+06
3.20000000e-01 3.30000000e-01 7.10000000e-01 2.22680275e+06
3.20000000e-01 3.30000000e-01 7.20000000e-01 2.21789056e+06
3.20000000e-01 3.30000000e-01 7.30000000e-01 2.20792340e+06
3.20000000e-01 3.30000000e-01 7.40000000e-01 2.23134457e+06
3.20000000e-01 3.30000000e-01 7.50000000e-01 2.21951819e+06
3.20000000e-01 3.30000000e-01 7.60000000e-01 2.20688904e+06
3.20000000e-01 3.30000000e-01 7.70000000e-01 2.19546870e+06
3.20000000e-01 3.30000000e-01 7.80000000e-01 2.18005445e+06
3.20000000e-01 3.30000000e-01 7.90000000e-01 2.16112617e+06
3.20000000e-01 3.30000000e-01 8.00000000e-01 2.14334303e+06
3.20000000e-01 3.30000000e-01 8.10000000e-01 2.12775313e+06
3.20000000e-01 3.30000000e-01 8.20000000e-01 2.11285910e+06
3.20000000e-01 3.30000000e-01 8.30000000e-01 2.09828556e+06
3.20000000e-01 3.30000000e-01 8.40000000e-01 2.08564679e+06
3.20000000e-01 3.30000000e-01 8.50000000e-01 2.07778355e+06
3.20000000e-01 3.30000000e-01 8.60000000e-01 2.07110087e+06
3.20000000e-01 3.30000000e-01 8.70000000e-01 2.07547608e+06
3.20000000e-01 3.30000000e-01 8.80000000e-01 2.07624655e+06
3.20000000e-01 3.30000000e-01 8.90000000e-01 2.09646219e+06
3.20000000e-01 3.30000000e-01 9.00000000e-01 2.14950771e+06
3.20000000e-01 3.30000000e-01 9.10000000e-01 2.24661419e+06
3.20000000e-01 3.30000000e-01 9.20000000e-01 2.53736707e+06
3.20000000e-01 3.30000000e-01 9.30000000e-01 2.24140777e+06
3.20000000e-01 3.30000000e-01 9.40000000e-01 2.20243590e+06
3.20000000e-01 3.30000000e-01 9.50000000e-01 2.24859873e+06
3.20000000e-01 3.30000000e-01 9.60000000e-01 2.27450507e+06
3.20000000e-01 3.30000000e-01 9.70000000e-01 2.28655989e+06
3.20000000e-01 3.30000000e-01 9.80000000e-01 2.34364559e+06
3.20000000e-01 3.30000000e-01 9.90000000e-01 2.40831728e+06
3.20000000e-01 3.30000000e-01 1.00000000e+00 2.54030829e+06
3.20000000e-01 3.30000000e-01 1.01000000e+00 2.52847873e+06
3.20000000e-01 3.30000000e-01 1.02000000e+00 5.05909413e+06
3.20000000e-01 3.30000000e-01 1.03000000e+00 2.57575569e+06
3.20000000e-01 3.30000000e-01 1.04000000e+00 2.50578339e+06
3.20000000e-01 3.30000000e-01 1.05000000e+00 2.44125424e+06
3.20000000e-01 3.30000000e-01 1.06000000e+00 2.31162891e+06
3.20000000e-01 3.30000000e-01 1.07000000e+00 2.16139718e+06
3.20000000e-01 3.30000000e-01 1.08000000e+00 2.10229293e+06
3.20000000e-01 3.30000000e-01 1.09000000e+00 1.95190073e+06
3.20000000e-01 3.30000000e-01 1.10000000e+00 1.90070106e+06
3.20000000e-01 3.30000000e-01 1.11000000e+00 1.90131785e+06
3.20000000e-01 3.30000000e-01 1.12000000e+00 1.82510389e+06
3.20000000e-01 3.30000000e-01 1.13000000e+00 1.77421438e+06
3.20000000e-01 3.30000000e-01 1.14000000e+00 1.73526305e+06
3.20000000e-01 3.30000000e-01 1.15000000e+00 1.72472368e+06
3.20000000e-01 3.30000000e-01 1.16000000e+00 1.69472828e+06
3.20000000e-01 3.30000000e-01 1.17000000e+00 1.67709883e+06
3.20000000e-01 3.30000000e-01 1.18000000e+00 1.66532600e+06
3.20000000e-01 3.30000000e-01 1.19000000e+00 1.65507712e+06
3.20000000e-01 3.30000000e-01 1.20000000e+00 1.65159897e+06
3.20000000e-01 3.30000000e-01 1.21000000e+00 1.63925674e+06
3.20000000e-01 3.30000000e-01 1.22000000e+00 1.63007557e+06
3.20000000e-01 3.30000000e-01 1.23000000e+00 1.61434372e+06
3.20000000e-01 3.30000000e-01 1.24000000e+00 1.59506932e+06
3.20000000e-01 3.30000000e-01 1.25000000e+00 1.58301532e+06
3.20000000e-01 3.30000000e-01 1.26000000e+00 1.57449995e+06
3.20000000e-01 3.30000000e-01 1.27000000e+00 1.55828685e+06
3.20000000e-01 3.30000000e-01 1.28000000e+00 1.55344496e+06
3.20000000e-01 3.30000000e-01 1.29000000e+00 1.54787405e+06
3.20000000e-01 3.30000000e-01 1.30000000e+00 1.55024671e+06
3.20000000e-01 3.30000000e-01 1.31000000e+00 1.56560532e+06
3.20000000e-01 3.30000000e-01 1.32000000e+00 1.62124581e+06
3.20000000e-01 3.30000000e-01 1.33000000e+00 1.77989711e+06
3.20000000e-01 3.30000000e-01 1.34000000e+00 1.90211225e+06
3.20000000e-01 3.30000000e-01 1.35000000e+00 3.06986778e+06
3.20000000e-01 3.30000000e-01 1.36000000e+00 1.70622803e+06
3.20000000e-01 3.30000000e-01 1.37000000e+00 1.52954645e+06
3.20000000e-01 3.30000000e-01 1.38000000e+00 1.47134990e+06
3.20000000e-01 3.30000000e-01 1.39000000e+00 1.42969918e+06
3.20000000e-01 3.30000000e-01 1.40000000e+00 1.40515409e+06
3.20000000e-01 3.30000000e-01 1.41000000e+00 1.42332828e+06
3.20000000e-01 3.30000000e-01 1.42000000e+00 1.37296126e+06
3.20000000e-01 3.30000000e-01 1.43000000e+00 1.36114090e+06
3.20000000e-01 3.30000000e-01 1.44000000e+00 1.39258538e+06
3.20000000e-01 3.30000000e-01 1.45000000e+00 1.42936507e+06
3.20000000e-01 3.30000000e-01 1.46000000e+00 1.44293633e+06
3.20000000e-01 3.30000000e-01 1.47000000e+00 3.99114534e+06
3.20000000e-01 3.30000000e-01 1.48000000e+00 1.42109976e+06
3.20000000e-01 3.30000000e-01 1.49000000e+00 1.38528189e+06
3.20000000e-01 3.30000000e-01 1.50000000e+00 1.31605564e+06
3.20000000e-01 3.30000000e-01 1.51000000e+00 1.26003258e+06
3.20000000e-01 3.30000000e-01 1.52000000e+00 1.24115606e+06
3.20000000e-01 3.30000000e-01 1.53000000e+00 1.22884711e+06
3.20000000e-01 3.30000000e-01 1.54000000e+00 1.22790775e+06
3.20000000e-01 3.30000000e-01 1.55000000e+00 1.21114818e+06
3.20000000e-01 3.30000000e-01 1.56000000e+00 1.20677769e+06
3.20000000e-01 3.30000000e-01 1.57000000e+00 1.22039125e+06
3.20000000e-01 3.30000000e-01 1.58000000e+00 1.23835551e+06
3.20000000e-01 3.30000000e-01 1.59000000e+00 1.25687985e+06
3.20000000e-01 3.30000000e-01 1.60000000e+00 1.36045737e+06
3.20000000e-01 3.30000000e-01 1.61000000e+00 1.15865599e+06
3.20000000e-01 3.30000000e-01 1.62000000e+00 1.14512432e+06
3.20000000e-01 3.30000000e-01 1.63000000e+00 1.11151721e+06
3.20000000e-01 3.30000000e-01 1.64000000e+00 1.10012343e+06
3.20000000e-01 3.30000000e-01 1.65000000e+00 1.09466709e+06
3.20000000e-01 3.30000000e-01 1.66000000e+00 1.12420423e+06
3.20000000e-01 3.30000000e-01 1.67000000e+00 1.06547112e+06
3.20000000e-01 3.30000000e-01 1.68000000e+00 1.05682161e+06
3.20000000e-01 3.30000000e-01 1.69000000e+00 1.05196853e+06
3.20000000e-01 3.30000000e-01 1.70000000e+00 1.04405511e+06
3.20000000e-01 3.30000000e-01 1.71000000e+00 1.04040278e+06
3.20000000e-01 3.30000000e-01 1.72000000e+00 1.05397627e+06
3.20000000e-01 3.30000000e-01 1.73000000e+00 1.04354446e+06
3.20000000e-01 3.30000000e-01 1.74000000e+00 1.03480498e+06
3.20000000e-01 3.30000000e-01 1.75000000e+00 1.02220196e+06
3.20000000e-01 3.30000000e-01 1.76000000e+00 1.01348281e+06
3.20000000e-01 3.30000000e-01 1.77000000e+00 1.00837502e+06
3.20000000e-01 3.30000000e-01 1.78000000e+00 1.00711245e+06
3.20000000e-01 3.30000000e-01 1.79000000e+00 1.01836621e+06
3.20000000e-01 3.30000000e-01 1.80000000e+00 1.03599727e+06
3.20000000e-01 3.30000000e-01 1.81000000e+00 1.05908990e+06
3.20000000e-01 3.30000000e-01 1.82000000e+00 1.11718563e+06
3.20000000e-01 3.30000000e-01 1.83000000e+00 1.27082735e+06
3.20000000e-01 3.30000000e-01 1.84000000e+00 1.77297966e+06
3.20000000e-01 3.30000000e-01 1.85000000e+00 1.96141639e+06
3.20000000e-01 3.30000000e-01 1.86000000e+00 5.02022045e+06
3.20000000e-01 3.30000000e-01 1.87000000e+00 1.53522616e+06
3.20000000e-01 3.30000000e-01 1.88000000e+00 1.15314624e+06
3.20000000e-01 3.30000000e-01 1.89000000e+00 1.02871312e+06
3.20000000e-01 3.30000000e-01 1.90000000e+00 9.59125087e+05
3.20000000e-01 3.30000000e-01 1.91000000e+00 9.13953792e+05
3.20000000e-01 3.30000000e-01 1.92000000e+00 8.81107097e+05
3.20000000e-01 3.30000000e-01 1.93000000e+00 8.56408587e+05
3.20000000e-01 3.30000000e-01 1.94000000e+00 8.38327799e+05
3.20000000e-01 3.30000000e-01 1.95000000e+00 8.27494289e+05
3.20000000e-01 3.30000000e-01 1.96000000e+00 8.29445528e+05
3.20000000e-01 3.30000000e-01 1.97000000e+00 8.36141326e+05
3.20000000e-01 3.30000000e-01 1.98000000e+00 8.75959974e+05
3.20000000e-01 3.30000000e-01 1.99000000e+00 8.78315973e+05
3.20000000e-01 3.30000000e-01 2.00000000e+00 3.58759436e+06
3.30000000e-01 3.40000000e-01 1.00000000e-02 1.49213936e+05
3.30000000e-01 3.40000000e-01 2.00000000e-02 2.91785141e+05
3.30000000e-01 3.40000000e-01 3.00000000e-02 4.27312691e+05
3.30000000e-01 3.40000000e-01 4.00000000e-02 5.84220919e+05
3.30000000e-01 3.40000000e-01 5.00000000e-02 7.07274433e+05
3.30000000e-01 3.40000000e-01 6.00000000e-02 8.21686231e+05
3.30000000e-01 3.40000000e-01 7.00000000e-02 9.28035711e+05
3.30000000e-01 3.40000000e-01 8.00000000e-02 1.02748596e+06
3.30000000e-01 3.40000000e-01 9.00000000e-02 1.11955174e+06
3.30000000e-01 3.40000000e-01 1.00000000e-01 1.20458623e+06
3.30000000e-01 3.40000000e-01 1.10000000e-01 1.28298987e+06
3.30000000e-01 3.40000000e-01 1.20000000e-01 1.35586273e+06
3.30000000e-01 3.40000000e-01 1.30000000e-01 1.42247986e+06
3.30000000e-01 3.40000000e-01 1.40000000e-01 1.48379761e+06
3.30000000e-01 3.40000000e-01 1.50000000e-01 1.54016061e+06
3.30000000e-01 3.40000000e-01 1.60000000e-01 1.59220312e+06
3.30000000e-01 3.40000000e-01 1.70000000e-01 1.64207352e+06
3.30000000e-01 3.40000000e-01 1.80000000e-01 1.68476885e+06
3.30000000e-01 3.40000000e-01 1.90000000e-01 1.72445505e+06
3.30000000e-01 3.40000000e-01 2.00000000e-01 1.75967591e+06
3.30000000e-01 3.40000000e-01 2.10000000e-01 1.79178220e+06
3.30000000e-01 3.40000000e-01 2.20000000e-01 1.82080727e+06
3.30000000e-01 3.40000000e-01 2.30000000e-01 1.84723328e+06
3.30000000e-01 3.40000000e-01 2.40000000e-01 1.87076443e+06
3.30000000e-01 3.40000000e-01 2.50000000e-01 1.89162564e+06
3.30000000e-01 3.40000000e-01 2.60000000e-01 1.91233673e+06
3.30000000e-01 3.40000000e-01 2.70000000e-01 1.92946477e+06
3.30000000e-01 3.40000000e-01 2.80000000e-01 1.94524594e+06
3.30000000e-01 3.40000000e-01 2.90000000e-01 1.95542664e+06
3.30000000e-01 3.40000000e-01 3.00000000e-01 1.96571014e+06
3.30000000e-01 3.40000000e-01 3.10000000e-01 1.97462375e+06
3.30000000e-01 3.40000000e-01 3.20000000e-01 1.98210787e+06
3.30000000e-01 3.40000000e-01 3.30000000e-01 1.98764290e+06
3.30000000e-01 3.40000000e-01 3.40000000e-01 1.99082012e+06
3.30000000e-01 3.40000000e-01 3.50000000e-01 1.99307413e+06
3.30000000e-01 3.40000000e-01 3.60000000e-01 1.99741638e+06
3.30000000e-01 3.40000000e-01 3.70000000e-01 2.02441097e+06
3.30000000e-01 3.40000000e-01 3.80000000e-01 2.02149923e+06
3.30000000e-01 3.40000000e-01 3.90000000e-01 2.01486266e+06
3.30000000e-01 3.40000000e-01 4.00000000e-01 2.00954206e+06
3.30000000e-01 3.40000000e-01 4.10000000e-01 2.00442752e+06
3.30000000e-01 3.40000000e-01 4.20000000e-01 1.99990024e+06
3.30000000e-01 3.40000000e-01 4.30000000e-01 1.99417250e+06
3.30000000e-01 3.40000000e-01 4.40000000e-01 1.98636365e+06
3.30000000e-01 3.40000000e-01 4.50000000e-01 1.97784004e+06
3.30000000e-01 3.40000000e-01 4.60000000e-01 1.97003045e+06
3.30000000e-01 3.40000000e-01 4.70000000e-01 1.96115984e+06
3.30000000e-01 3.40000000e-01 4.80000000e-01 1.95384248e+06
3.30000000e-01 3.40000000e-01 4.90000000e-01 1.94865463e+06
3.30000000e-01 3.40000000e-01 5.00000000e-01 1.99720161e+06
3.30000000e-01 3.40000000e-01 5.10000000e-01 1.93803434e+06
3.30000000e-01 3.40000000e-01 5.20000000e-01 1.92587102e+06
3.30000000e-01 3.40000000e-01 5.30000000e-01 1.91473692e+06
3.30000000e-01 3.40000000e-01 5.40000000e-01 1.90763002e+06
3.30000000e-01 3.40000000e-01 5.50000000e-01 1.90573312e+06
3.30000000e-01 3.40000000e-01 5.60000000e-01 1.90832579e+06
3.30000000e-01 3.40000000e-01 5.70000000e-01 1.92505650e+06
3.30000000e-01 3.40000000e-01 5.80000000e-01 1.89101202e+06
3.30000000e-01 3.40000000e-01 5.90000000e-01 1.85623788e+06
3.30000000e-01 3.40000000e-01 6.00000000e-01 1.83333102e+06
3.30000000e-01 3.40000000e-01 6.10000000e-01 1.81484503e+06
3.30000000e-01 3.40000000e-01 6.20000000e-01 1.80083166e+06
3.30000000e-01 3.40000000e-01 6.30000000e-01 1.79613732e+06
3.30000000e-01 3.40000000e-01 6.40000000e-01 1.89347286e+06
3.30000000e-01 3.40000000e-01 6.50000000e-01 2.06604886e+06
3.30000000e-01 3.40000000e-01 6.60000000e-01 1.98319577e+06
3.30000000e-01 3.40000000e-01 6.70000000e-01 1.95637383e+06
3.30000000e-01 3.40000000e-01 6.80000000e-01 1.83397410e+06
3.30000000e-01 3.40000000e-01 6.90000000e-01 1.82410650e+06
3.30000000e-01 3.40000000e-01 7.00000000e-01 1.81855707e+06
3.30000000e-01 3.40000000e-01 7.10000000e-01 1.81315838e+06
3.30000000e-01 3.40000000e-01 7.20000000e-01 1.80665311e+06
3.30000000e-01 3.40000000e-01 7.30000000e-01 1.79928944e+06
3.30000000e-01 3.40000000e-01 7.40000000e-01 1.82033487e+06
3.30000000e-01 3.40000000e-01 7.50000000e-01 1.81108538e+06
3.30000000e-01 3.40000000e-01 7.60000000e-01 1.80138023e+06
3.30000000e-01 3.40000000e-01 7.70000000e-01 1.79296737e+06
3.30000000e-01 3.40000000e-01 7.80000000e-01 1.78059763e+06
3.30000000e-01 3.40000000e-01 7.90000000e-01 1.76417015e+06
3.30000000e-01 3.40000000e-01 8.00000000e-01 1.74910530e+06
3.30000000e-01 3.40000000e-01 8.10000000e-01 1.73633361e+06
3.30000000e-01 3.40000000e-01 8.20000000e-01 1.72404914e+06
3.30000000e-01 3.40000000e-01 8.30000000e-01 1.71191599e+06
3.30000000e-01 3.40000000e-01 8.40000000e-01 1.70180800e+06
3.30000000e-01 3.40000000e-01 8.50000000e-01 1.69588714e+06
3.30000000e-01 3.40000000e-01 8.60000000e-01 1.69112840e+06
3.30000000e-01 3.40000000e-01 8.70000000e-01 1.69668980e+06
3.30000000e-01 3.40000000e-01 8.80000000e-01 1.69855224e+06
3.30000000e-01 3.40000000e-01 8.90000000e-01 1.71877059e+06
3.30000000e-01 3.40000000e-01 9.00000000e-01 1.76997457e+06
3.30000000e-01 3.40000000e-01 9.10000000e-01 1.86662292e+06
3.30000000e-01 3.40000000e-01 9.20000000e-01 2.16126136e+06
3.30000000e-01 3.40000000e-01 9.30000000e-01 1.86250972e+06
3.30000000e-01 3.40000000e-01 9.40000000e-01 1.82907114e+06
3.30000000e-01 3.40000000e-01 9.50000000e-01 1.87841074e+06
3.30000000e-01 3.40000000e-01 9.60000000e-01 1.90322594e+06
3.30000000e-01 3.40000000e-01 9.70000000e-01 1.91345635e+06
3.30000000e-01 3.40000000e-01 9.80000000e-01 1.96895288e+06
3.30000000e-01 3.40000000e-01 9.90000000e-01 2.02899706e+06
3.30000000e-01 3.40000000e-01 1.00000000e+00 2.15038771e+06
3.30000000e-01 3.40000000e-01 1.01000000e+00 2.13853773e+06
3.30000000e-01 3.40000000e-01 1.02000000e+00 4.66061158e+06
3.30000000e-01 3.40000000e-01 1.03000000e+00 2.17571310e+06
3.30000000e-01 3.40000000e-01 1.04000000e+00 2.10530093e+06
3.30000000e-01 3.40000000e-01 1.05000000e+00 2.03127643e+06
3.30000000e-01 3.40000000e-01 1.06000000e+00 1.91046249e+06
3.30000000e-01 3.40000000e-01 1.07000000e+00 1.78246392e+06
3.30000000e-01 3.40000000e-01 1.08000000e+00 1.73177775e+06
3.30000000e-01 3.40000000e-01 1.09000000e+00 1.59770628e+06
3.30000000e-01 3.40000000e-01 1.10000000e+00 1.55341947e+06
3.30000000e-01 3.40000000e-01 1.11000000e+00 1.55265415e+06
3.30000000e-01 3.40000000e-01 1.12000000e+00 1.49086463e+06
3.30000000e-01 3.40000000e-01 1.13000000e+00 1.44806036e+06
3.30000000e-01 3.40000000e-01 1.14000000e+00 1.41456674e+06
3.30000000e-01 3.40000000e-01 1.15000000e+00 1.40699127e+06
3.30000000e-01 3.40000000e-01 1.16000000e+00 1.38216281e+06
3.30000000e-01 3.40000000e-01 1.17000000e+00 1.36797671e+06
3.30000000e-01 3.40000000e-01 1.18000000e+00 1.35884789e+06
3.30000000e-01 3.40000000e-01 1.19000000e+00 1.35119950e+06
3.30000000e-01 3.40000000e-01 1.20000000e+00 1.34998511e+06
3.30000000e-01 3.40000000e-01 1.21000000e+00 1.33971619e+06
3.30000000e-01 3.40000000e-01 1.22000000e+00 1.33325278e+06
3.30000000e-01 3.40000000e-01 1.23000000e+00 1.31995369e+06
3.30000000e-01 3.40000000e-01 1.24000000e+00 1.30318590e+06
3.30000000e-01 3.40000000e-01 1.25000000e+00 1.29301620e+06
3.30000000e-01 3.40000000e-01 1.26000000e+00 1.28652856e+06
3.30000000e-01 3.40000000e-01 1.27000000e+00 1.27356769e+06
3.30000000e-01 3.40000000e-01 1.28000000e+00 1.27016740e+06
3.30000000e-01 3.40000000e-01 1.29000000e+00 1.26593018e+06
3.30000000e-01 3.40000000e-01 1.30000000e+00 1.26786698e+06
3.30000000e-01 3.40000000e-01 1.31000000e+00 1.28131717e+06
3.30000000e-01 3.40000000e-01 1.32000000e+00 1.33151520e+06
3.30000000e-01 3.40000000e-01 1.33000000e+00 1.48031154e+06
3.30000000e-01 3.40000000e-01 1.34000000e+00 1.59059607e+06
3.30000000e-01 3.40000000e-01 1.35000000e+00 2.76590587e+06
3.30000000e-01 3.40000000e-01 1.36000000e+00 1.41016778e+06
3.30000000e-01 3.40000000e-01 1.37000000e+00 1.25302393e+06
3.30000000e-01 3.40000000e-01 1.38000000e+00 1.20225645e+06
3.30000000e-01 3.40000000e-01 1.39000000e+00 1.16644600e+06
3.30000000e-01 3.40000000e-01 1.40000000e+00 1.14570047e+06
3.30000000e-01 3.40000000e-01 1.41000000e+00 1.16072869e+06
3.30000000e-01 3.40000000e-01 1.42000000e+00 1.11933641e+06
3.30000000e-01 3.40000000e-01 1.43000000e+00 1.10849076e+06
3.30000000e-01 3.40000000e-01 1.44000000e+00 1.13471976e+06
3.30000000e-01 3.40000000e-01 1.45000000e+00 1.17058777e+06
3.30000000e-01 3.40000000e-01 1.46000000e+00 1.18613380e+06
3.30000000e-01 3.40000000e-01 1.47000000e+00 3.56384356e+06
3.30000000e-01 3.40000000e-01 1.48000000e+00 1.16867833e+06
3.30000000e-01 3.40000000e-01 1.49000000e+00 1.13442952e+06
3.30000000e-01 3.40000000e-01 1.50000000e+00 1.07074697e+06
3.30000000e-01 3.40000000e-01 1.51000000e+00 1.02438559e+06
3.30000000e-01 3.40000000e-01 1.52000000e+00 1.00902414e+06
3.30000000e-01 3.40000000e-01 1.53000000e+00 9.99165978e+05
3.30000000e-01 3.40000000e-01 1.54000000e+00 9.98924093e+05
3.30000000e-01 3.40000000e-01 1.55000000e+00 9.84754069e+05
3.30000000e-01 3.40000000e-01 1.56000000e+00 9.82096257e+05
3.30000000e-01 3.40000000e-01 1.57000000e+00 9.95998589e+05
3.30000000e-01 3.40000000e-01 1.58000000e+00 1.01457984e+06
3.30000000e-01 3.40000000e-01 1.59000000e+00 1.02955284e+06
3.30000000e-01 3.40000000e-01 1.60000000e+00 1.11963369e+06
3.30000000e-01 3.40000000e-01 1.61000000e+00 9.41596108e+05
3.30000000e-01 3.40000000e-01 1.62000000e+00 9.29471434e+05
3.30000000e-01 3.40000000e-01 1.63000000e+00 9.01813983e+05
3.30000000e-01 3.40000000e-01 1.64000000e+00 8.92244076e+05
3.30000000e-01 3.40000000e-01 1.65000000e+00 8.87463306e+05
3.30000000e-01 3.40000000e-01 1.66000000e+00 9.11484881e+05
3.30000000e-01 3.40000000e-01 1.67000000e+00 8.63176764e+05
3.30000000e-01 3.40000000e-01 1.68000000e+00 8.55782953e+05
3.30000000e-01 3.40000000e-01 1.69000000e+00 8.52032847e+05
3.30000000e-01 3.40000000e-01 1.70000000e+00 8.45522074e+05
3.30000000e-01 3.40000000e-01 1.71000000e+00 8.42868085e+05
3.30000000e-01 3.40000000e-01 1.72000000e+00 8.55060684e+05
3.30000000e-01 3.40000000e-01 1.73000000e+00 8.46419357e+05
3.30000000e-01 3.40000000e-01 1.74000000e+00 8.38074036e+05
3.30000000e-01 3.40000000e-01 1.75000000e+00 8.28037654e+05
3.30000000e-01 3.40000000e-01 1.76000000e+00 8.19892685e+05
3.30000000e-01 3.40000000e-01 1.77000000e+00 8.15282494e+05
3.30000000e-01 3.40000000e-01 1.78000000e+00 8.13896060e+05
3.30000000e-01 3.40000000e-01 1.79000000e+00 8.23507903e+05
3.30000000e-01 3.40000000e-01 1.80000000e+00 8.38469016e+05
3.30000000e-01 3.40000000e-01 1.81000000e+00 8.56880726e+05
3.30000000e-01 3.40000000e-01 1.82000000e+00 9.04876725e+05
3.30000000e-01 3.40000000e-01 1.83000000e+00 1.03618984e+06
3.30000000e-01 3.40000000e-01 1.84000000e+00 1.49318214e+06
3.30000000e-01 3.40000000e-01 1.85000000e+00 1.64587309e+06
3.30000000e-01 3.40000000e-01 1.86000000e+00 4.57706773e+06
3.30000000e-01 3.40000000e-01 1.87000000e+00 1.26418767e+06
3.30000000e-01 3.40000000e-01 1.88000000e+00 9.39639416e+05
3.30000000e-01 3.40000000e-01 1.89000000e+00 8.35287723e+05
3.30000000e-01 3.40000000e-01 1.90000000e+00 7.76616860e+05
3.30000000e-01 3.40000000e-01 1.91000000e+00 7.38410129e+05
3.30000000e-01 3.40000000e-01 1.92000000e+00 7.10632844e+05
3.30000000e-01 3.40000000e-01 1.93000000e+00 6.89673269e+05
3.30000000e-01 3.40000000e-01 1.94000000e+00 6.74214589e+05
3.30000000e-01 3.40000000e-01 1.95000000e+00 6.64655449e+05
3.30000000e-01 3.40000000e-01 1.96000000e+00 6.64810453e+05
3.30000000e-01 3.40000000e-01 1.97000000e+00 6.70216621e+05
3.30000000e-01 3.40000000e-01 1.98000000e+00 7.04297104e+05
3.30000000e-01 3.40000000e-01 1.99000000e+00 7.08130460e+05
3.30000000e-01 3.40000000e-01 2.00000000e+00 3.06953391e+06
3.40000000e-01 3.50000000e-01 1.00000000e-02 1.27643528e+05
3.40000000e-01 3.50000000e-01 2.00000000e-02 2.49306686e+05
3.40000000e-01 3.50000000e-01 3.00000000e-02 3.64778986e+05
3.40000000e-01 3.50000000e-01 4.00000000e-02 4.97708130e+05
3.40000000e-01 3.50000000e-01 5.00000000e-02 6.00645449e+05
3.40000000e-01 3.50000000e-01 6.00000000e-02 6.97379333e+05
3.40000000e-01 3.50000000e-01 7.00000000e-02 7.86654777e+05
3.40000000e-01 3.50000000e-01 8.00000000e-02 8.69845058e+05
3.40000000e-01 3.50000000e-01 9.00000000e-02 9.46555541e+05
3.40000000e-01 3.50000000e-01 1.00000000e-01 1.01714514e+06
3.40000000e-01 3.50000000e-01 1.10000000e-01 1.08204062e+06
3.40000000e-01 3.50000000e-01 1.20000000e-01 1.14218295e+06
3.40000000e-01 3.50000000e-01 1.30000000e-01 1.19688096e+06
3.40000000e-01 3.50000000e-01 1.40000000e-01 1.24706456e+06
3.40000000e-01 3.50000000e-01 1.50000000e-01 1.29301813e+06
3.40000000e-01 3.50000000e-01 1.60000000e-01 1.33523279e+06
3.40000000e-01 3.50000000e-01 1.70000000e-01 1.37598772e+06
3.40000000e-01 3.50000000e-01 1.80000000e-01 1.41027094e+06
3.40000000e-01 3.50000000e-01 1.90000000e-01 1.44219049e+06
3.40000000e-01 3.50000000e-01 2.00000000e-01 1.47012761e+06
3.40000000e-01 3.50000000e-01 2.10000000e-01 1.49553440e+06
3.40000000e-01 3.50000000e-01 2.20000000e-01 1.51838707e+06
3.40000000e-01 3.50000000e-01 2.30000000e-01 1.53913036e+06
3.40000000e-01 3.50000000e-01 2.40000000e-01 1.55741853e+06
3.40000000e-01 3.50000000e-01 2.50000000e-01 1.57345773e+06
3.40000000e-01 3.50000000e-01 2.60000000e-01 1.58953465e+06
3.40000000e-01 3.50000000e-01 2.70000000e-01 1.60269226e+06
3.40000000e-01 3.50000000e-01 2.80000000e-01 1.61497205e+06
3.40000000e-01 3.50000000e-01 2.90000000e-01 1.62174701e+06
3.40000000e-01 3.50000000e-01 3.00000000e-01 1.62903423e+06
3.40000000e-01 3.50000000e-01 3.10000000e-01 1.63521303e+06
3.40000000e-01 3.50000000e-01 3.20000000e-01 1.64023192e+06
3.40000000e-01 3.50000000e-01 3.30000000e-01 1.64368027e+06
3.40000000e-01 3.50000000e-01 3.40000000e-01 1.64496847e+06
3.40000000e-01 3.50000000e-01 3.50000000e-01 1.64561112e+06
3.40000000e-01 3.50000000e-01 3.60000000e-01 1.64873711e+06
3.40000000e-01 3.50000000e-01 3.70000000e-01 1.67150360e+06
3.40000000e-01 3.50000000e-01 3.80000000e-01 1.66781994e+06
3.40000000e-01 3.50000000e-01 3.90000000e-01 1.66018362e+06
3.40000000e-01 3.50000000e-01 4.00000000e-01 1.65451756e+06
3.40000000e-01 3.50000000e-01 4.10000000e-01 1.64915837e+06
3.40000000e-01 3.50000000e-01 4.20000000e-01 1.64444059e+06
3.40000000e-01 3.50000000e-01 4.30000000e-01 1.63873683e+06
3.40000000e-01 3.50000000e-01 4.40000000e-01 1.63100652e+06
3.40000000e-01 3.50000000e-01 4.50000000e-01 1.62282594e+06
3.40000000e-01 3.50000000e-01 4.60000000e-01 1.61537148e+06
3.40000000e-01 3.50000000e-01 4.70000000e-01 1.60700312e+06
3.40000000e-01 3.50000000e-01 4.80000000e-01 1.59999494e+06
3.40000000e-01 3.50000000e-01 4.90000000e-01 1.59526282e+06
3.40000000e-01 3.50000000e-01 5.00000000e-01 1.64468094e+06
3.40000000e-01 3.50000000e-01 5.10000000e-01 1.58461300e+06
3.40000000e-01 3.50000000e-01 5.20000000e-01 1.57300457e+06
3.40000000e-01 3.50000000e-01 5.30000000e-01 1.56278411e+06
3.40000000e-01 3.50000000e-01 5.40000000e-01 1.55638382e+06
3.40000000e-01 3.50000000e-01 5.50000000e-01 1.55480517e+06
3.40000000e-01 3.50000000e-01 5.60000000e-01 1.55796135e+06
3.40000000e-01 3.50000000e-01 5.70000000e-01 1.57609130e+06
3.40000000e-01 3.50000000e-01 5.80000000e-01 1.54344532e+06
3.40000000e-01 3.50000000e-01 5.90000000e-01 1.51163348e+06
3.40000000e-01 3.50000000e-01 6.00000000e-01 1.49146928e+06
3.40000000e-01 3.50000000e-01 6.10000000e-01 1.47531359e+06
3.40000000e-01 3.50000000e-01 6.20000000e-01 1.46345775e+06
3.40000000e-01 3.50000000e-01 6.30000000e-01 1.45985047e+06
3.40000000e-01 3.50000000e-01 6.40000000e-01 1.55458659e+06
3.40000000e-01 3.50000000e-01 6.50000000e-01 1.71973498e+06
3.40000000e-01 3.50000000e-01 6.60000000e-01 1.63219522e+06
3.40000000e-01 3.50000000e-01 6.70000000e-01 1.60082305e+06
3.40000000e-01 3.50000000e-01 6.80000000e-01 1.48937363e+06
3.40000000e-01 3.50000000e-01 6.90000000e-01 1.48157160e+06
3.40000000e-01 3.50000000e-01 7.00000000e-01 1.47751184e+06
3.40000000e-01 3.50000000e-01 7.10000000e-01 1.47389678e+06
3.40000000e-01 3.50000000e-01 7.20000000e-01 1.46936905e+06
3.40000000e-01 3.50000000e-01 7.30000000e-01 1.46420645e+06
3.40000000e-01 3.50000000e-01 7.40000000e-01 1.48316557e+06
3.40000000e-01 3.50000000e-01 7.50000000e-01 1.47616175e+06
3.40000000e-01 3.50000000e-01 7.60000000e-01 1.46900497e+06
3.40000000e-01 3.50000000e-01 7.70000000e-01 1.46326933e+06
3.40000000e-01 3.50000000e-01 7.80000000e-01 1.45352567e+06
3.40000000e-01 3.50000000e-01 7.90000000e-01 1.43926946e+06
3.40000000e-01 3.50000000e-01 8.00000000e-01 1.42659619e+06
3.40000000e-01 3.50000000e-01 8.10000000e-01 1.41618965e+06
3.40000000e-01 3.50000000e-01 8.20000000e-01 1.40621046e+06
3.40000000e-01 3.50000000e-01 8.30000000e-01 1.39620878e+06
3.40000000e-01 3.50000000e-01 8.40000000e-01 1.38821165e+06
3.40000000e-01 3.50000000e-01 8.50000000e-01 1.38399707e+06
3.40000000e-01 3.50000000e-01 8.60000000e-01 1.38087322e+06
3.40000000e-01 3.50000000e-01 8.70000000e-01 1.38739840e+06
3.40000000e-01 3.50000000e-01 8.80000000e-01 1.39002128e+06
3.40000000e-01 3.50000000e-01 8.90000000e-01 1.40979349e+06
3.40000000e-01 3.50000000e-01 9.00000000e-01 1.45882819e+06
3.40000000e-01 3.50000000e-01 9.10000000e-01 1.55408284e+06
3.40000000e-01 3.50000000e-01 9.20000000e-01 1.85136643e+06
3.40000000e-01 3.50000000e-01 9.30000000e-01 1.55035503e+06
3.40000000e-01 3.50000000e-01 9.40000000e-01 1.52249423e+06
3.40000000e-01 3.50000000e-01 9.50000000e-01 1.57442542e+06
3.40000000e-01 3.50000000e-01 9.60000000e-01 1.59774912e+06
3.40000000e-01 3.50000000e-01 9.70000000e-01 1.60581128e+06
3.40000000e-01 3.50000000e-01 9.80000000e-01 1.65935089e+06
3.40000000e-01 3.50000000e-01 9.90000000e-01 1.71495971e+06
3.40000000e-01 3.50000000e-01 1.00000000e+00 1.82398420e+06
3.40000000e-01 3.50000000e-01 1.01000000e+00 1.81315557e+06
3.40000000e-01 3.50000000e-01 1.02000000e+00 4.30619306e+06
3.40000000e-01 3.50000000e-01 1.03000000e+00 1.84173070e+06
3.40000000e-01 3.50000000e-01 1.04000000e+00 1.77044505e+06
3.40000000e-01 3.50000000e-01 1.05000000e+00 1.69239193e+06
3.40000000e-01 3.50000000e-01 1.06000000e+00 1.57885257e+06
3.40000000e-01 3.50000000e-01 1.07000000e+00 1.47028292e+06
3.40000000e-01 3.50000000e-01 1.08000000e+00 1.42745034e+06
3.40000000e-01 3.50000000e-01 1.09000000e+00 1.30813857e+06
3.40000000e-01 3.50000000e-01 1.10000000e+00 1.26988644e+06
3.40000000e-01 3.50000000e-01 1.11000000e+00 1.26794931e+06
3.40000000e-01 3.50000000e-01 1.12000000e+00 1.21826637e+06
3.40000000e-01 3.50000000e-01 1.13000000e+00 1.18239692e+06
3.40000000e-01 3.50000000e-01 1.14000000e+00 1.15361685e+06
3.40000000e-01 3.50000000e-01 1.15000000e+00 1.14860994e+06
3.40000000e-01 3.50000000e-01 1.16000000e+00 1.12784871e+06
3.40000000e-01 3.50000000e-01 1.17000000e+00 1.11648039e+06
3.40000000e-01 3.50000000e-01 1.18000000e+00 1.10950799e+06
3.40000000e-01 3.50000000e-01 1.19000000e+00 1.10401591e+06
3.40000000e-01 3.50000000e-01 1.20000000e+00 1.10468334e+06
3.40000000e-01 3.50000000e-01 1.21000000e+00 1.09601007e+06
3.40000000e-01 3.50000000e-01 1.22000000e+00 1.09187579e+06
3.40000000e-01 3.50000000e-01 1.23000000e+00 1.08058897e+06
3.40000000e-01 3.50000000e-01 1.24000000e+00 1.06594563e+06
3.40000000e-01 3.50000000e-01 1.25000000e+00 1.05734896e+06
3.40000000e-01 3.50000000e-01 1.26000000e+00 1.05261190e+06
3.40000000e-01 3.50000000e-01 1.27000000e+00 1.04238821e+06
3.40000000e-01 3.50000000e-01 1.28000000e+00 1.04017484e+06
3.40000000e-01 3.50000000e-01 1.29000000e+00 1.03699541e+06
3.40000000e-01 3.50000000e-01 1.30000000e+00 1.03850987e+06
3.40000000e-01 3.50000000e-01 1.31000000e+00 1.05017265e+06
3.40000000e-01 3.50000000e-01 1.32000000e+00 1.09502146e+06
3.40000000e-01 3.50000000e-01 1.33000000e+00 1.23376815e+06
3.40000000e-01 3.50000000e-01 1.34000000e+00 1.33235612e+06
3.40000000e-01 3.50000000e-01 1.35000000e+00 2.51080136e+06
3.40000000e-01 3.50000000e-01 1.36000000e+00 1.16721087e+06
3.40000000e-01 3.50000000e-01 1.37000000e+00 1.02814745e+06
3.40000000e-01 3.50000000e-01 1.38000000e+00 9.83697663e+05
3.40000000e-01 3.50000000e-01 1.39000000e+00 9.52727087e+05
3.40000000e-01 3.50000000e-01 1.40000000e+00 9.35216805e+05
3.40000000e-01 3.50000000e-01 1.41000000e+00 9.47564316e+05
3.40000000e-01 3.50000000e-01 1.42000000e+00 9.13746555e+05
3.40000000e-01 3.50000000e-01 1.43000000e+00 9.03644975e+05
3.40000000e-01 3.50000000e-01 1.44000000e+00 9.25030620e+05
3.40000000e-01 3.50000000e-01 1.45000000e+00 9.58784070e+05
3.40000000e-01 3.50000000e-01 1.46000000e+00 9.76454411e+05
3.40000000e-01 3.50000000e-01 1.47000000e+00 3.17378328e+06
3.40000000e-01 3.50000000e-01 1.48000000e+00 9.62558981e+05
3.40000000e-01 3.50000000e-01 1.49000000e+00 9.29316319e+05
3.40000000e-01 3.50000000e-01 1.50000000e+00 8.71574636e+05
3.40000000e-01 3.50000000e-01 1.51000000e+00 8.33510846e+05
3.40000000e-01 3.50000000e-01 1.52000000e+00 8.21067288e+05
3.40000000e-01 3.50000000e-01 1.53000000e+00 8.13242709e+05
3.40000000e-01 3.50000000e-01 1.54000000e+00 8.13514135e+05
3.40000000e-01 3.50000000e-01 1.55000000e+00 8.01539179e+05
3.40000000e-01 3.50000000e-01 1.56000000e+00 8.00294624e+05
3.40000000e-01 3.50000000e-01 1.57000000e+00 8.14285286e+05
3.40000000e-01 3.50000000e-01 1.58000000e+00 8.33217907e+05
3.40000000e-01 3.50000000e-01 1.59000000e+00 8.44494568e+05
3.40000000e-01 3.50000000e-01 1.60000000e+00 9.22438250e+05
3.40000000e-01 3.50000000e-01 1.61000000e+00 7.66028792e+05
3.40000000e-01 3.50000000e-01 1.62000000e+00 7.55129017e+05
3.40000000e-01 3.50000000e-01 1.63000000e+00 7.32418536e+05
3.40000000e-01 3.50000000e-01 1.64000000e+00 7.24375403e+05
3.40000000e-01 3.50000000e-01 1.65000000e+00 7.20167331e+05
3.40000000e-01 3.50000000e-01 1.66000000e+00 7.39932831e+05
3.40000000e-01 3.50000000e-01 1.67000000e+00 6.99968117e+05
3.40000000e-01 3.50000000e-01 1.68000000e+00 6.93623982e+05
3.40000000e-01 3.50000000e-01 1.69000000e+00 6.90728676e+05
3.40000000e-01 3.50000000e-01 1.70000000e+00 6.85310736e+05
3.40000000e-01 3.50000000e-01 1.71000000e+00 6.83403880e+05
3.40000000e-01 3.50000000e-01 1.72000000e+00 6.94400241e+05
3.40000000e-01 3.50000000e-01 1.73000000e+00 6.87454414e+05
3.40000000e-01 3.50000000e-01 1.74000000e+00 6.79258942e+05
3.40000000e-01 3.50000000e-01 1.75000000e+00 6.71452573e+05
3.40000000e-01 3.50000000e-01 1.76000000e+00 6.63807986e+05
3.40000000e-01 3.50000000e-01 1.77000000e+00 6.59629206e+05
3.40000000e-01 3.50000000e-01 1.78000000e+00 6.58111162e+05
3.40000000e-01 3.50000000e-01 1.79000000e+00 6.66283278e+05
3.40000000e-01 3.50000000e-01 1.80000000e+00 6.78986748e+05
3.40000000e-01 3.50000000e-01 1.81000000e+00 6.93678596e+05
3.40000000e-01 3.50000000e-01 1.82000000e+00 7.33294707e+05
3.40000000e-01 3.50000000e-01 1.83000000e+00 8.44846900e+05
3.40000000e-01 3.50000000e-01 1.84000000e+00 1.25870267e+06
3.40000000e-01 3.50000000e-01 1.85000000e+00 1.38082997e+06
3.40000000e-01 3.50000000e-01 1.86000000e+00 4.17547743e+06
3.40000000e-01 3.50000000e-01 1.87000000e+00 1.04247181e+06
3.40000000e-01 3.50000000e-01 1.88000000e+00 7.66699522e+05
3.40000000e-01 3.50000000e-01 1.89000000e+00 6.78722295e+05
3.40000000e-01 3.50000000e-01 1.90000000e+00 6.29137693e+05
3.40000000e-01 3.50000000e-01 1.91000000e+00 5.96819232e+05
3.40000000e-01 3.50000000e-01 1.92000000e+00 5.73355992e+05
3.40000000e-01 3.50000000e-01 1.93000000e+00 5.55584683e+05
3.40000000e-01 3.50000000e-01 1.94000000e+00 5.42373332e+05
3.40000000e-01 3.50000000e-01 1.95000000e+00 5.33962485e+05
3.40000000e-01 3.50000000e-01 1.96000000e+00 5.32840812e+05
3.40000000e-01 3.50000000e-01 1.97000000e+00 5.36876594e+05
3.40000000e-01 3.50000000e-01 1.98000000e+00 5.65139972e+05
3.40000000e-01 3.50000000e-01 1.99000000e+00 5.70316794e+05
3.40000000e-01 3.50000000e-01 2.00000000e+00 2.61695305e+06
3.50000000e-01 3.60000000e-01 1.00000000e-02 1.09099347e+05
3.50000000e-01 3.60000000e-01 2.00000000e-02 2.12819551e+05
3.50000000e-01 3.60000000e-01 3.00000000e-02 3.11135429e+05
3.50000000e-01 3.60000000e-01 4.00000000e-02 4.23469468e+05
3.50000000e-01 3.60000000e-01 5.00000000e-02 5.09747881e+05
3.50000000e-01 3.60000000e-01 6.00000000e-02 5.91255689e+05
3.50000000e-01 3.60000000e-01 7.00000000e-02 6.66049899e+05
3.50000000e-01 3.60000000e-01 8.00000000e-02 7.35501278e+05
3.50000000e-01 3.60000000e-01 9.00000000e-02 7.99309669e+05
3.50000000e-01 3.60000000e-01 1.00000000e-01 8.57801234e+05
3.50000000e-01 3.60000000e-01 1.10000000e-01 9.11402368e+05
3.50000000e-01 3.60000000e-01 1.20000000e-01 9.60958362e+05
3.50000000e-01 3.60000000e-01 1.30000000e-01 1.00575397e+06
3.50000000e-01 3.60000000e-01 1.40000000e-01 1.04672311e+06
3.50000000e-01 3.60000000e-01 1.50000000e-01 1.08410328e+06
3.50000000e-01 3.60000000e-01 1.60000000e-01 1.11826646e+06
3.50000000e-01 3.60000000e-01 1.70000000e-01 1.15149034e+06
3.50000000e-01 3.60000000e-01 1.80000000e-01 1.17894862e+06
3.50000000e-01 3.60000000e-01 1.90000000e-01 1.20457003e+06
3.50000000e-01 3.60000000e-01 2.00000000e-01 1.22660474e+06
3.50000000e-01 3.60000000e-01 2.10000000e-01 1.24661015e+06
3.50000000e-01 3.60000000e-01 2.20000000e-01 1.26450791e+06
3.50000000e-01 3.60000000e-01 2.30000000e-01 1.28072724e+06
3.50000000e-01 3.60000000e-01 2.40000000e-01 1.29484154e+06
3.50000000e-01 3.60000000e-01 2.50000000e-01 1.30706974e+06
3.50000000e-01 3.60000000e-01 2.60000000e-01 1.31950948e+06
3.50000000e-01 3.60000000e-01 2.70000000e-01 1.32955907e+06
3.50000000e-01 3.60000000e-01 2.80000000e-01 1.33916002e+06
3.50000000e-01 3.60000000e-01 2.90000000e-01 1.34327800e+06
3.50000000e-01 3.60000000e-01 3.00000000e-01 1.34828623e+06
3.50000000e-01 3.60000000e-01 3.10000000e-01 1.35240780e+06
3.50000000e-01 3.60000000e-01 3.20000000e-01 1.35561210e+06
3.50000000e-01 3.60000000e-01 3.30000000e-01 1.35756245e+06
3.50000000e-01 3.60000000e-01 3.40000000e-01 1.35747060e+06
3.50000000e-01 3.60000000e-01 3.50000000e-01 1.35699097e+06
3.50000000e-01 3.60000000e-01 3.60000000e-01 1.35935516e+06
3.50000000e-01 3.60000000e-01 3.70000000e-01 1.37862355e+06
3.50000000e-01 3.60000000e-01 3.80000000e-01 1.37454771e+06
3.50000000e-01 3.60000000e-01 3.90000000e-01 1.36613721e+06
3.50000000e-01 3.60000000e-01 4.00000000e-01 1.36043768e+06
3.50000000e-01 3.60000000e-01 4.10000000e-01 1.35510741e+06
3.50000000e-01 3.60000000e-01 4.20000000e-01 1.35043507e+06
3.50000000e-01 3.60000000e-01 4.30000000e-01 1.34504620e+06
3.50000000e-01 3.60000000e-01 4.40000000e-01 1.33759876e+06
3.50000000e-01 3.60000000e-01 4.50000000e-01 1.32991233e+06
3.50000000e-01 3.60000000e-01 4.60000000e-01 1.32298387e+06
3.50000000e-01 3.60000000e-01 4.70000000e-01 1.31528190e+06
3.50000000e-01 3.60000000e-01 4.80000000e-01 1.30875910e+06
3.50000000e-01 3.60000000e-01 4.90000000e-01 1.30473571e+06
3.50000000e-01 3.60000000e-01 5.00000000e-01 1.35549051e+06
3.50000000e-01 3.60000000e-01 5.10000000e-01 1.29447374e+06
3.50000000e-01 3.60000000e-01 5.20000000e-01 1.28352276e+06
3.50000000e-01 3.60000000e-01 5.30000000e-01 1.27425764e+06
3.50000000e-01 3.60000000e-01 5.40000000e-01 1.26858239e+06
3.50000000e-01 3.60000000e-01 5.50000000e-01 1.26732627e+06
3.50000000e-01 3.60000000e-01 5.60000000e-01 1.27095175e+06
3.50000000e-01 3.60000000e-01 5.70000000e-01 1.29044334e+06
3.50000000e-01 3.60000000e-01 5.80000000e-01 1.25904381e+06
3.50000000e-01 3.60000000e-01 5.90000000e-01 1.23012084e+06
3.50000000e-01 3.60000000e-01 6.00000000e-01 1.21250050e+06
3.50000000e-01 3.60000000e-01 6.10000000e-01 1.19847973e+06
3.50000000e-01 3.60000000e-01 6.20000000e-01 1.18851431e+06
3.50000000e-01 3.60000000e-01 6.30000000e-01 1.18580667e+06
3.50000000e-01 3.60000000e-01 6.40000000e-01 1.27809655e+06
3.50000000e-01 3.60000000e-01 6.50000000e-01 1.43400409e+06
3.50000000e-01 3.60000000e-01 6.60000000e-01 1.34584030e+06
3.50000000e-01 3.60000000e-01 6.70000000e-01 1.30809324e+06
3.50000000e-01 3.60000000e-01 6.80000000e-01 1.20789521e+06
3.50000000e-01 3.60000000e-01 6.90000000e-01 1.20163497e+06
3.50000000e-01 3.60000000e-01 7.00000000e-01 1.19867231e+06
3.50000000e-01 3.60000000e-01 7.10000000e-01 1.19637955e+06
3.50000000e-01 3.60000000e-01 7.20000000e-01 1.19346727e+06
3.50000000e-01 3.60000000e-01 7.30000000e-01 1.19013873e+06
3.50000000e-01 3.60000000e-01 7.40000000e-01 1.20730167e+06
3.50000000e-01 3.60000000e-01 7.50000000e-01 1.20227663e+06
3.50000000e-01 3.60000000e-01 7.60000000e-01 1.19733448e+06
3.50000000e-01 3.60000000e-01 7.70000000e-01 1.19398764e+06
3.50000000e-01 3.60000000e-01 7.80000000e-01 1.18650284e+06
3.50000000e-01 3.60000000e-01 7.90000000e-01 1.17411203e+06
3.50000000e-01 3.60000000e-01 8.00000000e-01 1.16354314e+06
3.50000000e-01 3.60000000e-01 8.10000000e-01 1.15507116e+06
3.50000000e-01 3.60000000e-01 8.20000000e-01 1.14710592e+06
3.50000000e-01 3.60000000e-01 8.30000000e-01 1.13894075e+06
3.50000000e-01 3.60000000e-01 8.40000000e-01 1.13262938e+06
3.50000000e-01 3.60000000e-01 8.50000000e-01 1.12989056e+06
3.50000000e-01 3.60000000e-01 8.60000000e-01 1.12809526e+06
3.50000000e-01 3.60000000e-01 8.70000000e-01 1.13530863e+06
3.50000000e-01 3.60000000e-01 8.80000000e-01 1.13830604e+06
3.50000000e-01 3.60000000e-01 8.90000000e-01 1.15708808e+06
3.50000000e-01 3.60000000e-01 9.00000000e-01 1.20345517e+06
3.50000000e-01 3.60000000e-01 9.10000000e-01 1.29618684e+06
3.50000000e-01 3.60000000e-01 9.20000000e-01 1.59531084e+06
3.50000000e-01 3.60000000e-01 9.30000000e-01 1.29187951e+06
3.50000000e-01 3.60000000e-01 9.40000000e-01 1.26948590e+06
3.50000000e-01 3.60000000e-01 9.50000000e-01 1.32316682e+06
3.50000000e-01 3.60000000e-01 9.60000000e-01 1.34448289e+06
3.50000000e-01 3.60000000e-01 9.70000000e-01 1.35007235e+06
3.50000000e-01 3.60000000e-01 9.80000000e-01 1.40120766e+06
3.50000000e-01 3.60000000e-01 9.90000000e-01 1.45219478e+06
3.50000000e-01 3.60000000e-01 1.00000000e+00 1.54749319e+06
3.50000000e-01 3.60000000e-01 1.01000000e+00 1.53930853e+06
3.50000000e-01 3.60000000e-01 1.02000000e+00 3.97228608e+06
3.50000000e-01 3.60000000e-01 1.03000000e+00 1.56088612e+06
3.50000000e-01 3.60000000e-01 1.04000000e+00 1.48812303e+06
3.50000000e-01 3.60000000e-01 1.05000000e+00 1.41096125e+06
3.50000000e-01 3.60000000e-01 1.06000000e+00 1.30364082e+06
3.50000000e-01 3.60000000e-01 1.07000000e+00 1.21292934e+06
3.50000000e-01 3.60000000e-01 1.08000000e+00 1.17766141e+06
3.50000000e-01 3.60000000e-01 1.09000000e+00 1.07136259e+06
3.50000000e-01 3.60000000e-01 1.10000000e+00 1.03860279e+06
3.50000000e-01 3.60000000e-01 1.11000000e+00 1.03616393e+06
3.50000000e-01 3.60000000e-01 1.12000000e+00 9.95854844e+05
3.50000000e-01 3.60000000e-01 1.13000000e+00 9.65707825e+05
3.50000000e-01 3.60000000e-01 1.14000000e+00 9.41017043e+05
3.50000000e-01 3.60000000e-01 1.15000000e+00 9.38451385e+05
3.50000000e-01 3.60000000e-01 1.16000000e+00 9.20502111e+05
3.50000000e-01 3.60000000e-01 1.17000000e+00 9.11385187e+05
3.50000000e-01 3.60000000e-01 1.18000000e+00 9.06173446e+05
3.50000000e-01 3.60000000e-01 1.19000000e+00 9.02484445e+05
3.50000000e-01 3.60000000e-01 1.20000000e+00 9.04776745e+05
3.50000000e-01 3.60000000e-01 1.21000000e+00 8.97279336e+05
3.50000000e-01 3.60000000e-01 1.22000000e+00 8.95220819e+05
3.50000000e-01 3.60000000e-01 1.23000000e+00 8.85529073e+05
3.50000000e-01 3.60000000e-01 1.24000000e+00 8.72693192e+05
3.50000000e-01 3.60000000e-01 1.25000000e+00 8.65367642e+05
3.50000000e-01 3.60000000e-01 1.26000000e+00 8.62204348e+05
3.50000000e-01 3.60000000e-01 1.27000000e+00 8.54225699e+05
3.50000000e-01 3.60000000e-01 1.28000000e+00 8.52960991e+05
3.50000000e-01 3.60000000e-01 1.29000000e+00 8.50583617e+05
3.50000000e-01 3.60000000e-01 1.30000000e+00 8.51663609e+05
3.50000000e-01 3.60000000e-01 1.31000000e+00 8.61508655e+05
3.50000000e-01 3.60000000e-01 1.32000000e+00 9.00845321e+05
3.50000000e-01 3.60000000e-01 1.33000000e+00 1.02901325e+06
3.50000000e-01 3.60000000e-01 1.34000000e+00 1.11544188e+06
3.50000000e-01 3.60000000e-01 1.35000000e+00 2.29260900e+06
3.50000000e-01 3.60000000e-01 1.36000000e+00 9.66322080e+05
3.50000000e-01 3.60000000e-01 1.37000000e+00 8.44570965e+05
3.50000000e-01 3.60000000e-01 1.38000000e+00 8.05620159e+05
3.50000000e-01 3.60000000e-01 1.39000000e+00 7.78649778e+05
3.50000000e-01 3.60000000e-01 1.40000000e+00 7.64023882e+05
3.50000000e-01 3.60000000e-01 1.41000000e+00 7.74226033e+05
3.50000000e-01 3.60000000e-01 1.42000000e+00 7.46905774e+05
3.50000000e-01 3.60000000e-01 1.43000000e+00 7.37258389e+05
3.50000000e-01 3.60000000e-01 1.44000000e+00 7.54183642e+05
3.50000000e-01 3.60000000e-01 1.45000000e+00 7.84798725e+05
3.50000000e-01 3.60000000e-01 1.46000000e+00 8.05039218e+05
3.50000000e-01 3.60000000e-01 1.47000000e+00 2.79946553e+06
3.50000000e-01 3.60000000e-01 1.48000000e+00 7.94093329e+05
3.50000000e-01 3.60000000e-01 1.49000000e+00 7.61080466e+05
3.50000000e-01 3.60000000e-01 1.50000000e+00 7.09419183e+05
3.50000000e-01 3.60000000e-01 1.51000000e+00 6.78410064e+05
3.50000000e-01 3.60000000e-01 1.52000000e+00 6.68342571e+05
3.50000000e-01 3.60000000e-01 1.53000000e+00 6.62181948e+05
3.50000000e-01 3.60000000e-01 1.54000000e+00 6.62795874e+05
3.50000000e-01 3.60000000e-01 1.55000000e+00 6.52702967e+05
3.50000000e-01 3.60000000e-01 1.56000000e+00 6.52614070e+05
3.50000000e-01 3.60000000e-01 1.57000000e+00 6.66519075e+05
3.50000000e-01 3.60000000e-01 1.58000000e+00 6.85587513e+05
3.50000000e-01 3.60000000e-01 1.59000000e+00 6.92750587e+05
3.50000000e-01 3.60000000e-01 1.60000000e+00 7.59042884e+05
3.50000000e-01 3.60000000e-01 1.61000000e+00 6.23447474e+05
3.50000000e-01 3.60000000e-01 1.62000000e+00 6.13648046e+05
3.50000000e-01 3.60000000e-01 1.63000000e+00 5.95047055e+05
3.50000000e-01 3.60000000e-01 1.64000000e+00 5.88297998e+05
3.50000000e-01 3.60000000e-01 1.65000000e+00 5.84605768e+05
3.50000000e-01 3.60000000e-01 1.66000000e+00 6.01134418e+05
3.50000000e-01 3.60000000e-01 1.67000000e+00 5.67844645e+05
3.50000000e-01 3.60000000e-01 1.68000000e+00 5.62391428e+05
3.50000000e-01 3.60000000e-01 1.69000000e+00 5.60153908e+05
3.50000000e-01 3.60000000e-01 1.70000000e+00 5.55608673e+05
3.50000000e-01 3.60000000e-01 1.71000000e+00 5.54266211e+05
3.50000000e-01 3.60000000e-01 1.72000000e+00 5.64208448e+05
3.50000000e-01 3.60000000e-01 1.73000000e+00 5.59013021e+05
3.50000000e-01 3.60000000e-01 1.74000000e+00 5.50670850e+05
3.50000000e-01 3.60000000e-01 1.75000000e+00 5.44869100e+05
3.50000000e-01 3.60000000e-01 1.76000000e+00 5.37583167e+05
3.50000000e-01 3.60000000e-01 1.77000000e+00 5.33701144e+05
3.50000000e-01 3.60000000e-01 1.78000000e+00 5.31960513e+05
3.50000000e-01 3.60000000e-01 1.79000000e+00 5.38795845e+05
3.50000000e-01 3.60000000e-01 1.80000000e+00 5.49501517e+05
3.50000000e-01 3.60000000e-01 1.81000000e+00 5.61163892e+05
3.50000000e-01 3.60000000e-01 1.82000000e+00 5.93587307e+05
3.50000000e-01 3.60000000e-01 1.83000000e+00 6.86863367e+05
3.50000000e-01 3.60000000e-01 1.84000000e+00 1.05799301e+06
3.50000000e-01 3.60000000e-01 1.85000000e+00 1.15283441e+06
3.50000000e-01 3.60000000e-01 1.86000000e+00 3.79975414e+06
3.50000000e-01 3.60000000e-01 1.87000000e+00 8.59070513e+05
3.50000000e-01 3.60000000e-01 1.88000000e+00 6.25631367e+05
3.50000000e-01 3.60000000e-01 1.89000000e+00 5.51122266e+05
3.50000000e-01 3.60000000e-01 1.90000000e+00 5.09223789e+05
3.50000000e-01 3.60000000e-01 1.91000000e+00 4.81986261e+05
3.50000000e-01 3.60000000e-01 1.92000000e+00 4.62272915e+05
3.50000000e-01 3.60000000e-01 1.93000000e+00 4.47294454e+05
3.50000000e-01 3.60000000e-01 1.94000000e+00 4.36076332e+05
3.50000000e-01 3.60000000e-01 1.95000000e+00 4.28740608e+05
3.50000000e-01 3.60000000e-01 1.96000000e+00 4.26817592e+05
3.50000000e-01 3.60000000e-01 1.97000000e+00 4.29541184e+05
3.50000000e-01 3.60000000e-01 1.98000000e+00 4.52167707e+05
3.50000000e-01 3.60000000e-01 1.99000000e+00 4.58925887e+05
3.50000000e-01 3.60000000e-01 2.00000000e+00 2.21353272e+06
3.60000000e-01 3.70000000e-01 1.00000000e-02 9.31956970e+04
3.60000000e-01 3.70000000e-01 2.00000000e-02 1.81556875e+05
3.60000000e-01 3.70000000e-01 3.00000000e-02 2.65237190e+05
3.60000000e-01 3.70000000e-01 4.00000000e-02 3.59874792e+05
3.60000000e-01 3.70000000e-01 5.00000000e-02 4.32544040e+05
3.60000000e-01 3.70000000e-01 6.00000000e-02 5.00905170e+05
3.60000000e-01 3.70000000e-01 7.00000000e-02 5.63455579e+05
3.60000000e-01 3.70000000e-01 8.00000000e-02 6.21326291e+05
3.60000000e-01 3.70000000e-01 9.00000000e-02 6.74331240e+05
3.60000000e-01 3.70000000e-01 1.00000000e-01 7.22728368e+05
3.60000000e-01 3.70000000e-01 1.10000000e-01 7.66918030e+05
3.60000000e-01 3.70000000e-01 1.20000000e-01 8.07713374e+05
3.60000000e-01 3.70000000e-01 1.30000000e-01 8.44306762e+05
3.60000000e-01 3.70000000e-01 1.40000000e-01 8.77672042e+05
3.60000000e-01 3.70000000e-01 1.50000000e-01 9.08018850e+05
3.60000000e-01 3.70000000e-01 1.60000000e-01 9.35632596e+05
3.60000000e-01 3.70000000e-01 1.70000000e-01 9.62628886e+05
3.60000000e-01 3.70000000e-01 1.80000000e-01 9.84600411e+05
3.60000000e-01 3.70000000e-01 1.90000000e-01 1.00516088e+06
3.60000000e-01 3.70000000e-01 2.00000000e-01 1.02240524e+06
3.60000000e-01 3.70000000e-01 2.10000000e-01 1.03807942e+06
3.60000000e-01 3.70000000e-01 2.20000000e-01 1.05201770e+06
3.60000000e-01 3.70000000e-01 2.30000000e-01 1.06465630e+06
3.60000000e-01 3.70000000e-01 2.40000000e-01 1.07547162e+06
3.60000000e-01 3.70000000e-01 2.50000000e-01 1.08469716e+06
3.60000000e-01 3.70000000e-01 2.60000000e-01 1.09433019e+06
3.60000000e-01 3.70000000e-01 2.70000000e-01 1.10196840e+06
3.60000000e-01 3.70000000e-01 2.80000000e-01 1.10955614e+06
3.60000000e-01 3.70000000e-01 2.90000000e-01 1.11157740e+06
3.60000000e-01 3.70000000e-01 3.00000000e-01 1.11488010e+06
3.60000000e-01 3.70000000e-01 3.10000000e-01 1.11750101e+06
3.60000000e-01 3.70000000e-01 3.20000000e-01 1.11942967e+06
3.60000000e-01 3.70000000e-01 3.30000000e-01 1.12036747e+06
3.60000000e-01 3.70000000e-01 3.40000000e-01 1.11925734e+06
3.60000000e-01 3.70000000e-01 3.50000000e-01 1.11804498e+06
3.60000000e-01 3.70000000e-01 3.60000000e-01 1.12008082e+06
3.60000000e-01 3.70000000e-01 3.70000000e-01 1.13643043e+06
3.60000000e-01 3.70000000e-01 3.80000000e-01 1.13219179e+06
3.60000000e-01 3.70000000e-01 3.90000000e-01 1.12307556e+06
3.60000000e-01 3.70000000e-01 4.00000000e-01 1.11756689e+06
3.60000000e-01 3.70000000e-01 4.10000000e-01 1.11247384e+06
3.60000000e-01 3.70000000e-01 4.20000000e-01 1.10800369e+06
3.60000000e-01 3.70000000e-01 4.30000000e-01 1.10322610e+06
3.60000000e-01 3.70000000e-01 4.40000000e-01 1.09620142e+06
3.60000000e-01 3.70000000e-01 4.50000000e-01 1.08909997e+06
3.60000000e-01 3.70000000e-01 4.60000000e-01 1.08282500e+06
3.60000000e-01 3.70000000e-01 4.70000000e-01 1.07593543e+06
3.60000000e-01 3.70000000e-01 4.80000000e-01 1.07002812e+06
3.60000000e-01 3.70000000e-01 4.90000000e-01 1.06699627e+06
3.60000000e-01 3.70000000e-01 5.00000000e-01 1.11977160e+06
3.60000000e-01 3.70000000e-01 5.10000000e-01 1.05745619e+06
3.60000000e-01 3.70000000e-01 5.20000000e-01 1.04714958e+06
3.60000000e-01 3.70000000e-01 5.30000000e-01 1.03886442e+06
3.60000000e-01 3.70000000e-01 5.40000000e-01 1.03391247e+06
3.60000000e-01 3.70000000e-01 5.50000000e-01 1.03302263e+06
3.60000000e-01 3.70000000e-01 5.60000000e-01 1.03707672e+06
3.60000000e-01 3.70000000e-01 5.70000000e-01 1.05818866e+06
3.60000000e-01 3.70000000e-01 5.80000000e-01 1.02766416e+06
3.60000000e-01 3.70000000e-01 5.90000000e-01 1.00141317e+06
3.60000000e-01 3.70000000e-01 6.00000000e-01 9.86107554e+05
3.60000000e-01 3.70000000e-01 6.10000000e-01 9.74025538e+05
3.60000000e-01 3.70000000e-01 6.20000000e-01 9.65756327e+05
3.60000000e-01 3.70000000e-01 6.30000000e-01 9.63907858e+05
3.60000000e-01 3.70000000e-01 6.40000000e-01 1.05536529e+06
3.60000000e-01 3.70000000e-01 6.50000000e-01 1.20032993e+06
3.60000000e-01 3.70000000e-01 6.60000000e-01 1.11503496e+06
3.60000000e-01 3.70000000e-01 6.70000000e-01 1.06745204e+06
3.60000000e-01 3.70000000e-01 6.80000000e-01 9.78757314e+05
3.60000000e-01 3.70000000e-01 6.90000000e-01 9.73474498e+05
3.60000000e-01 3.70000000e-01 7.00000000e-01 9.71192810e+05
3.60000000e-01 3.70000000e-01 7.10000000e-01 9.69782340e+05
3.60000000e-01 3.70000000e-01 7.20000000e-01 9.68214005e+05
3.60000000e-01 3.70000000e-01 7.30000000e-01 9.66413241e+05
3.60000000e-01 3.70000000e-01 7.40000000e-01 9.82116604e+05
3.60000000e-01 3.70000000e-01 7.50000000e-01 9.78928024e+05
3.60000000e-01 3.70000000e-01 7.60000000e-01 9.75982177e+05
3.60000000e-01 3.70000000e-01 7.70000000e-01 9.74828797e+05
3.60000000e-01 3.70000000e-01 7.80000000e-01 9.69307369e+05
3.60000000e-01 3.70000000e-01 7.90000000e-01 9.58478364e+05
3.60000000e-01 3.70000000e-01 8.00000000e-01 9.49781830e+05
3.60000000e-01 3.70000000e-01 8.10000000e-01 9.42794823e+05
3.60000000e-01 3.70000000e-01 8.20000000e-01 9.36601225e+05
3.60000000e-01 3.70000000e-01 8.30000000e-01 9.29962941e+05
3.60000000e-01 3.70000000e-01 8.40000000e-01 9.24899470e+05
3.60000000e-01 3.70000000e-01 8.50000000e-01 9.23383915e+05
3.60000000e-01 3.70000000e-01 8.60000000e-01 9.22559837e+05
3.60000000e-01 3.70000000e-01 8.70000000e-01 9.30062589e+05
3.60000000e-01 3.70000000e-01 8.80000000e-01 9.32923850e+05
3.60000000e-01 3.70000000e-01 8.90000000e-01 9.49804501e+05
3.60000000e-01 3.70000000e-01 9.00000000e-01 9.92498650e+05
3.60000000e-01 3.70000000e-01 9.10000000e-01 1.08076066e+06
3.60000000e-01 3.70000000e-01 9.20000000e-01 1.38183457e+06
3.60000000e-01 3.70000000e-01 9.30000000e-01 1.07413364e+06
3.60000000e-01 3.70000000e-01 9.40000000e-01 1.05697347e+06
3.60000000e-01 3.70000000e-01 9.50000000e-01 1.11089039e+06
3.60000000e-01 3.70000000e-01 9.60000000e-01 1.12933569e+06
3.60000000e-01 3.70000000e-01 9.70000000e-01 1.13221540e+06
3.60000000e-01 3.70000000e-01 9.80000000e-01 1.18027230e+06
3.60000000e-01 3.70000000e-01 9.90000000e-01 1.22563080e+06
3.60000000e-01 3.70000000e-01 1.00000000e+00 1.30568248e+06
3.60000000e-01 3.70000000e-01 1.01000000e+00 1.30367353e+06
3.60000000e-01 3.70000000e-01 1.02000000e+00 3.61673577e+06
3.60000000e-01 3.70000000e-01 1.03000000e+00 1.32043589e+06
3.60000000e-01 3.70000000e-01 1.04000000e+00 1.24484612e+06
3.60000000e-01 3.70000000e-01 1.05000000e+00 1.17441489e+06
3.60000000e-01 3.70000000e-01 1.06000000e+00 1.07245583e+06
3.60000000e-01 3.70000000e-01 1.07000000e+00 1.00006318e+06
3.60000000e-01 3.70000000e-01 1.08000000e+00 9.72774355e+05
3.60000000e-01 3.70000000e-01 1.09000000e+00 8.77169862e+05
3.60000000e-01 3.70000000e-01 1.10000000e+00 8.49830745e+05
3.60000000e-01 3.70000000e-01 1.11000000e+00 8.48249895e+05
3.60000000e-01 3.70000000e-01 1.12000000e+00 8.13656541e+05
3.60000000e-01 3.70000000e-01 1.13000000e+00 7.87767133e+05
3.60000000e-01 3.70000000e-01 1.14000000e+00 7.66714095e+05
3.60000000e-01 3.70000000e-01 1.15000000e+00 7.67052758e+05
3.60000000e-01 3.70000000e-01 1.16000000e+00 7.50067556e+05
3.60000000e-01 3.70000000e-01 1.17000000e+00 7.42683791e+05
3.60000000e-01 3.70000000e-01 1.18000000e+00 7.38952498e+05
3.60000000e-01 3.70000000e-01 1.19000000e+00 7.36837127e+05
3.60000000e-01 3.70000000e-01 1.20000000e+00 7.40700985e+05
3.60000000e-01 3.70000000e-01 1.21000000e+00 7.33966280e+05
3.60000000e-01 3.70000000e-01 1.22000000e+00 7.33962120e+05
3.60000000e-01 3.70000000e-01 1.23000000e+00 7.25366502e+05
3.60000000e-01 3.70000000e-01 1.24000000e+00 7.14095601e+05
3.60000000e-01 3.70000000e-01 1.25000000e+00 7.07697873e+05
3.60000000e-01 3.70000000e-01 1.26000000e+00 7.06100151e+05
3.60000000e-01 3.70000000e-01 1.27000000e+00 6.99847585e+05
3.60000000e-01 3.70000000e-01 1.28000000e+00 6.99298965e+05
3.60000000e-01 3.70000000e-01 1.29000000e+00 6.97482411e+05
3.60000000e-01 3.70000000e-01 1.30000000e+00 6.98076673e+05
3.60000000e-01 3.70000000e-01 1.31000000e+00 7.05811709e+05
3.60000000e-01 3.70000000e-01 1.32000000e+00 7.38814018e+05
3.60000000e-01 3.70000000e-01 1.33000000e+00 8.54824191e+05
3.60000000e-01 3.70000000e-01 1.34000000e+00 9.26852268e+05
3.60000000e-01 3.70000000e-01 1.35000000e+00 2.09769767e+06
3.60000000e-01 3.70000000e-01 1.36000000e+00 7.96882827e+05
3.60000000e-01 3.70000000e-01 1.37000000e+00 6.93190696e+05
3.60000000e-01 3.70000000e-01 1.38000000e+00 6.59262795e+05
3.60000000e-01 3.70000000e-01 1.39000000e+00 6.35533430e+05
3.60000000e-01 3.70000000e-01 1.40000000e+00 6.23782745e+05
3.60000000e-01 3.70000000e-01 1.41000000e+00 6.32548823e+05
3.60000000e-01 3.70000000e-01 1.42000000e+00 6.11091300e+05
3.60000000e-01 3.70000000e-01 1.43000000e+00 6.01377064e+05
3.60000000e-01 3.70000000e-01 1.44000000e+00 6.14069050e+05
3.60000000e-01 3.70000000e-01 1.45000000e+00 6.40388477e+05
3.60000000e-01 3.70000000e-01 1.46000000e+00 6.64542503e+05
3.60000000e-01 3.70000000e-01 1.47000000e+00 2.39955161e+06
3.60000000e-01 3.70000000e-01 1.48000000e+00 6.56233644e+05
3.60000000e-01 3.70000000e-01 1.49000000e+00 6.21939610e+05
3.60000000e-01 3.70000000e-01 1.50000000e+00 5.76274087e+05
3.60000000e-01 3.70000000e-01 1.51000000e+00 5.51231532e+05
3.60000000e-01 3.70000000e-01 1.52000000e+00 5.43017622e+05
3.60000000e-01 3.70000000e-01 1.53000000e+00 5.38191227e+05
3.60000000e-01 3.70000000e-01 1.54000000e+00 5.38964269e+05
3.60000000e-01 3.70000000e-01 1.55000000e+00 5.30535932e+05
3.60000000e-01 3.70000000e-01 1.56000000e+00 5.31397439e+05
3.60000000e-01 3.70000000e-01 1.57000000e+00 5.45054472e+05
3.60000000e-01 3.70000000e-01 1.58000000e+00 5.64101415e+05
3.60000000e-01 3.70000000e-01 1.59000000e+00 5.65909434e+05
3.60000000e-01 3.70000000e-01 1.60000000e+00 6.19494583e+05
3.60000000e-01 3.70000000e-01 1.61000000e+00 5.06385634e+05
3.60000000e-01 3.70000000e-01 1.62000000e+00 4.97637731e+05
3.60000000e-01 3.70000000e-01 1.63000000e+00 4.82456541e+05
3.60000000e-01 3.70000000e-01 1.64000000e+00 4.76844104e+05
3.60000000e-01 3.70000000e-01 1.65000000e+00 4.73686875e+05
3.60000000e-01 3.70000000e-01 1.66000000e+00 4.87874436e+05
3.60000000e-01 3.70000000e-01 1.67000000e+00 4.59902094e+05
3.60000000e-01 3.70000000e-01 1.68000000e+00 4.55225267e+05
3.60000000e-01 3.70000000e-01 1.69000000e+00 4.53489352e+05
3.60000000e-01 3.70000000e-01 1.70000000e+00 4.49684245e+05
3.60000000e-01 3.70000000e-01 1.71000000e+00 4.48804889e+05
3.60000000e-01 3.70000000e-01 1.72000000e+00 4.57832435e+05
3.60000000e-01 3.70000000e-01 1.73000000e+00 4.54771507e+05
3.60000000e-01 3.70000000e-01 1.74000000e+00 4.45739400e+05
3.60000000e-01 3.70000000e-01 1.75000000e+00 4.41913603e+05
3.60000000e-01 3.70000000e-01 1.76000000e+00 4.34711237e+05
3.60000000e-01 3.70000000e-01 1.77000000e+00 4.30854389e+05
3.60000000e-01 3.70000000e-01 1.78000000e+00 4.28630403e+05
3.60000000e-01 3.70000000e-01 1.79000000e+00 4.34074325e+05
3.60000000e-01 3.70000000e-01 1.80000000e+00 4.42842457e+05
3.60000000e-01 3.70000000e-01 1.81000000e+00 4.51901466e+05
3.60000000e-01 3.70000000e-01 1.82000000e+00 4.77674836e+05
3.60000000e-01 3.70000000e-01 1.83000000e+00 5.52233286e+05
3.60000000e-01 3.70000000e-01 1.84000000e+00 8.77215711e+05
3.60000000e-01 3.70000000e-01 1.85000000e+00 9.45046685e+05
3.60000000e-01 3.70000000e-01 1.86000000e+00 3.42433798e+06
3.60000000e-01 3.70000000e-01 1.87000000e+00 7.03415386e+05
3.60000000e-01 3.70000000e-01 1.88000000e+00 5.08661654e+05
3.60000000e-01 3.70000000e-01 1.89000000e+00 4.45344770e+05
3.60000000e-01 3.70000000e-01 1.90000000e+00 4.10159169e+05
3.60000000e-01 3.70000000e-01 1.91000000e+00 3.87521207e+05
3.60000000e-01 3.70000000e-01 1.92000000e+00 3.71243598e+05
3.60000000e-01 3.70000000e-01 1.93000000e+00 3.58866208e+05
3.60000000e-01 3.70000000e-01 1.94000000e+00 3.49549698e+05
3.60000000e-01 3.70000000e-01 1.95000000e+00 3.43294977e+05
3.60000000e-01 3.70000000e-01 1.96000000e+00 3.41030796e+05
3.60000000e-01 3.70000000e-01 1.97000000e+00 3.42553006e+05
3.60000000e-01 3.70000000e-01 1.98000000e+00 3.59721795e+05
3.60000000e-01 3.70000000e-01 1.99000000e+00 3.69146221e+05
3.60000000e-01 3.70000000e-01 2.00000000e+00 1.83646783e+06
3.70000000e-01 3.80000000e-01 1.00000000e-02 7.95804626e+04
3.70000000e-01 3.80000000e-01 2.00000000e-02 1.54819070e+05
3.70000000e-01 3.80000000e-01 3.00000000e-02 2.26044945e+05
3.70000000e-01 3.80000000e-01 4.00000000e-02 3.05591721e+05
3.70000000e-01 3.80000000e-01 5.00000000e-02 3.66888334e+05
3.70000000e-01 3.80000000e-01 6.00000000e-02 4.24098170e+05
3.70000000e-01 3.80000000e-01 7.00000000e-02 4.76345254e+05
3.70000000e-01 3.80000000e-01 8.00000000e-02 5.24496521e+05
3.70000000e-01 3.80000000e-01 9.00000000e-02 5.68470682e+05
3.70000000e-01 3.80000000e-01 1.00000000e-01 6.08463824e+05
3.70000000e-01 3.80000000e-01 1.10000000e-01 6.44838683e+05
3.70000000e-01 3.80000000e-01 1.20000000e-01 6.78391721e+05
3.70000000e-01 3.80000000e-01 1.30000000e-01 7.08216115e+05
3.70000000e-01 3.80000000e-01 1.40000000e-01 7.35331936e+05
3.70000000e-01 3.80000000e-01 1.50000000e-01 7.59921063e+05
3.70000000e-01 3.80000000e-01 1.60000000e-01 7.82203806e+05
3.70000000e-01 3.80000000e-01 1.70000000e-01 8.04099254e+05
3.70000000e-01 3.80000000e-01 1.80000000e-01 8.21643381e+05
3.70000000e-01 3.80000000e-01 1.90000000e-01 8.38135222e+05
3.70000000e-01 3.80000000e-01 2.00000000e-01 8.51536462e+05
3.70000000e-01 3.80000000e-01 2.10000000e-01 8.63746500e+05
3.70000000e-01 3.80000000e-01 2.20000000e-01 8.74543029e+05
3.70000000e-01 3.80000000e-01 2.30000000e-01 8.84355591e+05
3.70000000e-01 3.80000000e-01 2.40000000e-01 8.92582270e+05
3.70000000e-01 3.80000000e-01 2.50000000e-01 8.99458781e+05
3.70000000e-01 3.80000000e-01 2.60000000e-01 9.06919116e+05
3.70000000e-01 3.80000000e-01 2.70000000e-01 9.12694997e+05
3.70000000e-01 3.80000000e-01 2.80000000e-01 9.18797336e+05
3.70000000e-01 3.80000000e-01 2.90000000e-01 9.19203141e+05
3.70000000e-01 3.80000000e-01 3.00000000e-01 9.21245072e+05
3.70000000e-01 3.80000000e-01 3.10000000e-01 9.22771950e+05
3.70000000e-01 3.80000000e-01 3.20000000e-01 9.23785354e+05
3.70000000e-01 3.80000000e-01 3.30000000e-01 9.24031220e+05
3.70000000e-01 3.80000000e-01 3.40000000e-01 9.22224858e+05
3.70000000e-01 3.80000000e-01 3.50000000e-01 9.20547664e+05
3.70000000e-01 3.80000000e-01 3.60000000e-01 9.22464252e+05
3.70000000e-01 3.80000000e-01 3.70000000e-01 9.36332862e+05
3.70000000e-01 3.80000000e-01 3.80000000e-01 9.32147674e+05
3.70000000e-01 3.80000000e-01 3.90000000e-01 9.22568504e+05
3.70000000e-01 3.80000000e-01 4.00000000e-01 9.17390158e+05
3.70000000e-01 3.80000000e-01 4.10000000e-01 9.12651756e+05
3.70000000e-01 3.80000000e-01 4.20000000e-01 9.08486378e+05
3.70000000e-01 3.80000000e-01 4.30000000e-01 9.04388788e+05
3.70000000e-01 3.80000000e-01 4.40000000e-01 8.97854478e+05
3.70000000e-01 3.80000000e-01 4.50000000e-01 8.91412461e+05
3.70000000e-01 3.80000000e-01 4.60000000e-01 8.85825443e+05
3.70000000e-01 3.80000000e-01 4.70000000e-01 8.79775100e+05
3.70000000e-01 3.80000000e-01 4.80000000e-01 8.74521535e+05
3.70000000e-01 3.80000000e-01 4.90000000e-01 8.72483483e+05
3.70000000e-01 3.80000000e-01 5.00000000e-01 9.27608208e+05
3.70000000e-01 3.80000000e-01 5.10000000e-01 8.63784771e+05
3.70000000e-01 3.80000000e-01 5.20000000e-01 8.54102992e+05
3.70000000e-01 3.80000000e-01 5.30000000e-01 8.46740675e+05
3.70000000e-01 3.80000000e-01 5.40000000e-01 8.42432568e+05
3.70000000e-01 3.80000000e-01 5.50000000e-01 8.41841787e+05
3.70000000e-01 3.80000000e-01 5.60000000e-01 8.46285352e+05
3.70000000e-01 3.80000000e-01 5.70000000e-01 8.68985628e+05
3.70000000e-01 3.80000000e-01 5.80000000e-01 8.39164052e+05
3.70000000e-01 3.80000000e-01 5.90000000e-01 8.15335515e+05
3.70000000e-01 3.80000000e-01 6.00000000e-01 8.02124425e+05
3.70000000e-01 3.80000000e-01 6.10000000e-01 7.91793372e+05
3.70000000e-01 3.80000000e-01 6.20000000e-01 7.85008043e+05
3.70000000e-01 3.80000000e-01 6.30000000e-01 7.84010090e+05
3.70000000e-01 3.80000000e-01 6.40000000e-01 8.75204147e+05
3.70000000e-01 3.80000000e-01 6.50000000e-01 1.00933334e+06
3.70000000e-01 3.80000000e-01 6.60000000e-01 9.28120519e+05
3.70000000e-01 3.80000000e-01 6.70000000e-01 8.70763597e+05
3.70000000e-01 3.80000000e-01 6.80000000e-01 7.92834799e+05
3.70000000e-01 3.80000000e-01 6.90000000e-01 7.88237908e+05
3.70000000e-01 3.80000000e-01 7.00000000e-01 7.86413996e+05
3.70000000e-01 3.80000000e-01 7.10000000e-01 7.85609514e+05
3.70000000e-01 3.80000000e-01 7.20000000e-01 7.85066393e+05
3.70000000e-01 3.80000000e-01 7.30000000e-01 7.84467520e+05
3.70000000e-01 3.80000000e-01 7.40000000e-01 7.98797297e+05
3.70000000e-01 3.80000000e-01 7.50000000e-01 7.97159791e+05
3.70000000e-01 3.80000000e-01 7.60000000e-01 7.95902494e+05
3.70000000e-01 3.80000000e-01 7.70000000e-01 7.96617989e+05
3.70000000e-01 3.80000000e-01 7.80000000e-01 7.92755792e+05
3.70000000e-01 3.80000000e-01 7.90000000e-01 7.83212035e+05
3.70000000e-01 3.80000000e-01 8.00000000e-01 7.76080727e+05
3.70000000e-01 3.80000000e-01 8.10000000e-01 7.70312993e+05
3.70000000e-01 3.80000000e-01 8.20000000e-01 7.65608953e+05
3.70000000e-01 3.80000000e-01 8.30000000e-01 7.60228766e+05
3.70000000e-01 3.80000000e-01 8.40000000e-01 7.56122772e+05
3.70000000e-01 3.80000000e-01 8.50000000e-01 7.55609633e+05
3.70000000e-01 3.80000000e-01 8.60000000e-01 7.55470934e+05
3.70000000e-01 3.80000000e-01 8.70000000e-01 7.63112008e+05
3.70000000e-01 3.80000000e-01 8.80000000e-01 7.65638951e+05
3.70000000e-01 3.80000000e-01 8.90000000e-01 7.80471982e+05
3.70000000e-01 3.80000000e-01 9.00000000e-01 8.19459625e+05
3.70000000e-01 3.80000000e-01 9.10000000e-01 9.02961330e+05
3.70000000e-01 3.80000000e-01 9.20000000e-01 1.20538386e+06
3.70000000e-01 3.80000000e-01 9.30000000e-01 8.93735720e+05
3.70000000e-01 3.80000000e-01 9.40000000e-01 8.81239305e+05
3.70000000e-01 3.80000000e-01 9.50000000e-01 9.34899061e+05
3.70000000e-01 3.80000000e-01 9.60000000e-01 9.50340021e+05
3.70000000e-01 3.80000000e-01 9.70000000e-01 9.50689061e+05
3.70000000e-01 3.80000000e-01 9.80000000e-01 9.95670541e+05
3.70000000e-01 3.80000000e-01 9.90000000e-01 1.03588126e+06
3.70000000e-01 3.80000000e-01 1.00000000e+00 1.10169289e+06
3.70000000e-01 3.80000000e-01 1.01000000e+00 1.10611344e+06
3.70000000e-01 3.80000000e-01 1.02000000e+00 3.27514617e+06
3.70000000e-01 3.80000000e-01 1.03000000e+00 1.11954729e+06
3.70000000e-01 3.80000000e-01 1.04000000e+00 1.04126037e+06
3.70000000e-01 3.80000000e-01 1.05000000e+00 9.79019027e+05
3.70000000e-01 3.80000000e-01 1.06000000e+00 8.82268805e+05
3.70000000e-01 3.80000000e-01 1.07000000e+00 8.25653328e+05
3.70000000e-01 3.80000000e-01 1.08000000e+00 8.05137787e+05
3.70000000e-01 3.80000000e-01 1.09000000e+00 7.18965684e+05
3.70000000e-01 3.80000000e-01 1.10000000e+00 6.96311268e+05
3.70000000e-01 3.80000000e-01 1.11000000e+00 6.95397908e+05
3.70000000e-01 3.80000000e-01 1.12000000e+00 6.65225594e+05
3.70000000e-01 3.80000000e-01 1.13000000e+00 6.42927560e+05
3.70000000e-01 3.80000000e-01 1.14000000e+00 6.24972078e+05
3.70000000e-01 3.80000000e-01 1.15000000e+00 6.27351394e+05
3.70000000e-01 3.80000000e-01 1.16000000e+00 6.11418755e+05
3.70000000e-01 3.80000000e-01 1.17000000e+00 6.05437946e+05
3.70000000e-01 3.80000000e-01 1.18000000e+00 6.02896425e+05
3.70000000e-01 3.80000000e-01 1.19000000e+00 6.02091430e+05
3.70000000e-01 3.80000000e-01 1.20000000e+00 6.07302968e+05
3.70000000e-01 3.80000000e-01 1.21000000e+00 6.01119449e+05
3.70000000e-01 3.80000000e-01 1.22000000e+00 6.02852520e+05
3.70000000e-01 3.80000000e-01 1.23000000e+00 5.95149932e+05
3.70000000e-01 3.80000000e-01 1.24000000e+00 5.85125812e+05
3.70000000e-01 3.80000000e-01 1.25000000e+00 5.79500268e+05
3.70000000e-01 3.80000000e-01 1.26000000e+00 5.79211726e+05
3.70000000e-01 3.80000000e-01 1.27000000e+00 5.74392068e+05
3.70000000e-01 3.80000000e-01 1.28000000e+00 5.74380352e+05
3.70000000e-01 3.80000000e-01 1.29000000e+00 5.72969524e+05
3.70000000e-01 3.80000000e-01 1.30000000e+00 5.73026989e+05
3.70000000e-01 3.80000000e-01 1.31000000e+00 5.78822839e+05
3.70000000e-01 3.80000000e-01 1.32000000e+00 6.05935026e+05
3.70000000e-01 3.80000000e-01 1.33000000e+00 7.10088164e+05
3.70000000e-01 3.80000000e-01 1.34000000e+00 7.68537360e+05
3.70000000e-01 3.80000000e-01 1.35000000e+00 1.92914958e+06
3.70000000e-01 3.80000000e-01 1.36000000e+00 6.57094376e+05
3.70000000e-01 3.80000000e-01 1.37000000e+00 5.69746652e+05
3.70000000e-01 3.80000000e-01 1.38000000e+00 5.40131524e+05
3.70000000e-01 3.80000000e-01 1.39000000e+00 5.19131760e+05
3.70000000e-01 3.80000000e-01 1.40000000e+00 5.09750390e+05
3.70000000e-01 3.80000000e-01 1.41000000e+00 5.17347316e+05
3.70000000e-01 3.80000000e-01 1.42000000e+00 5.00652561e+05
3.70000000e-01 3.80000000e-01 1.43000000e+00 4.91033784e+05
3.70000000e-01 3.80000000e-01 1.44000000e+00 5.00298667e+05
3.70000000e-01 3.80000000e-01 1.45000000e+00 5.22440248e+05
3.70000000e-01 3.80000000e-01 1.46000000e+00 5.50143143e+05
3.70000000e-01 3.80000000e-01 1.47000000e+00 2.02616260e+06
3.70000000e-01 3.80000000e-01 1.48000000e+00 5.43730781e+05
3.70000000e-01 3.80000000e-01 1.49000000e+00 5.08019365e+05
3.70000000e-01 3.80000000e-01 1.50000000e+00 4.68218595e+05
3.70000000e-01 3.80000000e-01 1.51000000e+00 4.48052382e+05
3.70000000e-01 3.80000000e-01 1.52000000e+00 4.41330204e+05
3.70000000e-01 3.80000000e-01 1.53000000e+00 4.37544557e+05
3.70000000e-01 3.80000000e-01 1.54000000e+00 4.38418289e+05
3.70000000e-01 3.80000000e-01 1.55000000e+00 4.31424262e+05
3.70000000e-01 3.80000000e-01 1.56000000e+00 4.33015372e+05
3.70000000e-01 3.80000000e-01 1.57000000e+00 4.46336748e+05
3.70000000e-01 3.80000000e-01 1.58000000e+00 4.65143440e+05
3.70000000e-01 3.80000000e-01 1.59000000e+00 4.61942299e+05
3.70000000e-01 3.80000000e-01 1.60000000e+00 5.04819471e+05
3.70000000e-01 3.80000000e-01 1.61000000e+00 4.11424755e+05
3.70000000e-01 3.80000000e-01 1.62000000e+00 4.03648761e+05
3.70000000e-01 3.80000000e-01 1.63000000e+00 3.91259889e+05
3.70000000e-01 3.80000000e-01 1.64000000e+00 3.86597287e+05
3.70000000e-01 3.80000000e-01 1.65000000e+00 3.83912036e+05
3.70000000e-01 3.80000000e-01 1.66000000e+00 3.96175148e+05
3.70000000e-01 3.80000000e-01 1.67000000e+00 3.72575636e+05
3.70000000e-01 3.80000000e-01 1.68000000e+00 3.68591434e+05
3.70000000e-01 3.80000000e-01 1.69000000e+00 3.67258820e+05
3.70000000e-01 3.80000000e-01 1.70000000e+00 3.64067415e+05
3.70000000e-01 3.80000000e-01 1.71000000e+00 3.63518929e+05
3.70000000e-01 3.80000000e-01 1.72000000e+00 3.71728170e+05
3.70000000e-01 3.80000000e-01 1.73000000e+00 3.70538692e+05
3.70000000e-01 3.80000000e-01 1.74000000e+00 3.60934980e+05
3.70000000e-01 3.80000000e-01 1.75000000e+00 3.58754632e+05
3.70000000e-01 3.80000000e-01 1.76000000e+00 3.51632772e+05
3.70000000e-01 3.80000000e-01 1.77000000e+00 3.47805386e+05
3.70000000e-01 3.80000000e-01 1.78000000e+00 3.45186832e+05
3.70000000e-01 3.80000000e-01 1.79000000e+00 3.49424502e+05
3.70000000e-01 3.80000000e-01 1.80000000e+00 3.56527738e+05
3.70000000e-01 3.80000000e-01 1.81000000e+00 3.63519912e+05
3.70000000e-01 3.80000000e-01 1.82000000e+00 3.83782379e+05
3.70000000e-01 3.80000000e-01 1.83000000e+00 4.42095135e+05
3.70000000e-01 3.80000000e-01 1.84000000e+00 7.23699612e+05
3.70000000e-01 3.80000000e-01 1.85000000e+00 7.68841736e+05
3.70000000e-01 3.80000000e-01 1.86000000e+00 3.07751149e+06
3.70000000e-01 3.80000000e-01 1.87000000e+00 5.75455653e+05
3.70000000e-01 3.80000000e-01 1.88000000e+00 4.13613381e+05
3.70000000e-01 3.80000000e-01 1.89000000e+00 3.59504795e+05
3.70000000e-01 3.80000000e-01 1.90000000e+00 3.29933706e+05
3.70000000e-01 3.80000000e-01 1.91000000e+00 3.11171916e+05
3.70000000e-01 3.80000000e-01 1.92000000e+00 2.97810415e+05
3.70000000e-01 3.80000000e-01 1.93000000e+00 2.87657233e+05
3.70000000e-01 3.80000000e-01 1.94000000e+00 2.79986803e+05
3.70000000e-01 3.80000000e-01 1.95000000e+00 2.74703004e+05
3.70000000e-01 3.80000000e-01 1.96000000e+00 2.72367168e+05
3.70000000e-01 3.80000000e-01 1.97000000e+00 2.72990985e+05
3.70000000e-01 3.80000000e-01 1.98000000e+00 2.85718963e+05
3.70000000e-01 3.80000000e-01 1.99000000e+00 2.97154606e+05
3.70000000e-01 3.80000000e-01 2.00000000e+00 1.51180907e+06
3.80000000e-01 3.90000000e-01 1.00000000e-02 6.79417421e+04
3.80000000e-01 3.90000000e-01 2.00000000e-02 1.31985875e+05
3.80000000e-01 3.90000000e-01 3.00000000e-02 1.92638366e+05
3.80000000e-01 3.90000000e-01 4.00000000e-02 2.59376241e+05
3.80000000e-01 3.90000000e-01 5.00000000e-02 3.11046601e+05
3.80000000e-01 3.90000000e-01 6.00000000e-02 3.58901796e+05
3.80000000e-01 3.90000000e-01 7.00000000e-02 4.02507476e+05
3.80000000e-01 3.90000000e-01 8.00000000e-02 4.42529734e+05
3.80000000e-01 3.90000000e-01 9.00000000e-02 4.78969509e+05
3.80000000e-01 3.90000000e-01 1.00000000e-01 5.11981409e+05
3.80000000e-01 3.90000000e-01 1.10000000e-01 5.41883184e+05
3.80000000e-01 3.90000000e-01 1.20000000e-01 5.69458244e+05
3.80000000e-01 3.90000000e-01 1.30000000e-01 5.93715084e+05
3.80000000e-01 3.90000000e-01 1.40000000e-01 6.15711918e+05
3.80000000e-01 3.90000000e-01 1.50000000e-01 6.35600910e+05
3.80000000e-01 3.90000000e-01 1.60000000e-01 6.53544611e+05
3.80000000e-01 3.90000000e-01 1.70000000e-01 6.71282445e+05
3.80000000e-01 3.90000000e-01 1.80000000e-01 6.85248726e+05
3.80000000e-01 3.90000000e-01 1.90000000e-01 6.98466111e+05
3.80000000e-01 3.90000000e-01 2.00000000e-01 7.08812870e+05
3.80000000e-01 3.90000000e-01 2.10000000e-01 7.18270017e+05
3.80000000e-01 3.90000000e-01 2.20000000e-01 7.26589817e+05
3.80000000e-01 3.90000000e-01 2.30000000e-01 7.34173179e+05
3.80000000e-01 3.90000000e-01 2.40000000e-01 7.40382684e+05
3.80000000e-01 3.90000000e-01 2.50000000e-01 7.45445587e+05
3.80000000e-01 3.90000000e-01 2.60000000e-01 7.51217270e+05
3.80000000e-01 3.90000000e-01 2.70000000e-01 7.55547091e+05
3.80000000e-01 3.90000000e-01 2.80000000e-01 7.60559330e+05
3.80000000e-01 3.90000000e-01 2.90000000e-01 7.59762724e+05
3.80000000e-01 3.90000000e-01 3.00000000e-01 7.60880847e+05
3.80000000e-01 3.90000000e-01 3.10000000e-01 7.61601382e+05
3.80000000e-01 3.90000000e-01 3.20000000e-01 7.61927877e+05
3.80000000e-01 3.90000000e-01 3.30000000e-01 7.61683206e+05
3.80000000e-01 3.90000000e-01 3.40000000e-01 7.59465357e+05
3.80000000e-01 3.90000000e-01 3.50000000e-01 7.57511486e+05
3.80000000e-01 3.90000000e-01 3.60000000e-01 7.59359804e+05
3.80000000e-01 3.90000000e-01 3.70000000e-01 7.71130492e+05
3.80000000e-01 3.90000000e-01 3.80000000e-01 7.67202870e+05
3.80000000e-01 3.90000000e-01 3.90000000e-01 7.57487677e+05
3.80000000e-01 3.90000000e-01 4.00000000e-01 7.52706493e+05
3.80000000e-01 3.90000000e-01 4.10000000e-01 7.48364494e+05
3.80000000e-01 3.90000000e-01 4.20000000e-01 7.44560198e+05
3.80000000e-01 3.90000000e-01 4.30000000e-01 7.41080230e+05
3.80000000e-01 3.90000000e-01 4.40000000e-01 7.35053651e+05
3.80000000e-01 3.90000000e-01 4.50000000e-01 7.29295008e+05
3.80000000e-01 3.90000000e-01 4.60000000e-01 7.24373747e+05
3.80000000e-01 3.90000000e-01 4.70000000e-01 7.19110348e+05
3.80000000e-01 3.90000000e-01 4.80000000e-01 7.14476546e+05
3.80000000e-01 3.90000000e-01 4.90000000e-01 7.13263094e+05
3.80000000e-01 3.90000000e-01 5.00000000e-01 7.70634251e+05
3.80000000e-01 3.90000000e-01 5.10000000e-01 7.05386392e+05
3.80000000e-01 3.90000000e-01 5.20000000e-01 6.96338953e+05
3.80000000e-01 3.90000000e-01 5.30000000e-01 6.89793810e+05
3.80000000e-01 3.90000000e-01 5.40000000e-01 6.86051689e+05
3.80000000e-01 3.90000000e-01 5.50000000e-01 6.85663853e+05
3.80000000e-01 3.90000000e-01 5.60000000e-01 6.90430176e+05
3.80000000e-01 3.90000000e-01 5.70000000e-01 7.14288715e+05
3.80000000e-01 3.90000000e-01 5.80000000e-01 6.85278967e+05
3.80000000e-01 3.90000000e-01 5.90000000e-01 6.63666523e+05
3.80000000e-01 3.90000000e-01 6.00000000e-01 6.52319834e+05
3.80000000e-01 3.90000000e-01 6.10000000e-01 6.43541857e+05
3.80000000e-01 3.90000000e-01 6.20000000e-01 6.38016895e+05
3.80000000e-01 3.90000000e-01 6.30000000e-01 6.37779351e+05
3.80000000e-01 3.90000000e-01 6.40000000e-01 7.27928770e+05
3.80000000e-01 3.90000000e-01 6.50000000e-01 8.52374741e+05
3.80000000e-01 3.90000000e-01 6.60000000e-01 7.75124954e+05
3.80000000e-01 3.90000000e-01 6.70000000e-01 7.10717649e+05
3.80000000e-01 3.90000000e-01 6.80000000e-01 6.42318924e+05
3.80000000e-01 3.90000000e-01 6.90000000e-01 6.38306052e+05
3.80000000e-01 3.90000000e-01 7.00000000e-01 6.36858366e+05
3.80000000e-01 3.90000000e-01 7.10000000e-01 6.36503344e+05
3.80000000e-01 3.90000000e-01 7.20000000e-01 6.36684650e+05
3.80000000e-01 3.90000000e-01 7.30000000e-01 6.36965951e+05
3.80000000e-01 3.90000000e-01 7.40000000e-01 6.49895911e+05
3.80000000e-01 3.90000000e-01 7.50000000e-01 6.49444073e+05
3.80000000e-01 3.90000000e-01 7.60000000e-01 6.49510261e+05
3.80000000e-01 3.90000000e-01 7.70000000e-01 6.51708060e+05
3.80000000e-01 3.90000000e-01 7.80000000e-01 6.49196524e+05
3.80000000e-01 3.90000000e-01 7.90000000e-01 6.40703957e+05
3.80000000e-01 3.90000000e-01 8.00000000e-01 6.34844484e+05
3.80000000e-01 3.90000000e-01 8.10000000e-01 6.30145612e+05
3.80000000e-01 3.90000000e-01 8.20000000e-01 6.26674783e+05
3.80000000e-01 3.90000000e-01 8.30000000e-01 6.22337975e+05
3.80000000e-01 3.90000000e-01 8.40000000e-01 6.19024080e+05
3.80000000e-01 3.90000000e-01 8.50000000e-01 6.19362116e+05
3.80000000e-01 3.90000000e-01 8.60000000e-01 6.19748267e+05
3.80000000e-01 3.90000000e-01 8.70000000e-01 6.27553217e+05
3.80000000e-01 3.90000000e-01 8.80000000e-01 6.29798154e+05
3.80000000e-01 3.90000000e-01 8.90000000e-01 6.42976546e+05
3.80000000e-01 3.90000000e-01 9.00000000e-01 6.78911287e+05
3.80000000e-01 3.90000000e-01 9.10000000e-01 7.58498484e+05
3.80000000e-01 3.90000000e-01 9.20000000e-01 1.06072787e+06
3.80000000e-01 3.90000000e-01 9.30000000e-01 7.47279506e+05
3.80000000e-01 3.90000000e-01 9.40000000e-01 7.38649797e+05
3.80000000e-01 3.90000000e-01 9.50000000e-01 7.92222469e+05
3.80000000e-01 3.90000000e-01 9.60000000e-01 8.04963229e+05
3.80000000e-01 3.90000000e-01 9.70000000e-01 8.02968941e+05
3.80000000e-01 3.90000000e-01 9.80000000e-01 8.45078510e+05
3.80000000e-01 3.90000000e-01 9.90000000e-01 8.81364433e+05
3.80000000e-01 3.90000000e-01 1.00000000e+00 9.35221427e+05
3.80000000e-01 3.90000000e-01 1.01000000e+00 9.43721692e+05
3.80000000e-01 3.90000000e-01 1.02000000e+00 2.97800694e+06
3.80000000e-01 3.90000000e-01 1.03000000e+00 9.54274762e+05
3.80000000e-01 3.90000000e-01 1.04000000e+00 8.74796308e+05
3.80000000e-01 3.90000000e-01 1.05000000e+00 8.19254327e+05
3.80000000e-01 3.90000000e-01 1.06000000e+00 7.28163159e+05
3.80000000e-01 3.90000000e-01 1.07000000e+00 6.83456099e+05
3.80000000e-01 3.90000000e-01 1.08000000e+00 6.67657246e+05
3.80000000e-01 3.90000000e-01 1.09000000e+00 5.90762952e+05
3.80000000e-01 3.90000000e-01 1.10000000e+00 5.71795737e+05
3.80000000e-01 3.90000000e-01 1.11000000e+00 5.70740826e+05
3.80000000e-01 3.90000000e-01 1.12000000e+00 5.45037537e+05
3.80000000e-01 3.90000000e-01 1.13000000e+00 5.26218639e+05
3.80000000e-01 3.90000000e-01 1.14000000e+00 5.10823073e+05
3.80000000e-01 3.90000000e-01 1.15000000e+00 5.13785857e+05
3.80000000e-01 3.90000000e-01 1.16000000e+00 4.99901743e+05
3.80000000e-01 3.90000000e-01 1.17000000e+00 4.95067261e+05
3.80000000e-01 3.90000000e-01 1.18000000e+00 4.93401821e+05
3.80000000e-01 3.90000000e-01 1.19000000e+00 4.93602974e+05
3.80000000e-01 3.90000000e-01 1.20000000e+00 4.99770677e+05
3.80000000e-01 3.90000000e-01 1.21000000e+00 4.94081760e+05
3.80000000e-01 3.90000000e-01 1.22000000e+00 4.97039758e+05
3.80000000e-01 3.90000000e-01 1.23000000e+00 4.90215456e+05
3.80000000e-01 3.90000000e-01 1.24000000e+00 4.81156909e+05
3.80000000e-01 3.90000000e-01 1.25000000e+00 4.76247872e+05
3.80000000e-01 3.90000000e-01 1.26000000e+00 4.76892969e+05
3.80000000e-01 3.90000000e-01 1.27000000e+00 4.73336096e+05
3.80000000e-01 3.90000000e-01 1.28000000e+00 4.73728491e+05
3.80000000e-01 3.90000000e-01 1.29000000e+00 4.72623900e+05
3.80000000e-01 3.90000000e-01 1.30000000e+00 4.72139772e+05
3.80000000e-01 3.90000000e-01 1.31000000e+00 4.76426439e+05
3.80000000e-01 3.90000000e-01 1.32000000e+00 4.98836077e+05
3.80000000e-01 3.90000000e-01 1.33000000e+00 5.92621197e+05
3.80000000e-01 3.90000000e-01 1.34000000e+00 6.40315210e+05
3.80000000e-01 3.90000000e-01 1.35000000e+00 1.78721391e+06
3.80000000e-01 3.90000000e-01 1.36000000e+00 5.44130467e+05
3.80000000e-01 3.90000000e-01 1.37000000e+00 4.70008517e+05
3.80000000e-01 3.90000000e-01 1.38000000e+00 4.43977049e+05
3.80000000e-01 3.90000000e-01 1.39000000e+00 4.25406144e+05
3.80000000e-01 3.90000000e-01 1.40000000e+00 4.17683589e+05
3.80000000e-01 3.90000000e-01 1.41000000e+00 4.24081028e+05
3.80000000e-01 3.90000000e-01 1.42000000e+00 4.10902937e+05
3.80000000e-01 3.90000000e-01 1.43000000e+00 4.01896106e+05
3.80000000e-01 3.90000000e-01 1.44000000e+00 4.08678020e+05
3.80000000e-01 3.90000000e-01 1.45000000e+00 4.27412484e+05
3.80000000e-01 3.90000000e-01 1.46000000e+00 4.57054729e+05
3.80000000e-01 3.90000000e-01 1.47000000e+00 1.71470758e+06
3.80000000e-01 3.90000000e-01 1.48000000e+00 4.51718966e+05
3.80000000e-01 3.90000000e-01 1.49000000e+00 4.15619084e+05
3.80000000e-01 3.90000000e-01 1.50000000e+00 3.81474499e+05
3.80000000e-01 3.90000000e-01 1.51000000e+00 3.65216650e+05
3.80000000e-01 3.90000000e-01 1.52000000e+00 3.59736279e+05
3.80000000e-01 3.90000000e-01 1.53000000e+00 3.56746488e+05
3.80000000e-01 3.90000000e-01 1.54000000e+00 3.57718465e+05
3.80000000e-01 3.90000000e-01 1.55000000e+00 3.51926560e+05
3.80000000e-01 3.90000000e-01 1.56000000e+00 3.54013463e+05
3.80000000e-01 3.90000000e-01 1.57000000e+00 3.66918581e+05
3.80000000e-01 3.90000000e-01 1.58000000e+00 3.85249006e+05
3.80000000e-01 3.90000000e-01 1.59000000e+00 3.78425908e+05
3.80000000e-01 3.90000000e-01 1.60000000e+00 4.13668948e+05
3.80000000e-01 3.90000000e-01 1.61000000e+00 3.35301513e+05
3.80000000e-01 3.90000000e-01 1.62000000e+00 3.28393620e+05
3.80000000e-01 3.90000000e-01 1.63000000e+00 3.18258947e+05
3.80000000e-01 3.90000000e-01 1.64000000e+00 3.14358168e+05
3.80000000e-01 3.90000000e-01 1.65000000e+00 3.12042999e+05
3.80000000e-01 3.90000000e-01 1.66000000e+00 3.22576201e+05
3.80000000e-01 3.90000000e-01 1.67000000e+00 3.02636343e+05
3.80000000e-01 3.90000000e-01 1.68000000e+00 2.99265038e+05
3.80000000e-01 3.90000000e-01 1.69000000e+00 2.98255142e+05
3.80000000e-01 3.90000000e-01 1.70000000e+00 2.95552403e+05
3.80000000e-01 3.90000000e-01 1.71000000e+00 2.95182651e+05
3.80000000e-01 3.90000000e-01 1.72000000e+00 3.02569193e+05
3.80000000e-01 3.90000000e-01 1.73000000e+00 3.02625178e+05
3.80000000e-01 3.90000000e-01 1.74000000e+00 2.92978529e+05
3.80000000e-01 3.90000000e-01 1.75000000e+00 2.91939304e+05
3.80000000e-01 3.90000000e-01 1.76000000e+00 2.85093568e+05
3.80000000e-01 3.90000000e-01 1.77000000e+00 2.81445443e+05
3.80000000e-01 3.90000000e-01 1.78000000e+00 2.78705089e+05
3.80000000e-01 3.90000000e-01 1.79000000e+00 2.82029144e+05
3.80000000e-01 3.90000000e-01 1.80000000e+00 2.87825721e+05
3.80000000e-01 3.90000000e-01 1.81000000e+00 2.93262752e+05
3.80000000e-01 3.90000000e-01 1.82000000e+00 3.09326886e+05
3.80000000e-01 3.90000000e-01 1.83000000e+00 3.55300923e+05
3.80000000e-01 3.90000000e-01 1.84000000e+00 6.00069634e+05
3.80000000e-01 3.90000000e-01 1.85000000e+00 6.28734928e+05
3.80000000e-01 3.90000000e-01 1.86000000e+00 2.77404055e+06
3.80000000e-01 3.90000000e-01 1.87000000e+00 4.72778279e+05
3.80000000e-01 3.90000000e-01 1.88000000e+00 3.37531549e+05
3.80000000e-01 3.90000000e-01 1.89000000e+00 2.91100337e+05
3.80000000e-01 3.90000000e-01 1.90000000e+00 2.66129629e+05
3.80000000e-01 3.90000000e-01 1.91000000e+00 2.50482099e+05
3.80000000e-01 3.90000000e-01 1.92000000e+00 2.39455472e+05
3.80000000e-01 3.90000000e-01 1.93000000e+00 2.31079429e+05
3.80000000e-01 3.90000000e-01 1.94000000e+00 2.24729411e+05
3.80000000e-01 3.90000000e-01 1.95000000e+00 2.20247580e+05
3.80000000e-01 3.90000000e-01 1.96000000e+00 2.17965053e+05
3.80000000e-01 3.90000000e-01 1.97000000e+00 2.18007428e+05
3.80000000e-01 3.90000000e-01 1.98000000e+00 2.27466709e+05
3.80000000e-01 3.90000000e-01 1.99000000e+00 2.39345644e+05
3.80000000e-01 3.90000000e-01 2.00000000e+00 1.24731636e+06
3.90000000e-01 4.00000000e-01 1.00000000e-02 5.80015070e+04
3.90000000e-01 4.00000000e-01 2.00000000e-02 1.12506482e+05
3.90000000e-01 4.00000000e-01 3.00000000e-02 1.64199890e+05
3.90000000e-01 4.00000000e-01 4.00000000e-02 2.20056446e+05
3.90000000e-01 4.00000000e-01 5.00000000e-02 2.63595643e+05
3.90000000e-01 4.00000000e-01 6.00000000e-02 3.03620235e+05
3.90000000e-01 4.00000000e-01 7.00000000e-02 3.39992237e+05
3.90000000e-01 4.00000000e-01 8.00000000e-02 3.73224823e+05
3.90000000e-01 4.00000000e-01 9.00000000e-02 4.03390479e+05
3.90000000e-01 4.00000000e-01 1.00000000e-01 4.30613634e+05
3.90000000e-01 4.00000000e-01 1.10000000e-01 4.55165134e+05
3.90000000e-01 4.00000000e-01 1.20000000e-01 4.77813339e+05
3.90000000e-01 4.00000000e-01 1.30000000e-01 4.97502987e+05
3.90000000e-01 4.00000000e-01 1.40000000e-01 5.15316795e+05
3.90000000e-01 4.00000000e-01 1.50000000e-01 5.31375600e+05
3.90000000e-01 4.00000000e-01 1.60000000e-01 5.45795586e+05
3.90000000e-01 4.00000000e-01 1.70000000e-01 5.60155232e+05
3.90000000e-01 4.00000000e-01 1.80000000e-01 5.71237754e+05
3.90000000e-01 4.00000000e-01 1.90000000e-01 5.81817207e+05
3.90000000e-01 4.00000000e-01 2.00000000e-01 5.89758118e+05
3.90000000e-01 4.00000000e-01 2.10000000e-01 5.97032141e+05
3.90000000e-01 4.00000000e-01 2.20000000e-01 6.03405715e+05
3.90000000e-01 4.00000000e-01 2.30000000e-01 6.09239465e+05
3.90000000e-01 4.00000000e-01 2.40000000e-01 6.13885397e+05
3.90000000e-01 4.00000000e-01 2.50000000e-01 6.17556761e+05
3.90000000e-01 4.00000000e-01 2.60000000e-01 6.22020925e+05
3.90000000e-01 4.00000000e-01 2.70000000e-01 6.25235403e+05
3.90000000e-01 4.00000000e-01 2.80000000e-01 6.29454640e+05
3.90000000e-01 4.00000000e-01 2.90000000e-01 6.27776149e+05
3.90000000e-01 4.00000000e-01 3.00000000e-01 6.28228988e+05
3.90000000e-01 4.00000000e-01 3.10000000e-01 6.28365635e+05
3.90000000e-01 4.00000000e-01 3.20000000e-01 6.28180537e+05
3.90000000e-01 4.00000000e-01 3.30000000e-01 6.27593760e+05
3.90000000e-01 4.00000000e-01 3.40000000e-01 6.25173399e+05
3.90000000e-01 4.00000000e-01 3.50000000e-01 6.23088877e+05
3.90000000e-01 4.00000000e-01 3.60000000e-01 6.24906198e+05
3.90000000e-01 4.00000000e-01 3.70000000e-01 6.34908093e+05
3.90000000e-01 4.00000000e-01 3.80000000e-01 6.31387675e+05
3.90000000e-01 4.00000000e-01 3.90000000e-01 6.21732897e+05
3.90000000e-01 4.00000000e-01 4.00000000e-01 6.17383003e+05
3.90000000e-01 4.00000000e-01 4.10000000e-01 6.13456694e+05
3.90000000e-01 4.00000000e-01 4.20000000e-01 6.10035897e+05
3.90000000e-01 4.00000000e-01 4.30000000e-01 6.07113091e+05
3.90000000e-01 4.00000000e-01 4.40000000e-01 6.01579877e+05
3.90000000e-01 4.00000000e-01 4.50000000e-01 5.96502069e+05
3.90000000e-01 4.00000000e-01 4.60000000e-01 5.92197043e+05
3.90000000e-01 4.00000000e-01 4.70000000e-01 5.87655873e+05
3.90000000e-01 4.00000000e-01 4.80000000e-01 5.83594770e+05
3.90000000e-01 4.00000000e-01 4.90000000e-01 5.83060411e+05
3.90000000e-01 4.00000000e-01 5.00000000e-01 6.42553381e+05
3.90000000e-01 4.00000000e-01 5.10000000e-01 5.75971499e+05
3.90000000e-01 4.00000000e-01 5.20000000e-01 5.67566408e+05
3.90000000e-01 4.00000000e-01 5.30000000e-01 5.61749799e+05
3.90000000e-01 4.00000000e-01 5.40000000e-01 5.58510638e+05
3.90000000e-01 4.00000000e-01 5.50000000e-01 5.58264122e+05
3.90000000e-01 4.00000000e-01 5.60000000e-01 5.63287183e+05
3.90000000e-01 4.00000000e-01 5.70000000e-01 5.87897928e+05
3.90000000e-01 4.00000000e-01 5.80000000e-01 5.59785589e+05
3.90000000e-01 4.00000000e-01 5.90000000e-01 5.40212839e+05
3.90000000e-01 4.00000000e-01 6.00000000e-01 5.30492182e+05
3.90000000e-01 4.00000000e-01 6.10000000e-01 5.23073489e+05
3.90000000e-01 4.00000000e-01 6.20000000e-01 5.18605432e+05
3.90000000e-01 4.00000000e-01 6.30000000e-01 5.19038728e+05
3.90000000e-01 4.00000000e-01 6.40000000e-01 6.07420252e+05
3.90000000e-01 4.00000000e-01 6.50000000e-01 7.23207560e+05
3.90000000e-01 4.00000000e-01 6.60000000e-01 6.49807745e+05
3.90000000e-01 4.00000000e-01 6.70000000e-01 5.80524911e+05
3.90000000e-01 4.00000000e-01 6.80000000e-01 5.20560470e+05
3.90000000e-01 4.00000000e-01 6.90000000e-01 5.17049833e+05
3.90000000e-01 4.00000000e-01 7.00000000e-01 5.15906169e+05
3.90000000e-01 4.00000000e-01 7.10000000e-01 5.15875505e+05
3.90000000e-01 4.00000000e-01 7.20000000e-01 5.16545815e+05
3.90000000e-01 4.00000000e-01 7.30000000e-01 5.17453273e+05
3.90000000e-01 4.00000000e-01 7.40000000e-01 5.29004438e+05
3.90000000e-01 4.00000000e-01 7.50000000e-01 5.29439550e+05
3.90000000e-01 4.00000000e-01 7.60000000e-01 5.30530240e+05
3.90000000e-01 4.00000000e-01 7.70000000e-01 5.33907701e+05
3.90000000e-01 4.00000000e-01 7.80000000e-01 5.32489088e+05
3.90000000e-01 4.00000000e-01 7.90000000e-01 5.24854658e+05
3.90000000e-01 4.00000000e-01 8.00000000e-01 5.20026481e+05
3.90000000e-01 4.00000000e-01 8.10000000e-01 5.16256500e+05
3.90000000e-01 4.00000000e-01 8.20000000e-01 5.13818320e+05
3.90000000e-01 4.00000000e-01 8.30000000e-01 5.10345822e+05
3.90000000e-01 4.00000000e-01 8.40000000e-01 5.07688962e+05
3.90000000e-01 4.00000000e-01 8.50000000e-01 5.08756074e+05
3.90000000e-01 4.00000000e-01 8.60000000e-01 5.09543706e+05
3.90000000e-01 4.00000000e-01 8.70000000e-01 5.17517408e+05
3.90000000e-01 4.00000000e-01 8.80000000e-01 5.19509031e+05
3.90000000e-01 4.00000000e-01 8.90000000e-01 5.31320511e+05
3.90000000e-01 4.00000000e-01 9.00000000e-01 5.64656229e+05
3.90000000e-01 4.00000000e-01 9.10000000e-01 6.40921240e+05
3.90000000e-01 4.00000000e-01 9.20000000e-01 9.41497938e+05
3.90000000e-01 4.00000000e-01 9.30000000e-01 6.27996326e+05
3.90000000e-01 4.00000000e-01 9.40000000e-01 6.22468935e+05
3.90000000e-01 4.00000000e-01 9.50000000e-01 6.75898471e+05
3.90000000e-01 4.00000000e-01 9.60000000e-01 6.86106469e+05
3.90000000e-01 4.00000000e-01 9.70000000e-01 6.81844518e+05
3.90000000e-01 4.00000000e-01 9.80000000e-01 7.21099785e+05
3.90000000e-01 4.00000000e-01 9.90000000e-01 7.54231602e+05
3.90000000e-01 4.00000000e-01 1.00000000e+00 7.97980693e+05
3.90000000e-01 4.00000000e-01 1.01000000e+00 8.08752700e+05
3.90000000e-01 4.00000000e-01 1.02000000e+00 2.71512157e+06
3.90000000e-01 4.00000000e-01 1.03000000e+00 8.16686045e+05
3.90000000e-01 4.00000000e-01 1.04000000e+00 7.37378612e+05
3.90000000e-01 4.00000000e-01 1.05000000e+00 6.87514586e+05
3.90000000e-01 4.00000000e-01 1.06000000e+00 6.02488922e+05
3.90000000e-01 4.00000000e-01 1.07000000e+00 5.67014128e+05
3.90000000e-01 4.00000000e-01 1.08000000e+00 5.54435041e+05
3.90000000e-01 4.00000000e-01 1.09000000e+00 4.86617899e+05
3.90000000e-01 4.00000000e-01 1.10000000e+00 4.70573435e+05
3.90000000e-01 4.00000000e-01 1.11000000e+00 4.69083426e+05
3.90000000e-01 4.00000000e-01 1.12000000e+00 4.47532339e+05
3.90000000e-01 4.00000000e-01 1.13000000e+00 4.32004937e+05
3.90000000e-01 4.00000000e-01 1.14000000e+00 4.18763420e+05
3.90000000e-01 4.00000000e-01 1.15000000e+00 4.21478523e+05
3.90000000e-01 4.00000000e-01 1.16000000e+00 4.09998115e+05
3.90000000e-01 4.00000000e-01 1.17000000e+00 4.06074522e+05
3.90000000e-01 4.00000000e-01 1.18000000e+00 4.05029002e+05
3.90000000e-01 4.00000000e-01 1.19000000e+00 4.05988514e+05
3.90000000e-01 4.00000000e-01 1.20000000e+00 4.12787256e+05
3.90000000e-01 4.00000000e-01 1.21000000e+00 4.07543004e+05
3.90000000e-01 4.00000000e-01 1.22000000e+00 4.11328131e+05
3.90000000e-01 4.00000000e-01 1.23000000e+00 4.05334543e+05
3.90000000e-01 4.00000000e-01 1.24000000e+00 3.97034517e+05
3.90000000e-01 4.00000000e-01 1.25000000e+00 3.92763054e+05
3.90000000e-01 4.00000000e-01 1.26000000e+00 3.94069868e+05
3.90000000e-01 4.00000000e-01 1.27000000e+00 3.91585062e+05
3.90000000e-01 4.00000000e-01 1.28000000e+00 3.92280486e+05
3.90000000e-01 4.00000000e-01 1.29000000e+00 3.91388420e+05
3.90000000e-01 4.00000000e-01 1.30000000e+00 3.90407727e+05
3.90000000e-01 4.00000000e-01 1.31000000e+00 3.93480617e+05
3.90000000e-01 4.00000000e-01 1.32000000e+00 4.12058267e+05
3.90000000e-01 4.00000000e-01 1.33000000e+00 4.96566012e+05
3.90000000e-01 4.00000000e-01 1.34000000e+00 5.35564777e+05
3.90000000e-01 4.00000000e-01 1.35000000e+00 1.66515506e+06
3.90000000e-01 4.00000000e-01 1.36000000e+00 4.52209241e+05
3.90000000e-01 4.00000000e-01 1.37000000e+00 3.88977287e+05
3.90000000e-01 4.00000000e-01 1.38000000e+00 3.66014342e+05
3.90000000e-01 4.00000000e-01 1.39000000e+00 3.49631096e+05
3.90000000e-01 4.00000000e-01 1.40000000e+00 3.43095454e+05
3.90000000e-01 4.00000000e-01 1.41000000e+00 3.48333023e+05
3.90000000e-01 4.00000000e-01 1.42000000e+00 3.37766133e+05
3.90000000e-01 4.00000000e-01 1.43000000e+00 3.29662010e+05
3.90000000e-01 4.00000000e-01 1.44000000e+00 3.34629650e+05
3.90000000e-01 4.00000000e-01 1.45000000e+00 3.50508975e+05
3.90000000e-01 4.00000000e-01 1.46000000e+00 3.80813842e+05
3.90000000e-01 4.00000000e-01 1.47000000e+00 1.45299340e+06
3.90000000e-01 4.00000000e-01 1.48000000e+00 3.76061022e+05
3.90000000e-01 4.00000000e-01 1.49000000e+00 3.40485568e+05
3.90000000e-01 4.00000000e-01 1.50000000e+00 3.11598799e+05
3.90000000e-01 4.00000000e-01 1.51000000e+00 2.98467001e+05
3.90000000e-01 4.00000000e-01 1.52000000e+00 2.94011199e+05
3.90000000e-01 4.00000000e-01 1.53000000e+00 2.91645620e+05
3.90000000e-01 4.00000000e-01 1.54000000e+00 2.92687302e+05
3.90000000e-01 4.00000000e-01 1.55000000e+00 2.87894073e+05
3.90000000e-01 4.00000000e-01 1.56000000e+00 2.90288888e+05
3.90000000e-01 4.00000000e-01 1.57000000e+00 3.02694065e+05
3.90000000e-01 4.00000000e-01 1.58000000e+00 3.20374645e+05
3.90000000e-01 4.00000000e-01 1.59000000e+00 3.10955949e+05
3.90000000e-01 4.00000000e-01 1.60000000e+00 3.40847794e+05
3.90000000e-01 4.00000000e-01 1.61000000e+00 2.74010997e+05
3.90000000e-01 4.00000000e-01 1.62000000e+00 2.67888050e+05
3.90000000e-01 4.00000000e-01 1.63000000e+00 2.59582793e+05
3.90000000e-01 4.00000000e-01 1.64000000e+00 2.56304106e+05
3.90000000e-01 4.00000000e-01 1.65000000e+00 2.54294169e+05
3.90000000e-01 4.00000000e-01 1.66000000e+00 2.63180257e+05
3.90000000e-01 4.00000000e-01 1.67000000e+00 2.46434233e+05
3.90000000e-01 4.00000000e-01 1.68000000e+00 2.43589890e+05
3.90000000e-01 4.00000000e-01 1.69000000e+00 2.42827871e+05
3.90000000e-01 4.00000000e-01 1.70000000e+00 2.40523960e+05
3.90000000e-01 4.00000000e-01 1.71000000e+00 2.40232533e+05
3.90000000e-01 4.00000000e-01 1.72000000e+00 2.46790978e+05
3.90000000e-01 4.00000000e-01 1.73000000e+00 2.47635823e+05
3.90000000e-01 4.00000000e-01 1.74000000e+00 2.38316779e+05
3.90000000e-01 4.00000000e-01 1.75000000e+00 2.38041341e+05
3.90000000e-01 4.00000000e-01 1.76000000e+00 2.31603737e+05
3.90000000e-01 4.00000000e-01 1.77000000e+00 2.28210351e+05
3.90000000e-01 4.00000000e-01 1.78000000e+00 2.25527711e+05
3.90000000e-01 4.00000000e-01 1.79000000e+00 2.28136050e+05
3.90000000e-01 4.00000000e-01 1.80000000e+00 2.32885956e+05
3.90000000e-01 4.00000000e-01 1.81000000e+00 2.37124614e+05
3.90000000e-01 4.00000000e-01 1.82000000e+00 2.49926546e+05
3.90000000e-01 4.00000000e-01 1.83000000e+00 2.86360379e+05
3.90000000e-01 4.00000000e-01 1.84000000e+00 4.99255254e+05
3.90000000e-01 4.00000000e-01 1.85000000e+00 5.15922156e+05
3.90000000e-01 4.00000000e-01 1.86000000e+00 2.50268880e+06
3.90000000e-01 4.00000000e-01 1.87000000e+00 3.89541669e+05
3.90000000e-01 4.00000000e-01 1.88000000e+00 2.76156262e+05
3.90000000e-01 4.00000000e-01 1.89000000e+00 2.36243857e+05
3.90000000e-01 4.00000000e-01 1.90000000e+00 2.15109242e+05
3.90000000e-01 4.00000000e-01 1.91000000e+00 2.02013943e+05
3.90000000e-01 4.00000000e-01 1.92000000e+00 1.92886539e+05
3.90000000e-01 4.00000000e-01 1.93000000e+00 1.85953217e+05
3.90000000e-01 4.00000000e-01 1.94000000e+00 1.80682741e+05
3.90000000e-01 4.00000000e-01 1.95000000e+00 1.76880372e+05
3.90000000e-01 4.00000000e-01 1.96000000e+00 1.74732167e+05
3.90000000e-01 4.00000000e-01 1.97000000e+00 1.74408245e+05
3.90000000e-01 4.00000000e-01 1.98000000e+00 1.81424179e+05
3.90000000e-01 4.00000000e-01 1.99000000e+00 1.92757359e+05
3.90000000e-01 4.00000000e-01 2.00000000e+00 1.02913965e+06
4.00000000e-01 4.10000000e-01 1.00000000e-02 4.95227949e+04
4.00000000e-01 4.10000000e-01 2.00000000e-02 9.59093167e+04
4.00000000e-01 4.10000000e-01 3.00000000e-02 1.40036910e+05
4.00000000e-01 4.10000000e-01 4.00000000e-02 1.86613737e+05
4.00000000e-01 4.10000000e-01 5.00000000e-02 2.23310626e+05
4.00000000e-01 4.10000000e-01 6.00000000e-02 2.56811177e+05
4.00000000e-01 4.10000000e-01 7.00000000e-02 2.87146166e+05
4.00000000e-01 4.10000000e-01 8.00000000e-02 3.14717530e+05
4.00000000e-01 4.10000000e-01 9.00000000e-02 3.39667228e+05
4.00000000e-01 4.10000000e-01 1.00000000e-01 3.62102374e+05
4.00000000e-01 4.10000000e-01 1.10000000e-01 3.82241791e+05
4.00000000e-01 4.10000000e-01 1.20000000e-01 4.00838848e+05
4.00000000e-01 4.10000000e-01 1.30000000e-01 4.16792156e+05
4.00000000e-01 4.10000000e-01 1.40000000e-01 4.31192862e+05
4.00000000e-01 4.10000000e-01 1.50000000e-01 4.44139389e+05
4.00000000e-01 4.10000000e-01 1.60000000e-01 4.55701825e+05
4.00000000e-01 4.10000000e-01 1.70000000e-01 4.67324418e+05
4.00000000e-01 4.10000000e-01 1.80000000e-01 4.76094385e+05
4.00000000e-01 4.10000000e-01 1.90000000e-01 4.84553612e+05
4.00000000e-01 4.10000000e-01 2.00000000e-01 4.90610516e+05
4.00000000e-01 4.10000000e-01 2.10000000e-01 4.96159418e+05
4.00000000e-01 4.10000000e-01 2.20000000e-01 5.01011100e+05
4.00000000e-01 4.10000000e-01 2.30000000e-01 5.05479509e+05
4.00000000e-01 4.10000000e-01 2.40000000e-01 5.08922487e+05
4.00000000e-01 4.10000000e-01 2.50000000e-01 5.11534928e+05
4.00000000e-01 4.10000000e-01 2.60000000e-01 5.14993995e+05
4.00000000e-01 4.10000000e-01 2.70000000e-01 5.17345264e+05
4.00000000e-01 4.10000000e-01 2.80000000e-01 5.20995812e+05
4.00000000e-01 4.10000000e-01 2.90000000e-01 5.18678991e+05
4.00000000e-01 4.10000000e-01 3.00000000e-01 5.18662512e+05
4.00000000e-01 4.10000000e-01 3.10000000e-01 5.18375763e+05
4.00000000e-01 4.10000000e-01 3.20000000e-01 5.17814131e+05
4.00000000e-01 4.10000000e-01 3.30000000e-01 5.16994115e+05
4.00000000e-01 4.10000000e-01 3.40000000e-01 5.14526712e+05
4.00000000e-01 4.10000000e-01 3.50000000e-01 5.12426578e+05
4.00000000e-01 4.10000000e-01 3.60000000e-01 5.14243644e+05
4.00000000e-01 4.10000000e-01 3.70000000e-01 5.22790685e+05
4.00000000e-01 4.10000000e-01 3.80000000e-01 5.19762552e+05
4.00000000e-01 4.10000000e-01 3.90000000e-01 5.10278521e+05
4.00000000e-01 4.10000000e-01 4.00000000e-01 5.06359905e+05
4.00000000e-01 4.10000000e-01 4.10000000e-01 5.02846476e+05
4.00000000e-01 4.10000000e-01 4.20000000e-01 4.99844545e+05
4.00000000e-01 4.10000000e-01 4.30000000e-01 4.97410253e+05
4.00000000e-01 4.10000000e-01 4.40000000e-01 4.92318225e+05
4.00000000e-01 4.10000000e-01 4.50000000e-01 4.87902919e+05
4.00000000e-01 4.10000000e-01 4.60000000e-01 4.84152545e+05
4.00000000e-01 4.10000000e-01 4.70000000e-01 4.80261231e+05
4.00000000e-01 4.10000000e-01 4.80000000e-01 4.76723764e+05
4.00000000e-01 4.10000000e-01 4.90000000e-01 4.76728827e+05
4.00000000e-01 4.10000000e-01 5.00000000e-01 5.38191147e+05
4.00000000e-01 4.10000000e-01 5.10000000e-01 4.70411573e+05
4.00000000e-01 4.10000000e-01 5.20000000e-01 4.62656256e+05
4.00000000e-01 4.10000000e-01 5.30000000e-01 4.57495204e+05
4.00000000e-01 4.10000000e-01 5.40000000e-01 4.54722320e+05
4.00000000e-01 4.10000000e-01 5.50000000e-01 4.54582886e+05
4.00000000e-01 4.10000000e-01 5.60000000e-01 4.59821483e+05
4.00000000e-01 4.10000000e-01 5.70000000e-01 4.84818255e+05
4.00000000e-01 4.10000000e-01 5.80000000e-01 4.57671433e+05
4.00000000e-01 4.10000000e-01 5.90000000e-01 4.39973457e+05
4.00000000e-01 4.10000000e-01 6.00000000e-01 4.31618039e+05
4.00000000e-01 4.10000000e-01 6.10000000e-01 4.25376333e+05
4.00000000e-01 4.10000000e-01 6.20000000e-01 4.21775247e+05
4.00000000e-01 4.10000000e-01 6.30000000e-01 4.22815505e+05
4.00000000e-01 4.10000000e-01 6.40000000e-01 5.08713794e+05
4.00000000e-01 4.10000000e-01 6.50000000e-01 6.16748406e+05
4.00000000e-01 4.10000000e-01 6.60000000e-01 5.47084501e+05
4.00000000e-01 4.10000000e-01 6.70000000e-01 4.74682178e+05
4.00000000e-01 4.10000000e-01 6.80000000e-01 4.22193011e+05
4.00000000e-01 4.10000000e-01 6.90000000e-01 4.19126149e+05
4.00000000e-01 4.10000000e-01 7.00000000e-01 4.18219383e+05
4.00000000e-01 4.10000000e-01 7.10000000e-01 4.18421096e+05
4.00000000e-01 4.10000000e-01 7.20000000e-01 4.19388021e+05
4.00000000e-01 4.10000000e-01 7.30000000e-01 4.20717081e+05
4.00000000e-01 4.10000000e-01 7.40000000e-01 4.30959684e+05
4.00000000e-01 4.10000000e-01 7.50000000e-01 4.32039201e+05
4.00000000e-01 4.10000000e-01 7.60000000e-01 4.33914383e+05
4.00000000e-01 4.10000000e-01 7.70000000e-01 4.38235369e+05
4.00000000e-01 4.10000000e-01 7.80000000e-01 4.37700456e+05
4.00000000e-01 4.10000000e-01 7.90000000e-01 4.30756163e+05
4.00000000e-01 4.10000000e-01 8.00000000e-01 4.26765381e+05
4.00000000e-01 4.10000000e-01 8.10000000e-01 4.23809403e+05
4.00000000e-01 4.10000000e-01 8.20000000e-01 4.22259115e+05
4.00000000e-01 4.10000000e-01 8.30000000e-01 4.19490982e+05
4.00000000e-01 4.10000000e-01 8.40000000e-01 4.17396764e+05
4.00000000e-01 4.10000000e-01 8.50000000e-01 4.19099808e+05
4.00000000e-01 4.10000000e-01 8.60000000e-01 4.20198067e+05
4.00000000e-01 4.10000000e-01 8.70000000e-01 4.28338220e+05
4.00000000e-01 4.10000000e-01 8.80000000e-01 4.30081480e+05
4.00000000e-01 4.10000000e-01 8.90000000e-01 4.40712500e+05
4.00000000e-01 4.10000000e-01 9.00000000e-01 4.71734036e+05
4.00000000e-01 4.10000000e-01 9.10000000e-01 5.45003812e+05
4.00000000e-01 4.10000000e-01 9.20000000e-01 8.42289391e+05
4.00000000e-01 4.10000000e-01 9.30000000e-01 5.30250758e+05
4.00000000e-01 4.10000000e-01 9.40000000e-01 5.26975436e+05
4.00000000e-01 4.10000000e-01 9.50000000e-01 5.79850825e+05
4.00000000e-01 4.10000000e-01 9.60000000e-01 5.87504133e+05
4.00000000e-01 4.10000000e-01 9.70000000e-01 5.80863792e+05
4.00000000e-01 4.10000000e-01 9.80000000e-01 6.16930318e+05
4.00000000e-01 4.10000000e-01 9.90000000e-01 6.47214984e+05
4.00000000e-01 4.10000000e-01 1.00000000e+00 6.82316338e+05
4.00000000e-01 4.10000000e-01 1.01000000e+00 6.94107413e+05
4.00000000e-01 4.10000000e-01 1.02000000e+00 2.47558777e+06
4.00000000e-01 4.10000000e-01 1.03000000e+00 6.99473474e+05
4.00000000e-01 4.10000000e-01 1.04000000e+00 6.21708300e+05
4.00000000e-01 4.10000000e-01 1.05000000e+00 5.77021970e+05
4.00000000e-01 4.10000000e-01 1.06000000e+00 4.98767290e+05
4.00000000e-01 4.10000000e-01 1.07000000e+00 4.70882134e+05
4.00000000e-01 4.10000000e-01 1.08000000e+00 4.60469266e+05
4.00000000e-01 4.10000000e-01 1.09000000e+00 4.01684078e+05
4.00000000e-01 4.10000000e-01 1.10000000e+00 3.88012151e+05
4.00000000e-01 4.10000000e-01 1.11000000e+00 3.86260868e+05
4.00000000e-01 4.10000000e-01 1.12000000e+00 3.68182195e+05
4.00000000e-01 4.10000000e-01 1.13000000e+00 3.55719587e+05
4.00000000e-01 4.10000000e-01 1.14000000e+00 3.44360350e+05
4.00000000e-01 4.10000000e-01 1.15000000e+00 3.46585838e+05
4.00000000e-01 4.10000000e-01 1.16000000e+00 3.37235175e+05
4.00000000e-01 4.10000000e-01 1.17000000e+00 3.33994088e+05
4.00000000e-01 4.10000000e-01 1.18000000e+00 3.33351076e+05
4.00000000e-01 4.10000000e-01 1.19000000e+00 3.34870188e+05
4.00000000e-01 4.10000000e-01 1.20000000e+00 3.42018079e+05
4.00000000e-01 4.10000000e-01 1.21000000e+00 3.37169613e+05
4.00000000e-01 4.10000000e-01 1.22000000e+00 3.41471677e+05
4.00000000e-01 4.10000000e-01 1.23000000e+00 3.36233267e+05
4.00000000e-01 4.10000000e-01 1.24000000e+00 3.28542257e+05
4.00000000e-01 4.10000000e-01 1.25000000e+00 3.24812018e+05
4.00000000e-01 4.10000000e-01 1.26000000e+00 3.26578112e+05
4.00000000e-01 4.10000000e-01 1.27000000e+00 3.24950475e+05
4.00000000e-01 4.10000000e-01 1.28000000e+00 3.25870550e+05
4.00000000e-01 4.10000000e-01 1.29000000e+00 3.25092922e+05
4.00000000e-01 4.10000000e-01 1.30000000e+00 3.23725131e+05
4.00000000e-01 4.10000000e-01 1.31000000e+00 3.25750401e+05
4.00000000e-01 4.10000000e-01 1.32000000e+00 3.41099739e+05
4.00000000e-01 4.10000000e-01 1.33000000e+00 4.16938409e+05
4.00000000e-01 4.10000000e-01 1.34000000e+00 4.48657197e+05
4.00000000e-01 4.10000000e-01 1.35000000e+00 1.55544302e+06
4.00000000e-01 4.10000000e-01 1.36000000e+00 3.76499633e+05
4.00000000e-01 4.10000000e-01 1.37000000e+00 3.22507055e+05
4.00000000e-01 4.10000000e-01 1.38000000e+00 3.02320549e+05
4.00000000e-01 4.10000000e-01 1.39000000e+00 2.87962789e+05
4.00000000e-01 4.10000000e-01 1.40000000e+00 2.82344858e+05
4.00000000e-01 4.10000000e-01 1.41000000e+00 2.86523556e+05
4.00000000e-01 4.10000000e-01 1.42000000e+00 2.77948438e+05
4.00000000e-01 4.10000000e-01 1.43000000e+00 2.70845895e+05
4.00000000e-01 4.10000000e-01 1.44000000e+00 2.74478657e+05
4.00000000e-01 4.10000000e-01 1.45000000e+00 2.87812345e+05
4.00000000e-01 4.10000000e-01 1.46000000e+00 3.17683933e+05
4.00000000e-01 4.10000000e-01 1.47000000e+00 1.23042552e+06
4.00000000e-01 4.10000000e-01 1.48000000e+00 3.13300823e+05
4.00000000e-01 4.10000000e-01 1.49000000e+00 2.79216001e+05
4.00000000e-01 4.10000000e-01 1.50000000e+00 2.55041120e+05
4.00000000e-01 4.10000000e-01 1.51000000e+00 2.44370191e+05
4.00000000e-01 4.10000000e-01 1.52000000e+00 2.40743896e+05
4.00000000e-01 4.10000000e-01 1.53000000e+00 2.38906434e+05
4.00000000e-01 4.10000000e-01 1.54000000e+00 2.39958608e+05
4.00000000e-01 4.10000000e-01 1.55000000e+00 2.35982241e+05
4.00000000e-01 4.10000000e-01 1.56000000e+00 2.38522111e+05
4.00000000e-01 4.10000000e-01 1.57000000e+00 2.50311856e+05
4.00000000e-01 4.10000000e-01 1.58000000e+00 2.67178168e+05
4.00000000e-01 4.10000000e-01 1.59000000e+00 2.55935643e+05
4.00000000e-01 4.10000000e-01 1.60000000e+00 2.82426841e+05
4.00000000e-01 4.10000000e-01 1.61000000e+00 2.24321771e+05
4.00000000e-01 4.10000000e-01 1.62000000e+00 2.18935023e+05
4.00000000e-01 4.10000000e-01 1.63000000e+00 2.12123419e+05
4.00000000e-01 4.10000000e-01 1.64000000e+00 2.09374810e+05
4.00000000e-01 4.10000000e-01 1.65000000e+00 2.07640702e+05
4.00000000e-01 4.10000000e-01 1.66000000e+00 2.14734876e+05
4.00000000e-01 4.10000000e-01 1.67000000e+00 2.01060381e+05
4.00000000e-01 4.10000000e-01 1.68000000e+00 1.98646803e+05
4.00000000e-01 4.10000000e-01 1.69000000e+00 1.98054960e+05
4.00000000e-01 4.10000000e-01 1.70000000e+00 1.96093808e+05
4.00000000e-01 4.10000000e-01 1.71000000e+00 1.95819356e+05
4.00000000e-01 4.10000000e-01 1.72000000e+00 2.01520815e+05
4.00000000e-01 4.10000000e-01 1.73000000e+00 2.02831919e+05
4.00000000e-01 4.10000000e-01 1.74000000e+00 1.94100794e+05
4.00000000e-01 4.10000000e-01 1.75000000e+00 1.94316139e+05
4.00000000e-01 4.10000000e-01 1.76000000e+00 1.88373783e+05
4.00000000e-01 4.10000000e-01 1.77000000e+00 1.85245519e+05
4.00000000e-01 4.10000000e-01 1.78000000e+00 1.82741321e+05
4.00000000e-01 4.10000000e-01 1.79000000e+00 1.84750164e+05
4.00000000e-01 4.10000000e-01 1.80000000e+00 1.88636332e+05
4.00000000e-01 4.10000000e-01 1.81000000e+00 1.91907974e+05
4.00000000e-01 4.10000000e-01 1.82000000e+00 2.02086225e+05
4.00000000e-01 4.10000000e-01 1.83000000e+00 2.30909905e+05
4.00000000e-01 4.10000000e-01 1.84000000e+00 4.15140919e+05
4.00000000e-01 4.10000000e-01 1.85000000e+00 4.23077785e+05
4.00000000e-01 4.10000000e-01 1.86000000e+00 2.24982851e+06
4.00000000e-01 4.10000000e-01 1.87000000e+00 3.20822813e+05
4.00000000e-01 4.10000000e-01 1.88000000e+00 2.25976465e+05
4.00000000e-01 4.10000000e-01 1.89000000e+00 1.91785342e+05
4.00000000e-01 4.10000000e-01 1.90000000e+00 1.73951719e+05
4.00000000e-01 4.10000000e-01 1.91000000e+00 1.63023587e+05
4.00000000e-01 4.10000000e-01 1.92000000e+00 1.55482803e+05
4.00000000e-01 4.10000000e-01 1.93000000e+00 1.49751014e+05
4.00000000e-01 4.10000000e-01 1.94000000e+00 1.45391302e+05
4.00000000e-01 4.10000000e-01 1.95000000e+00 1.42188119e+05
4.00000000e-01 4.10000000e-01 1.96000000e+00 1.40229899e+05
4.00000000e-01 4.10000000e-01 1.97000000e+00 1.39679829e+05
4.00000000e-01 4.10000000e-01 1.98000000e+00 1.44807525e+05
4.00000000e-01 4.10000000e-01 1.99000000e+00 1.54984371e+05
4.00000000e-01 4.10000000e-01 2.00000000e+00 8.44924692e+05
4.10000000e-01 4.20000000e-01 1.00000000e-02 4.22917686e+04
4.10000000e-01 4.20000000e-01 2.00000000e-02 8.17719653e+04
4.10000000e-01 4.20000000e-01 3.00000000e-02 1.19531632e+05
4.10000000e-01 4.20000000e-01 4.00000000e-02 1.58222599e+05
4.10000000e-01 4.20000000e-01 5.00000000e-02 1.89146152e+05
4.10000000e-01 4.20000000e-01 6.00000000e-02 2.17195711e+05
4.10000000e-01 4.20000000e-01 7.00000000e-02 2.42489351e+05
4.10000000e-01 4.20000000e-01 8.00000000e-02 2.65347091e+05
4.10000000e-01 4.20000000e-01 9.00000000e-02 2.85967473e+05
4.10000000e-01 4.20000000e-01 1.00000000e-01 3.04444362e+05
4.10000000e-01 4.20000000e-01 1.10000000e-01 3.20949338e+05
4.10000000e-01 4.20000000e-01 1.20000000e-01 3.36219899e+05
4.10000000e-01 4.20000000e-01 1.30000000e-01 3.49119367e+05
4.10000000e-01 4.20000000e-01 1.40000000e-01 3.60740688e+05
4.10000000e-01 4.20000000e-01 1.50000000e-01 3.71159962e+05
4.10000000e-01 4.20000000e-01 1.60000000e-01 3.80411220e+05
4.10000000e-01 4.20000000e-01 1.70000000e-01 3.89816633e+05
4.10000000e-01 4.20000000e-01 1.80000000e-01 3.96735972e+05
4.10000000e-01 4.20000000e-01 1.90000000e-01 4.03494100e+05
4.10000000e-01 4.20000000e-01 2.00000000e-01 4.08078223e+05
4.10000000e-01 4.20000000e-01 2.10000000e-01 4.12271026e+05
4.10000000e-01 4.20000000e-01 2.20000000e-01 4.15935610e+05
4.10000000e-01 4.20000000e-01 2.30000000e-01 4.19341838e+05
4.10000000e-01 4.20000000e-01 2.40000000e-01 4.21863495e+05
4.10000000e-01 4.20000000e-01 2.50000000e-01 4.23678908e+05
4.10000000e-01 4.20000000e-01 2.60000000e-01 4.26371220e+05
4.10000000e-01 4.20000000e-01 2.70000000e-01 4.28053612e+05
4.10000000e-01 4.20000000e-01 2.80000000e-01 4.31303249e+05
4.10000000e-01 4.20000000e-01 2.90000000e-01 4.28528808e+05
4.10000000e-01 4.20000000e-01 3.00000000e-01 4.28190427e+05
4.10000000e-01 4.20000000e-01 3.10000000e-01 4.27608605e+05
4.10000000e-01 4.20000000e-01 3.20000000e-01 4.26774313e+05
4.10000000e-01 4.20000000e-01 3.30000000e-01 4.25804934e+05
4.10000000e-01 4.20000000e-01 3.40000000e-01 4.23397071e+05
4.10000000e-01 4.20000000e-01 3.50000000e-01 4.21359785e+05
4.10000000e-01 4.20000000e-01 3.60000000e-01 4.23200689e+05
4.10000000e-01 4.20000000e-01 3.70000000e-01 4.30549995e+05
4.10000000e-01 4.20000000e-01 3.80000000e-01 4.28054430e+05
4.10000000e-01 4.20000000e-01 3.90000000e-01 4.18795396e+05
4.10000000e-01 4.20000000e-01 4.00000000e-01 4.15296452e+05
4.10000000e-01 4.20000000e-01 4.10000000e-01 4.12181465e+05
4.10000000e-01 4.20000000e-01 4.20000000e-01 4.09595184e+05
4.10000000e-01 4.20000000e-01 4.30000000e-01 4.07592347e+05
4.10000000e-01 4.20000000e-01 4.40000000e-01 4.02911391e+05
4.10000000e-01 4.20000000e-01 4.50000000e-01 3.99109833e+05
4.10000000e-01 4.20000000e-01 4.60000000e-01 3.95859008e+05
4.10000000e-01 4.20000000e-01 4.70000000e-01 3.92543355e+05
4.10000000e-01 4.20000000e-01 4.80000000e-01 3.89472034e+05
4.10000000e-01 4.20000000e-01 4.90000000e-01 3.89903206e+05
4.10000000e-01 4.20000000e-01 5.00000000e-01 4.53152609e+05
4.10000000e-01 4.20000000e-01 5.10000000e-01 3.84305436e+05
4.10000000e-01 4.20000000e-01 5.20000000e-01 3.77178650e+05
4.10000000e-01 4.20000000e-01 5.30000000e-01 3.72605222e+05
4.10000000e-01 4.20000000e-01 5.40000000e-01 3.70248537e+05
4.10000000e-01 4.20000000e-01 5.50000000e-01 3.70200626e+05
4.10000000e-01 4.20000000e-01 5.60000000e-01 3.75592691e+05
4.10000000e-01 4.20000000e-01 5.70000000e-01 4.00620398e+05
4.10000000e-01 4.20000000e-01 5.80000000e-01 3.74514161e+05
4.10000000e-01 4.20000000e-01 5.90000000e-01 3.58540548e+05
4.10000000e-01 4.20000000e-01 6.00000000e-01 3.51347055e+05
4.10000000e-01 4.20000000e-01 6.10000000e-01 3.46118449e+05
4.10000000e-01 4.20000000e-01 6.20000000e-01 3.43237559e+05
4.10000000e-01 4.20000000e-01 6.30000000e-01 3.44773888e+05
4.10000000e-01 4.20000000e-01 6.40000000e-01 4.27586704e+05
4.10000000e-01 4.20000000e-01 6.50000000e-01 5.28736443e+05
4.10000000e-01 4.20000000e-01 6.60000000e-01 4.62731265e+05
4.10000000e-01 4.20000000e-01 6.70000000e-01 3.88589244e+05
4.10000000e-01 4.20000000e-01 6.80000000e-01 3.42728771e+05
4.10000000e-01 4.20000000e-01 6.90000000e-01 3.40045369e+05
4.10000000e-01 4.20000000e-01 7.00000000e-01 3.39317688e+05
4.10000000e-01 4.20000000e-01 7.10000000e-01 3.39671582e+05
4.10000000e-01 4.20000000e-01 7.20000000e-01 3.40804077e+05
4.10000000e-01 4.20000000e-01 7.30000000e-01 3.42393509e+05
4.10000000e-01 4.20000000e-01 7.40000000e-01 3.51385388e+05
4.10000000e-01 4.20000000e-01 7.50000000e-01 3.52913727e+05
4.10000000e-01 4.20000000e-01 7.60000000e-01 3.55375515e+05
4.10000000e-01 4.20000000e-01 7.70000000e-01 3.60447060e+05
4.10000000e-01 4.20000000e-01 7.80000000e-01 3.60623919e+05
4.10000000e-01 4.20000000e-01 7.90000000e-01 3.54222681e+05
4.10000000e-01 4.20000000e-01 8.00000000e-01 3.50922180e+05
4.10000000e-01 4.20000000e-01 8.10000000e-01 3.48663440e+05
4.10000000e-01 4.20000000e-01 8.20000000e-01 3.47871686e+05
4.10000000e-01 4.20000000e-01 8.30000000e-01 3.45679269e+05
4.10000000e-01 4.20000000e-01 8.40000000e-01 3.44064984e+05
4.10000000e-01 4.20000000e-01 8.50000000e-01 3.46311494e+05
4.10000000e-01 4.20000000e-01 8.60000000e-01 3.47670897e+05
4.10000000e-01 4.20000000e-01 8.70000000e-01 3.55978484e+05
4.10000000e-01 4.20000000e-01 8.80000000e-01 3.57481981e+05
4.10000000e-01 4.20000000e-01 8.90000000e-01 3.67111071e+05
4.10000000e-01 4.20000000e-01 9.00000000e-01 3.96089646e+05
4.10000000e-01 4.20000000e-01 9.10000000e-01 4.66680922e+05
4.10000000e-01 4.20000000e-01 9.20000000e-01 7.59394803e+05
4.10000000e-01 4.20000000e-01 9.30000000e-01 4.50047930e+05
4.10000000e-01 4.20000000e-01 9.40000000e-01 4.48404170e+05
4.10000000e-01 4.20000000e-01 9.50000000e-01 5.00435162e+05
4.10000000e-01 4.20000000e-01 9.60000000e-01 5.05609679e+05
4.10000000e-01 4.20000000e-01 9.70000000e-01 4.96613472e+05
4.10000000e-01 4.20000000e-01 9.80000000e-01 5.29365709e+05
4.10000000e-01 4.20000000e-01 9.90000000e-01 5.57060707e+05
4.10000000e-01 4.20000000e-01 1.00000000e+00 5.84827366e+05
4.10000000e-01 4.20000000e-01 1.01000000e+00 5.96578929e+05
4.10000000e-01 4.20000000e-01 1.02000000e+00 2.25663052e+06
4.10000000e-01 4.20000000e-01 1.03000000e+00 5.99450885e+05
4.10000000e-01 4.20000000e-01 1.04000000e+00 5.24296113e+05
4.10000000e-01 4.20000000e-01 1.05000000e+00 4.84313790e+05
4.10000000e-01 4.20000000e-01 1.06000000e+00 4.13055621e+05
4.10000000e-01 4.20000000e-01 1.07000000e+00 3.91371844e+05
4.10000000e-01 4.20000000e-01 1.08000000e+00 3.82358464e+05
4.10000000e-01 4.20000000e-01 1.09000000e+00 3.32264067e+05
4.10000000e-01 4.20000000e-01 1.10000000e+00 3.20489373e+05
4.10000000e-01 4.20000000e-01 1.11000000e+00 3.18645231e+05
4.10000000e-01 4.20000000e-01 1.12000000e+00 3.03478008e+05
4.10000000e-01 4.20000000e-01 1.13000000e+00 2.93821219e+05
4.10000000e-01 4.20000000e-01 1.14000000e+00 2.84126431e+05
4.10000000e-01 4.20000000e-01 1.15000000e+00 2.85813939e+05
4.10000000e-01 4.20000000e-01 1.16000000e+00 2.78258384e+05
4.10000000e-01 4.20000000e-01 1.17000000e+00 2.75528405e+05
4.10000000e-01 4.20000000e-01 1.18000000e+00 2.75121458e+05
4.10000000e-01 4.20000000e-01 1.19000000e+00 2.77049627e+05
4.10000000e-01 4.20000000e-01 1.20000000e+00 2.84345269e+05
4.10000000e-01 4.20000000e-01 1.21000000e+00 2.79850037e+05
4.10000000e-01 4.20000000e-01 1.22000000e+00 2.84436151e+05
4.10000000e-01 4.20000000e-01 1.23000000e+00 2.79857007e+05
4.10000000e-01 4.20000000e-01 1.24000000e+00 2.72664398e+05
4.10000000e-01 4.20000000e-01 1.25000000e+00 2.69363800e+05
4.10000000e-01 4.20000000e-01 1.26000000e+00 2.71441948e+05
4.10000000e-01 4.20000000e-01 1.27000000e+00 2.70487531e+05
4.10000000e-01 4.20000000e-01 1.28000000e+00 2.71579206e+05
4.10000000e-01 4.20000000e-01 1.29000000e+00 2.70856678e+05
4.10000000e-01 4.20000000e-01 1.30000000e+00 2.69196671e+05
4.10000000e-01 4.20000000e-01 1.31000000e+00 2.70343719e+05
4.10000000e-01 4.20000000e-01 1.32000000e+00 2.82999181e+05
4.10000000e-01 4.20000000e-01 1.33000000e+00 3.50853382e+05
4.10000000e-01 4.20000000e-01 1.34000000e+00 3.76516158e+05
4.10000000e-01 4.20000000e-01 1.35000000e+00 1.45664336e+06
4.10000000e-01 4.20000000e-01 1.36000000e+00 3.14050733e+05
4.10000000e-01 4.20000000e-01 1.37000000e+00 2.67885967e+05
4.10000000e-01 4.20000000e-01 1.38000000e+00 2.50193875e+05
4.10000000e-01 4.20000000e-01 1.39000000e+00 2.37687633e+05
4.10000000e-01 4.20000000e-01 1.40000000e+00 2.32799825e+05
4.10000000e-01 4.20000000e-01 1.41000000e+00 2.36006995e+05
4.10000000e-01 4.20000000e-01 1.42000000e+00 2.29005895e+05
4.10000000e-01 4.20000000e-01 1.43000000e+00 2.22898782e+05
4.10000000e-01 4.20000000e-01 1.44000000e+00 2.25541428e+05
4.10000000e-01 4.20000000e-01 1.45000000e+00 2.36624008e+05
4.10000000e-01 4.20000000e-01 1.46000000e+00 2.65227029e+05
4.10000000e-01 4.20000000e-01 1.47000000e+00 1.04178881e+06
4.10000000e-01 4.20000000e-01 1.48000000e+00 2.61118189e+05
4.10000000e-01 4.20000000e-01 1.49000000e+00 2.29255080e+05
4.10000000e-01 4.20000000e-01 1.50000000e+00 2.09182897e+05
4.10000000e-01 4.20000000e-01 1.51000000e+00 2.00459301e+05
4.10000000e-01 4.20000000e-01 1.52000000e+00 1.97507268e+05
4.10000000e-01 4.20000000e-01 1.53000000e+00 1.96113162e+05
4.10000000e-01 4.20000000e-01 1.54000000e+00 1.97137665e+05
4.10000000e-01 4.20000000e-01 1.55000000e+00 1.93821156e+05
4.10000000e-01 4.20000000e-01 1.56000000e+00 1.96392156e+05
4.10000000e-01 4.20000000e-01 1.57000000e+00 2.07504224e+05
4.10000000e-01 4.20000000e-01 1.58000000e+00 2.23469721e+05
4.10000000e-01 4.20000000e-01 1.59000000e+00 2.11008872e+05
4.10000000e-01 4.20000000e-01 1.60000000e+00 2.35113272e+05
4.10000000e-01 4.20000000e-01 1.61000000e+00 1.83970006e+05
4.10000000e-01 4.20000000e-01 1.62000000e+00 1.79242663e+05
4.10000000e-01 4.20000000e-01 1.63000000e+00 1.73664571e+05
4.10000000e-01 4.20000000e-01 1.64000000e+00 1.71371486e+05
4.10000000e-01 4.20000000e-01 1.65000000e+00 1.69886411e+05
4.10000000e-01 4.20000000e-01 1.66000000e+00 1.75335776e+05
4.10000000e-01 4.20000000e-01 1.67000000e+00 1.64377841e+05
4.10000000e-01 4.20000000e-01 1.68000000e+00 1.62312062e+05
4.10000000e-01 4.20000000e-01 1.69000000e+00 1.61836399e+05
4.10000000e-01 4.20000000e-01 1.70000000e+00 1.60167304e+05
4.10000000e-01 4.20000000e-01 1.71000000e+00 1.59865966e+05
4.10000000e-01 4.20000000e-01 1.72000000e+00 1.64728181e+05
4.10000000e-01 4.20000000e-01 1.73000000e+00 1.66269671e+05
4.10000000e-01 4.20000000e-01 1.74000000e+00 1.58287079e+05
4.10000000e-01 4.20000000e-01 1.75000000e+00 1.58799684e+05
4.10000000e-01 4.20000000e-01 1.76000000e+00 1.53392697e+05
4.10000000e-01 4.20000000e-01 1.77000000e+00 1.50532970e+05
4.10000000e-01 4.20000000e-01 1.78000000e+00 1.48272499e+05
4.10000000e-01 4.20000000e-01 1.79000000e+00 1.49786313e+05
4.10000000e-01 4.20000000e-01 1.80000000e+00 1.52966532e+05
4.10000000e-01 4.20000000e-01 1.81000000e+00 1.55464999e+05
4.10000000e-01 4.20000000e-01 1.82000000e+00 1.63543322e+05
4.10000000e-01 4.20000000e-01 1.83000000e+00 1.86318656e+05
4.10000000e-01 4.20000000e-01 1.84000000e+00 3.45142842e+05
4.10000000e-01 4.20000000e-01 1.85000000e+00 3.46809528e+05
4.10000000e-01 4.20000000e-01 1.86000000e+00 2.01582684e+06
4.10000000e-01 4.20000000e-01 1.87000000e+00 2.64199234e+05
4.10000000e-01 4.20000000e-01 1.88000000e+00 1.84952864e+05
4.10000000e-01 4.20000000e-01 1.89000000e+00 1.55753125e+05
4.10000000e-01 4.20000000e-01 1.90000000e+00 1.40744688e+05
4.10000000e-01 4.20000000e-01 1.91000000e+00 1.31646810e+05
4.10000000e-01 4.20000000e-01 1.92000000e+00 1.25424564e+05
4.10000000e-01 4.20000000e-01 1.93000000e+00 1.20685894e+05
4.10000000e-01 4.20000000e-01 1.94000000e+00 1.17085890e+05
4.10000000e-01 4.20000000e-01 1.95000000e+00 1.14399000e+05
4.10000000e-01 4.20000000e-01 1.96000000e+00 1.12644282e+05
4.10000000e-01 4.20000000e-01 1.97000000e+00 1.11958695e+05
4.10000000e-01 4.20000000e-01 1.98000000e+00 1.15623346e+05
4.10000000e-01 4.20000000e-01 1.99000000e+00 1.24322408e+05
4.10000000e-01 4.20000000e-01 2.00000000e+00 6.90612399e+05
4.20000000e-01 4.30000000e-01 1.00000000e-02 3.61293227e+04
4.20000000e-01 4.30000000e-01 2.00000000e-02 6.97390084e+04
4.20000000e-01 4.30000000e-01 3.00000000e-02 1.02177437e+05
4.20000000e-01 4.30000000e-01 4.00000000e-02 1.34197508e+05
4.20000000e-01 4.30000000e-01 5.00000000e-02 1.60232897e+05
4.20000000e-01 4.30000000e-01 6.00000000e-02 1.83708689e+05
4.20000000e-01 4.30000000e-01 7.00000000e-02 2.04789502e+05
4.20000000e-01 4.30000000e-01 8.00000000e-02 2.23732162e+05
4.20000000e-01 4.30000000e-01 9.00000000e-02 2.40766355e+05
4.20000000e-01 4.30000000e-01 1.00000000e-01 2.55974915e+05
4.20000000e-01 4.30000000e-01 1.10000000e-01 2.69490381e+05
4.20000000e-01 4.30000000e-01 1.20000000e-01 2.82038659e+05
4.20000000e-01 4.30000000e-01 1.30000000e-01 2.92443280e+05
4.20000000e-01 4.30000000e-01 1.40000000e-01 3.01806212e+05
4.20000000e-01 4.30000000e-01 1.50000000e-01 3.10179905e+05
4.20000000e-01 4.30000000e-01 1.60000000e-01 3.17570244e+05
4.20000000e-01 4.30000000e-01 1.70000000e-01 3.25177431e+05
4.20000000e-01 4.30000000e-01 1.80000000e-01 3.30620839e+05
4.20000000e-01 4.30000000e-01 1.90000000e-01 3.36020542e+05
4.20000000e-01 4.30000000e-01 2.00000000e-01 3.39451619e+05
4.20000000e-01 4.30000000e-01 2.10000000e-01 3.42588817e+05
4.20000000e-01 4.30000000e-01 2.20000000e-01 3.45329654e+05
4.20000000e-01 4.30000000e-01 2.30000000e-01 3.47913404e+05
4.20000000e-01 4.30000000e-01 2.40000000e-01 3.49731964e+05
4.20000000e-01 4.30000000e-01 2.50000000e-01 3.50952529e+05
4.20000000e-01 4.30000000e-01 2.60000000e-01 3.53060026e+05
4.20000000e-01 4.30000000e-01 2.70000000e-01 3.54229107e+05
4.20000000e-01 4.30000000e-01 2.80000000e-01 3.57208049e+05
4.20000000e-01 4.30000000e-01 2.90000000e-01 3.54109250e+05
4.20000000e-01 4.30000000e-01 3.00000000e-01 3.53563615e+05
4.20000000e-01 4.30000000e-01 3.10000000e-01 3.52783355e+05
4.20000000e-01 4.30000000e-01 3.20000000e-01 3.51761373e+05
4.20000000e-01 4.30000000e-01 3.30000000e-01 3.50712113e+05
4.20000000e-01 4.30000000e-01 3.40000000e-01 3.48428489e+05
4.20000000e-01 4.30000000e-01 3.50000000e-01 3.46502535e+05
4.20000000e-01 4.30000000e-01 3.60000000e-01 3.48385389e+05
4.20000000e-01 4.30000000e-01 3.70000000e-01 3.54729840e+05
4.20000000e-01 4.30000000e-01 3.80000000e-01 3.52769299e+05
4.20000000e-01 4.30000000e-01 3.90000000e-01 3.43762690e+05
4.20000000e-01 4.30000000e-01 4.00000000e-01 3.40664750e+05
4.20000000e-01 4.30000000e-01 4.10000000e-01 3.37923940e+05
4.20000000e-01 4.30000000e-01 4.20000000e-01 3.35710682e+05
4.20000000e-01 4.30000000e-01 4.30000000e-01 3.34107460e+05
4.20000000e-01 4.30000000e-01 4.40000000e-01 3.29830021e+05
4.20000000e-01 4.30000000e-01 4.50000000e-01 3.26566504e+05
4.20000000e-01 4.30000000e-01 4.60000000e-01 3.23769840e+05
4.20000000e-01 4.30000000e-01 4.70000000e-01 3.20955634e+05
4.20000000e-01 4.30000000e-01 4.80000000e-01 3.18291495e+05
4.20000000e-01 4.30000000e-01 4.90000000e-01 3.19057122e+05
4.20000000e-01 4.30000000e-01 5.00000000e-01 3.83930109e+05
4.20000000e-01 4.30000000e-01 5.10000000e-01 3.14105351e+05
4.20000000e-01 4.30000000e-01 5.20000000e-01 3.07564533e+05
4.20000000e-01 4.30000000e-01 5.30000000e-01 3.03517423e+05
4.20000000e-01 4.30000000e-01 5.40000000e-01 3.01515367e+05
4.20000000e-01 4.30000000e-01 5.50000000e-01 3.01545587e+05
4.20000000e-01 4.30000000e-01 5.60000000e-01 3.06989234e+05
4.20000000e-01 4.30000000e-01 5.70000000e-01 3.31686766e+05
4.20000000e-01 4.30000000e-01 5.80000000e-01 3.06724054e+05
4.20000000e-01 4.30000000e-01 5.90000000e-01 2.92348646e+05
4.20000000e-01 4.30000000e-01 6.00000000e-01 2.86183811e+05
4.20000000e-01 4.30000000e-01 6.10000000e-01 2.81818325e+05
4.20000000e-01 4.30000000e-01 6.20000000e-01 2.79549660e+05
4.20000000e-01 4.30000000e-01 6.30000000e-01 2.81421552e+05
4.20000000e-01 4.30000000e-01 6.40000000e-01 3.60645793e+05
4.20000000e-01 4.30000000e-01 6.50000000e-01 4.55768179e+05
4.20000000e-01 4.30000000e-01 6.60000000e-01 3.93395873e+05
4.20000000e-01 4.30000000e-01 6.70000000e-01 3.18566142e+05
4.20000000e-01 4.30000000e-01 6.80000000e-01 2.78591125e+05
4.20000000e-01 4.30000000e-01 6.90000000e-01 2.76225121e+05
4.20000000e-01 4.30000000e-01 7.00000000e-01 2.75628125e+05
4.20000000e-01 4.30000000e-01 7.10000000e-01 2.76063277e+05
4.20000000e-01 4.30000000e-01 7.20000000e-01 2.77277272e+05
4.20000000e-01 4.30000000e-01 7.30000000e-01 2.79002127e+05
4.20000000e-01 4.30000000e-01 7.40000000e-01 2.86774805e+05
4.20000000e-01 4.30000000e-01 7.50000000e-01 2.88595261e+05
4.20000000e-01 4.30000000e-01 7.60000000e-01 2.91483288e+05
4.20000000e-01 4.30000000e-01 7.70000000e-01 2.97151546e+05
4.20000000e-01 4.30000000e-01 7.80000000e-01 2.97894046e+05
4.20000000e-01 4.30000000e-01 7.90000000e-01 2.91898866e+05
4.20000000e-01 4.30000000e-01 8.00000000e-01 2.89172216e+05
4.20000000e-01 4.30000000e-01 8.10000000e-01 2.87499691e+05
4.20000000e-01 4.30000000e-01 8.20000000e-01 2.87337175e+05
4.20000000e-01 4.30000000e-01 8.30000000e-01 2.85618474e+05
4.20000000e-01 4.30000000e-01 8.40000000e-01 2.84392037e+05
4.20000000e-01 4.30000000e-01 8.50000000e-01 2.87084736e+05
4.20000000e-01 4.30000000e-01 8.60000000e-01 2.88668614e+05
4.20000000e-01 4.30000000e-01 8.70000000e-01 2.97136519e+05
4.20000000e-01 4.30000000e-01 8.80000000e-01 2.98413646e+05
4.20000000e-01 4.30000000e-01 8.90000000e-01 3.07204152e+05
4.20000000e-01 4.30000000e-01 9.00000000e-01 3.34408403e+05
4.20000000e-01 4.30000000e-01 9.10000000e-01 4.02670127e+05
4.20000000e-01 4.30000000e-01 9.20000000e-01 6.89988357e+05
4.20000000e-01 4.30000000e-01 9.30000000e-01 3.84350070e+05
4.20000000e-01 4.30000000e-01 9.40000000e-01 3.84006895e+05
4.20000000e-01 4.30000000e-01 9.50000000e-01 4.35171820e+05
4.20000000e-01 4.30000000e-01 9.60000000e-01 4.38101002e+05
4.20000000e-01 4.30000000e-01 9.70000000e-01 4.27006787e+05
4.20000000e-01 4.30000000e-01 9.80000000e-01 4.56678260e+05
4.20000000e-01 4.30000000e-01 9.90000000e-01 4.82128725e+05
4.20000000e-01 4.30000000e-01 1.00000000e+00 5.03775387e+05
4.20000000e-01 4.30000000e-01 1.01000000e+00 5.14537803e+05
4.20000000e-01 4.30000000e-01 1.02000000e+00 2.05812633e+06
4.20000000e-01 4.30000000e-01 1.03000000e+00 5.15158297e+05
4.20000000e-01 4.30000000e-01 1.04000000e+00 4.43315080e+05
4.20000000e-01 4.30000000e-01 1.05000000e+00 4.07498040e+05
4.20000000e-01 4.30000000e-01 1.06000000e+00 3.42804738e+05
4.20000000e-01 4.30000000e-01 1.07000000e+00 3.25985833e+05
4.20000000e-01 4.30000000e-01 1.08000000e+00 3.17859039e+05
4.20000000e-01 4.30000000e-01 1.09000000e+00 2.75607474e+05
4.20000000e-01 4.30000000e-01 1.10000000e+00 2.65323670e+05
4.20000000e-01 4.30000000e-01 1.11000000e+00 2.63411329e+05
4.20000000e-01 4.30000000e-01 1.12000000e+00 2.50784253e+05
4.20000000e-01 4.30000000e-01 1.13000000e+00 2.43599163e+05
4.20000000e-01 4.30000000e-01 1.14000000e+00 2.35339417e+05
4.20000000e-01 4.30000000e-01 1.15000000e+00 2.36426226e+05
4.20000000e-01 4.30000000e-01 1.16000000e+00 2.30493432e+05
4.20000000e-01 4.30000000e-01 1.17000000e+00 2.28171047e+05
4.20000000e-01 4.30000000e-01 1.18000000e+00 2.27888994e+05
4.20000000e-01 4.30000000e-01 1.19000000e+00 2.30115681e+05
4.20000000e-01 4.30000000e-01 1.20000000e+00 2.37446959e+05
4.20000000e-01 4.30000000e-01 1.21000000e+00 2.33264649e+05
4.20000000e-01 4.30000000e-01 1.22000000e+00 2.37974267e+05
4.20000000e-01 4.30000000e-01 1.23000000e+00 2.33953720e+05
4.20000000e-01 4.30000000e-01 1.24000000e+00 2.27169008e+05
4.20000000e-01 4.30000000e-01 1.25000000e+00 2.24197465e+05
4.20000000e-01 4.30000000e-01 1.26000000e+00 2.26487123e+05
4.20000000e-01 4.30000000e-01 1.27000000e+00 2.26064597e+05
4.20000000e-01 4.30000000e-01 1.28000000e+00 2.27291368e+05
4.20000000e-01 4.30000000e-01 1.29000000e+00 2.26599182e+05
4.20000000e-01 4.30000000e-01 1.30000000e+00 2.24698507e+05
4.20000000e-01 4.30000000e-01 1.31000000e+00 2.25161992e+05
4.20000000e-01 4.30000000e-01 1.32000000e+00 2.35624088e+05
4.20000000e-01 4.30000000e-01 1.33000000e+00 2.96368180e+05
4.20000000e-01 4.30000000e-01 1.34000000e+00 3.17118776e+05
4.20000000e-01 4.30000000e-01 1.35000000e+00 1.36938282e+06
4.20000000e-01 4.30000000e-01 1.36000000e+00 2.62856096e+05
4.20000000e-01 4.30000000e-01 1.37000000e+00 2.23213754e+05
4.20000000e-01 4.30000000e-01 1.38000000e+00 2.07679645e+05
4.20000000e-01 4.30000000e-01 1.39000000e+00 1.96808193e+05
4.20000000e-01 4.30000000e-01 1.40000000e+00 1.92495002e+05
4.20000000e-01 4.30000000e-01 1.41000000e+00 1.94826894e+05
4.20000000e-01 4.30000000e-01 1.42000000e+00 1.89076126e+05
4.20000000e-01 4.30000000e-01 1.43000000e+00 1.83906722e+05
4.20000000e-01 4.30000000e-01 1.44000000e+00 1.85814781e+05
4.20000000e-01 4.30000000e-01 1.45000000e+00 1.94986326e+05
4.20000000e-01 4.30000000e-01 1.46000000e+00 2.21787436e+05
4.20000000e-01 4.30000000e-01 1.47000000e+00 8.82601073e+05
4.20000000e-01 4.30000000e-01 1.48000000e+00 2.17874992e+05
4.20000000e-01 4.30000000e-01 1.49000000e+00 1.88594903e+05
4.20000000e-01 4.30000000e-01 1.50000000e+00 1.72052891e+05
4.20000000e-01 4.30000000e-01 1.51000000e+00 1.64901495e+05
4.20000000e-01 4.30000000e-01 1.52000000e+00 1.62502872e+05
4.20000000e-01 4.30000000e-01 1.53000000e+00 1.61452487e+05
4.20000000e-01 4.30000000e-01 1.54000000e+00 1.62441550e+05
4.20000000e-01 4.30000000e-01 1.55000000e+00 1.59656071e+05
4.20000000e-01 4.30000000e-01 1.56000000e+00 1.62193251e+05
4.20000000e-01 4.30000000e-01 1.57000000e+00 1.72637079e+05
4.20000000e-01 4.30000000e-01 1.58000000e+00 1.87702185e+05
4.20000000e-01 4.30000000e-01 1.59000000e+00 1.74487328e+05
4.20000000e-01 4.30000000e-01 1.60000000e+00 1.96383529e+05
4.20000000e-01 4.30000000e-01 1.61000000e+00 1.51289131e+05
4.20000000e-01 4.30000000e-01 1.62000000e+00 1.47124168e+05
4.20000000e-01 4.30000000e-01 1.63000000e+00 1.42565115e+05
4.20000000e-01 4.30000000e-01 1.64000000e+00 1.40657677e+05
4.20000000e-01 4.30000000e-01 1.65000000e+00 1.39386900e+05
4.20000000e-01 4.30000000e-01 1.66000000e+00 1.43654390e+05
4.20000000e-01 4.30000000e-01 1.67000000e+00 1.34763948e+05
4.20000000e-01 4.30000000e-01 1.68000000e+00 1.32987569e+05
4.20000000e-01 4.30000000e-01 1.69000000e+00 1.32599059e+05
4.20000000e-01 4.30000000e-01 1.70000000e+00 1.31172290e+05
4.20000000e-01 4.30000000e-01 1.71000000e+00 1.30813564e+05
4.20000000e-01 4.30000000e-01 1.72000000e+00 1.34918817e+05
4.20000000e-01 4.30000000e-01 1.73000000e+00 1.36520978e+05
4.20000000e-01 4.30000000e-01 1.74000000e+00 1.29367574e+05
4.20000000e-01 4.30000000e-01 1.75000000e+00 1.30036755e+05
4.20000000e-01 4.30000000e-01 1.76000000e+00 1.25156929e+05
4.20000000e-01 4.30000000e-01 1.77000000e+00 1.22578745e+05
4.20000000e-01 4.30000000e-01 1.78000000e+00 1.20580397e+05
4.20000000e-01 4.30000000e-01 1.79000000e+00 1.21710727e+05
4.20000000e-01 4.30000000e-01 1.80000000e+00 1.24324136e+05
4.20000000e-01 4.30000000e-01 1.81000000e+00 1.26229592e+05
4.20000000e-01 4.30000000e-01 1.82000000e+00 1.32670764e+05
4.20000000e-01 4.30000000e-01 1.83000000e+00 1.50743604e+05
4.20000000e-01 4.30000000e-01 1.84000000e+00 2.87855455e+05
4.20000000e-01 4.30000000e-01 1.85000000e+00 2.85067351e+05
4.20000000e-01 4.30000000e-01 1.86000000e+00 1.80519705e+06
4.20000000e-01 4.30000000e-01 1.87000000e+00 2.18185478e+05
4.20000000e-01 4.30000000e-01 1.88000000e+00 1.51710678e+05
4.20000000e-01 4.30000000e-01 1.89000000e+00 1.26757634e+05
4.20000000e-01 4.30000000e-01 1.90000000e+00 1.14109689e+05
4.20000000e-01 4.30000000e-01 1.91000000e+00 1.06517092e+05
4.20000000e-01 4.30000000e-01 1.92000000e+00 1.01368522e+05
4.20000000e-01 4.30000000e-01 1.93000000e+00 9.74364422e+04
4.20000000e-01 4.30000000e-01 1.94000000e+00 9.44532435e+04
4.20000000e-01 4.30000000e-01 1.95000000e+00 9.21934684e+04
4.20000000e-01 4.30000000e-01 1.96000000e+00 9.06319508e+04
4.20000000e-01 4.30000000e-01 1.97000000e+00 8.98796796e+04
4.20000000e-01 4.30000000e-01 1.98000000e+00 9.24506491e+04
4.20000000e-01 4.30000000e-01 1.99000000e+00 9.95990947e+04
4.20000000e-01 4.30000000e-01 2.00000000e+00 5.64028977e+05
4.30000000e-01 4.40000000e-01 1.00000000e-02 3.08782286e+04
4.30000000e-01 4.40000000e-01 2.00000000e-02 5.94992199e+04
4.30000000e-01 4.40000000e-01 3.00000000e-02 8.75684102e+04
4.30000000e-01 4.40000000e-01 4.00000000e-02 1.13873854e+05
4.30000000e-01 4.40000000e-01 5.00000000e-02 1.35771485e+05
4.30000000e-01 4.40000000e-01 6.00000000e-02 1.55411287e+05
4.30000000e-01 4.40000000e-01 7.00000000e-02 1.72973935e+05
4.30000000e-01 4.40000000e-01 8.00000000e-02 1.88668040e+05
4.30000000e-01 4.40000000e-01 9.00000000e-02 2.02734812e+05
4.30000000e-01 4.40000000e-01 1.00000000e-01 2.15247382e+05
4.30000000e-01 4.40000000e-01 1.10000000e-01 2.26306894e+05
4.30000000e-01 4.40000000e-01 1.20000000e-01 2.36631322e+05
4.30000000e-01 4.40000000e-01 1.30000000e-01 2.44997991e+05
4.30000000e-01 4.40000000e-01 1.40000000e-01 2.52529360e+05
4.30000000e-01 4.40000000e-01 1.50000000e-01 2.59249427e+05
4.30000000e-01 4.40000000e-01 1.60000000e-01 2.65144721e+05
4.30000000e-01 4.40000000e-01 1.70000000e-01 2.71293735e+05
4.30000000e-01 4.40000000e-01 1.80000000e-01 2.75560317e+05
4.30000000e-01 4.40000000e-01 1.90000000e-01 2.79881779e+05
4.30000000e-01 4.40000000e-01 2.00000000e-01 2.82408518e+05
4.30000000e-01 4.40000000e-01 2.10000000e-01 2.84728559e+05
4.30000000e-01 4.40000000e-01 2.20000000e-01 2.86753628e+05
4.30000000e-01 4.40000000e-01 2.30000000e-01 2.88702698e+05
4.30000000e-01 4.40000000e-01 2.40000000e-01 2.89986890e+05
4.30000000e-01 4.40000000e-01 2.50000000e-01 2.90768578e+05
4.30000000e-01 4.40000000e-01 2.60000000e-01 2.92430845e+05
4.30000000e-01 4.40000000e-01 2.70000000e-01 2.93207858e+05
4.30000000e-01 4.40000000e-01 2.80000000e-01 2.96011174e+05
4.30000000e-01 4.40000000e-01 2.90000000e-01 2.92684749e+05
4.30000000e-01 4.40000000e-01 3.00000000e-01 2.92019381e+05
4.30000000e-01 4.40000000e-01 3.10000000e-01 2.91114468e+05
4.30000000e-01 4.40000000e-01 3.20000000e-01 2.89975177e+05
4.30000000e-01 4.40000000e-01 3.30000000e-01 2.88897382e+05
4.30000000e-01 4.40000000e-01 3.40000000e-01 2.86778950e+05
4.30000000e-01 4.40000000e-01 3.50000000e-01 2.84992348e+05
4.30000000e-01 4.40000000e-01 3.60000000e-01 2.86929326e+05
4.30000000e-01 4.40000000e-01 3.70000000e-01 2.92430110e+05
4.30000000e-01 4.40000000e-01 3.80000000e-01 2.90981643e+05
4.30000000e-01 4.40000000e-01 3.90000000e-01 2.82236283e+05
4.30000000e-01 4.40000000e-01 4.00000000e-01 2.79511324e+05
4.30000000e-01 4.40000000e-01 4.10000000e-01 2.77116277e+05
4.30000000e-01 4.40000000e-01 4.20000000e-01 2.75236911e+05
4.30000000e-01 4.40000000e-01 4.30000000e-01 2.74000222e+05
4.30000000e-01 4.40000000e-01 4.40000000e-01 2.70114180e+05
4.30000000e-01 4.40000000e-01 4.50000000e-01 2.67313829e+05
4.30000000e-01 4.40000000e-01 4.60000000e-01 2.64924410e+05
4.30000000e-01 4.40000000e-01 4.70000000e-01 2.62544328e+05
4.30000000e-01 4.40000000e-01 4.80000000e-01 2.60235085e+05
4.30000000e-01 4.40000000e-01 4.90000000e-01 2.61250100e+05
4.30000000e-01 4.40000000e-01 5.00000000e-01 3.27582526e+05
4.30000000e-01 4.40000000e-01 5.10000000e-01 2.56889566e+05
4.30000000e-01 4.40000000e-01 5.20000000e-01 2.50896927e+05
4.30000000e-01 4.40000000e-01 5.30000000e-01 2.47322859e+05
4.30000000e-01 4.40000000e-01 5.40000000e-01 2.45627811e+05
4.30000000e-01 4.40000000e-01 5.50000000e-01 2.45723834e+05
4.30000000e-01 4.40000000e-01 5.60000000e-01 2.51127497e+05
4.30000000e-01 4.40000000e-01 5.70000000e-01 2.75156547e+05
4.30000000e-01 4.40000000e-01 5.80000000e-01 2.51450773e+05
4.30000000e-01 4.40000000e-01 5.90000000e-01 2.38561836e+05
4.30000000e-01 4.40000000e-01 6.00000000e-01 2.33315566e+05
4.30000000e-01 4.40000000e-01 6.10000000e-01 2.29684911e+05
4.30000000e-01 4.40000000e-01 6.20000000e-01 2.27932001e+05
4.30000000e-01 4.40000000e-01 6.30000000e-01 2.29991205e+05
4.30000000e-01 4.40000000e-01 6.40000000e-01 3.05077931e+05
4.30000000e-01 4.40000000e-01 6.50000000e-01 3.94979470e+05
4.30000000e-01 4.40000000e-01 6.60000000e-01 3.36257181e+05
4.30000000e-01 4.40000000e-01 6.70000000e-01 2.61558460e+05
4.30000000e-01 4.40000000e-01 6.80000000e-01 2.26839451e+05
4.30000000e-01 4.40000000e-01 6.90000000e-01 2.24731693e+05
4.30000000e-01 4.40000000e-01 7.00000000e-01 2.24223442e+05
4.30000000e-01 4.40000000e-01 7.10000000e-01 2.24682935e+05
4.30000000e-01 4.40000000e-01 7.20000000e-01 2.25911273e+05
4.30000000e-01 4.40000000e-01 7.30000000e-01 2.27677701e+05
4.30000000e-01 4.40000000e-01 7.40000000e-01 2.34251834e+05
4.30000000e-01 4.40000000e-01 7.50000000e-01 2.36239869e+05
4.30000000e-01 4.40000000e-01 7.60000000e-01 2.39432374e+05
4.30000000e-01 4.40000000e-01 7.70000000e-01 2.45588538e+05
4.30000000e-01 4.40000000e-01 7.80000000e-01 2.46776942e+05
4.30000000e-01 4.40000000e-01 7.90000000e-01 2.41060563e+05
4.30000000e-01 4.40000000e-01 8.00000000e-01 2.38808816e+05
4.30000000e-01 4.40000000e-01 8.10000000e-01 2.37634367e+05
4.30000000e-01 4.40000000e-01 8.20000000e-01 2.37989338e+05
4.30000000e-01 4.40000000e-01 8.30000000e-01 2.36662784e+05
4.30000000e-01 4.40000000e-01 8.40000000e-01 2.35741446e+05
4.30000000e-01 4.40000000e-01 8.50000000e-01 2.38801385e+05
4.30000000e-01 4.40000000e-01 8.60000000e-01 2.40570226e+05
4.30000000e-01 4.40000000e-01 8.70000000e-01 2.49175285e+05
4.30000000e-01 4.40000000e-01 8.80000000e-01 2.50216103e+05
4.30000000e-01 4.40000000e-01 8.90000000e-01 2.58261918e+05
4.30000000e-01 4.40000000e-01 9.00000000e-01 2.83858305e+05
4.30000000e-01 4.40000000e-01 9.10000000e-01 3.49974719e+05
4.30000000e-01 4.40000000e-01 9.20000000e-01 6.30950443e+05
4.30000000e-01 4.40000000e-01 9.30000000e-01 3.30066931e+05
4.30000000e-01 4.40000000e-01 9.40000000e-01 3.30691107e+05
4.30000000e-01 4.40000000e-01 9.50000000e-01 3.80817630e+05
4.30000000e-01 4.40000000e-01 9.60000000e-01 3.81684104e+05
4.30000000e-01 4.40000000e-01 9.70000000e-01 3.68767143e+05
4.30000000e-01 4.40000000e-01 9.80000000e-01 3.95471686e+05
4.30000000e-01 4.40000000e-01 9.90000000e-01 4.18833422e+05
4.30000000e-01 4.40000000e-01 1.00000000e+00 4.35374356e+05
4.30000000e-01 4.40000000e-01 1.01000000e+00 4.44513229e+05
4.30000000e-01 4.40000000e-01 1.02000000e+00 1.87402536e+06
4.30000000e-01 4.40000000e-01 1.03000000e+00 4.43131683e+05
4.30000000e-01 4.40000000e-01 1.04000000e+00 3.75267586e+05
4.30000000e-01 4.40000000e-01 1.05000000e+00 3.43356173e+05
4.30000000e-01 4.40000000e-01 1.06000000e+00 2.84875902e+05
4.30000000e-01 4.40000000e-01 1.07000000e+00 2.72016285e+05
4.30000000e-01 4.40000000e-01 1.08000000e+00 2.64491919e+05
4.30000000e-01 4.40000000e-01 1.09000000e+00 2.29190974e+05
4.30000000e-01 4.40000000e-01 1.10000000e+00 2.20125156e+05
4.30000000e-01 4.40000000e-01 1.11000000e+00 2.18259365e+05
4.30000000e-01 4.40000000e-01 1.12000000e+00 2.07744679e+05
4.30000000e-01 4.40000000e-01 1.13000000e+00 2.02651908e+05
4.30000000e-01 4.40000000e-01 1.14000000e+00 1.95632263e+05
4.30000000e-01 4.40000000e-01 1.15000000e+00 1.96176061e+05
4.30000000e-01 4.40000000e-01 1.16000000e+00 1.91593553e+05
4.30000000e-01 4.40000000e-01 1.17000000e+00 1.89600557e+05
4.30000000e-01 4.40000000e-01 1.18000000e+00 1.89358130e+05
4.30000000e-01 4.40000000e-01 1.19000000e+00 1.91800526e+05
4.30000000e-01 4.40000000e-01 1.20000000e+00 1.99092542e+05
4.30000000e-01 4.40000000e-01 1.21000000e+00 1.95180314e+05
4.30000000e-01 4.40000000e-01 1.22000000e+00 1.99900830e+05
4.30000000e-01 4.40000000e-01 1.23000000e+00 1.96338569e+05
4.30000000e-01 4.40000000e-01 1.24000000e+00 1.89886766e+05
4.30000000e-01 4.40000000e-01 1.25000000e+00 1.87160741e+05
4.30000000e-01 4.40000000e-01 1.26000000e+00 1.89589223e+05
4.30000000e-01 4.40000000e-01 1.27000000e+00 1.89560638e+05
4.30000000e-01 4.40000000e-01 1.28000000e+00 1.90888673e+05
4.30000000e-01 4.40000000e-01 1.29000000e+00 1.90203125e+05
4.30000000e-01 4.40000000e-01 1.30000000e+00 1.88121712e+05
4.30000000e-01 4.40000000e-01 1.31000000e+00 1.88056514e+05
4.30000000e-01 4.40000000e-01 1.32000000e+00 1.96707124e+05
4.30000000e-01 4.40000000e-01 1.33000000e+00 2.50993205e+05
4.30000000e-01 4.40000000e-01 1.34000000e+00 2.67701732e+05
4.30000000e-01 4.40000000e-01 1.35000000e+00 1.28988532e+06
4.30000000e-01 4.40000000e-01 1.36000000e+00 2.20551824e+05
4.30000000e-01 4.40000000e-01 1.37000000e+00 1.86431115e+05
4.30000000e-01 4.40000000e-01 1.38000000e+00 1.72796391e+05
4.30000000e-01 4.40000000e-01 1.39000000e+00 1.63370375e+05
4.30000000e-01 4.40000000e-01 1.40000000e+00 1.59545513e+05
4.30000000e-01 4.40000000e-01 1.41000000e+00 1.61139163e+05
4.30000000e-01 4.40000000e-01 1.42000000e+00 1.56396161e+05
4.30000000e-01 4.40000000e-01 1.43000000e+00 1.52055064e+05
4.30000000e-01 4.40000000e-01 1.44000000e+00 1.53419964e+05
4.30000000e-01 4.40000000e-01 1.45000000e+00 1.60920585e+05
4.30000000e-01 4.40000000e-01 1.46000000e+00 1.85513812e+05
4.30000000e-01 4.40000000e-01 1.47000000e+00 7.45803100e+05
4.30000000e-01 4.40000000e-01 1.48000000e+00 1.81784567e+05
4.30000000e-01 4.40000000e-01 1.49000000e+00 1.55363800e+05
4.30000000e-01 4.40000000e-01 1.50000000e+00 1.41834503e+05
4.30000000e-01 4.40000000e-01 1.51000000e+00 1.35953020e+05
4.30000000e-01 4.40000000e-01 1.52000000e+00 1.34002769e+05
4.30000000e-01 4.40000000e-01 1.53000000e+00 1.33216754e+05
4.30000000e-01 4.40000000e-01 1.54000000e+00 1.34157107e+05
4.30000000e-01 4.40000000e-01 1.55000000e+00 1.31797172e+05
4.30000000e-01 4.40000000e-01 1.56000000e+00 1.34251422e+05
4.30000000e-01 4.40000000e-01 1.57000000e+00 1.44033926e+05
4.30000000e-01 4.40000000e-01 1.58000000e+00 1.58200700e+05
4.30000000e-01 4.40000000e-01 1.59000000e+00 1.44580865e+05
4.30000000e-01 4.40000000e-01 1.60000000e+00 1.64268957e+05
4.30000000e-01 4.40000000e-01 1.61000000e+00 1.24656111e+05
4.30000000e-01 4.40000000e-01 1.62000000e+00 1.20983392e+05
4.30000000e-01 4.40000000e-01 1.63000000e+00 1.17264850e+05
4.30000000e-01 4.40000000e-01 1.64000000e+00 1.15689275e+05
4.30000000e-01 4.40000000e-01 1.65000000e+00 1.14610356e+05
4.30000000e-01 4.40000000e-01 1.66000000e+00 1.18072305e+05
4.30000000e-01 4.40000000e-01 1.67000000e+00 1.10724524e+05
4.30000000e-01 4.40000000e-01 1.68000000e+00 1.09188797e+05
4.30000000e-01 4.40000000e-01 1.69000000e+00 1.08860498e+05
4.30000000e-01 4.40000000e-01 1.70000000e+00 1.07642194e+05
4.30000000e-01 4.40000000e-01 1.71000000e+00 1.07210060e+05
4.30000000e-01 4.40000000e-01 1.72000000e+00 1.10641640e+05
4.30000000e-01 4.40000000e-01 1.73000000e+00 1.12199643e+05
4.30000000e-01 4.40000000e-01 1.74000000e+00 1.05908099e+05
4.30000000e-01 4.40000000e-01 1.75000000e+00 1.06638498e+05
4.30000000e-01 4.40000000e-01 1.76000000e+00 1.02250732e+05
4.30000000e-01 4.40000000e-01 1.77000000e+00 9.99516666e+04
4.30000000e-01 4.40000000e-01 1.78000000e+00 9.82132533e+04
4.30000000e-01 4.40000000e-01 1.79000000e+00 9.90445766e+04
4.30000000e-01 4.40000000e-01 1.80000000e+00 1.01192384e+05
4.30000000e-01 4.40000000e-01 1.81000000e+00 1.02638876e+05
4.30000000e-01 4.40000000e-01 1.82000000e+00 1.07788207e+05
4.30000000e-01 4.40000000e-01 1.83000000e+00 1.22153437e+05
4.30000000e-01 4.40000000e-01 1.84000000e+00 2.40465087e+05
4.30000000e-01 4.40000000e-01 1.85000000e+00 2.34514529e+05
4.30000000e-01 4.40000000e-01 1.86000000e+00 1.61203613e+06
4.30000000e-01 4.40000000e-01 1.87000000e+00 1.80480933e+05
4.30000000e-01 4.40000000e-01 1.88000000e+00 1.24567677e+05
4.30000000e-01 4.40000000e-01 1.89000000e+00 1.03275749e+05
4.30000000e-01 4.40000000e-01 1.90000000e+00 9.26234742e+04
4.30000000e-01 4.40000000e-01 1.91000000e+00 8.62837553e+04
4.30000000e-01 4.40000000e-01 1.92000000e+00 8.20191367e+04
4.30000000e-01 4.40000000e-01 1.93000000e+00 7.87524867e+04
4.30000000e-01 4.40000000e-01 1.94000000e+00 7.62763101e+04
4.30000000e-01 4.40000000e-01 1.95000000e+00 7.43757004e+04
4.30000000e-01 4.40000000e-01 1.96000000e+00 7.29990391e+04
4.30000000e-01 4.40000000e-01 1.97000000e+00 7.22309929e+04
4.30000000e-01 4.40000000e-01 1.98000000e+00 7.39894233e+04
4.30000000e-01 4.40000000e-01 1.99000000e+00 7.96538404e+04
4.30000000e-01 4.40000000e-01 2.00000000e+00 4.58670129e+05
4.40000000e-01 4.50000000e-01 1.00000000e-02 2.64042116e+04
4.40000000e-01 4.50000000e-01 2.00000000e-02 5.07874327e+04
4.40000000e-01 4.50000000e-01 3.00000000e-02 7.56440658e+04
4.40000000e-01 4.50000000e-01 4.00000000e-02 9.66941318e+04
4.40000000e-01 4.50000000e-01 5.00000000e-02 1.15082888e+05
4.40000000e-01 4.50000000e-01 6.00000000e-02 1.31506234e+05
4.40000000e-01 4.50000000e-01 7.00000000e-02 1.46132302e+05
4.40000000e-01 4.50000000e-01 8.00000000e-02 1.59134782e+05
4.40000000e-01 4.50000000e-01 9.00000000e-02 1.70748666e+05
4.40000000e-01 4.50000000e-01 1.00000000e-01 1.81039058e+05
4.40000000e-01 4.50000000e-01 1.10000000e-01 1.90082966e+05
4.40000000e-01 4.50000000e-01 1.20000000e-01 1.98593077e+05
4.40000000e-01 4.50000000e-01 1.30000000e-01 2.05297082e+05
4.40000000e-01 4.50000000e-01 1.40000000e-01 2.11344871e+05
4.40000000e-01 4.50000000e-01 1.50000000e-01 2.16730591e+05
4.40000000e-01 4.50000000e-01 1.60000000e-01 2.21429136e+05
4.40000000e-01 4.50000000e-01 1.70000000e-01 2.26394005e+05
4.40000000e-01 4.50000000e-01 1.80000000e-01 2.29722519e+05
4.40000000e-01 4.50000000e-01 1.90000000e-01 2.33193206e+05
4.40000000e-01 4.50000000e-01 2.00000000e-01 2.35011044e+05
4.40000000e-01 4.50000000e-01 2.10000000e-01 2.36701600e+05
4.40000000e-01 4.50000000e-01 2.20000000e-01 2.38176052e+05
4.40000000e-01 4.50000000e-01 2.30000000e-01 2.39636776e+05
4.40000000e-01 4.50000000e-01 2.40000000e-01 2.40517135e+05
4.40000000e-01 4.50000000e-01 2.50000000e-01 2.40980435e+05
4.40000000e-01 4.50000000e-01 2.60000000e-01 2.42301863e+05
4.40000000e-01 4.50000000e-01 2.70000000e-01 2.42781494e+05
4.40000000e-01 4.50000000e-01 2.80000000e-01 2.45473018e+05
4.40000000e-01 4.50000000e-01 2.90000000e-01 2.41987253e+05
4.40000000e-01 4.50000000e-01 3.00000000e-01 2.41267520e+05
4.40000000e-01 4.50000000e-01 3.10000000e-01 2.40290003e+05
4.40000000e-01 4.50000000e-01 3.20000000e-01 2.39091271e+05
4.40000000e-01 4.50000000e-01 3.30000000e-01 2.38024621e+05
4.40000000e-01 4.50000000e-01 3.40000000e-01 2.36096767e+05
4.40000000e-01 4.50000000e-01 3.50000000e-01 2.34467640e+05
4.40000000e-01 4.50000000e-01 3.60000000e-01 2.36470151e+05
4.40000000e-01 4.50000000e-01 3.70000000e-01 2.41269173e+05
4.40000000e-01 4.50000000e-01 3.80000000e-01 2.40292677e+05
4.40000000e-01 4.50000000e-01 3.90000000e-01 2.31800046e+05
4.40000000e-01 4.50000000e-01 4.00000000e-01 2.29415484e+05
4.40000000e-01 4.50000000e-01 4.10000000e-01 2.27335839e+05
4.40000000e-01 4.50000000e-01 4.20000000e-01 2.25748644e+05
4.40000000e-01 4.50000000e-01 4.30000000e-01 2.24854074e+05
4.40000000e-01 4.50000000e-01 4.40000000e-01 2.21345385e+05
4.40000000e-01 4.50000000e-01 4.50000000e-01 2.18935959e+05
4.40000000e-01 4.50000000e-01 4.60000000e-01 2.16902758e+05
4.40000000e-01 4.50000000e-01 4.70000000e-01 2.14896684e+05
4.40000000e-01 4.50000000e-01 4.80000000e-01 2.12898058e+05
4.40000000e-01 4.50000000e-01 4.90000000e-01 2.14085673e+05
4.40000000e-01 4.50000000e-01 5.00000000e-01 2.81726738e+05
4.40000000e-01 4.50000000e-01 5.10000000e-01 2.10276913e+05
4.40000000e-01 4.50000000e-01 5.20000000e-01 2.04807006e+05
4.40000000e-01 4.50000000e-01 5.30000000e-01 2.01659903e+05
4.40000000e-01 4.50000000e-01 5.40000000e-01 2.00237396e+05
4.40000000e-01 4.50000000e-01 5.50000000e-01 2.00398204e+05
4.40000000e-01 4.50000000e-01 5.60000000e-01 2.05691238e+05
4.40000000e-01 4.50000000e-01 5.70000000e-01 2.28722336e+05
4.40000000e-01 4.50000000e-01 5.80000000e-01 2.06411186e+05
4.40000000e-01 4.50000000e-01 5.90000000e-01 1.94896848e+05
4.40000000e-01 4.50000000e-01 6.00000000e-01 1.90490025e+05
4.40000000e-01 4.50000000e-01 6.10000000e-01 1.87485711e+05
4.40000000e-01 4.50000000e-01 6.20000000e-01 1.86171240e+05
4.40000000e-01 4.50000000e-01 6.30000000e-01 1.88271073e+05
4.40000000e-01 4.50000000e-01 6.40000000e-01 2.58604374e+05
4.40000000e-01 4.50000000e-01 6.50000000e-01 3.44071493e+05
4.40000000e-01 4.50000000e-01 6.60000000e-01 2.89088293e+05
4.40000000e-01 4.50000000e-01 6.70000000e-01 2.15148369e+05
4.40000000e-01 4.50000000e-01 6.80000000e-01 1.85174504e+05
4.40000000e-01 4.50000000e-01 6.90000000e-01 1.83266108e+05
4.40000000e-01 4.50000000e-01 7.00000000e-01 1.82810659e+05
4.40000000e-01 4.50000000e-01 7.10000000e-01 1.83248032e+05
4.40000000e-01 4.50000000e-01 7.20000000e-01 1.84436306e+05
4.40000000e-01 4.50000000e-01 7.30000000e-01 1.86171745e+05
4.40000000e-01 4.50000000e-01 7.40000000e-01 1.91495614e+05
4.40000000e-01 4.50000000e-01 7.50000000e-01 1.93550249e+05
4.40000000e-01 4.50000000e-01 7.60000000e-01 1.96960237e+05
4.40000000e-01 4.50000000e-01 7.70000000e-01 2.03538961e+05
4.40000000e-01 4.50000000e-01 7.80000000e-01 2.05076537e+05
4.40000000e-01 4.50000000e-01 7.90000000e-01 1.99516332e+05
4.40000000e-01 4.50000000e-01 8.00000000e-01 1.97653101e+05
4.40000000e-01 4.50000000e-01 8.10000000e-01 1.96911644e+05
4.40000000e-01 4.50000000e-01 8.20000000e-01 1.97686922e+05
4.40000000e-01 4.50000000e-01 8.30000000e-01 1.96693641e+05
4.40000000e-01 4.50000000e-01 8.40000000e-01 1.95999163e+05
4.40000000e-01 4.50000000e-01 8.50000000e-01 1.99369569e+05
4.40000000e-01 4.50000000e-01 8.60000000e-01 2.01282874e+05
4.40000000e-01 4.50000000e-01 8.70000000e-01 2.09982475e+05
4.40000000e-01 4.50000000e-01 8.80000000e-01 2.10739737e+05
4.40000000e-01 4.50000000e-01 8.90000000e-01 2.18057530e+05
4.40000000e-01 4.50000000e-01 9.00000000e-01 2.42103993e+05
4.40000000e-01 4.50000000e-01 9.10000000e-01 3.06010930e+05
4.40000000e-01 4.50000000e-01 9.20000000e-01 5.79310610e+05
4.40000000e-01 4.50000000e-01 9.30000000e-01 2.84477532e+05
4.40000000e-01 4.50000000e-01 9.40000000e-01 2.85662867e+05
4.40000000e-01 4.50000000e-01 9.50000000e-01 3.34274020e+05
4.40000000e-01 4.50000000e-01 9.60000000e-01 3.33223875e+05
4.40000000e-01 4.50000000e-01 9.70000000e-01 3.18812645e+05
4.40000000e-01 4.50000000e-01 9.80000000e-01 3.42445730e+05
4.40000000e-01 4.50000000e-01 9.90000000e-01 3.63618284e+05
4.40000000e-01 4.50000000e-01 1.00000000e+00 3.75932381e+05
4.40000000e-01 4.50000000e-01 1.01000000e+00 3.83156228e+05
4.40000000e-01 4.50000000e-01 1.02000000e+00 1.69681198e+06
4.40000000e-01 4.50000000e-01 1.03000000e+00 3.80030306e+05
4.40000000e-01 4.50000000e-01 1.04000000e+00 3.16883147e+05
4.40000000e-01 4.50000000e-01 1.05000000e+00 2.88975920e+05
4.40000000e-01 4.50000000e-01 1.06000000e+00 2.36581829e+05
4.40000000e-01 4.50000000e-01 1.07000000e+00 2.27157267e+05
4.40000000e-01 4.50000000e-01 1.08000000e+00 2.20135338e+05
4.40000000e-01 4.50000000e-01 1.09000000e+00 1.90913523e+05
4.40000000e-01 4.50000000e-01 1.10000000e+00 1.82917821e+05
4.40000000e-01 4.50000000e-01 1.11000000e+00 1.81307013e+05
4.40000000e-01 4.50000000e-01 1.12000000e+00 1.72434626e+05
4.40000000e-01 4.50000000e-01 1.13000000e+00 1.69007250e+05
4.40000000e-01 4.50000000e-01 1.14000000e+00 1.63078093e+05
4.40000000e-01 4.50000000e-01 1.15000000e+00 1.63264731e+05
4.40000000e-01 4.50000000e-01 1.16000000e+00 1.59632848e+05
4.40000000e-01 4.50000000e-01 1.17000000e+00 1.57910405e+05
4.40000000e-01 4.50000000e-01 1.18000000e+00 1.57634620e+05
4.40000000e-01 4.50000000e-01 1.19000000e+00 1.60226505e+05
4.40000000e-01 4.50000000e-01 1.20000000e+00 1.67421642e+05
4.40000000e-01 4.50000000e-01 1.21000000e+00 1.63729650e+05
4.40000000e-01 4.50000000e-01 1.22000000e+00 1.68380962e+05
4.40000000e-01 4.50000000e-01 1.23000000e+00 1.65171419e+05
4.40000000e-01 4.50000000e-01 1.24000000e+00 1.58993385e+05
4.40000000e-01 4.50000000e-01 1.25000000e+00 1.56440317e+05
4.40000000e-01 4.50000000e-01 1.26000000e+00 1.58946422e+05
4.40000000e-01 4.50000000e-01 1.27000000e+00 1.59165140e+05
4.40000000e-01 4.50000000e-01 1.28000000e+00 1.60559910e+05
4.40000000e-01 4.50000000e-01 1.29000000e+00 1.59860857e+05
4.40000000e-01 4.50000000e-01 1.30000000e+00 1.57678171e+05
4.40000000e-01 4.50000000e-01 1.31000000e+00 1.57220956e+05
4.40000000e-01 4.50000000e-01 1.32000000e+00 1.64349179e+05
4.40000000e-01 4.50000000e-01 1.33000000e+00 2.12558690e+05
4.40000000e-01 4.50000000e-01 1.34000000e+00 2.25869073e+05
4.40000000e-01 4.50000000e-01 1.35000000e+00 1.21324277e+06
4.40000000e-01 4.50000000e-01 1.36000000e+00 1.85123784e+05
4.40000000e-01 4.50000000e-01 1.37000000e+00 1.55810983e+05
4.40000000e-01 4.50000000e-01 1.38000000e+00 1.43905209e+05
4.40000000e-01 4.50000000e-01 1.39000000e+00 1.35764742e+05
4.40000000e-01 4.50000000e-01 1.40000000e+00 1.32412809e+05
4.40000000e-01 4.50000000e-01 1.41000000e+00 1.33449549e+05
4.40000000e-01 4.50000000e-01 1.42000000e+00 1.29543111e+05
4.40000000e-01 4.50000000e-01 1.43000000e+00 1.25868569e+05
4.40000000e-01 4.50000000e-01 1.44000000e+00 1.26837059e+05
4.40000000e-01 4.50000000e-01 1.45000000e+00 1.32784842e+05
4.40000000e-01 4.50000000e-01 1.46000000e+00 1.54796971e+05
4.40000000e-01 4.50000000e-01 1.47000000e+00 6.24132550e+05
4.40000000e-01 4.50000000e-01 1.48000000e+00 1.51304324e+05
4.40000000e-01 4.50000000e-01 1.49000000e+00 1.28033892e+05
4.40000000e-01 4.50000000e-01 1.50000000e+00 1.17058176e+05
4.40000000e-01 4.50000000e-01 1.51000000e+00 1.12194389e+05
4.40000000e-01 4.50000000e-01 1.52000000e+00 1.10598703e+05
4.40000000e-01 4.50000000e-01 1.53000000e+00 1.10014466e+05
4.40000000e-01 4.50000000e-01 1.54000000e+00 1.10882776e+05
4.40000000e-01 4.50000000e-01 1.55000000e+00 1.08863050e+05
4.40000000e-01 4.50000000e-01 1.56000000e+00 1.11192281e+05
4.40000000e-01 4.50000000e-01 1.57000000e+00 1.20300895e+05
4.40000000e-01 4.50000000e-01 1.58000000e+00 1.33549909e+05
4.40000000e-01 4.50000000e-01 1.59000000e+00 1.19803217e+05
4.40000000e-01 4.50000000e-01 1.60000000e+00 1.36986231e+05
4.40000000e-01 4.50000000e-01 1.61000000e+00 1.02744628e+05
4.40000000e-01 4.50000000e-01 1.62000000e+00 9.95221797e+04
4.40000000e-01 4.50000000e-01 1.63000000e+00 9.64927934e+04
4.40000000e-01 4.50000000e-01 1.64000000e+00 9.52117258e+04
4.40000000e-01 4.50000000e-01 1.65000000e+00 9.43153301e+04
4.40000000e-01 4.50000000e-01 1.66000000e+00 9.73293451e+04
4.40000000e-01 4.50000000e-01 1.67000000e+00 9.10507836e+04
4.40000000e-01 4.50000000e-01 1.68000000e+00 8.97137303e+04
4.40000000e-01 4.50000000e-01 1.69000000e+00 8.94158640e+04
4.40000000e-01 4.50000000e-01 1.70000000e+00 8.83878872e+04
4.40000000e-01 4.50000000e-01 1.71000000e+00 8.78738048e+04
4.40000000e-01 4.50000000e-01 1.72000000e+00 9.07085514e+04
4.40000000e-01 4.50000000e-01 1.73000000e+00 9.21668458e+04
4.40000000e-01 4.50000000e-01 1.74000000e+00 8.67468825e+04
4.40000000e-01 4.50000000e-01 1.75000000e+00 8.74757384e+04
4.40000000e-01 4.50000000e-01 1.76000000e+00 8.35249443e+04
4.40000000e-01 4.50000000e-01 1.77000000e+00 8.14942511e+04
4.40000000e-01 4.50000000e-01 1.78000000e+00 8.00008358e+04
4.40000000e-01 4.50000000e-01 1.79000000e+00 8.05963911e+04
4.40000000e-01 4.50000000e-01 1.80000000e+00 8.23492817e+04
4.40000000e-01 4.50000000e-01 1.81000000e+00 8.34332789e+04
4.40000000e-01 4.50000000e-01 1.82000000e+00 8.75420828e+04
4.40000000e-01 4.50000000e-01 1.83000000e+00 9.89151568e+04
4.40000000e-01 4.50000000e-01 1.84000000e+00 2.00542858e+05
4.40000000e-01 4.50000000e-01 1.85000000e+00 1.92341280e+05
4.40000000e-01 4.50000000e-01 1.86000000e+00 1.42882414e+06
4.40000000e-01 4.50000000e-01 1.87000000e+00 1.49135938e+05
4.40000000e-01 4.50000000e-01 1.88000000e+00 1.02115658e+05
4.40000000e-01 4.50000000e-01 1.89000000e+00 8.40613197e+04
4.40000000e-01 4.50000000e-01 1.90000000e+00 7.51338673e+04
4.40000000e-01 4.50000000e-01 1.91000000e+00 6.98584837e+04
4.40000000e-01 4.50000000e-01 1.92000000e+00 6.63348623e+04
4.40000000e-01 4.50000000e-01 1.93000000e+00 6.36312689e+04
4.40000000e-01 4.50000000e-01 1.94000000e+00 6.15795286e+04
4.40000000e-01 4.50000000e-01 1.95000000e+00 5.99882182e+04
4.40000000e-01 4.50000000e-01 1.96000000e+00 5.87916852e+04
4.40000000e-01 4.50000000e-01 1.97000000e+00 5.80452764e+04
4.40000000e-01 4.50000000e-01 1.98000000e+00 5.92002256e+04
4.40000000e-01 4.50000000e-01 1.99000000e+00 6.35184528e+04
4.40000000e-01 4.50000000e-01 2.00000000e+00 3.68104585e+05
4.50000000e-01 4.60000000e-01 1.00000000e-02 2.25922494e+04
4.50000000e-01 4.60000000e-01 2.00000000e-02 4.33757268e+04
4.50000000e-01 4.60000000e-01 3.00000000e-02 6.50074937e+04
4.50000000e-01 4.60000000e-01 4.00000000e-02 8.21778175e+04
4.50000000e-01 4.60000000e-01 5.00000000e-02 9.75883074e+04
4.50000000e-01 4.60000000e-01 6.00000000e-02 1.11314997e+05
4.50000000e-01 4.60000000e-01 7.00000000e-02 1.23490693e+05
4.50000000e-01 4.60000000e-01 8.00000000e-02 1.34265504e+05
4.50000000e-01 4.60000000e-01 9.00000000e-02 1.43853538e+05
4.50000000e-01 4.60000000e-01 1.00000000e-01 1.52313649e+05
4.50000000e-01 4.60000000e-01 1.10000000e-01 1.59705067e+05
4.50000000e-01 4.60000000e-01 1.20000000e-01 1.66740624e+05
4.50000000e-01 4.60000000e-01 1.30000000e-01 1.72085683e+05
4.50000000e-01 4.60000000e-01 1.40000000e-01 1.76933413e+05
4.50000000e-01 4.60000000e-01 1.50000000e-01 1.81244261e+05
4.50000000e-01 4.60000000e-01 1.60000000e-01 1.84988267e+05
4.50000000e-01 4.60000000e-01 1.70000000e-01 1.88989814e+05
4.50000000e-01 4.60000000e-01 1.80000000e-01 1.91570343e+05
4.50000000e-01 4.60000000e-01 1.90000000e-01 1.94377276e+05
4.50000000e-01 4.60000000e-01 2.00000000e-01 1.95636394e+05
4.50000000e-01 4.60000000e-01 2.10000000e-01 1.96844632e+05
4.50000000e-01 4.60000000e-01 2.20000000e-01 1.97897986e+05
4.50000000e-01 4.60000000e-01 2.30000000e-01 1.98984884e+05
4.50000000e-01 4.60000000e-01 2.40000000e-01 1.99562278e+05
4.50000000e-01 4.60000000e-01 2.50000000e-01 1.99799206e+05
4.50000000e-01 4.60000000e-01 2.60000000e-01 2.00858800e+05
4.50000000e-01 4.60000000e-01 2.70000000e-01 2.01112809e+05
4.50000000e-01 4.60000000e-01 2.80000000e-01 2.03734317e+05
4.50000000e-01 4.60000000e-01 2.90000000e-01 2.00136819e+05
4.50000000e-01 4.60000000e-01 3.00000000e-01 1.99411750e+05
4.50000000e-01 4.60000000e-01 3.10000000e-01 1.98398559e+05
4.50000000e-01 4.60000000e-01 3.20000000e-01 1.97186408e+05
4.50000000e-01 4.60000000e-01 3.30000000e-01 1.96162160e+05
4.50000000e-01 4.60000000e-01 3.40000000e-01 1.94437308e+05
4.50000000e-01 4.60000000e-01 3.50000000e-01 1.92972631e+05
4.50000000e-01 4.60000000e-01 3.60000000e-01 1.95054503e+05
4.50000000e-01 4.60000000e-01 3.70000000e-01 1.99271048e+05
4.50000000e-01 4.60000000e-01 3.80000000e-01 1.98720157e+05
4.50000000e-01 4.60000000e-01 3.90000000e-01 1.90454930e+05
4.50000000e-01 4.60000000e-01 4.00000000e-01 1.88377410e+05
4.50000000e-01 4.60000000e-01 4.10000000e-01 1.86581944e+05
4.50000000e-01 4.60000000e-01 4.20000000e-01 1.85248853e+05
4.50000000e-01 4.60000000e-01 4.30000000e-01 1.84678221e+05
4.50000000e-01 4.60000000e-01 4.40000000e-01 1.81528590e+05
4.50000000e-01 4.60000000e-01 4.50000000e-01 1.79439450e+05
4.50000000e-01 4.60000000e-01 4.60000000e-01 1.77716223e+05
4.50000000e-01 4.60000000e-01 4.70000000e-01 1.76028636e+05
4.50000000e-01 4.60000000e-01 4.80000000e-01 1.74302463e+05
4.50000000e-01 4.60000000e-01 4.90000000e-01 1.75588614e+05
4.50000000e-01 4.60000000e-01 5.00000000e-01 2.44382104e+05
4.50000000e-01 4.60000000e-01 5.10000000e-01 1.72307676e+05
4.50000000e-01 4.60000000e-01 5.20000000e-01 1.67341832e+05
4.50000000e-01 4.60000000e-01 5.30000000e-01 1.64580714e+05
4.50000000e-01 4.60000000e-01 5.40000000e-01 1.63406173e+05
4.50000000e-01 4.60000000e-01 5.50000000e-01 1.63633709e+05
4.50000000e-01 4.60000000e-01 5.60000000e-01 1.68760351e+05
4.50000000e-01 4.60000000e-01 5.70000000e-01 1.90445633e+05
4.50000000e-01 4.60000000e-01 5.80000000e-01 1.69703254e+05
4.50000000e-01 4.60000000e-01 5.90000000e-01 1.59465507e+05
4.50000000e-01 4.60000000e-01 6.00000000e-01 1.55840538e+05
4.50000000e-01 4.60000000e-01 6.10000000e-01 1.53373307e+05
4.50000000e-01 4.60000000e-01 6.20000000e-01 1.52434237e+05
4.50000000e-01 4.60000000e-01 6.30000000e-01 1.54432891e+05
4.50000000e-01 4.60000000e-01 6.40000000e-01 2.19137436e+05
4.50000000e-01 4.60000000e-01 6.50000000e-01 3.01016135e+05
4.50000000e-01 4.60000000e-01 6.60000000e-01 2.49978582e+05
4.50000000e-01 4.60000000e-01 6.70000000e-01 1.77299241e+05
4.50000000e-01 4.60000000e-01 6.80000000e-01 1.51680505e+05
4.50000000e-01 4.60000000e-01 6.90000000e-01 1.49914919e+05
4.50000000e-01 4.60000000e-01 7.00000000e-01 1.49477276e+05
4.50000000e-01 4.60000000e-01 7.10000000e-01 1.49850229e+05
4.50000000e-01 4.60000000e-01 7.20000000e-01 1.50950415e+05
4.50000000e-01 4.60000000e-01 7.30000000e-01 1.52597465e+05
4.50000000e-01 4.60000000e-01 7.40000000e-01 1.56610311e+05
4.50000000e-01 4.60000000e-01 7.50000000e-01 1.58651352e+05
4.50000000e-01 4.60000000e-01 7.60000000e-01 1.62222425e+05
4.50000000e-01 4.60000000e-01 7.70000000e-01 1.69206977e+05
4.50000000e-01 4.60000000e-01 7.80000000e-01 1.71017987e+05
4.50000000e-01 4.60000000e-01 7.90000000e-01 1.65483265e+05
4.50000000e-01 4.60000000e-01 8.00000000e-01 1.63932456e+05
4.50000000e-01 4.60000000e-01 8.10000000e-01 1.63578669e+05
4.50000000e-01 4.60000000e-01 8.20000000e-01 1.64691556e+05
4.50000000e-01 4.60000000e-01 8.30000000e-01 1.63989849e+05
4.50000000e-01 4.60000000e-01 8.40000000e-01 1.63448742e+05
4.50000000e-01 4.60000000e-01 8.50000000e-01 1.67088592e+05
4.50000000e-01 4.60000000e-01 8.60000000e-01 1.69106694e+05
4.50000000e-01 4.60000000e-01 8.70000000e-01 1.77841245e+05
4.50000000e-01 4.60000000e-01 8.80000000e-01 1.78239469e+05
4.50000000e-01 4.60000000e-01 8.90000000e-01 1.84780263e+05
4.50000000e-01 4.60000000e-01 9.00000000e-01 2.07227082e+05
4.50000000e-01 4.60000000e-01 9.10000000e-01 2.68605917e+05
4.50000000e-01 4.60000000e-01 9.20000000e-01 5.32431784e+05
4.50000000e-01 4.60000000e-01 9.30000000e-01 2.45348439e+05
4.50000000e-01 4.60000000e-01 9.40000000e-01 2.46614912e+05
4.50000000e-01 4.60000000e-01 9.50000000e-01 2.92907026e+05
4.50000000e-01 4.60000000e-01 9.60000000e-01 2.90101707e+05
4.50000000e-01 4.60000000e-01 9.70000000e-01 2.74672622e+05
4.50000000e-01 4.60000000e-01 9.80000000e-01 2.94977794e+05
4.50000000e-01 4.60000000e-01 9.90000000e-01 3.13620578e+05
4.50000000e-01 4.60000000e-01 1.00000000e+00 3.22534836e+05
4.50000000e-01 4.60000000e-01 1.01000000e+00 3.27839140e+05
4.50000000e-01 4.60000000e-01 1.02000000e+00 1.51959618e+06
4.50000000e-01 4.60000000e-01 1.03000000e+00 3.23253195e+05
4.50000000e-01 4.60000000e-01 1.04000000e+00 2.65668732e+05
4.50000000e-01 4.60000000e-01 1.05000000e+00 2.42186589e+05
4.50000000e-01 4.60000000e-01 1.06000000e+00 1.95836076e+05
4.50000000e-01 4.60000000e-01 1.07000000e+00 1.89584147e+05
4.50000000e-01 4.60000000e-01 1.08000000e+00 1.83092804e+05
4.50000000e-01 4.60000000e-01 1.09000000e+00 1.59097861e+05
4.50000000e-01 4.60000000e-01 1.10000000e+00 1.52121547e+05
4.50000000e-01 4.60000000e-01 1.11000000e+00 1.50970071e+05
4.50000000e-01 4.60000000e-01 1.12000000e+00 1.43295696e+05
4.50000000e-01 4.60000000e-01 1.13000000e+00 1.41086080e+05
4.50000000e-01 4.60000000e-01 1.14000000e+00 1.36143481e+05
4.50000000e-01 4.60000000e-01 1.15000000e+00 1.36249511e+05
4.50000000e-01 4.60000000e-01 1.16000000e+00 1.33095076e+05
4.50000000e-01 4.60000000e-01 1.17000000e+00 1.31604767e+05
4.50000000e-01 4.60000000e-01 1.18000000e+00 1.31232195e+05
4.50000000e-01 4.60000000e-01 1.19000000e+00 1.33921849e+05
4.50000000e-01 4.60000000e-01 1.20000000e+00 1.40985757e+05
4.50000000e-01 4.60000000e-01 1.21000000e+00 1.37447605e+05
4.50000000e-01 4.60000000e-01 1.22000000e+00 1.41972753e+05
4.50000000e-01 4.60000000e-01 1.23000000e+00 1.38999908e+05
4.50000000e-01 4.60000000e-01 1.24000000e+00 1.33045098e+05
4.50000000e-01 4.60000000e-01 1.25000000e+00 1.30602731e+05
4.50000000e-01 4.60000000e-01 1.26000000e+00 1.33135238e+05
4.50000000e-01 4.60000000e-01 1.27000000e+00 1.33453651e+05
4.50000000e-01 4.60000000e-01 1.28000000e+00 1.34878667e+05
4.50000000e-01 4.60000000e-01 1.29000000e+00 1.34155765e+05
4.50000000e-01 4.60000000e-01 1.30000000e+00 1.31972645e+05
4.50000000e-01 4.60000000e-01 1.31000000e+00 1.31254614e+05
4.50000000e-01 4.60000000e-01 1.32000000e+00 1.37088539e+05
4.50000000e-01 4.60000000e-01 1.33000000e+00 1.79360195e+05
4.50000000e-01 4.60000000e-01 1.34000000e+00 1.89763618e+05
4.50000000e-01 4.60000000e-01 1.35000000e+00 1.13491444e+06
4.50000000e-01 4.60000000e-01 1.36000000e+00 1.55047347e+05
4.50000000e-01 4.60000000e-01 1.37000000e+00 1.30020703e+05
4.50000000e-01 4.60000000e-01 1.38000000e+00 1.19735773e+05
4.50000000e-01 4.60000000e-01 1.39000000e+00 1.12743998e+05
4.50000000e-01 4.60000000e-01 1.40000000e+00 1.09902635e+05
4.50000000e-01 4.60000000e-01 1.41000000e+00 1.10588838e+05
4.50000000e-01 4.60000000e-01 1.42000000e+00 1.07404741e+05
4.50000000e-01 4.60000000e-01 1.43000000e+00 1.04194009e+05
4.50000000e-01 4.60000000e-01 1.44000000e+00 1.04879456e+05
4.50000000e-01 4.60000000e-01 1.45000000e+00 1.09309476e+05
4.50000000e-01 4.60000000e-01 1.46000000e+00 1.28380489e+05
4.50000000e-01 4.60000000e-01 1.47000000e+00 5.12422710e+05
4.50000000e-01 4.60000000e-01 1.48000000e+00 1.25230704e+05
4.50000000e-01 4.60000000e-01 1.49000000e+00 1.05425882e+05
4.50000000e-01 4.60000000e-01 1.50000000e+00 9.65814861e+04
4.50000000e-01 4.60000000e-01 1.51000000e+00 9.25269677e+04
4.50000000e-01 4.60000000e-01 1.52000000e+00 9.12039831e+04
4.50000000e-01 4.60000000e-01 1.53000000e+00 9.07733801e+04
4.50000000e-01 4.60000000e-01 1.54000000e+00 9.15409518e+04
4.50000000e-01 4.60000000e-01 1.55000000e+00 8.97870072e+04
4.50000000e-01 4.60000000e-01 1.56000000e+00 9.19532664e+04
4.50000000e-01 4.60000000e-01 1.57000000e+00 1.00363317e+05
4.50000000e-01 4.60000000e-01 1.58000000e+00 1.12658972e+05
4.50000000e-01 4.60000000e-01 1.59000000e+00 9.90135788e+04
4.50000000e-01 4.60000000e-01 1.60000000e+00 1.13237192e+05
4.50000000e-01 4.60000000e-01 1.61000000e+00 8.45320440e+04
4.50000000e-01 4.60000000e-01 1.62000000e+00 8.17373973e+04
4.50000000e-01 4.60000000e-01 1.63000000e+00 7.92714714e+04
4.50000000e-01 4.60000000e-01 1.64000000e+00 7.82610562e+04
4.50000000e-01 4.60000000e-01 1.65000000e+00 7.75485471e+04
4.50000000e-01 4.60000000e-01 1.66000000e+00 8.04292142e+04
4.50000000e-01 4.60000000e-01 1.67000000e+00 7.48149568e+04
4.50000000e-01 4.60000000e-01 1.68000000e+00 7.36394810e+04
4.50000000e-01 4.60000000e-01 1.69000000e+00 7.33430159e+04
4.50000000e-01 4.60000000e-01 1.70000000e+00 7.25001829e+04
4.50000000e-01 4.60000000e-01 1.71000000e+00 7.18985688e+04
4.50000000e-01 4.60000000e-01 1.72000000e+00 7.42117276e+04
4.50000000e-01 4.60000000e-01 1.73000000e+00 7.55552238e+04
4.50000000e-01 4.60000000e-01 1.74000000e+00 7.09985957e+04
4.50000000e-01 4.60000000e-01 1.75000000e+00 7.16909443e+04
4.50000000e-01 4.60000000e-01 1.76000000e+00 6.81022493e+04
4.50000000e-01 4.60000000e-01 1.77000000e+00 6.63212894e+04
4.50000000e-01 4.60000000e-01 1.78000000e+00 6.50504607e+04
4.50000000e-01 4.60000000e-01 1.79000000e+00 6.54583306e+04
4.50000000e-01 4.60000000e-01 1.80000000e+00 6.68647253e+04
4.50000000e-01 4.60000000e-01 1.81000000e+00 6.76583422e+04
4.50000000e-01 4.60000000e-01 1.82000000e+00 7.09141320e+04
4.50000000e-01 4.60000000e-01 1.83000000e+00 7.98174336e+04
4.50000000e-01 4.60000000e-01 1.84000000e+00 1.66285577e+05
4.50000000e-01 4.60000000e-01 1.85000000e+00 1.56456838e+05
4.50000000e-01 4.60000000e-01 1.86000000e+00 1.24934205e+06
4.50000000e-01 4.60000000e-01 1.87000000e+00 1.22725304e+05
4.50000000e-01 4.60000000e-01 1.88000000e+00 8.33005234e+04
4.50000000e-01 4.60000000e-01 1.89000000e+00 6.81778413e+04
4.50000000e-01 4.60000000e-01 1.90000000e+00 6.07723777e+04
4.50000000e-01 4.60000000e-01 1.91000000e+00 5.64190807e+04
4.50000000e-01 4.60000000e-01 1.92000000e+00 5.35275275e+04
4.50000000e-01 4.60000000e-01 1.93000000e+00 5.13117812e+04
4.50000000e-01 4.60000000e-01 1.94000000e+00 4.96212558e+04
4.50000000e-01 4.60000000e-01 1.95000000e+00 4.83016386e+04
4.50000000e-01 4.60000000e-01 1.96000000e+00 4.72807816e+04
4.50000000e-01 4.60000000e-01 1.97000000e+00 4.65815589e+04
4.50000000e-01 4.60000000e-01 1.98000000e+00 4.72871012e+04
4.50000000e-01 4.60000000e-01 1.99000000e+00 5.04303222e+04
4.50000000e-01 4.60000000e-01 2.00000000e+00 2.88326031e+05
4.60000000e-01 4.70000000e-01 1.00000000e-02 1.93440523e+04
4.60000000e-01 4.70000000e-01 2.00000000e-02 3.70702612e+04
4.60000000e-01 4.70000000e-01 3.00000000e-02 5.53999125e+04
4.60000000e-01 4.70000000e-01 4.00000000e-02 6.98775415e+04
4.60000000e-01 4.70000000e-01 5.00000000e-02 8.27928473e+04
4.60000000e-01 4.70000000e-01 6.00000000e-02 9.42653132e+04
4.60000000e-01 4.70000000e-01 7.00000000e-02 1.04401307e+05
4.60000000e-01 4.70000000e-01 8.00000000e-02 1.13329933e+05
4.60000000e-01 4.70000000e-01 9.00000000e-02 1.21245028e+05
4.60000000e-01 4.70000000e-01 1.00000000e-01 1.28199602e+05
4.60000000e-01 4.70000000e-01 1.10000000e-01 1.34237702e+05
4.60000000e-01 4.70000000e-01 1.20000000e-01 1.40085260e+05
4.60000000e-01 4.70000000e-01 1.30000000e-01 1.44312656e+05
4.60000000e-01 4.70000000e-01 1.40000000e-01 1.48188157e+05
4.60000000e-01 4.70000000e-01 1.50000000e-01 1.51634999e+05
4.60000000e-01 4.70000000e-01 1.60000000e-01 1.54616652e+05
4.60000000e-01 4.70000000e-01 1.70000000e-01 1.57832461e+05
4.60000000e-01 4.70000000e-01 1.80000000e-01 1.59824745e+05
4.60000000e-01 4.70000000e-01 1.90000000e-01 1.62119031e+05
4.60000000e-01 4.70000000e-01 2.00000000e-01 1.62933362e+05
4.60000000e-01 4.70000000e-01 2.10000000e-01 1.63769805e+05
4.60000000e-01 4.70000000e-01 2.20000000e-01 1.64501707e+05
4.60000000e-01 4.70000000e-01 2.30000000e-01 1.65304635e+05
4.60000000e-01 4.70000000e-01 2.40000000e-01 1.65655822e+05
4.60000000e-01 4.70000000e-01 2.50000000e-01 1.65726268e+05
4.60000000e-01 4.70000000e-01 2.60000000e-01 1.66588285e+05
4.60000000e-01 4.70000000e-01 2.70000000e-01 1.66672857e+05
4.60000000e-01 4.70000000e-01 2.80000000e-01 1.69281512e+05
4.60000000e-01 4.70000000e-01 2.90000000e-01 1.65585710e+05
4.60000000e-01 4.70000000e-01 3.00000000e-01 1.64903211e+05
4.60000000e-01 4.70000000e-01 3.10000000e-01 1.63883788e+05
4.60000000e-01 4.70000000e-01 3.20000000e-01 1.62690962e+05
4.60000000e-01 4.70000000e-01 3.30000000e-01 1.61738269e+05
4.60000000e-01 4.70000000e-01 3.40000000e-01 1.60205537e+05
4.60000000e-01 4.70000000e-01 3.50000000e-01 1.58889637e+05
4.60000000e-01 4.70000000e-01 3.60000000e-01 1.61055596e+05
4.60000000e-01 4.70000000e-01 3.70000000e-01 1.64765114e+05
4.60000000e-01 4.70000000e-01 3.80000000e-01 1.64604544e+05
4.60000000e-01 4.70000000e-01 3.90000000e-01 1.56514721e+05
4.60000000e-01 4.70000000e-01 4.00000000e-01 1.54725134e+05
4.60000000e-01 4.70000000e-01 4.10000000e-01 1.53190345e+05
4.60000000e-01 4.70000000e-01 4.20000000e-01 1.52080941e+05
4.60000000e-01 4.70000000e-01 4.30000000e-01 1.51824007e+05
4.60000000e-01 4.70000000e-01 4.40000000e-01 1.48971232e+05
4.60000000e-01 4.70000000e-01 4.50000000e-01 1.47155040e+05
4.60000000e-01 4.70000000e-01 4.60000000e-01 1.45697392e+05
4.60000000e-01 4.70000000e-01 4.70000000e-01 1.44284645e+05
4.60000000e-01 4.70000000e-01 4.80000000e-01 1.42795667e+05
4.60000000e-01 4.70000000e-01 4.90000000e-01 1.44092748e+05
4.60000000e-01 4.70000000e-01 5.00000000e-01 2.13666551e+05
4.60000000e-01 4.70000000e-01 5.10000000e-01 1.41319119e+05
4.60000000e-01 4.70000000e-01 5.20000000e-01 1.36827195e+05
4.60000000e-01 4.70000000e-01 5.30000000e-01 1.34402270e+05
4.60000000e-01 4.70000000e-01 5.40000000e-01 1.33439149e+05
4.60000000e-01 4.70000000e-01 5.50000000e-01 1.33688895e+05
4.60000000e-01 4.70000000e-01 5.60000000e-01 1.38542988e+05
4.60000000e-01 4.70000000e-01 5.70000000e-01 1.58395848e+05
4.60000000e-01 4.70000000e-01 5.80000000e-01 1.39482067e+05
4.60000000e-01 4.70000000e-01 5.90000000e-01 1.30566490e+05
4.60000000e-01 4.70000000e-01 6.00000000e-01 1.27597893e+05
4.60000000e-01 4.70000000e-01 6.10000000e-01 1.25570163e+05
4.60000000e-01 4.70000000e-01 6.20000000e-01 1.24919944e+05
4.60000000e-01 4.70000000e-01 6.30000000e-01 1.26752995e+05
4.60000000e-01 4.70000000e-01 6.40000000e-01 1.84016570e+05
4.60000000e-01 4.70000000e-01 6.50000000e-01 2.63476509e+05
4.60000000e-01 4.70000000e-01 6.60000000e-01 2.16906006e+05
4.60000000e-01 4.70000000e-01 6.70000000e-01 1.45869239e+05
4.60000000e-01 4.70000000e-01 6.80000000e-01 1.24344548e+05
4.60000000e-01 4.70000000e-01 6.90000000e-01 1.22670857e+05
4.60000000e-01 4.70000000e-01 7.00000000e-01 1.22205971e+05
4.60000000e-01 4.70000000e-01 7.10000000e-01 1.22467263e+05
4.60000000e-01 4.70000000e-01 7.20000000e-01 1.23419271e+05
4.60000000e-01 4.70000000e-01 7.30000000e-01 1.24918771e+05
4.60000000e-01 4.70000000e-01 7.40000000e-01 1.27924794e+05
4.60000000e-01 4.70000000e-01 7.50000000e-01 1.29886683e+05
4.60000000e-01 4.70000000e-01 7.60000000e-01 1.33601454e+05
4.60000000e-01 4.70000000e-01 7.70000000e-01 1.41071716e+05
4.60000000e-01 4.70000000e-01 7.80000000e-01 1.43093522e+05
4.60000000e-01 4.70000000e-01 7.90000000e-01 1.37413135e+05
4.60000000e-01 4.70000000e-01 8.00000000e-01 1.36121412e+05
4.60000000e-01 4.70000000e-01 8.10000000e-01 1.36095839e+05
4.60000000e-01 4.70000000e-01 8.20000000e-01 1.37483651e+05
4.60000000e-01 4.70000000e-01 8.30000000e-01 1.37014552e+05
4.60000000e-01 4.70000000e-01 8.40000000e-01 1.36586653e+05
4.60000000e-01 4.70000000e-01 8.50000000e-01 1.40404849e+05
4.60000000e-01 4.70000000e-01 8.60000000e-01 1.42455273e+05
4.60000000e-01 4.70000000e-01 8.70000000e-01 1.51138322e+05
4.60000000e-01 4.70000000e-01 8.80000000e-01 1.51182625e+05
4.60000000e-01 4.70000000e-01 8.90000000e-01 1.56913664e+05
4.60000000e-01 4.70000000e-01 9.00000000e-01 1.77592962e+05
4.60000000e-01 4.70000000e-01 9.10000000e-01 2.36162634e+05
4.60000000e-01 4.70000000e-01 9.20000000e-01 4.88597816e+05
4.60000000e-01 4.70000000e-01 9.30000000e-01 2.11620212e+05
4.60000000e-01 4.70000000e-01 9.40000000e-01 2.12695440e+05
4.60000000e-01 4.70000000e-01 9.50000000e-01 2.56164400e+05
4.60000000e-01 4.70000000e-01 9.60000000e-01 2.51864267e+05
4.60000000e-01 4.70000000e-01 9.70000000e-01 2.36244965e+05
4.60000000e-01 4.70000000e-01 9.80000000e-01 2.53551079e+05
4.60000000e-01 4.70000000e-01 9.90000000e-01 2.69443690e+05
4.60000000e-01 4.70000000e-01 1.00000000e+00 2.75752800e+05
4.60000000e-01 4.70000000e-01 1.01000000e+00 2.78708744e+05
4.60000000e-01 4.70000000e-01 1.02000000e+00 1.33949738e+06
4.60000000e-01 4.70000000e-01 1.03000000e+00 2.72997370e+05
4.60000000e-01 4.70000000e-01 1.04000000e+00 2.21894848e+05
4.60000000e-01 4.70000000e-01 1.05000000e+00 2.03212493e+05
4.60000000e-01 4.70000000e-01 1.06000000e+00 1.61832626e+05
4.60000000e-01 4.70000000e-01 1.07000000e+00 1.58374454e+05
4.60000000e-01 4.70000000e-01 1.08000000e+00 1.52462762e+05
4.60000000e-01 4.70000000e-01 1.09000000e+00 1.32700383e+05
4.60000000e-01 4.70000000e-01 1.10000000e+00 1.26669044e+05
4.60000000e-01 4.70000000e-01 1.11000000e+00 1.25794989e+05
4.60000000e-01 4.70000000e-01 1.12000000e+00 1.19071976e+05
4.60000000e-01 4.70000000e-01 1.13000000e+00 1.17742175e+05
4.60000000e-01 4.70000000e-01 1.14000000e+00 1.13662894e+05
4.60000000e-01 4.70000000e-01 1.15000000e+00 1.13824981e+05
4.60000000e-01 4.70000000e-01 1.16000000e+00 1.10949535e+05
4.60000000e-01 4.70000000e-01 1.17000000e+00 1.09696657e+05
4.60000000e-01 4.70000000e-01 1.18000000e+00 1.09198173e+05
4.60000000e-01 4.70000000e-01 1.19000000e+00 1.11988364e+05
4.60000000e-01 4.70000000e-01 1.20000000e+00 1.19017815e+05
4.60000000e-01 4.70000000e-01 1.21000000e+00 1.15517182e+05
4.60000000e-01 4.70000000e-01 1.22000000e+00 1.19895967e+05
4.60000000e-01 4.70000000e-01 1.23000000e+00 1.17031715e+05
4.60000000e-01 4.70000000e-01 1.24000000e+00 1.11213785e+05
4.60000000e-01 4.70000000e-01 1.25000000e+00 1.08844283e+05
4.60000000e-01 4.70000000e-01 1.26000000e+00 1.11437526e+05
4.60000000e-01 4.70000000e-01 1.27000000e+00 1.11782493e+05
4.60000000e-01 4.70000000e-01 1.28000000e+00 1.13218753e+05
4.60000000e-01 4.70000000e-01 1.29000000e+00 1.12484255e+05
4.60000000e-01 4.70000000e-01 1.30000000e+00 1.10356449e+05
4.60000000e-01 4.70000000e-01 1.31000000e+00 1.09458695e+05
4.60000000e-01 4.70000000e-01 1.32000000e+00 1.14207482e+05
4.60000000e-01 4.70000000e-01 1.33000000e+00 1.50685033e+05
4.60000000e-01 4.70000000e-01 1.34000000e+00 1.58678182e+05
4.60000000e-01 4.70000000e-01 1.35000000e+00 1.05730689e+06
4.60000000e-01 4.70000000e-01 1.36000000e+00 1.29794175e+05
4.60000000e-01 4.70000000e-01 1.37000000e+00 1.08391753e+05
4.60000000e-01 4.70000000e-01 1.38000000e+00 9.95465750e+04
4.60000000e-01 4.70000000e-01 1.39000000e+00 9.35387252e+04
4.60000000e-01 4.70000000e-01 1.40000000e+00 9.12188387e+04
4.60000000e-01 4.70000000e-01 1.41000000e+00 9.17034636e+04
4.60000000e-01 4.70000000e-01 1.42000000e+00 8.91408591e+04
4.60000000e-01 4.70000000e-01 1.43000000e+00 8.62106879e+04
4.60000000e-01 4.70000000e-01 1.44000000e+00 8.66949115e+04
4.60000000e-01 4.70000000e-01 1.45000000e+00 8.97751207e+04
4.60000000e-01 4.70000000e-01 1.46000000e+00 1.05744704e+05
4.60000000e-01 4.70000000e-01 1.47000000e+00 4.14331493e+05
4.60000000e-01 4.70000000e-01 1.48000000e+00 1.03021176e+05
4.60000000e-01 4.70000000e-01 1.49000000e+00 8.67722818e+04
4.60000000e-01 4.70000000e-01 1.50000000e+00 7.96193127e+04
4.60000000e-01 4.70000000e-01 1.51000000e+00 7.62315028e+04
4.60000000e-01 4.70000000e-01 1.52000000e+00 7.51263619e+04
4.60000000e-01 4.70000000e-01 1.53000000e+00 7.48146954e+04
4.60000000e-01 4.70000000e-01 1.54000000e+00 7.54765726e+04
4.60000000e-01 4.70000000e-01 1.55000000e+00 7.38993668e+04
4.60000000e-01 4.70000000e-01 1.56000000e+00 7.58833689e+04
4.60000000e-01 4.70000000e-01 1.57000000e+00 8.36331689e+04
4.60000000e-01 4.70000000e-01 1.58000000e+00 9.50416571e+04
4.60000000e-01 4.70000000e-01 1.59000000e+00 8.15906062e+04
4.60000000e-01 4.70000000e-01 1.60000000e+00 9.32800922e+04
4.60000000e-01 4.70000000e-01 1.61000000e+00 6.93774293e+04
4.60000000e-01 4.70000000e-01 1.62000000e+00 6.69691617e+04
4.60000000e-01 4.70000000e-01 1.63000000e+00 6.49856527e+04
4.60000000e-01 4.70000000e-01 1.64000000e+00 6.42284001e+04
4.60000000e-01 4.70000000e-01 1.65000000e+00 6.36992375e+04
4.60000000e-01 4.70000000e-01 1.66000000e+00 6.64157697e+04
4.60000000e-01 4.70000000e-01 1.67000000e+00 6.14133018e+04
4.60000000e-01 4.70000000e-01 1.68000000e+00 6.03659374e+04
4.60000000e-01 4.70000000e-01 1.69000000e+00 6.00745492e+04
4.60000000e-01 4.70000000e-01 1.70000000e+00 5.94166378e+04
4.60000000e-01 4.70000000e-01 1.71000000e+00 5.87209027e+04
4.60000000e-01 4.70000000e-01 1.72000000e+00 6.06240968e+04
4.60000000e-01 4.70000000e-01 1.73000000e+00 6.18794433e+04
4.60000000e-01 4.70000000e-01 1.74000000e+00 5.81219567e+04
4.60000000e-01 4.70000000e-01 1.75000000e+00 5.87866256e+04
4.60000000e-01 4.70000000e-01 1.76000000e+00 5.54432331e+04
4.60000000e-01 4.70000000e-01 1.77000000e+00 5.38705782e+04
4.60000000e-01 4.70000000e-01 1.78000000e+00 5.27996874e+04
4.60000000e-01 4.70000000e-01 1.79000000e+00 5.30589765e+04
4.60000000e-01 4.70000000e-01 1.80000000e+00 5.41618306e+04
4.60000000e-01 4.70000000e-01 1.81000000e+00 5.47397466e+04
4.60000000e-01 4.70000000e-01 1.82000000e+00 5.73220899e+04
4.60000000e-01 4.70000000e-01 1.83000000e+00 6.42415647e+04
4.60000000e-01 4.70000000e-01 1.84000000e+00 1.37288187e+05
4.60000000e-01 4.70000000e-01 1.85000000e+00 1.26134697e+05
4.60000000e-01 4.70000000e-01 1.86000000e+00 1.07743956e+06
4.60000000e-01 4.70000000e-01 1.87000000e+00 1.00929806e+05
4.60000000e-01 4.70000000e-01 1.88000000e+00 6.77009529e+04
4.60000000e-01 4.70000000e-01 1.89000000e+00 5.51460450e+04
4.60000000e-01 4.70000000e-01 1.90000000e+00 4.90476129e+04
4.60000000e-01 4.70000000e-01 1.91000000e+00 4.54756809e+04
4.60000000e-01 4.70000000e-01 1.92000000e+00 4.31117725e+04
4.60000000e-01 4.70000000e-01 1.93000000e+00 4.13046093e+04
4.60000000e-01 4.70000000e-01 1.94000000e+00 3.99171864e+04
4.60000000e-01 4.70000000e-01 1.95000000e+00 3.88303610e+04
4.60000000e-01 4.70000000e-01 1.96000000e+00 3.79688982e+04
4.60000000e-01 4.70000000e-01 1.97000000e+00 3.73274493e+04
4.60000000e-01 4.70000000e-01 1.98000000e+00 3.77127744e+04
4.60000000e-01 4.70000000e-01 1.99000000e+00 3.98801787e+04
4.60000000e-01 4.70000000e-01 2.00000000e+00 2.24346414e+05
4.70000000e-01 4.80000000e-01 1.00000000e-02 1.65750113e+04
4.70000000e-01 4.80000000e-01 2.00000000e-02 3.17039200e+04
4.70000000e-01 4.80000000e-01 3.00000000e-02 4.72342653e+04
4.70000000e-01 4.80000000e-01 4.00000000e-02 5.94462533e+04
4.70000000e-01 4.80000000e-01 5.00000000e-02 7.02757153e+04
4.70000000e-01 4.80000000e-01 6.00000000e-02 7.98647250e+04
4.70000000e-01 4.80000000e-01 7.00000000e-02 8.83035476e+04
4.70000000e-01 4.80000000e-01 8.00000000e-02 9.57017034e+04
4.70000000e-01 4.80000000e-01 9.00000000e-02 1.02235378e+05
4.70000000e-01 4.80000000e-01 1.00000000e-01 1.07951975e+05
4.70000000e-01 4.80000000e-01 1.10000000e-01 1.12881977e+05
4.70000000e-01 4.80000000e-01 1.20000000e-01 1.17780314e+05
4.70000000e-01 4.80000000e-01 1.30000000e-01 1.21082794e+05
4.70000000e-01 4.80000000e-01 1.40000000e-01 1.24169805e+05
4.70000000e-01 4.80000000e-01 1.50000000e-01 1.26922934e+05
4.70000000e-01 4.80000000e-01 1.60000000e-01 1.29296338e+05
4.70000000e-01 4.80000000e-01 1.70000000e-01 1.31870185e+05
4.70000000e-01 4.80000000e-01 1.80000000e-01 1.33402208e+05
4.70000000e-01 4.80000000e-01 1.90000000e-01 1.35307124e+05
4.70000000e-01 4.80000000e-01 2.00000000e-01 1.35761703e+05
4.70000000e-01 4.80000000e-01 2.10000000e-01 1.36311870e+05
4.70000000e-01 4.80000000e-01 2.20000000e-01 1.36799765e+05
4.70000000e-01 4.80000000e-01 2.30000000e-01 1.37389085e+05
4.70000000e-01 4.80000000e-01 2.40000000e-01 1.37571857e+05
4.70000000e-01 4.80000000e-01 2.50000000e-01 1.37517702e+05
4.70000000e-01 4.80000000e-01 2.60000000e-01 1.38232589e+05
4.70000000e-01 4.80000000e-01 2.70000000e-01 1.38188479e+05
4.70000000e-01 4.80000000e-01 2.80000000e-01 1.40843014e+05
4.70000000e-01 4.80000000e-01 2.90000000e-01 1.37043080e+05
4.70000000e-01 4.80000000e-01 3.00000000e-01 1.36445295e+05
4.70000000e-01 4.80000000e-01 3.10000000e-01 1.35442725e+05
4.70000000e-01 4.80000000e-01 3.20000000e-01 1.34293311e+05
4.70000000e-01 4.80000000e-01 3.30000000e-01 1.33437166e+05
4.70000000e-01 4.80000000e-01 3.40000000e-01 1.32075921e+05
4.70000000e-01 4.80000000e-01 3.50000000e-01 1.30885623e+05
4.70000000e-01 4.80000000e-01 3.60000000e-01 1.33138752e+05
4.70000000e-01 4.80000000e-01 3.70000000e-01 1.36395953e+05
4.70000000e-01 4.80000000e-01 3.80000000e-01 1.36593668e+05
4.70000000e-01 4.80000000e-01 3.90000000e-01 1.28624985e+05
4.70000000e-01 4.80000000e-01 4.00000000e-01 1.27108453e+05
4.70000000e-01 4.80000000e-01 4.10000000e-01 1.25814370e+05
4.70000000e-01 4.80000000e-01 4.20000000e-01 1.24901989e+05
4.70000000e-01 4.80000000e-01 4.30000000e-01 1.24953158e+05
4.70000000e-01 4.80000000e-01 4.40000000e-01 1.22335576e+05
4.70000000e-01 4.80000000e-01 4.50000000e-01 1.20755863e+05
4.70000000e-01 4.80000000e-01 4.60000000e-01 1.19523478e+05
4.70000000e-01 4.80000000e-01 4.70000000e-01 1.18349222e+05
4.70000000e-01 4.80000000e-01 4.80000000e-01 1.17069177e+05
4.70000000e-01 4.80000000e-01 4.90000000e-01 1.18299006e+05
4.70000000e-01 4.80000000e-01 5.00000000e-01 1.88159245e+05
4.70000000e-01 4.80000000e-01 5.10000000e-01 1.16017701e+05
4.70000000e-01 4.80000000e-01 5.20000000e-01 1.11970156e+05
4.70000000e-01 4.80000000e-01 5.30000000e-01 1.09836087e+05
4.70000000e-01 4.80000000e-01 5.40000000e-01 1.09047199e+05
4.70000000e-01 4.80000000e-01 5.50000000e-01 1.09268968e+05
4.70000000e-01 4.80000000e-01 5.60000000e-01 1.13749137e+05
4.70000000e-01 4.80000000e-01 5.70000000e-01 1.31289008e+05
4.70000000e-01 4.80000000e-01 5.80000000e-01 1.14472421e+05
4.70000000e-01 4.80000000e-01 5.90000000e-01 1.06949525e+05
4.70000000e-01 4.80000000e-01 6.00000000e-01 1.04518942e+05
4.70000000e-01 4.80000000e-01 6.10000000e-01 1.02844917e+05
4.70000000e-01 4.80000000e-01 6.20000000e-01 1.02406302e+05
4.70000000e-01 4.80000000e-01 6.30000000e-01 1.04043116e+05
4.70000000e-01 4.80000000e-01 6.40000000e-01 1.52106892e+05
4.70000000e-01 4.80000000e-01 6.50000000e-01 2.30242617e+05
4.70000000e-01 4.80000000e-01 6.60000000e-01 1.88733602e+05
4.70000000e-01 4.80000000e-01 6.70000000e-01 1.19578874e+05
4.70000000e-01 4.80000000e-01 6.80000000e-01 1.01912562e+05
4.70000000e-01 4.80000000e-01 6.90000000e-01 1.00286660e+05
4.70000000e-01 4.80000000e-01 7.00000000e-01 9.97563211e+04
4.70000000e-01 4.80000000e-01 7.10000000e-01 9.98700912e+04
4.70000000e-01 4.80000000e-01 7.20000000e-01 1.00623732e+05
4.70000000e-01 4.80000000e-01 7.30000000e-01 1.01929539e+05
4.70000000e-01 4.80000000e-01 7.40000000e-01 1.04207507e+05
4.70000000e-01 4.80000000e-01 7.50000000e-01 1.06035137e+05
4.70000000e-01 4.80000000e-01 7.60000000e-01 1.09880596e+05
4.70000000e-01 4.80000000e-01 7.70000000e-01 1.17932979e+05
4.70000000e-01 4.80000000e-01 7.80000000e-01 1.20114501e+05
4.70000000e-01 4.80000000e-01 7.90000000e-01 1.14123754e+05
4.70000000e-01 4.80000000e-01 8.00000000e-01 1.13051456e+05
4.70000000e-01 4.80000000e-01 8.10000000e-01 1.13293986e+05
4.70000000e-01 4.80000000e-01 8.20000000e-01 1.14903923e+05
4.70000000e-01 4.80000000e-01 8.30000000e-01 1.14610251e+05
4.70000000e-01 4.80000000e-01 8.40000000e-01 1.14265911e+05
4.70000000e-01 4.80000000e-01 8.50000000e-01 1.18149129e+05
4.70000000e-01 4.80000000e-01 8.60000000e-01 1.20138666e+05
4.70000000e-01 4.80000000e-01 8.70000000e-01 1.28654382e+05
4.70000000e-01 4.80000000e-01 8.80000000e-01 1.28367569e+05
4.70000000e-01 4.80000000e-01 8.90000000e-01 1.33223653e+05
4.70000000e-01 4.80000000e-01 9.00000000e-01 1.51871744e+05
4.70000000e-01 4.80000000e-01 9.10000000e-01 2.07204931e+05
4.70000000e-01 4.80000000e-01 9.20000000e-01 4.46017330e+05
4.70000000e-01 4.80000000e-01 9.30000000e-01 1.82020023e+05
4.70000000e-01 4.80000000e-01 9.40000000e-01 1.82654258e+05
4.70000000e-01 4.80000000e-01 9.50000000e-01 2.22731894e+05
4.70000000e-01 4.80000000e-01 9.60000000e-01 2.17237863e+05
4.70000000e-01 4.80000000e-01 9.70000000e-01 2.02423400e+05
4.70000000e-01 4.80000000e-01 9.80000000e-01 2.17159151e+05
4.70000000e-01 4.80000000e-01 9.90000000e-01 2.30070585e+05
4.70000000e-01 4.80000000e-01 1.00000000e+00 2.34528770e+05
4.70000000e-01 4.80000000e-01 1.01000000e+00 2.34784775e+05
4.70000000e-01 4.80000000e-01 1.02000000e+00 1.15274417e+06
4.70000000e-01 4.80000000e-01 1.03000000e+00 2.28356783e+05
4.70000000e-01 4.80000000e-01 1.04000000e+00 1.84633384e+05
4.70000000e-01 4.80000000e-01 1.05000000e+00 1.71053946e+05
4.70000000e-01 4.80000000e-01 1.06000000e+00 1.33500420e+05
4.70000000e-01 4.80000000e-01 1.07000000e+00 1.32506543e+05
4.70000000e-01 4.80000000e-01 1.08000000e+00 1.27224931e+05
4.70000000e-01 4.80000000e-01 1.09000000e+00 1.10714584e+05
4.70000000e-01 4.80000000e-01 1.10000000e+00 1.05571031e+05
4.70000000e-01 4.80000000e-01 1.11000000e+00 1.04741613e+05
4.70000000e-01 4.80000000e-01 1.12000000e+00 9.87695243e+04
4.70000000e-01 4.80000000e-01 1.13000000e+00 9.80130979e+04
4.70000000e-01 4.80000000e-01 1.14000000e+00 9.46822508e+04
4.70000000e-01 4.80000000e-01 1.15000000e+00 9.49745831e+04
4.70000000e-01 4.80000000e-01 1.16000000e+00 9.22833059e+04
4.70000000e-01 4.80000000e-01 1.17000000e+00 9.12827321e+04
4.70000000e-01 4.80000000e-01 1.18000000e+00 9.06435083e+04
4.70000000e-01 4.80000000e-01 1.19000000e+00 9.35468922e+04
4.70000000e-01 4.80000000e-01 1.20000000e+00 1.00667578e+05
4.70000000e-01 4.80000000e-01 1.21000000e+00 9.70808077e+04
4.70000000e-01 4.80000000e-01 1.22000000e+00 1.01314715e+05
4.70000000e-01 4.80000000e-01 1.23000000e+00 9.84493542e+04
4.70000000e-01 4.80000000e-01 1.24000000e+00 9.26854333e+04
4.70000000e-01 4.80000000e-01 1.25000000e+00 9.03719390e+04
4.70000000e-01 4.80000000e-01 1.26000000e+00 9.30815968e+04
4.70000000e-01 4.80000000e-01 1.27000000e+00 9.34064362e+04
4.70000000e-01 4.80000000e-01 1.28000000e+00 9.48460662e+04
4.70000000e-01 4.80000000e-01 1.29000000e+00 9.41129305e+04
4.70000000e-01 4.80000000e-01 1.30000000e+00 9.20722876e+04
4.70000000e-01 4.80000000e-01 1.31000000e+00 9.10561877e+04
4.70000000e-01 4.80000000e-01 1.32000000e+00 9.48864139e+04
4.70000000e-01 4.80000000e-01 1.33000000e+00 1.25628729e+05
4.70000000e-01 4.80000000e-01 1.34000000e+00 1.31637755e+05
4.70000000e-01 4.80000000e-01 1.35000000e+00 9.79007729e+05
4.70000000e-01 4.80000000e-01 1.36000000e+00 1.08500128e+05
4.70000000e-01 4.80000000e-01 1.37000000e+00 9.01579803e+04
4.70000000e-01 4.80000000e-01 1.38000000e+00 8.25783061e+04
4.70000000e-01 4.80000000e-01 1.39000000e+00 7.74090105e+04
4.70000000e-01 4.80000000e-01 1.40000000e+00 7.56120975e+04
4.70000000e-01 4.80000000e-01 1.41000000e+00 7.60284089e+04
4.70000000e-01 4.80000000e-01 1.42000000e+00 7.39920167e+04
4.70000000e-01 4.80000000e-01 1.43000000e+00 7.12043809e+04
4.70000000e-01 4.80000000e-01 1.44000000e+00 7.15441032e+04
4.70000000e-01 4.80000000e-01 1.45000000e+00 7.34564877e+04
4.70000000e-01 4.80000000e-01 1.46000000e+00 8.63064028e+04
4.70000000e-01 4.80000000e-01 1.47000000e+00 3.28227128e+05
4.70000000e-01 4.80000000e-01 1.48000000e+00 8.40628622e+04
4.70000000e-01 4.80000000e-01 1.49000000e+00 7.13013530e+04
4.70000000e-01 4.80000000e-01 1.50000000e+00 6.54780365e+04
4.70000000e-01 4.80000000e-01 1.51000000e+00 6.26458552e+04
4.70000000e-01 4.80000000e-01 1.52000000e+00 6.17137373e+04
4.70000000e-01 4.80000000e-01 1.53000000e+00 6.14902400e+04
4.70000000e-01 4.80000000e-01 1.54000000e+00 6.20483232e+04
4.70000000e-01 4.80000000e-01 1.55000000e+00 6.05664667e+04
4.70000000e-01 4.80000000e-01 1.56000000e+00 6.23504222e+04
4.70000000e-01 4.80000000e-01 1.57000000e+00 6.94806881e+04
4.70000000e-01 4.80000000e-01 1.58000000e+00 8.00690741e+04
4.70000000e-01 4.80000000e-01 1.59000000e+00 6.68744299e+04
4.70000000e-01 4.80000000e-01 1.60000000e+00 7.65024563e+04
4.70000000e-01 4.80000000e-01 1.61000000e+00 5.66743409e+04
4.70000000e-01 4.80000000e-01 1.62000000e+00 5.46206253e+04
4.70000000e-01 4.80000000e-01 1.63000000e+00 5.30528019e+04
4.70000000e-01 4.80000000e-01 1.64000000e+00 5.25326775e+04
4.70000000e-01 4.80000000e-01 1.65000000e+00 5.21855244e+04
4.70000000e-01 4.80000000e-01 1.66000000e+00 5.46596563e+04
4.70000000e-01 4.80000000e-01 1.67000000e+00 5.02745740e+04
4.70000000e-01 4.80000000e-01 1.68000000e+00 4.93352188e+04
4.70000000e-01 4.80000000e-01 1.69000000e+00 4.90598492e+04
4.70000000e-01 4.80000000e-01 1.70000000e+00 4.85863242e+04
4.70000000e-01 4.80000000e-01 1.71000000e+00 4.77973578e+04
4.70000000e-01 4.80000000e-01 1.72000000e+00 4.94012134e+04
4.70000000e-01 4.80000000e-01 1.73000000e+00 5.06083046e+04
4.70000000e-01 4.80000000e-01 1.74000000e+00 4.75638255e+04
4.70000000e-01 4.80000000e-01 1.75000000e+00 4.82244147e+04
4.70000000e-01 4.80000000e-01 1.76000000e+00 4.50139888e+04
4.70000000e-01 4.80000000e-01 1.77000000e+00 4.36095980e+04
4.70000000e-01 4.80000000e-01 1.78000000e+00 4.27148491e+04
4.70000000e-01 4.80000000e-01 1.79000000e+00 4.28554659e+04
4.70000000e-01 4.80000000e-01 1.80000000e+00 4.36893097e+04
4.70000000e-01 4.80000000e-01 1.81000000e+00 4.41105257e+04
4.70000000e-01 4.80000000e-01 1.82000000e+00 4.61614400e+04
4.70000000e-01 4.80000000e-01 1.83000000e+00 5.14780821e+04
4.70000000e-01 4.80000000e-01 1.84000000e+00 1.12593644e+05
4.70000000e-01 4.80000000e-01 1.85000000e+00 1.00304164e+05
4.70000000e-01 4.80000000e-01 1.86000000e+00 9.12356953e+05
4.70000000e-01 4.80000000e-01 1.87000000e+00 8.29373169e+04
4.70000000e-01 4.80000000e-01 1.88000000e+00 5.47200169e+04
4.70000000e-01 4.80000000e-01 1.89000000e+00 4.44142004e+04
4.70000000e-01 4.80000000e-01 1.90000000e+00 3.94407101e+04
4.70000000e-01 4.80000000e-01 1.91000000e+00 3.65331142e+04
4.70000000e-01 4.80000000e-01 1.92000000e+00 3.46103860e+04
4.70000000e-01 4.80000000e-01 1.93000000e+00 3.31445727e+04
4.70000000e-01 4.80000000e-01 1.94000000e+00 3.20127095e+04
4.70000000e-01 4.80000000e-01 1.95000000e+00 3.11263746e+04
4.70000000e-01 4.80000000e-01 1.96000000e+00 3.04096123e+04
4.70000000e-01 4.80000000e-01 1.97000000e+00 2.98319240e+04
4.70000000e-01 4.80000000e-01 1.98000000e+00 3.00035675e+04
4.70000000e-01 4.80000000e-01 1.99000000e+00 3.14058968e+04
4.70000000e-01 4.80000000e-01 2.00000000e+00 1.74204365e+05
4.80000000e-01 4.90000000e-01 1.00000000e-02 1.42141711e+04
4.80000000e-01 4.90000000e-01 2.00000000e-02 2.71369062e+04
4.80000000e-01 4.90000000e-01 3.00000000e-02 4.02936217e+04
4.80000000e-01 4.90000000e-01 4.00000000e-02 5.06002784e+04
4.80000000e-01 4.90000000e-01 5.00000000e-02 5.96881560e+04
4.80000000e-01 4.90000000e-01 6.00000000e-02 6.77043005e+04
4.80000000e-01 4.90000000e-01 7.00000000e-02 7.47304739e+04
4.80000000e-01 4.90000000e-01 8.00000000e-02 8.08606635e+04
4.80000000e-01 4.90000000e-01 9.00000000e-02 8.62536539e+04
4.80000000e-01 4.90000000e-01 1.00000000e-01 9.09535844e+04
4.80000000e-01 4.90000000e-01 1.10000000e-01 9.49764358e+04
4.80000000e-01 4.90000000e-01 1.20000000e-01 9.90941483e+04
4.80000000e-01 4.90000000e-01 1.30000000e-01 1.01649941e+05
4.80000000e-01 4.90000000e-01 1.40000000e-01 1.04102388e+05
4.80000000e-01 4.90000000e-01 1.50000000e-01 1.06297818e+05
4.80000000e-01 4.90000000e-01 1.60000000e-01 1.08186102e+05
4.80000000e-01 4.90000000e-01 1.70000000e-01 1.10240467e+05
4.80000000e-01 4.90000000e-01 1.80000000e-01 1.11413550e+05
4.80000000e-01 4.90000000e-01 1.90000000e-01 1.13003635e+05
4.80000000e-01 4.90000000e-01 2.00000000e-01 1.13191637e+05
4.80000000e-01 4.90000000e-01 2.10000000e-01 1.13525733e+05
4.80000000e-01 4.90000000e-01 2.20000000e-01 1.13830572e+05
4.80000000e-01 4.90000000e-01 2.30000000e-01 1.14259471e+05
4.80000000e-01 4.90000000e-01 2.40000000e-01 1.14321692e+05
4.80000000e-01 4.90000000e-01 2.50000000e-01 1.14181033e+05
4.80000000e-01 4.90000000e-01 2.60000000e-01 1.14790755e+05
4.80000000e-01 4.90000000e-01 2.70000000e-01 1.14646530e+05
4.80000000e-01 4.90000000e-01 2.80000000e-01 1.17356331e+05
4.80000000e-01 4.90000000e-01 2.90000000e-01 1.13495332e+05
4.80000000e-01 4.90000000e-01 3.00000000e-01 1.12980325e+05
4.80000000e-01 4.90000000e-01 3.10000000e-01 1.12012558e+05
4.80000000e-01 4.90000000e-01 3.20000000e-01 1.10914369e+05
4.80000000e-01 4.90000000e-01 3.30000000e-01 1.10150193e+05
4.80000000e-01 4.90000000e-01 3.40000000e-01 1.08947164e+05
4.80000000e-01 4.90000000e-01 3.50000000e-01 1.07881350e+05
4.80000000e-01 4.90000000e-01 3.60000000e-01 1.10180661e+05
4.80000000e-01 4.90000000e-01 3.70000000e-01 1.13049059e+05
4.80000000e-01 4.90000000e-01 3.80000000e-01 1.13553085e+05
4.80000000e-01 4.90000000e-01 3.90000000e-01 1.05762576e+05
4.80000000e-01 4.90000000e-01 4.00000000e-01 1.04482779e+05
4.80000000e-01 4.90000000e-01 4.10000000e-01 1.03396077e+05
4.80000000e-01 4.90000000e-01 4.20000000e-01 1.02651993e+05
4.80000000e-01 4.90000000e-01 4.30000000e-01 1.02974189e+05
4.80000000e-01 4.90000000e-01 4.40000000e-01 1.00540090e+05
4.80000000e-01 4.90000000e-01 4.50000000e-01 9.91698359e+04
4.80000000e-01 4.90000000e-01 4.60000000e-01 9.81375230e+04
4.80000000e-01 4.90000000e-01 4.70000000e-01 9.71667629e+04
4.80000000e-01 4.90000000e-01 4.80000000e-01 9.60624712e+04
4.80000000e-01 4.90000000e-01 4.90000000e-01 9.72174904e+04
4.80000000e-01 4.90000000e-01 5.00000000e-01 1.67164007e+05
4.80000000e-01 4.90000000e-01 5.10000000e-01 9.53525247e+04
4.80000000e-01 4.90000000e-01 5.20000000e-01 9.16955934e+04
4.80000000e-01 4.90000000e-01 5.30000000e-01 8.98218078e+04
4.80000000e-01 4.90000000e-01 5.40000000e-01 8.91752407e+04
4.80000000e-01 4.90000000e-01 5.50000000e-01 8.93523246e+04
4.80000000e-01 4.90000000e-01 5.60000000e-01 9.34752793e+04
4.80000000e-01 4.90000000e-01 5.70000000e-01 1.08960624e+05
4.80000000e-01 4.90000000e-01 5.80000000e-01 9.39847820e+04
4.80000000e-01 4.90000000e-01 5.90000000e-01 8.76642868e+04
4.80000000e-01 4.90000000e-01 6.00000000e-01 8.56682314e+04
4.80000000e-01 4.90000000e-01 6.10000000e-01 8.42747575e+04
4.80000000e-01 4.90000000e-01 6.20000000e-01 8.39972224e+04
4.80000000e-01 4.90000000e-01 6.30000000e-01 8.54783909e+04
4.80000000e-01 4.90000000e-01 6.40000000e-01 1.25617946e+05
4.80000000e-01 4.90000000e-01 6.50000000e-01 2.01941156e+05
4.80000000e-01 4.90000000e-01 6.60000000e-01 1.64873343e+05
4.80000000e-01 4.90000000e-01 6.70000000e-01 9.81100878e+04
4.80000000e-01 4.90000000e-01 6.80000000e-01 8.35940576e+04
4.80000000e-01 4.90000000e-01 6.90000000e-01 8.20374050e+04
4.80000000e-01 4.90000000e-01 7.00000000e-01 8.14720462e+04
4.80000000e-01 4.90000000e-01 7.10000000e-01 8.14786724e+04
4.80000000e-01 4.90000000e-01 7.20000000e-01 8.20662994e+04
4.80000000e-01 4.90000000e-01 7.30000000e-01 8.31990297e+04
4.80000000e-01 4.90000000e-01 7.40000000e-01 8.49939072e+04
4.80000000e-01 4.90000000e-01 7.50000000e-01 8.66676300e+04
4.80000000e-01 4.90000000e-01 7.60000000e-01 9.05100789e+04
4.80000000e-01 4.90000000e-01 7.70000000e-01 9.89273482e+04
4.80000000e-01 4.90000000e-01 7.80000000e-01 1.01192935e+05
4.80000000e-01 4.90000000e-01 7.90000000e-01 9.49984821e+04
4.80000000e-01 4.90000000e-01 8.00000000e-01 9.41181008e+04
4.80000000e-01 4.90000000e-01 8.10000000e-01 9.45654901e+04
4.80000000e-01 4.90000000e-01 8.20000000e-01 9.63686684e+04
4.80000000e-01 4.90000000e-01 8.30000000e-01 9.61921573e+04
4.80000000e-01 4.90000000e-01 8.40000000e-01 9.59120294e+04
4.80000000e-01 4.90000000e-01 8.50000000e-01 9.98379922e+04
4.80000000e-01 4.90000000e-01 8.60000000e-01 1.01744560e+05
4.80000000e-01 4.90000000e-01 8.70000000e-01 1.10108444e+05
4.80000000e-01 4.90000000e-01 8.80000000e-01 1.09538261e+05
4.80000000e-01 4.90000000e-01 8.90000000e-01 1.13599049e+05
4.80000000e-01 4.90000000e-01 9.00000000e-01 1.30469050e+05
4.80000000e-01 4.90000000e-01 9.10000000e-01 1.83001147e+05
4.80000000e-01 4.90000000e-01 9.20000000e-01 4.08808697e+05
4.80000000e-01 4.90000000e-01 9.30000000e-01 1.57318190e+05
4.80000000e-01 4.90000000e-01 9.40000000e-01 1.57488799e+05
4.80000000e-01 4.90000000e-01 9.50000000e-01 1.94466064e+05
4.80000000e-01 4.90000000e-01 9.60000000e-01 1.88050692e+05
4.80000000e-01 4.90000000e-01 9.70000000e-01 1.74026045e+05
4.80000000e-01 4.90000000e-01 9.80000000e-01 1.86456529e+05
4.80000000e-01 4.90000000e-01 9.90000000e-01 1.97017525e+05
4.80000000e-01 4.90000000e-01 1.00000000e+00 2.00060463e+05
4.80000000e-01 4.90000000e-01 1.01000000e+00 1.98096071e+05
4.80000000e-01 4.90000000e-01 1.02000000e+00 9.89852757e+05
4.80000000e-01 4.90000000e-01 1.03000000e+00 1.91269079e+05
4.80000000e-01 4.90000000e-01 1.04000000e+00 1.54121705e+05
4.80000000e-01 4.90000000e-01 1.05000000e+00 1.44242629e+05
4.80000000e-01 4.90000000e-01 1.06000000e+00 1.10463774e+05
4.80000000e-01 4.90000000e-01 1.07000000e+00 1.11359288e+05
4.80000000e-01 4.90000000e-01 1.08000000e+00 1.06403393e+05
4.80000000e-01 4.90000000e-01 1.09000000e+00 9.26059196e+04
4.80000000e-01 4.90000000e-01 1.10000000e+00 8.81408961e+04
4.80000000e-01 4.90000000e-01 1.11000000e+00 8.73980652e+04
4.80000000e-01 4.90000000e-01 1.12000000e+00 8.20787432e+04
4.80000000e-01 4.90000000e-01 1.13000000e+00 8.18170808e+04
4.80000000e-01 4.90000000e-01 1.14000000e+00 7.91274447e+04
4.80000000e-01 4.90000000e-01 1.15000000e+00 7.93508665e+04
4.80000000e-01 4.90000000e-01 1.16000000e+00 7.70382889e+04
4.80000000e-01 4.90000000e-01 1.17000000e+00 7.62112407e+04
4.80000000e-01 4.90000000e-01 1.18000000e+00 7.54645412e+04
4.80000000e-01 4.90000000e-01 1.19000000e+00 7.83943553e+04
4.80000000e-01 4.90000000e-01 1.20000000e+00 8.54921656e+04
4.80000000e-01 4.90000000e-01 1.21000000e+00 8.18969128e+04
4.80000000e-01 4.90000000e-01 1.22000000e+00 8.59496540e+04
4.80000000e-01 4.90000000e-01 1.23000000e+00 8.31525998e+04
4.80000000e-01 4.90000000e-01 1.24000000e+00 7.74857711e+04
4.80000000e-01 4.90000000e-01 1.25000000e+00 7.52415281e+04
4.80000000e-01 4.90000000e-01 1.26000000e+00 7.79581534e+04
4.80000000e-01 4.90000000e-01 1.27000000e+00 7.82826969e+04
4.80000000e-01 4.90000000e-01 1.28000000e+00 7.97022823e+04
4.80000000e-01 4.90000000e-01 1.29000000e+00 7.89554272e+04
4.80000000e-01 4.90000000e-01 1.30000000e+00 7.70111926e+04
4.80000000e-01 4.90000000e-01 1.31000000e+00 7.59361832e+04
4.80000000e-01 4.90000000e-01 1.32000000e+00 7.90194807e+04
4.80000000e-01 4.90000000e-01 1.33000000e+00 1.04953441e+05
4.80000000e-01 4.90000000e-01 1.34000000e+00 1.09420343e+05
4.80000000e-01 4.90000000e-01 1.35000000e+00 9.07377952e+05
4.80000000e-01 4.90000000e-01 1.36000000e+00 9.09610807e+04
4.80000000e-01 4.90000000e-01 1.37000000e+00 7.51292982e+04
4.80000000e-01 4.90000000e-01 1.38000000e+00 6.86016565e+04
4.80000000e-01 4.90000000e-01 1.39000000e+00 6.41954344e+04
4.80000000e-01 4.90000000e-01 1.40000000e+00 6.27570129e+04
4.80000000e-01 4.90000000e-01 1.41000000e+00 6.30722846e+04
4.80000000e-01 4.90000000e-01 1.42000000e+00 6.14050599e+04
4.80000000e-01 4.90000000e-01 1.43000000e+00 5.88806238e+04
4.80000000e-01 4.90000000e-01 1.44000000e+00 5.90679005e+04
4.80000000e-01 4.90000000e-01 1.45000000e+00 6.02260368e+04
4.80000000e-01 4.90000000e-01 1.46000000e+00 7.05087042e+04
4.80000000e-01 4.90000000e-01 1.47000000e+00 2.59878797e+05
4.80000000e-01 4.90000000e-01 1.48000000e+00 6.85981889e+04
4.80000000e-01 4.90000000e-01 1.49000000e+00 5.85572459e+04
4.80000000e-01 4.90000000e-01 1.50000000e+00 5.38872953e+04
4.80000000e-01 4.90000000e-01 1.51000000e+00 5.15346416e+04
4.80000000e-01 4.90000000e-01 1.52000000e+00 5.07573656e+04
4.80000000e-01 4.90000000e-01 1.53000000e+00 5.06064675e+04
4.80000000e-01 4.90000000e-01 1.54000000e+00 5.10910175e+04
4.80000000e-01 4.90000000e-01 1.55000000e+00 4.97010239e+04
4.80000000e-01 4.90000000e-01 1.56000000e+00 5.12779793e+04
4.80000000e-01 4.90000000e-01 1.57000000e+00 5.78125855e+04
4.80000000e-01 4.90000000e-01 1.58000000e+00 6.75897646e+04
4.80000000e-01 4.90000000e-01 1.59000000e+00 5.48692301e+04
4.80000000e-01 4.90000000e-01 1.60000000e+00 6.28394544e+04
4.80000000e-01 4.90000000e-01 1.61000000e+00 4.63480134e+04
4.80000000e-01 4.90000000e-01 1.62000000e+00 4.46040134e+04
4.80000000e-01 4.90000000e-01 1.63000000e+00 4.33674787e+04
4.80000000e-01 4.90000000e-01 1.64000000e+00 4.30112095e+04
4.80000000e-01 4.90000000e-01 1.65000000e+00 4.27915953e+04
4.80000000e-01 4.90000000e-01 1.66000000e+00 4.49283897e+04
4.80000000e-01 4.90000000e-01 1.67000000e+00 4.11865487e+04
4.80000000e-01 4.90000000e-01 1.68000000e+00 4.03673673e+04
4.80000000e-01 4.90000000e-01 1.69000000e+00 4.01145798e+04
4.80000000e-01 4.90000000e-01 1.70000000e+00 3.97709959e+04
4.80000000e-01 4.90000000e-01 1.71000000e+00 3.89499304e+04
4.80000000e-01 4.90000000e-01 1.72000000e+00 4.02845604e+04
4.80000000e-01 4.90000000e-01 1.73000000e+00 4.14005015e+04
4.80000000e-01 4.90000000e-01 1.74000000e+00 3.89422036e+04
4.80000000e-01 4.90000000e-01 1.75000000e+00 3.95717068e+04
4.80000000e-01 4.90000000e-01 1.76000000e+00 3.65679303e+04
4.80000000e-01 4.90000000e-01 1.77000000e+00 3.53372074e+04
4.80000000e-01 4.90000000e-01 1.78000000e+00 3.45908907e+04
4.80000000e-01 4.90000000e-01 1.79000000e+00 3.46478747e+04
4.80000000e-01 4.90000000e-01 1.80000000e+00 3.52711696e+04
4.80000000e-01 4.90000000e-01 1.81000000e+00 3.55733294e+04
4.80000000e-01 4.90000000e-01 1.82000000e+00 3.72039402e+04
4.80000000e-01 4.90000000e-01 1.83000000e+00 4.12832036e+04
4.80000000e-01 4.90000000e-01 1.84000000e+00 9.23926983e+04
4.80000000e-01 4.90000000e-01 1.85000000e+00 7.97811789e+04
4.80000000e-01 4.90000000e-01 1.86000000e+00 7.71220658e+05
4.80000000e-01 4.90000000e-01 1.87000000e+00 6.82376750e+04
4.80000000e-01 4.90000000e-01 1.88000000e+00 4.42438713e+04
4.80000000e-01 4.90000000e-01 1.89000000e+00 3.57796750e+04
4.80000000e-01 4.90000000e-01 1.90000000e+00 3.17240304e+04
4.80000000e-01 4.90000000e-01 1.91000000e+00 2.93569644e+04
4.80000000e-01 4.90000000e-01 1.92000000e+00 2.77919511e+04
4.80000000e-01 4.90000000e-01 1.93000000e+00 2.66004380e+04
4.80000000e-01 4.90000000e-01 1.94000000e+00 2.56762779e+04
4.80000000e-01 4.90000000e-01 1.95000000e+00 2.49533368e+04
4.80000000e-01 4.90000000e-01 1.96000000e+00 2.43594662e+04
4.80000000e-01 4.90000000e-01 1.97000000e+00 2.38476903e+04
4.80000000e-01 4.90000000e-01 1.98000000e+00 2.38860526e+04
4.80000000e-01 4.90000000e-01 1.99000000e+00 2.47688228e+04
4.80000000e-01 4.90000000e-01 2.00000000e+00 1.35494266e+05
4.90000000e-01 5.00000000e-01 1.00000000e-02 1.21986089e+04
4.90000000e-01 5.00000000e-01 2.00000000e-02 2.32454062e+04
4.90000000e-01 5.00000000e-01 3.00000000e-02 3.43820991e+04
4.90000000e-01 5.00000000e-01 4.00000000e-02 4.30866490e+04
4.90000000e-01 5.00000000e-01 5.00000000e-02 5.07228123e+04
4.90000000e-01 5.00000000e-01 6.00000000e-02 5.74244509e+04
4.90000000e-01 5.00000000e-01 7.00000000e-02 6.32730780e+04
4.90000000e-01 5.00000000e-01 8.00000000e-02 6.83521523e+04
4.90000000e-01 5.00000000e-01 9.00000000e-02 7.28025978e+04
4.90000000e-01 5.00000000e-01 1.00000000e-01 7.66677240e+04
4.90000000e-01 5.00000000e-01 1.10000000e-01 7.99480439e+04
4.90000000e-01 5.00000000e-01 1.20000000e-01 8.34171365e+04
4.90000000e-01 5.00000000e-01 1.30000000e-01 8.53751530e+04
4.90000000e-01 5.00000000e-01 1.40000000e-01 8.73176571e+04
4.90000000e-01 5.00000000e-01 1.50000000e-01 8.90653522e+04
4.90000000e-01 5.00000000e-01 1.60000000e-01 9.05674849e+04
4.90000000e-01 5.00000000e-01 1.70000000e-01 9.22005882e+04
4.90000000e-01 5.00000000e-01 1.80000000e-01 9.30961518e+04
4.90000000e-01 5.00000000e-01 1.90000000e-01 9.44249246e+04
4.90000000e-01 5.00000000e-01 2.00000000e-01 9.44244244e+04
4.90000000e-01 5.00000000e-01 2.10000000e-01 9.45974944e+04
4.90000000e-01 5.00000000e-01 2.20000000e-01 9.47664637e+04
4.90000000e-01 5.00000000e-01 2.30000000e-01 9.50749306e+04
4.90000000e-01 5.00000000e-01 2.40000000e-01 9.50539095e+04
4.90000000e-01 5.00000000e-01 2.50000000e-01 9.48570655e+04
4.90000000e-01 5.00000000e-01 2.60000000e-01 9.53924331e+04
4.90000000e-01 5.00000000e-01 2.70000000e-01 9.51679524e+04
4.90000000e-01 5.00000000e-01 2.80000000e-01 9.79200189e+04
4.90000000e-01 5.00000000e-01 2.90000000e-01 9.40426381e+04
4.90000000e-01 5.00000000e-01 3.00000000e-01 9.35995119e+04
4.90000000e-01 5.00000000e-01 3.10000000e-01 9.26795946e+04
4.90000000e-01 5.00000000e-01 3.20000000e-01 9.16393742e+04
4.90000000e-01 5.00000000e-01 3.30000000e-01 9.09612314e+04
4.90000000e-01 5.00000000e-01 3.40000000e-01 8.99056257e+04
4.90000000e-01 5.00000000e-01 3.50000000e-01 8.89663990e+04
4.90000000e-01 5.00000000e-01 3.60000000e-01 9.12786391e+04
4.90000000e-01 5.00000000e-01 3.70000000e-01 9.38213136e+04
4.90000000e-01 5.00000000e-01 3.80000000e-01 9.45614194e+04
4.90000000e-01 5.00000000e-01 3.90000000e-01 8.70110303e+04
4.90000000e-01 5.00000000e-01 4.00000000e-01 8.59312824e+04
4.90000000e-01 5.00000000e-01 4.10000000e-01 8.50202786e+04
4.90000000e-01 5.00000000e-01 4.20000000e-01 8.44228994e+04
4.90000000e-01 5.00000000e-01 4.30000000e-01 8.49806838e+04
4.90000000e-01 5.00000000e-01 4.40000000e-01 8.26841544e+04
4.90000000e-01 5.00000000e-01 4.50000000e-01 8.14961800e+04
4.90000000e-01 5.00000000e-01 4.60000000e-01 8.06446226e+04
4.90000000e-01 5.00000000e-01 4.70000000e-01 7.98445233e+04
4.90000000e-01 5.00000000e-01 4.80000000e-01 7.88869660e+04
4.90000000e-01 5.00000000e-01 4.90000000e-01 7.99683319e+04
4.90000000e-01 5.00000000e-01 5.00000000e-01 1.49668388e+05
4.90000000e-01 5.00000000e-01 5.10000000e-01 7.84525156e+04
4.90000000e-01 5.00000000e-01 5.20000000e-01 7.51401670e+04
4.90000000e-01 5.00000000e-01 5.30000000e-01 7.35013254e+04
4.90000000e-01 5.00000000e-01 5.40000000e-01 7.29723775e+04
4.90000000e-01 5.00000000e-01 5.50000000e-01 7.30996079e+04
4.90000000e-01 5.00000000e-01 5.60000000e-01 7.68961361e+04
4.90000000e-01 5.00000000e-01 5.70000000e-01 9.06276789e+04
4.90000000e-01 5.00000000e-01 5.80000000e-01 7.72183101e+04
4.90000000e-01 5.00000000e-01 5.90000000e-01 7.18939246e+04
4.90000000e-01 5.00000000e-01 6.00000000e-01 7.02429011e+04
4.90000000e-01 5.00000000e-01 6.10000000e-01 6.90627453e+04
4.90000000e-01 5.00000000e-01 6.20000000e-01 6.89017688e+04
4.90000000e-01 5.00000000e-01 6.30000000e-01 7.02664717e+04
4.90000000e-01 5.00000000e-01 6.40000000e-01 1.03830856e+05
4.90000000e-01 5.00000000e-01 6.50000000e-01 1.77791490e+05
4.90000000e-01 5.00000000e-01 6.60000000e-01 1.44495520e+05
4.90000000e-01 5.00000000e-01 6.70000000e-01 8.05705561e+04
4.90000000e-01 5.00000000e-01 6.80000000e-01 6.85819830e+04
4.90000000e-01 5.00000000e-01 6.90000000e-01 6.71213142e+04
4.90000000e-01 5.00000000e-01 7.00000000e-01 6.65499878e+04
4.90000000e-01 5.00000000e-01 7.10000000e-01 6.64873529e+04
4.90000000e-01 5.00000000e-01 7.20000000e-01 6.69430944e+04
4.90000000e-01 5.00000000e-01 7.30000000e-01 6.79274875e+04
4.90000000e-01 5.00000000e-01 7.40000000e-01 6.94640886e+04
4.90000000e-01 5.00000000e-01 7.50000000e-01 7.09763768e+04
4.90000000e-01 5.00000000e-01 7.60000000e-01 7.47183166e+04
4.90000000e-01 5.00000000e-01 7.70000000e-01 8.32948434e+04
4.90000000e-01 5.00000000e-01 7.80000000e-01 8.55810306e+04
4.90000000e-01 5.00000000e-01 7.90000000e-01 7.92986422e+04
4.90000000e-01 5.00000000e-01 8.00000000e-01 7.85842666e+04
4.90000000e-01 5.00000000e-01 8.10000000e-01 7.91862015e+04
4.90000000e-01 5.00000000e-01 8.20000000e-01 8.11752085e+04
4.90000000e-01 5.00000000e-01 8.30000000e-01 8.10500699e+04
4.90000000e-01 5.00000000e-01 8.40000000e-01 8.08248441e+04
4.90000000e-01 5.00000000e-01 8.50000000e-01 8.47943473e+04
4.90000000e-01 5.00000000e-01 8.60000000e-01 8.66108946e+04
4.90000000e-01 5.00000000e-01 8.70000000e-01 9.48379181e+04
4.90000000e-01 5.00000000e-01 8.80000000e-01 9.39836050e+04
4.90000000e-01 5.00000000e-01 8.90000000e-01 9.72729163e+04
4.90000000e-01 5.00000000e-01 9.00000000e-01 1.12551819e+05
4.90000000e-01 5.00000000e-01 9.10000000e-01 1.62520283e+05
4.90000000e-01 5.00000000e-01 9.20000000e-01 3.75844595e+05
4.90000000e-01 5.00000000e-01 9.30000000e-01 1.36312980e+05
4.90000000e-01 5.00000000e-01 9.40000000e-01 1.35901571e+05
4.90000000e-01 5.00000000e-01 9.50000000e-01 1.69779120e+05
4.90000000e-01 5.00000000e-01 9.60000000e-01 1.62733367e+05
4.90000000e-01 5.00000000e-01 9.70000000e-01 1.49456873e+05
4.90000000e-01 5.00000000e-01 9.80000000e-01 1.59591668e+05
4.90000000e-01 5.00000000e-01 9.90000000e-01 1.68258448e+05
4.90000000e-01 5.00000000e-01 1.00000000e+00 1.70293545e+05
4.90000000e-01 5.00000000e-01 1.01000000e+00 1.66801448e+05
4.90000000e-01 5.00000000e-01 1.02000000e+00 8.47314113e+05
4.90000000e-01 5.00000000e-01 1.03000000e+00 1.59852273e+05
4.90000000e-01 5.00000000e-01 1.04000000e+00 1.28588661e+05
4.90000000e-01 5.00000000e-01 1.05000000e+00 1.21319923e+05
4.90000000e-01 5.00000000e-01 1.06000000e+00 9.15272592e+04
4.90000000e-01 5.00000000e-01 1.07000000e+00 9.39019371e+04
4.90000000e-01 5.00000000e-01 1.08000000e+00 8.90754919e+04
4.90000000e-01 5.00000000e-01 1.09000000e+00 7.75845347e+04
4.90000000e-01 5.00000000e-01 1.10000000e+00 7.36409721e+04
4.90000000e-01 5.00000000e-01 1.11000000e+00 7.30673662e+04
4.90000000e-01 5.00000000e-01 1.12000000e+00 6.83264508e+04
4.90000000e-01 5.00000000e-01 1.13000000e+00 6.84536793e+04
4.90000000e-01 5.00000000e-01 1.14000000e+00 6.63320414e+04
4.90000000e-01 5.00000000e-01 1.15000000e+00 6.64465518e+04
4.90000000e-01 5.00000000e-01 1.16000000e+00 6.45154875e+04
4.90000000e-01 5.00000000e-01 1.17000000e+00 6.37928135e+04
4.90000000e-01 5.00000000e-01 1.18000000e+00 6.29595159e+04
4.90000000e-01 5.00000000e-01 1.19000000e+00 6.58209228e+04
4.90000000e-01 5.00000000e-01 1.20000000e+00 7.27399841e+04
4.90000000e-01 5.00000000e-01 1.21000000e+00 6.92262918e+04
4.90000000e-01 5.00000000e-01 1.22000000e+00 7.30545851e+04
4.90000000e-01 5.00000000e-01 1.23000000e+00 7.03813436e+04
4.90000000e-01 5.00000000e-01 1.24000000e+00 6.48931218e+04
4.90000000e-01 5.00000000e-01 1.25000000e+00 6.27271040e+04
4.90000000e-01 5.00000000e-01 1.26000000e+00 6.53339501e+04
4.90000000e-01 5.00000000e-01 1.27000000e+00 6.56636823e+04
4.90000000e-01 5.00000000e-01 1.28000000e+00 6.70285601e+04
4.90000000e-01 5.00000000e-01 1.29000000e+00 6.62566081e+04
4.90000000e-01 5.00000000e-01 1.30000000e+00 6.44518211e+04
4.90000000e-01 5.00000000e-01 1.31000000e+00 6.33831273e+04
4.90000000e-01 5.00000000e-01 1.32000000e+00 6.58556591e+04
4.90000000e-01 5.00000000e-01 1.33000000e+00 8.77092001e+04
4.90000000e-01 5.00000000e-01 1.34000000e+00 9.09597525e+04
4.90000000e-01 5.00000000e-01 1.35000000e+00 8.39297972e+05
4.90000000e-01 5.00000000e-01 1.36000000e+00 7.63282773e+04
4.90000000e-01 5.00000000e-01 1.37000000e+00 6.26054389e+04
4.90000000e-01 5.00000000e-01 1.38000000e+00 5.69944361e+04
4.90000000e-01 5.00000000e-01 1.39000000e+00 5.32788719e+04
4.90000000e-01 5.00000000e-01 1.40000000e+00 5.21005979e+04
4.90000000e-01 5.00000000e-01 1.41000000e+00 5.23167302e+04
4.90000000e-01 5.00000000e-01 1.42000000e+00 5.09080658e+04
4.90000000e-01 5.00000000e-01 1.43000000e+00 4.86926764e+04
4.90000000e-01 5.00000000e-01 1.44000000e+00 4.87368497e+04
4.90000000e-01 5.00000000e-01 1.45000000e+00 4.94205507e+04
4.90000000e-01 5.00000000e-01 1.46000000e+00 5.75697973e+04
4.90000000e-01 5.00000000e-01 1.47000000e+00 2.04906296e+05
4.90000000e-01 5.00000000e-01 1.48000000e+00 5.59108029e+04
4.90000000e-01 5.00000000e-01 1.49000000e+00 4.80425679e+04
4.90000000e-01 5.00000000e-01 1.50000000e+00 4.43152944e+04
4.90000000e-01 5.00000000e-01 1.51000000e+00 4.23751472e+04
4.90000000e-01 5.00000000e-01 1.52000000e+00 4.17365377e+04
4.90000000e-01 5.00000000e-01 1.53000000e+00 4.16561541e+04
4.90000000e-01 5.00000000e-01 1.54000000e+00 4.20852850e+04
4.90000000e-01 5.00000000e-01 1.55000000e+00 4.07952692e+04
4.90000000e-01 5.00000000e-01 1.56000000e+00 4.21600523e+04
4.90000000e-01 5.00000000e-01 1.57000000e+00 4.81014219e+04
4.90000000e-01 5.00000000e-01 1.58000000e+00 5.70543490e+04
4.90000000e-01 5.00000000e-01 1.59000000e+00 4.50041863e+04
4.90000000e-01 5.00000000e-01 1.60000000e+00 5.15202546e+04
4.90000000e-01 5.00000000e-01 1.61000000e+00 3.79026020e+04
4.90000000e-01 5.00000000e-01 1.62000000e+00 3.64328766e+04
4.90000000e-01 5.00000000e-01 1.63000000e+00 3.54584039e+04
4.90000000e-01 5.00000000e-01 1.64000000e+00 3.52106203e+04
4.90000000e-01 5.00000000e-01 1.65000000e+00 3.50806589e+04
4.90000000e-01 5.00000000e-01 1.66000000e+00 3.67012652e+04
4.90000000e-01 5.00000000e-01 1.67000000e+00 3.37329011e+04
4.90000000e-01 5.00000000e-01 1.68000000e+00 3.30282652e+04
4.90000000e-01 5.00000000e-01 1.69000000e+00 3.27983251e+04
4.90000000e-01 5.00000000e-01 1.70000000e+00 3.25441921e+04
4.90000000e-01 5.00000000e-01 1.71000000e+00 3.17451622e+04
4.90000000e-01 5.00000000e-01 1.72000000e+00 3.28314587e+04
4.90000000e-01 5.00000000e-01 1.73000000e+00 3.38230129e+04
4.90000000e-01 5.00000000e-01 1.74000000e+00 3.18465349e+04
4.90000000e-01 5.00000000e-01 1.75000000e+00 3.24212320e+04
4.90000000e-01 5.00000000e-01 1.76000000e+00 2.96935271e+04
4.90000000e-01 5.00000000e-01 1.77000000e+00 2.86339360e+04
4.90000000e-01 5.00000000e-01 1.78000000e+00 2.80089980e+04
4.90000000e-01 5.00000000e-01 1.79000000e+00 2.80086284e+04
4.90000000e-01 5.00000000e-01 1.80000000e+00 2.84672353e+04
4.90000000e-01 5.00000000e-01 1.81000000e+00 2.86781518e+04
4.90000000e-01 5.00000000e-01 1.82000000e+00 2.99708524e+04
4.90000000e-01 5.00000000e-01 1.83000000e+00 3.30818408e+04
4.90000000e-01 5.00000000e-01 1.84000000e+00 7.56485739e+04
4.90000000e-01 5.00000000e-01 1.85000000e+00 6.33804047e+04
4.90000000e-01 5.00000000e-01 1.86000000e+00 6.49652845e+05
4.90000000e-01 5.00000000e-01 1.87000000e+00 5.60374758e+04
4.90000000e-01 5.00000000e-01 1.88000000e+00 3.57198856e+04
4.90000000e-01 5.00000000e-01 1.89000000e+00 2.87824922e+04
4.90000000e-01 5.00000000e-01 1.90000000e+00 2.54853919e+04
4.90000000e-01 5.00000000e-01 1.91000000e+00 2.35657125e+04
4.90000000e-01 5.00000000e-01 1.92000000e+00 2.22945589e+04
4.90000000e-01 5.00000000e-01 1.93000000e+00 2.13272120e+04
4.90000000e-01 5.00000000e-01 1.94000000e+00 2.05750486e+04
4.90000000e-01 5.00000000e-01 1.95000000e+00 1.99868201e+04
4.90000000e-01 5.00000000e-01 1.96000000e+00 1.94990734e+04
4.90000000e-01 5.00000000e-01 1.97000000e+00 1.90528558e+04
4.90000000e-01 5.00000000e-01 1.98000000e+00 1.90124461e+04
4.90000000e-01 5.00000000e-01 1.99000000e+00 1.95497626e+04
4.90000000e-01 5.00000000e-01 2.00000000e+00 1.05823321e+05
