# 2026-05-10 | 23:02:09 | Calculation performed with SolarAxionFlux v1.1; g_agamma = 5.000000e-11 GeV^-1, g_ae = 1.000000e-13.
# Spectral flux over the solar disc up to a given radius.
# Columns: Radius on solar disc [R_sol] | Energy [keV] | Axion flux [cm^-2 s^-1 keV^-1]
0.00000000e+00 1.00000000e-03 0.00000000e+00
0.00000000e+00 2.38557143e-02 0.00000000e+00
0.00000000e+00 4.67114286e-02 0.00000000e+00
0.00000000e+00 6.95671429e-02 0.00000000e+00
0.00000000e+00 9.24228571e-02 0.00000000e+00
0.00000000e+00 1.15278571e-01 0.00000000e+00
0.00000000e+00 1.38134286e-01 0.00000000e+00
0.00000000e+00 1.60990000e-01 0.00000000e+00
0.00000000e+00 1.83845714e-01 0.00000000e+00
0.00000000e+00 2.06701429e-01 0.00000000e+00
0.00000000e+00 2.29557143e-01 0.00000000e+00
0.00000000e+00 2.52412857e-01 0.00000000e+00
0.00000000e+00 2.75268571e-01 0.00000000e+00
0.00000000e+00 2.98124286e-01 0.00000000e+00
0.00000000e+00 3.20980000e-01 0.00000000e+00
0.00000000e+00 3.43835714e-01 0.00000000e+00
0.00000000e+00 3.66691429e-01 0.00000000e+00
0.00000000e+00 3.89547143e-01 0.00000000e+00
0.00000000e+00 4.12402857e-01 0.00000000e+00
0.00000000e+00 4.35258571e-01 0.00000000e+00
0.00000000e+00 4.58114286e-01 0.00000000e+00
0.00000000e+00 4.80970000e-01 0.00000000e+00
0.00000000e+00 5.03825714e-01 0.00000000e+00
0.00000000e+00 5.26681429e-01 0.00000000e+00
0.00000000e+00 5.49537143e-01 0.00000000e+00
0.00000000e+00 5.72392857e-01 0.00000000e+00
0.00000000e+00 5.95248571e-01 0.00000000e+00
0.00000000e+00 6.18104286e-01 0.00000000e+00
0.00000000e+00 6.40960000e-01 0.00000000e+00
0.00000000e+00 6.63815714e-01 0.00000000e+00
0.00000000e+00 6.86671429e-01 0.00000000e+00
0.00000000e+00 7.09527143e-01 0.00000000e+00
0.00000000e+00 7.32382857e-01 0.00000000e+00
0.00000000e+00 7.55238571e-01 0.00000000e+00
0.00000000e+00 7.78094286e-01 0.00000000e+00
0.00000000e+00 8.00950000e-01 0.00000000e+00
0.00000000e+00 8.23805714e-01 0.00000000e+00
0.00000000e+00 8.46661429e-01 0.00000000e+00
0.00000000e+00 8.69517143e-01 0.00000000e+00
0.00000000e+00 8.92372857e-01 0.00000000e+00
0.00000000e+00 9.15228571e-01 0.00000000e+00
0.00000000e+00 9.38084286e-01 0.00000000e+00
0.00000000e+00 9.60940000e-01 0.00000000e+00
0.00000000e+00 9.83795714e-01 0.00000000e+00
0.00000000e+00 1.00665143e+00 0.00000000e+00
0.00000000e+00 1.02950714e+00 0.00000000e+00
0.00000000e+00 1.05236286e+00 0.00000000e+00
0.00000000e+00 1.07521857e+00 0.00000000e+00
0.00000000e+00 1.09807429e+00 0.00000000e+00
0.00000000e+00 1.12093000e+00 0.00000000e+00
0.00000000e+00 1.14378571e+00 0.00000000e+00
0.00000000e+00 1.16664143e+00 0.00000000e+00
0.00000000e+00 1.18949714e+00 0.00000000e+00
0.00000000e+00 1.21235286e+00 0.00000000e+00
0.00000000e+00 1.23520857e+00 0.00000000e+00
0.00000000e+00 1.25806429e+00 0.00000000e+00
0.00000000e+00 1.28092000e+00 0.00000000e+00
0.00000000e+00 1.30377571e+00 0.00000000e+00
0.00000000e+00 1.32663143e+00 0.00000000e+00
0.00000000e+00 1.34948714e+00 0.00000000e+00
0.00000000e+00 1.37234286e+00 0.00000000e+00
0.00000000e+00 1.39519857e+00 0.00000000e+00
0.00000000e+00 1.41805429e+00 0.00000000e+00
0.00000000e+00 1.44091000e+00 0.00000000e+00
0.00000000e+00 1.46376571e+00 0.00000000e+00
0.00000000e+00 1.48662143e+00 0.00000000e+00
0.00000000e+00 1.50947714e+00 0.00000000e+00
0.00000000e+00 1.53233286e+00 0.00000000e+00
0.00000000e+00 1.55518857e+00 0.00000000e+00
0.00000000e+00 1.57804429e+00 0.00000000e+00
0.00000000e+00 1.60090000e+00 0.00000000e+00
0.00000000e+00 1.62375571e+00 0.00000000e+00
0.00000000e+00 1.64661143e+00 0.00000000e+00
0.00000000e+00 1.66946714e+00 0.00000000e+00
0.00000000e+00 1.69232286e+00 0.00000000e+00
0.00000000e+00 1.71517857e+00 0.00000000e+00
0.00000000e+00 1.73803429e+00 0.00000000e+00
0.00000000e+00 1.76089000e+00 0.00000000e+00
0.00000000e+00 1.78374571e+00 0.00000000e+00
0.00000000e+00 1.80660143e+00 0.00000000e+00
0.00000000e+00 1.82945714e+00 0.00000000e+00
0.00000000e+00 1.85231286e+00 0.00000000e+00
0.00000000e+00 1.87516857e+00 0.00000000e+00
0.00000000e+00 1.89802429e+00 0.00000000e+00
0.00000000e+00 1.92088000e+00 0.00000000e+00
0.00000000e+00 1.94373571e+00 0.00000000e+00
0.00000000e+00 1.96659143e+00 0.00000000e+00
0.00000000e+00 1.98944714e+00 0.00000000e+00
0.00000000e+00 2.01230286e+00 0.00000000e+00
0.00000000e+00 2.03515857e+00 0.00000000e+00
0.00000000e+00 2.05801429e+00 0.00000000e+00
0.00000000e+00 2.08087000e+00 0.00000000e+00
0.00000000e+00 2.10372571e+00 0.00000000e+00
0.00000000e+00 2.12658143e+00 0.00000000e+00
0.00000000e+00 2.14943714e+00 0.00000000e+00
0.00000000e+00 2.17229286e+00 0.00000000e+00
0.00000000e+00 2.19514857e+00 0.00000000e+00
0.00000000e+00 2.21800429e+00 0.00000000e+00
0.00000000e+00 2.24086000e+00 0.00000000e+00
0.00000000e+00 2.26371571e+00 0.00000000e+00
0.00000000e+00 2.28657143e+00 0.00000000e+00
0.00000000e+00 2.30942714e+00 0.00000000e+00
0.00000000e+00 2.33228286e+00 0.00000000e+00
0.00000000e+00 2.35513857e+00 0.00000000e+00
0.00000000e+00 2.37799429e+00 0.00000000e+00
0.00000000e+00 2.40085000e+00 0.00000000e+00
0.00000000e+00 2.42370571e+00 0.00000000e+00
0.00000000e+00 2.44656143e+00 0.00000000e+00
0.00000000e+00 2.46941714e+00 0.00000000e+00
0.00000000e+00 2.49227286e+00 0.00000000e+00
0.00000000e+00 2.51512857e+00 0.00000000e+00
0.00000000e+00 2.53798429e+00 0.00000000e+00
0.00000000e+00 2.56084000e+00 0.00000000e+00
0.00000000e+00 2.58369571e+00 0.00000000e+00
0.00000000e+00 2.60655143e+00 0.00000000e+00
0.00000000e+00 2.62940714e+00 0.00000000e+00
0.00000000e+00 2.65226286e+00 0.00000000e+00
0.00000000e+00 2.67511857e+00 0.00000000e+00
0.00000000e+00 2.69797429e+00 0.00000000e+00
0.00000000e+00 2.72083000e+00 0.00000000e+00
0.00000000e+00 2.74368571e+00 0.00000000e+00
0.00000000e+00 2.76654143e+00 0.00000000e+00
0.00000000e+00 2.78939714e+00 0.00000000e+00
0.00000000e+00 2.81225286e+00 0.00000000e+00
0.00000000e+00 2.83510857e+00 0.00000000e+00
0.00000000e+00 2.85796429e+00 0.00000000e+00
0.00000000e+00 2.88082000e+00 0.00000000e+00
0.00000000e+00 2.90367571e+00 0.00000000e+00
0.00000000e+00 2.92653143e+00 0.00000000e+00
0.00000000e+00 2.94938714e+00 0.00000000e+00
0.00000000e+00 2.97224286e+00 0.00000000e+00
0.00000000e+00 2.99509857e+00 0.00000000e+00
0.00000000e+00 3.01795429e+00 0.00000000e+00
0.00000000e+00 3.04081000e+00 0.00000000e+00
0.00000000e+00 3.06366571e+00 0.00000000e+00
0.00000000e+00 3.08652143e+00 0.00000000e+00
0.00000000e+00 3.10937714e+00 0.00000000e+00
0.00000000e+00 3.13223286e+00 0.00000000e+00
0.00000000e+00 3.15508857e+00 0.00000000e+00
0.00000000e+00 3.17794429e+00 0.00000000e+00
0.00000000e+00 3.20080000e+00 0.00000000e+00
0.00000000e+00 3.22365571e+00 0.00000000e+00
0.00000000e+00 3.24651143e+00 0.00000000e+00
0.00000000e+00 3.26936714e+00 0.00000000e+00
0.00000000e+00 3.29222286e+00 0.00000000e+00
0.00000000e+00 3.31507857e+00 0.00000000e+00
0.00000000e+00 3.33793429e+00 0.00000000e+00
0.00000000e+00 3.36079000e+00 0.00000000e+00
0.00000000e+00 3.38364571e+00 0.00000000e+00
0.00000000e+00 3.40650143e+00 0.00000000e+00
0.00000000e+00 3.42935714e+00 0.00000000e+00
0.00000000e+00 3.45221286e+00 0.00000000e+00
0.00000000e+00 3.47506857e+00 0.00000000e+00
0.00000000e+00 3.49792429e+00 0.00000000e+00
0.00000000e+00 3.52078000e+00 0.00000000e+00
0.00000000e+00 3.54363571e+00 0.00000000e+00
0.00000000e+00 3.56649143e+00 0.00000000e+00
0.00000000e+00 3.58934714e+00 0.00000000e+00
0.00000000e+00 3.61220286e+00 0.00000000e+00
0.00000000e+00 3.63505857e+00 0.00000000e+00
0.00000000e+00 3.65791429e+00 0.00000000e+00
0.00000000e+00 3.68077000e+00 0.00000000e+00
0.00000000e+00 3.70362571e+00 0.00000000e+00
0.00000000e+00 3.72648143e+00 0.00000000e+00
0.00000000e+00 3.74933714e+00 0.00000000e+00
0.00000000e+00 3.77219286e+00 0.00000000e+00
0.00000000e+00 3.79504857e+00 0.00000000e+00
0.00000000e+00 3.81790429e+00 0.00000000e+00
0.00000000e+00 3.84076000e+00 0.00000000e+00
0.00000000e+00 3.86361571e+00 0.00000000e+00
0.00000000e+00 3.88647143e+00 0.00000000e+00
0.00000000e+00 3.90932714e+00 0.00000000e+00
0.00000000e+00 3.93218286e+00 0.00000000e+00
0.00000000e+00 3.95503857e+00 0.00000000e+00
0.00000000e+00 3.97789429e+00 0.00000000e+00
0.00000000e+00 4.00075000e+00 0.00000000e+00
0.00000000e+00 4.02360571e+00 0.00000000e+00
0.00000000e+00 4.04646143e+00 0.00000000e+00
0.00000000e+00 4.06931714e+00 0.00000000e+00
0.00000000e+00 4.09217286e+00 0.00000000e+00
0.00000000e+00 4.11502857e+00 0.00000000e+00
0.00000000e+00 4.13788429e+00 0.00000000e+00
0.00000000e+00 4.16074000e+00 0.00000000e+00
0.00000000e+00 4.18359571e+00 0.00000000e+00
0.00000000e+00 4.20645143e+00 0.00000000e+00
0.00000000e+00 4.22930714e+00 0.00000000e+00
0.00000000e+00 4.25216286e+00 0.00000000e+00
0.00000000e+00 4.27501857e+00 0.00000000e+00
0.00000000e+00 4.29787429e+00 0.00000000e+00
0.00000000e+00 4.32073000e+00 0.00000000e+00
0.00000000e+00 4.34358571e+00 0.00000000e+00
0.00000000e+00 4.36644143e+00 0.00000000e+00
0.00000000e+00 4.38929714e+00 0.00000000e+00
0.00000000e+00 4.41215286e+00 0.00000000e+00
0.00000000e+00 4.43500857e+00 0.00000000e+00
0.00000000e+00 4.45786429e+00 0.00000000e+00
0.00000000e+00 4.48072000e+00 0.00000000e+00
0.00000000e+00 4.50357571e+00 0.00000000e+00
0.00000000e+00 4.52643143e+00 0.00000000e+00
0.00000000e+00 4.54928714e+00 0.00000000e+00
0.00000000e+00 4.57214286e+00 0.00000000e+00
0.00000000e+00 4.59499857e+00 0.00000000e+00
0.00000000e+00 4.61785429e+00 0.00000000e+00
0.00000000e+00 4.64071000e+00 0.00000000e+00
0.00000000e+00 4.66356571e+00 0.00000000e+00
0.00000000e+00 4.68642143e+00 0.00000000e+00
0.00000000e+00 4.70927714e+00 0.00000000e+00
0.00000000e+00 4.73213286e+00 0.00000000e+00
0.00000000e+00 4.75498857e+00 0.00000000e+00
0.00000000e+00 4.77784429e+00 0.00000000e+00
0.00000000e+00 4.80070000e+00 0.00000000e+00
0.00000000e+00 4.82355571e+00 0.00000000e+00
0.00000000e+00 4.84641143e+00 0.00000000e+00
0.00000000e+00 4.86926714e+00 0.00000000e+00
0.00000000e+00 4.89212286e+00 0.00000000e+00
0.00000000e+00 4.91497857e+00 0.00000000e+00
0.00000000e+00 4.93783429e+00 0.00000000e+00
0.00000000e+00 4.96069000e+00 0.00000000e+00
0.00000000e+00 4.98354571e+00 0.00000000e+00
0.00000000e+00 5.00640143e+00 0.00000000e+00
0.00000000e+00 5.02925714e+00 0.00000000e+00
0.00000000e+00 5.05211286e+00 0.00000000e+00
0.00000000e+00 5.07496857e+00 0.00000000e+00
0.00000000e+00 5.09782429e+00 0.00000000e+00
0.00000000e+00 5.12068000e+00 0.00000000e+00
0.00000000e+00 5.14353571e+00 0.00000000e+00
0.00000000e+00 5.16639143e+00 0.00000000e+00
0.00000000e+00 5.18924714e+00 0.00000000e+00
0.00000000e+00 5.21210286e+00 0.00000000e+00
0.00000000e+00 5.23495857e+00 0.00000000e+00
0.00000000e+00 5.25781429e+00 0.00000000e+00
0.00000000e+00 5.28067000e+00 0.00000000e+00
0.00000000e+00 5.30352571e+00 0.00000000e+00
0.00000000e+00 5.32638143e+00 0.00000000e+00
0.00000000e+00 5.34923714e+00 0.00000000e+00
0.00000000e+00 5.37209286e+00 0.00000000e+00
0.00000000e+00 5.39494857e+00 0.00000000e+00
0.00000000e+00 5.41780429e+00 0.00000000e+00
0.00000000e+00 5.44066000e+00 0.00000000e+00
0.00000000e+00 5.46351571e+00 0.00000000e+00
0.00000000e+00 5.48637143e+00 0.00000000e+00
0.00000000e+00 5.50922714e+00 0.00000000e+00
0.00000000e+00 5.53208286e+00 0.00000000e+00
0.00000000e+00 5.55493857e+00 0.00000000e+00
0.00000000e+00 5.57779429e+00 0.00000000e+00
0.00000000e+00 5.60065000e+00 0.00000000e+00
0.00000000e+00 5.62350571e+00 0.00000000e+00
0.00000000e+00 5.64636143e+00 0.00000000e+00
0.00000000e+00 5.66921714e+00 0.00000000e+00
0.00000000e+00 5.69207286e+00 0.00000000e+00
0.00000000e+00 5.71492857e+00 0.00000000e+00
0.00000000e+00 5.73778429e+00 0.00000000e+00
0.00000000e+00 5.76064000e+00 0.00000000e+00
0.00000000e+00 5.78349571e+00 0.00000000e+00
0.00000000e+00 5.80635143e+00 0.00000000e+00
0.00000000e+00 5.82920714e+00 0.00000000e+00
0.00000000e+00 5.85206286e+00 0.00000000e+00
0.00000000e+00 5.87491857e+00 0.00000000e+00
0.00000000e+00 5.89777429e+00 0.00000000e+00
0.00000000e+00 5.92063000e+00 0.00000000e+00
0.00000000e+00 5.94348571e+00 0.00000000e+00
0.00000000e+00 5.96634143e+00 0.00000000e+00
0.00000000e+00 5.98919714e+00 0.00000000e+00
0.00000000e+00 6.01205286e+00 0.00000000e+00
0.00000000e+00 6.03490857e+00 0.00000000e+00
0.00000000e+00 6.05776429e+00 0.00000000e+00
0.00000000e+00 6.08062000e+00 0.00000000e+00
0.00000000e+00 6.10347571e+00 0.00000000e+00
0.00000000e+00 6.12633143e+00 0.00000000e+00
0.00000000e+00 6.14918714e+00 0.00000000e+00
0.00000000e+00 6.17204286e+00 0.00000000e+00
0.00000000e+00 6.19489857e+00 0.00000000e+00
0.00000000e+00 6.21775429e+00 0.00000000e+00
0.00000000e+00 6.24061000e+00 0.00000000e+00
0.00000000e+00 6.26346571e+00 0.00000000e+00
0.00000000e+00 6.28632143e+00 0.00000000e+00
0.00000000e+00 6.30917714e+00 0.00000000e+00
0.00000000e+00 6.33203286e+00 0.00000000e+00
0.00000000e+00 6.35488857e+00 0.00000000e+00
0.00000000e+00 6.37774429e+00 0.00000000e+00
0.00000000e+00 6.40060000e+00 0.00000000e+00
0.00000000e+00 6.42345571e+00 0.00000000e+00
0.00000000e+00 6.44631143e+00 0.00000000e+00
0.00000000e+00 6.46916714e+00 0.00000000e+00
0.00000000e+00 6.49202286e+00 0.00000000e+00
0.00000000e+00 6.51487857e+00 0.00000000e+00
0.00000000e+00 6.53773429e+00 0.00000000e+00
0.00000000e+00 6.56059000e+00 0.00000000e+00
0.00000000e+00 6.58344571e+00 0.00000000e+00
0.00000000e+00 6.60630143e+00 0.00000000e+00
0.00000000e+00 6.62915714e+00 0.00000000e+00
0.00000000e+00 6.65201286e+00 0.00000000e+00
0.00000000e+00 6.67486857e+00 0.00000000e+00
0.00000000e+00 6.69772429e+00 0.00000000e+00
0.00000000e+00 6.72058000e+00 0.00000000e+00
0.00000000e+00 6.74343571e+00 0.00000000e+00
0.00000000e+00 6.76629143e+00 0.00000000e+00
0.00000000e+00 6.78914714e+00 0.00000000e+00
0.00000000e+00 6.81200286e+00 0.00000000e+00
0.00000000e+00 6.83485857e+00 0.00000000e+00
0.00000000e+00 6.85771429e+00 0.00000000e+00
0.00000000e+00 6.88057000e+00 0.00000000e+00
0.00000000e+00 6.90342571e+00 0.00000000e+00
0.00000000e+00 6.92628143e+00 0.00000000e+00
0.00000000e+00 6.94913714e+00 0.00000000e+00
0.00000000e+00 6.97199286e+00 0.00000000e+00
0.00000000e+00 6.99484857e+00 0.00000000e+00
0.00000000e+00 7.01770429e+00 0.00000000e+00
0.00000000e+00 7.04056000e+00 0.00000000e+00
0.00000000e+00 7.06341571e+00 0.00000000e+00
0.00000000e+00 7.08627143e+00 0.00000000e+00
0.00000000e+00 7.10912714e+00 0.00000000e+00
0.00000000e+00 7.13198286e+00 0.00000000e+00
0.00000000e+00 7.15483857e+00 0.00000000e+00
0.00000000e+00 7.17769429e+00 0.00000000e+00
0.00000000e+00 7.20055000e+00 0.00000000e+00
0.00000000e+00 7.22340571e+00 0.00000000e+00
0.00000000e+00 7.24626143e+00 0.00000000e+00
0.00000000e+00 7.26911714e+00 0.00000000e+00
0.00000000e+00 7.29197286e+00 0.00000000e+00
0.00000000e+00 7.31482857e+00 0.00000000e+00
0.00000000e+00 7.33768429e+00 0.00000000e+00
0.00000000e+00 7.36054000e+00 0.00000000e+00
0.00000000e+00 7.38339571e+00 0.00000000e+00
0.00000000e+00 7.40625143e+00 0.00000000e+00
0.00000000e+00 7.42910714e+00 0.00000000e+00
0.00000000e+00 7.45196286e+00 0.00000000e+00
0.00000000e+00 7.47481857e+00 0.00000000e+00
0.00000000e+00 7.49767429e+00 0.00000000e+00
0.00000000e+00 7.52053000e+00 0.00000000e+00
0.00000000e+00 7.54338571e+00 0.00000000e+00
0.00000000e+00 7.56624143e+00 0.00000000e+00
0.00000000e+00 7.58909714e+00 0.00000000e+00
0.00000000e+00 7.61195286e+00 0.00000000e+00
0.00000000e+00 7.63480857e+00 0.00000000e+00
0.00000000e+00 7.65766429e+00 0.00000000e+00
0.00000000e+00 7.68052000e+00 0.00000000e+00
0.00000000e+00 7.70337571e+00 0.00000000e+00
0.00000000e+00 7.72623143e+00 0.00000000e+00
0.00000000e+00 7.74908714e+00 0.00000000e+00
0.00000000e+00 7.77194286e+00 0.00000000e+00
0.00000000e+00 7.79479857e+00 0.00000000e+00
0.00000000e+00 7.81765429e+00 0.00000000e+00
0.00000000e+00 7.84051000e+00 0.00000000e+00
0.00000000e+00 7.86336571e+00 0.00000000e+00
0.00000000e+00 7.88622143e+00 0.00000000e+00
0.00000000e+00 7.90907714e+00 0.00000000e+00
0.00000000e+00 7.93193286e+00 0.00000000e+00
0.00000000e+00 7.95478857e+00 0.00000000e+00
0.00000000e+00 7.97764429e+00 0.00000000e+00
0.00000000e+00 8.00050000e+00 0.00000000e+00
0.00000000e+00 8.02335571e+00 0.00000000e+00
0.00000000e+00 8.04621143e+00 0.00000000e+00
0.00000000e+00 8.06906714e+00 0.00000000e+00
0.00000000e+00 8.09192286e+00 0.00000000e+00
0.00000000e+00 8.11477857e+00 0.00000000e+00
0.00000000e+00 8.13763429e+00 0.00000000e+00
0.00000000e+00 8.16049000e+00 0.00000000e+00
0.00000000e+00 8.18334571e+00 0.00000000e+00
0.00000000e+00 8.20620143e+00 0.00000000e+00
0.00000000e+00 8.22905714e+00 0.00000000e+00
0.00000000e+00 8.25191286e+00 0.00000000e+00
0.00000000e+00 8.27476857e+00 0.00000000e+00
0.00000000e+00 8.29762429e+00 0.00000000e+00
0.00000000e+00 8.32048000e+00 0.00000000e+00
0.00000000e+00 8.34333571e+00 0.00000000e+00
0.00000000e+00 8.36619143e+00 0.00000000e+00
0.00000000e+00 8.38904714e+00 0.00000000e+00
0.00000000e+00 8.41190286e+00 0.00000000e+00
0.00000000e+00 8.43475857e+00 0.00000000e+00
0.00000000e+00 8.45761429e+00 0.00000000e+00
0.00000000e+00 8.48047000e+00 0.00000000e+00
0.00000000e+00 8.50332571e+00 0.00000000e+00
0.00000000e+00 8.52618143e+00 0.00000000e+00
0.00000000e+00 8.54903714e+00 0.00000000e+00
0.00000000e+00 8.57189286e+00 0.00000000e+00
0.00000000e+00 8.59474857e+00 0.00000000e+00
0.00000000e+00 8.61760429e+00 0.00000000e+00
0.00000000e+00 8.64046000e+00 0.00000000e+00
0.00000000e+00 8.66331571e+00 0.00000000e+00
0.00000000e+00 8.68617143e+00 0.00000000e+00
0.00000000e+00 8.70902714e+00 0.00000000e+00
0.00000000e+00 8.73188286e+00 0.00000000e+00
0.00000000e+00 8.75473857e+00 0.00000000e+00
0.00000000e+00 8.77759429e+00 0.00000000e+00
0.00000000e+00 8.80045000e+00 0.00000000e+00
0.00000000e+00 8.82330571e+00 0.00000000e+00
0.00000000e+00 8.84616143e+00 0.00000000e+00
0.00000000e+00 8.86901714e+00 0.00000000e+00
0.00000000e+00 8.89187286e+00 0.00000000e+00
0.00000000e+00 8.91472857e+00 0.00000000e+00
0.00000000e+00 8.93758429e+00 0.00000000e+00
0.00000000e+00 8.96044000e+00 0.00000000e+00
0.00000000e+00 8.98329571e+00 0.00000000e+00
0.00000000e+00 9.00615143e+00 0.00000000e+00
0.00000000e+00 9.02900714e+00 0.00000000e+00
0.00000000e+00 9.05186286e+00 0.00000000e+00
0.00000000e+00 9.07471857e+00 0.00000000e+00
0.00000000e+00 9.09757429e+00 0.00000000e+00
0.00000000e+00 9.12043000e+00 0.00000000e+00
0.00000000e+00 9.14328571e+00 0.00000000e+00
0.00000000e+00 9.16614143e+00 0.00000000e+00
0.00000000e+00 9.18899714e+00 0.00000000e+00
0.00000000e+00 9.21185286e+00 0.00000000e+00
0.00000000e+00 9.23470857e+00 0.00000000e+00
0.00000000e+00 9.25756429e+00 0.00000000e+00
0.00000000e+00 9.28042000e+00 0.00000000e+00
0.00000000e+00 9.30327571e+00 0.00000000e+00
0.00000000e+00 9.32613143e+00 0.00000000e+00
0.00000000e+00 9.34898714e+00 0.00000000e+00
0.00000000e+00 9.37184286e+00 0.00000000e+00
0.00000000e+00 9.39469857e+00 0.00000000e+00
0.00000000e+00 9.41755429e+00 0.00000000e+00
0.00000000e+00 9.44041000e+00 0.00000000e+00
0.00000000e+00 9.46326571e+00 0.00000000e+00
0.00000000e+00 9.48612143e+00 0.00000000e+00
0.00000000e+00 9.50897714e+00 0.00000000e+00
0.00000000e+00 9.53183286e+00 0.00000000e+00
0.00000000e+00 9.55468857e+00 0.00000000e+00
0.00000000e+00 9.57754429e+00 0.00000000e+00
0.00000000e+00 9.60040000e+00 0.00000000e+00
0.00000000e+00 9.62325571e+00 0.00000000e+00
0.00000000e+00 9.64611143e+00 0.00000000e+00
0.00000000e+00 9.66896714e+00 0.00000000e+00
0.00000000e+00 9.69182286e+00 0.00000000e+00
0.00000000e+00 9.71467857e+00 0.00000000e+00
0.00000000e+00 9.73753429e+00 0.00000000e+00
0.00000000e+00 9.76039000e+00 0.00000000e+00
0.00000000e+00 9.78324571e+00 0.00000000e+00
0.00000000e+00 9.80610143e+00 0.00000000e+00
0.00000000e+00 9.82895714e+00 0.00000000e+00
0.00000000e+00 9.85181286e+00 0.00000000e+00
0.00000000e+00 9.87466857e+00 0.00000000e+00
0.00000000e+00 9.89752429e+00 0.00000000e+00
0.00000000e+00 9.92038000e+00 0.00000000e+00
0.00000000e+00 9.94323571e+00 0.00000000e+00
0.00000000e+00 9.96609143e+00 0.00000000e+00
0.00000000e+00 9.98894714e+00 0.00000000e+00
0.00000000e+00 1.00118029e+01 0.00000000e+00
0.00000000e+00 1.00346586e+01 0.00000000e+00
0.00000000e+00 1.00575143e+01 0.00000000e+00
0.00000000e+00 1.00803700e+01 0.00000000e+00
0.00000000e+00 1.01032257e+01 0.00000000e+00
0.00000000e+00 1.01260814e+01 0.00000000e+00
0.00000000e+00 1.01489371e+01 0.00000000e+00
0.00000000e+00 1.01717929e+01 0.00000000e+00
0.00000000e+00 1.01946486e+01 0.00000000e+00
0.00000000e+00 1.02175043e+01 0.00000000e+00
0.00000000e+00 1.02403600e+01 0.00000000e+00
0.00000000e+00 1.02632157e+01 0.00000000e+00
0.00000000e+00 1.02860714e+01 0.00000000e+00
0.00000000e+00 1.03089271e+01 0.00000000e+00
0.00000000e+00 1.03317829e+01 0.00000000e+00
0.00000000e+00 1.03546386e+01 0.00000000e+00
0.00000000e+00 1.03774943e+01 0.00000000e+00
0.00000000e+00 1.04003500e+01 0.00000000e+00
0.00000000e+00 1.04232057e+01 0.00000000e+00
0.00000000e+00 1.04460614e+01 0.00000000e+00
0.00000000e+00 1.04689171e+01 0.00000000e+00
0.00000000e+00 1.04917729e+01 0.00000000e+00
0.00000000e+00 1.05146286e+01 0.00000000e+00
0.00000000e+00 1.05374843e+01 0.00000000e+00
0.00000000e+00 1.05603400e+01 0.00000000e+00
0.00000000e+00 1.05831957e+01 0.00000000e+00
0.00000000e+00 1.06060514e+01 0.00000000e+00
0.00000000e+00 1.06289071e+01 0.00000000e+00
0.00000000e+00 1.06517629e+01 0.00000000e+00
0.00000000e+00 1.06746186e+01 0.00000000e+00
0.00000000e+00 1.06974743e+01 0.00000000e+00
0.00000000e+00 1.07203300e+01 0.00000000e+00
0.00000000e+00 1.07431857e+01 0.00000000e+00
0.00000000e+00 1.07660414e+01 0.00000000e+00
0.00000000e+00 1.07888971e+01 0.00000000e+00
0.00000000e+00 1.08117529e+01 0.00000000e+00
0.00000000e+00 1.08346086e+01 0.00000000e+00
0.00000000e+00 1.08574643e+01 0.00000000e+00
0.00000000e+00 1.08803200e+01 0.00000000e+00
0.00000000e+00 1.09031757e+01 0.00000000e+00
0.00000000e+00 1.09260314e+01 0.00000000e+00
0.00000000e+00 1.09488871e+01 0.00000000e+00
0.00000000e+00 1.09717429e+01 0.00000000e+00
0.00000000e+00 1.09945986e+01 0.00000000e+00
0.00000000e+00 1.10174543e+01 0.00000000e+00
0.00000000e+00 1.10403100e+01 0.00000000e+00
0.00000000e+00 1.10631657e+01 0.00000000e+00
0.00000000e+00 1.10860214e+01 0.00000000e+00
0.00000000e+00 1.11088771e+01 0.00000000e+00
0.00000000e+00 1.11317329e+01 0.00000000e+00
0.00000000e+00 1.11545886e+01 0.00000000e+00
0.00000000e+00 1.11774443e+01 0.00000000e+00
0.00000000e+00 1.12003000e+01 0.00000000e+00
0.00000000e+00 1.12231557e+01 0.00000000e+00
0.00000000e+00 1.12460114e+01 0.00000000e+00
0.00000000e+00 1.12688671e+01 0.00000000e+00
0.00000000e+00 1.12917229e+01 0.00000000e+00
0.00000000e+00 1.13145786e+01 0.00000000e+00
0.00000000e+00 1.13374343e+01 0.00000000e+00
0.00000000e+00 1.13602900e+01 0.00000000e+00
0.00000000e+00 1.13831457e+01 0.00000000e+00
0.00000000e+00 1.14060014e+01 0.00000000e+00
0.00000000e+00 1.14288571e+01 0.00000000e+00
0.00000000e+00 1.14517129e+01 0.00000000e+00
0.00000000e+00 1.14745686e+01 0.00000000e+00
0.00000000e+00 1.14974243e+01 0.00000000e+00
0.00000000e+00 1.15202800e+01 0.00000000e+00
0.00000000e+00 1.15431357e+01 0.00000000e+00
0.00000000e+00 1.15659914e+01 0.00000000e+00
0.00000000e+00 1.15888471e+01 0.00000000e+00
0.00000000e+00 1.16117029e+01 0.00000000e+00
0.00000000e+00 1.16345586e+01 0.00000000e+00
0.00000000e+00 1.16574143e+01 0.00000000e+00
0.00000000e+00 1.16802700e+01 0.00000000e+00
0.00000000e+00 1.17031257e+01 0.00000000e+00
0.00000000e+00 1.17259814e+01 0.00000000e+00
0.00000000e+00 1.17488371e+01 0.00000000e+00
0.00000000e+00 1.17716929e+01 0.00000000e+00
0.00000000e+00 1.17945486e+01 0.00000000e+00
0.00000000e+00 1.18174043e+01 0.00000000e+00
0.00000000e+00 1.18402600e+01 0.00000000e+00
0.00000000e+00 1.18631157e+01 0.00000000e+00
0.00000000e+00 1.18859714e+01 0.00000000e+00
0.00000000e+00 1.19088271e+01 0.00000000e+00
0.00000000e+00 1.19316829e+01 0.00000000e+00
0.00000000e+00 1.19545386e+01 0.00000000e+00
0.00000000e+00 1.19773943e+01 0.00000000e+00
0.00000000e+00 1.20002500e+01 0.00000000e+00
0.00000000e+00 1.20231057e+01 0.00000000e+00
0.00000000e+00 1.20459614e+01 0.00000000e+00
0.00000000e+00 1.20688171e+01 0.00000000e+00
0.00000000e+00 1.20916729e+01 0.00000000e+00
0.00000000e+00 1.21145286e+01 0.00000000e+00
0.00000000e+00 1.21373843e+01 0.00000000e+00
0.00000000e+00 1.21602400e+01 0.00000000e+00
0.00000000e+00 1.21830957e+01 0.00000000e+00
0.00000000e+00 1.22059514e+01 0.00000000e+00
0.00000000e+00 1.22288071e+01 0.00000000e+00
0.00000000e+00 1.22516629e+01 0.00000000e+00
0.00000000e+00 1.22745186e+01 0.00000000e+00
0.00000000e+00 1.22973743e+01 0.00000000e+00
0.00000000e+00 1.23202300e+01 0.00000000e+00
0.00000000e+00 1.23430857e+01 0.00000000e+00
0.00000000e+00 1.23659414e+01 0.00000000e+00
0.00000000e+00 1.23887971e+01 0.00000000e+00
0.00000000e+00 1.24116529e+01 0.00000000e+00
0.00000000e+00 1.24345086e+01 0.00000000e+00
0.00000000e+00 1.24573643e+01 0.00000000e+00
0.00000000e+00 1.24802200e+01 0.00000000e+00
0.00000000e+00 1.25030757e+01 0.00000000e+00
0.00000000e+00 1.25259314e+01 0.00000000e+00
0.00000000e+00 1.25487871e+01 0.00000000e+00
0.00000000e+00 1.25716429e+01 0.00000000e+00
0.00000000e+00 1.25944986e+01 0.00000000e+00
0.00000000e+00 1.26173543e+01 0.00000000e+00
0.00000000e+00 1.26402100e+01 0.00000000e+00
0.00000000e+00 1.26630657e+01 0.00000000e+00
0.00000000e+00 1.26859214e+01 0.00000000e+00
0.00000000e+00 1.27087771e+01 0.00000000e+00
0.00000000e+00 1.27316329e+01 0.00000000e+00
0.00000000e+00 1.27544886e+01 0.00000000e+00
0.00000000e+00 1.27773443e+01 0.00000000e+00
0.00000000e+00 1.28002000e+01 0.00000000e+00
0.00000000e+00 1.28230557e+01 0.00000000e+00
0.00000000e+00 1.28459114e+01 0.00000000e+00
0.00000000e+00 1.28687671e+01 0.00000000e+00
0.00000000e+00 1.28916229e+01 0.00000000e+00
0.00000000e+00 1.29144786e+01 0.00000000e+00
0.00000000e+00 1.29373343e+01 0.00000000e+00
0.00000000e+00 1.29601900e+01 0.00000000e+00
0.00000000e+00 1.29830457e+01 0.00000000e+00
0.00000000e+00 1.30059014e+01 0.00000000e+00
0.00000000e+00 1.30287571e+01 0.00000000e+00
0.00000000e+00 1.30516129e+01 0.00000000e+00
0.00000000e+00 1.30744686e+01 0.00000000e+00
0.00000000e+00 1.30973243e+01 0.00000000e+00
0.00000000e+00 1.31201800e+01 0.00000000e+00
0.00000000e+00 1.31430357e+01 0.00000000e+00
0.00000000e+00 1.31658914e+01 0.00000000e+00
0.00000000e+00 1.31887471e+01 0.00000000e+00
0.00000000e+00 1.32116029e+01 0.00000000e+00
0.00000000e+00 1.32344586e+01 0.00000000e+00
0.00000000e+00 1.32573143e+01 0.00000000e+00
0.00000000e+00 1.32801700e+01 0.00000000e+00
0.00000000e+00 1.33030257e+01 0.00000000e+00
0.00000000e+00 1.33258814e+01 0.00000000e+00
0.00000000e+00 1.33487371e+01 0.00000000e+00
0.00000000e+00 1.33715929e+01 0.00000000e+00
0.00000000e+00 1.33944486e+01 0.00000000e+00
0.00000000e+00 1.34173043e+01 0.00000000e+00
0.00000000e+00 1.34401600e+01 0.00000000e+00
0.00000000e+00 1.34630157e+01 0.00000000e+00
0.00000000e+00 1.34858714e+01 0.00000000e+00
0.00000000e+00 1.35087271e+01 0.00000000e+00
0.00000000e+00 1.35315829e+01 0.00000000e+00
0.00000000e+00 1.35544386e+01 0.00000000e+00
0.00000000e+00 1.35772943e+01 0.00000000e+00
0.00000000e+00 1.36001500e+01 0.00000000e+00
0.00000000e+00 1.36230057e+01 0.00000000e+00
0.00000000e+00 1.36458614e+01 0.00000000e+00
0.00000000e+00 1.36687171e+01 0.00000000e+00
0.00000000e+00 1.36915729e+01 0.00000000e+00
0.00000000e+00 1.37144286e+01 0.00000000e+00
0.00000000e+00 1.37372843e+01 0.00000000e+00
0.00000000e+00 1.37601400e+01 0.00000000e+00
0.00000000e+00 1.37829957e+01 0.00000000e+00
0.00000000e+00 1.38058514e+01 0.00000000e+00
0.00000000e+00 1.38287071e+01 0.00000000e+00
0.00000000e+00 1.38515629e+01 0.00000000e+00
0.00000000e+00 1.38744186e+01 0.00000000e+00
0.00000000e+00 1.38972743e+01 0.00000000e+00
0.00000000e+00 1.39201300e+01 0.00000000e+00
0.00000000e+00 1.39429857e+01 0.00000000e+00
0.00000000e+00 1.39658414e+01 0.00000000e+00
0.00000000e+00 1.39886971e+01 0.00000000e+00
0.00000000e+00 1.40115529e+01 0.00000000e+00
0.00000000e+00 1.40344086e+01 0.00000000e+00
0.00000000e+00 1.40572643e+01 0.00000000e+00
0.00000000e+00 1.40801200e+01 0.00000000e+00
0.00000000e+00 1.41029757e+01 0.00000000e+00
0.00000000e+00 1.41258314e+01 0.00000000e+00
0.00000000e+00 1.41486871e+01 0.00000000e+00
0.00000000e+00 1.41715429e+01 0.00000000e+00
0.00000000e+00 1.41943986e+01 0.00000000e+00
0.00000000e+00 1.42172543e+01 0.00000000e+00
0.00000000e+00 1.42401100e+01 0.00000000e+00
0.00000000e+00 1.42629657e+01 0.00000000e+00
0.00000000e+00 1.42858214e+01 0.00000000e+00
0.00000000e+00 1.43086771e+01 0.00000000e+00
0.00000000e+00 1.43315329e+01 0.00000000e+00
0.00000000e+00 1.43543886e+01 0.00000000e+00
0.00000000e+00 1.43772443e+01 0.00000000e+00
0.00000000e+00 1.44001000e+01 0.00000000e+00
0.00000000e+00 1.44229557e+01 0.00000000e+00
0.00000000e+00 1.44458114e+01 0.00000000e+00
0.00000000e+00 1.44686671e+01 0.00000000e+00
0.00000000e+00 1.44915229e+01 0.00000000e+00
0.00000000e+00 1.45143786e+01 0.00000000e+00
0.00000000e+00 1.45372343e+01 0.00000000e+00
0.00000000e+00 1.45600900e+01 0.00000000e+00
0.00000000e+00 1.45829457e+01 0.00000000e+00
0.00000000e+00 1.46058014e+01 0.00000000e+00
0.00000000e+00 1.46286571e+01 0.00000000e+00
0.00000000e+00 1.46515129e+01 0.00000000e+00
0.00000000e+00 1.46743686e+01 0.00000000e+00
0.00000000e+00 1.46972243e+01 0.00000000e+00
0.00000000e+00 1.47200800e+01 0.00000000e+00
0.00000000e+00 1.47429357e+01 0.00000000e+00
0.00000000e+00 1.47657914e+01 0.00000000e+00
0.00000000e+00 1.47886471e+01 0.00000000e+00
0.00000000e+00 1.48115029e+01 0.00000000e+00
0.00000000e+00 1.48343586e+01 0.00000000e+00
0.00000000e+00 1.48572143e+01 0.00000000e+00
0.00000000e+00 1.48800700e+01 0.00000000e+00
0.00000000e+00 1.49029257e+01 0.00000000e+00
0.00000000e+00 1.49257814e+01 0.00000000e+00
0.00000000e+00 1.49486371e+01 0.00000000e+00
0.00000000e+00 1.49714929e+01 0.00000000e+00
0.00000000e+00 1.49943486e+01 0.00000000e+00
0.00000000e+00 1.50172043e+01 0.00000000e+00
0.00000000e+00 1.50400600e+01 0.00000000e+00
0.00000000e+00 1.50629157e+01 0.00000000e+00
0.00000000e+00 1.50857714e+01 0.00000000e+00
0.00000000e+00 1.51086271e+01 0.00000000e+00
0.00000000e+00 1.51314829e+01 0.00000000e+00
0.00000000e+00 1.51543386e+01 0.00000000e+00
0.00000000e+00 1.51771943e+01 0.00000000e+00
0.00000000e+00 1.52000500e+01 0.00000000e+00
0.00000000e+00 1.52229057e+01 0.00000000e+00
0.00000000e+00 1.52457614e+01 0.00000000e+00
0.00000000e+00 1.52686171e+01 0.00000000e+00
0.00000000e+00 1.52914729e+01 0.00000000e+00
0.00000000e+00 1.53143286e+01 0.00000000e+00
0.00000000e+00 1.53371843e+01 0.00000000e+00
0.00000000e+00 1.53600400e+01 0.00000000e+00
0.00000000e+00 1.53828957e+01 0.00000000e+00
0.00000000e+00 1.54057514e+01 0.00000000e+00
0.00000000e+00 1.54286071e+01 0.00000000e+00
0.00000000e+00 1.54514629e+01 0.00000000e+00
0.00000000e+00 1.54743186e+01 0.00000000e+00
0.00000000e+00 1.54971743e+01 0.00000000e+00
0.00000000e+00 1.55200300e+01 0.00000000e+00
0.00000000e+00 1.55428857e+01 0.00000000e+00
0.00000000e+00 1.55657414e+01 0.00000000e+00
0.00000000e+00 1.55885971e+01 0.00000000e+00
0.00000000e+00 1.56114529e+01 0.00000000e+00
0.00000000e+00 1.56343086e+01 0.00000000e+00
0.00000000e+00 1.56571643e+01 0.00000000e+00
0.00000000e+00 1.56800200e+01 0.00000000e+00
0.00000000e+00 1.57028757e+01 0.00000000e+00
0.00000000e+00 1.57257314e+01 0.00000000e+00
0.00000000e+00 1.57485871e+01 0.00000000e+00
0.00000000e+00 1.57714429e+01 0.00000000e+00
0.00000000e+00 1.57942986e+01 0.00000000e+00
0.00000000e+00 1.58171543e+01 0.00000000e+00
0.00000000e+00 1.58400100e+01 0.00000000e+00
0.00000000e+00 1.58628657e+01 0.00000000e+00
0.00000000e+00 1.58857214e+01 0.00000000e+00
0.00000000e+00 1.59085771e+01 0.00000000e+00
0.00000000e+00 1.59314329e+01 0.00000000e+00
0.00000000e+00 1.59542886e+01 0.00000000e+00
0.00000000e+00 1.59771443e+01 0.00000000e+00
2.00000000e-01 1.00000000e-03 8.54932038e-06
2.00000000e-01 2.38557143e-02 3.86287222e+03
2.00000000e-01 4.67114286e-02 6.86819339e+04
2.00000000e-01 6.95671429e-02 3.42549973e+05
2.00000000e-01 9.24228571e-02 1.06490566e+06
2.00000000e-01 1.15278571e-01 2.59406159e+06
2.00000000e-01 1.38134286e-01 5.48547357e+06
2.00000000e-01 1.60990000e-01 1.07571646e+07
2.00000000e-01 1.83845714e-01 1.99988868e+07
2.00000000e-01 2.06701429e-01 3.37479406e+07
2.00000000e-01 2.29557143e-01 5.24049218e+07
2.00000000e-01 2.52412857e-01 7.60517527e+07
2.00000000e-01 2.75268571e-01 1.04366747e+08
2.00000000e-01 2.98124286e-01 1.36400318e+08
2.00000000e-01 3.20980000e-01 1.71614680e+08
2.00000000e-01 3.43835714e-01 2.10683932e+08
2.00000000e-01 3.66691429e-01 2.53863167e+08
2.00000000e-01 3.89547143e-01 3.01304379e+08
2.00000000e-01 4.12402857e-01 3.53112451e+08
2.00000000e-01 4.35258571e-01 4.09362764e+08
2.00000000e-01 4.58114286e-01 4.70107708e+08
2.00000000e-01 4.80970000e-01 5.35381506e+08
2.00000000e-01 5.03825714e-01 6.05202463e+08
2.00000000e-01 5.26681429e-01 6.79573965e+08
2.00000000e-01 5.49537143e-01 7.58485501e+08
2.00000000e-01 5.72392857e-01 8.41914073e+08
2.00000000e-01 5.95248571e-01 9.29828219e+08
2.00000000e-01 6.18104286e-01 1.02218314e+09
2.00000000e-01 6.40960000e-01 1.11892454e+09
2.00000000e-01 6.63815714e-01 1.21999098e+09
2.00000000e-01 6.86671429e-01 1.32531148e+09
2.00000000e-01 7.09527143e-01 1.43480837e+09
2.00000000e-01 7.32382857e-01 1.54839628e+09
2.00000000e-01 7.55238571e-01 1.66598446e+09
2.00000000e-01 7.78094286e-01 1.78747332e+09
2.00000000e-01 8.00950000e-01 1.91276196e+09
2.00000000e-01 8.23805714e-01 2.04173905e+09
2.00000000e-01 8.46661429e-01 2.17429585e+09
2.00000000e-01 8.69517143e-01 2.31031555e+09
2.00000000e-01 8.92372857e-01 2.44967603e+09
2.00000000e-01 9.15228571e-01 2.59225526e+09
2.00000000e-01 9.38084286e-01 2.73792604e+09
2.00000000e-01 9.60940000e-01 2.88656176e+09
2.00000000e-01 9.83795714e-01 3.03802829e+09
2.00000000e-01 1.00665143e+00 3.19219595e+09
2.00000000e-01 1.02950714e+00 3.34892719e+09
2.00000000e-01 1.05236286e+00 3.50808674e+09
2.00000000e-01 1.07521857e+00 3.66953892e+09
2.00000000e-01 1.09807429e+00 3.83314615e+09
2.00000000e-01 1.12093000e+00 3.99876995e+09
2.00000000e-01 1.14378571e+00 4.16627104e+09
2.00000000e-01 1.16664143e+00 4.33551294e+09
2.00000000e-01 1.18949714e+00 4.50635706e+09
2.00000000e-01 1.21235286e+00 4.67866672e+09
2.00000000e-01 1.23520857e+00 4.85230543e+09
2.00000000e-01 1.25806429e+00 5.02713526e+09
2.00000000e-01 1.28092000e+00 5.20302363e+09
2.00000000e-01 1.30377571e+00 5.37983607e+09
2.00000000e-01 1.32663143e+00 5.55743708e+09
2.00000000e-01 1.34948714e+00 5.73570131e+09
2.00000000e-01 1.37234286e+00 5.91449436e+09
2.00000000e-01 1.39519857e+00 6.09368752e+09
2.00000000e-01 1.41805429e+00 6.27315964e+09
2.00000000e-01 1.44091000e+00 6.45277908e+09
2.00000000e-01 1.46376571e+00 6.63242970e+09
2.00000000e-01 1.48662143e+00 6.81199409e+09
2.00000000e-01 1.50947714e+00 6.99134872e+09
2.00000000e-01 1.53233286e+00 7.17038023e+09
2.00000000e-01 1.55518857e+00 7.34897591e+09
2.00000000e-01 1.57804429e+00 7.52702510e+09
2.00000000e-01 1.60090000e+00 7.70442002e+09
2.00000000e-01 1.62375571e+00 7.88105383e+09
2.00000000e-01 1.64661143e+00 8.05682194e+09
2.00000000e-01 1.66946714e+00 8.23162565e+09
2.00000000e-01 1.69232286e+00 8.40536765e+09
2.00000000e-01 1.71517857e+00 8.57795548e+09
2.00000000e-01 1.73803429e+00 8.74929297e+09
2.00000000e-01 1.76089000e+00 8.91929143e+09
2.00000000e-01 1.78374571e+00 9.08786153e+09
2.00000000e-01 1.80660143e+00 9.25492333e+09
2.00000000e-01 1.82945714e+00 9.42039328e+09
2.00000000e-01 1.85231286e+00 9.58418449e+09
2.00000000e-01 1.87516857e+00 9.74624243e+09
2.00000000e-01 1.89802429e+00 9.90648044e+09
2.00000000e-01 1.92088000e+00 1.00648260e+10
2.00000000e-01 1.94373571e+00 1.02212177e+10
2.00000000e-01 1.96659143e+00 1.03755925e+10
2.00000000e-01 1.98944714e+00 1.05278832e+10
2.00000000e-01 2.01230286e+00 1.06780337e+10
2.00000000e-01 2.03515857e+00 1.08259845e+10
2.00000000e-01 2.05801429e+00 1.09716782e+10
2.00000000e-01 2.08087000e+00 1.11150739e+10
2.00000000e-01 2.10372571e+00 1.12561183e+10
2.00000000e-01 2.12658143e+00 1.13947674e+10
2.00000000e-01 2.14943714e+00 1.15309762e+10
2.00000000e-01 2.17229286e+00 1.16647015e+10
2.00000000e-01 2.19514857e+00 1.17959065e+10
2.00000000e-01 2.21800429e+00 1.19245576e+10
2.00000000e-01 2.24086000e+00 1.20506189e+10
2.00000000e-01 2.26371571e+00 1.21740631e+10
2.00000000e-01 2.28657143e+00 1.22948563e+10
2.00000000e-01 2.30942714e+00 1.24129672e+10
2.00000000e-01 2.33228286e+00 1.25283884e+10
2.00000000e-01 2.35513857e+00 1.26410890e+10
2.00000000e-01 2.37799429e+00 1.27510468e+10
2.00000000e-01 2.40085000e+00 1.28582513e+10
2.00000000e-01 2.42370571e+00 1.29626793e+10
2.00000000e-01 2.44656143e+00 1.30643188e+10
2.00000000e-01 2.46941714e+00 1.31631593e+10
2.00000000e-01 2.49227286e+00 1.32591943e+10
2.00000000e-01 2.51512857e+00 1.33524163e+10
2.00000000e-01 2.53798429e+00 1.34428097e+10
2.00000000e-01 2.56084000e+00 1.35303804e+10
2.00000000e-01 2.58369571e+00 1.36151217e+10
2.00000000e-01 2.60655143e+00 1.36970328e+10
2.00000000e-01 2.62940714e+00 1.37761144e+10
2.00000000e-01 2.65226286e+00 1.38523753e+10
2.00000000e-01 2.67511857e+00 1.39258148e+10
2.00000000e-01 2.69797429e+00 1.39964385e+10
2.00000000e-01 2.72083000e+00 1.40642604e+10
2.00000000e-01 2.74368571e+00 1.41292740e+10
2.00000000e-01 2.76654143e+00 1.41915039e+10
2.00000000e-01 2.78939714e+00 1.42509551e+10
2.00000000e-01 2.81225286e+00 1.43076428e+10
2.00000000e-01 2.83510857e+00 1.43615781e+10
2.00000000e-01 2.85796429e+00 1.44127779e+10
2.00000000e-01 2.88082000e+00 1.44612574e+10
2.00000000e-01 2.90367571e+00 1.45070361e+10
2.00000000e-01 2.92653143e+00 1.45501317e+10
2.00000000e-01 2.94938714e+00 1.45905607e+10
2.00000000e-01 2.97224286e+00 1.46283469e+10
2.00000000e-01 2.99509857e+00 1.46635099e+10
2.00000000e-01 3.01795429e+00 1.46960740e+10
2.00000000e-01 3.04081000e+00 1.47260563e+10
2.00000000e-01 3.06366571e+00 1.47534896e+10
2.00000000e-01 3.08652143e+00 1.47783939e+10
2.00000000e-01 3.10937714e+00 1.48007947e+10
2.00000000e-01 3.13223286e+00 1.48207183e+10
2.00000000e-01 3.15508857e+00 1.48381934e+10
2.00000000e-01 3.17794429e+00 1.48532459e+10
2.00000000e-01 3.20080000e+00 1.48659058e+10
2.00000000e-01 3.22365571e+00 1.48761977e+10
2.00000000e-01 3.24651143e+00 1.48841541e+10
2.00000000e-01 3.26936714e+00 1.48898039e+10
2.00000000e-01 3.29222286e+00 1.48931772e+10
2.00000000e-01 3.31507857e+00 1.48943039e+10
2.00000000e-01 3.33793429e+00 1.48932155e+10
2.00000000e-01 3.36079000e+00 1.48899431e+10
2.00000000e-01 3.38364571e+00 1.48845189e+10
2.00000000e-01 3.40650143e+00 1.48769775e+10
2.00000000e-01 3.42935714e+00 1.48673440e+10
2.00000000e-01 3.45221286e+00 1.48556558e+10
2.00000000e-01 3.47506857e+00 1.48419455e+10
2.00000000e-01 3.49792429e+00 1.48262432e+10
2.00000000e-01 3.52078000e+00 1.48085857e+10
2.00000000e-01 3.54363571e+00 1.47890052e+10
2.00000000e-01 3.56649143e+00 1.47675350e+10
2.00000000e-01 3.58934714e+00 1.47442077e+10
2.00000000e-01 3.61220286e+00 1.47190579e+10
2.00000000e-01 3.63505857e+00 1.46921189e+10
2.00000000e-01 3.65791429e+00 1.46634245e+10
2.00000000e-01 3.68077000e+00 1.46330082e+10
2.00000000e-01 3.70362571e+00 1.46009040e+10
2.00000000e-01 3.72648143e+00 1.45671457e+10
2.00000000e-01 3.74933714e+00 1.45317671e+10
2.00000000e-01 3.77219286e+00 1.44948014e+10
2.00000000e-01 3.79504857e+00 1.44562802e+10
2.00000000e-01 3.81790429e+00 1.44162413e+10
2.00000000e-01 3.84076000e+00 1.43747159e+10
2.00000000e-01 3.86361571e+00 1.43317309e+10
2.00000000e-01 3.88647143e+00 1.42873323e+10
2.00000000e-01 3.90932714e+00 1.42415465e+10
2.00000000e-01 3.93218286e+00 1.41944072e+10
2.00000000e-01 3.95503857e+00 1.41459451e+10
2.00000000e-01 3.97789429e+00 1.40961958e+10
2.00000000e-01 4.00075000e+00 1.40451880e+10
2.00000000e-01 4.02360571e+00 1.39929513e+10
2.00000000e-01 4.04646143e+00 1.39395240e+10
2.00000000e-01 4.06931714e+00 1.38849399e+10
2.00000000e-01 4.09217286e+00 1.38292233e+10
2.00000000e-01 4.11502857e+00 1.37724076e+10
2.00000000e-01 4.13788429e+00 1.37145240e+10
2.00000000e-01 4.16074000e+00 1.36556031e+10
2.00000000e-01 4.18359571e+00 1.35956765e+10
2.00000000e-01 4.20645143e+00 1.35347716e+10
2.00000000e-01 4.22930714e+00 1.34729194e+10
2.00000000e-01 4.25216286e+00 1.34101499e+10
2.00000000e-01 4.27501857e+00 1.33464915e+10
2.00000000e-01 4.29787429e+00 1.32819720e+10
2.00000000e-01 4.32073000e+00 1.32166226e+10
2.00000000e-01 4.34358571e+00 1.31504703e+10
2.00000000e-01 4.36644143e+00 1.30835427e+10
2.00000000e-01 4.38929714e+00 1.30158678e+10
2.00000000e-01 4.41215286e+00 1.29474723e+10
2.00000000e-01 4.43500857e+00 1.28783852e+10
2.00000000e-01 4.45786429e+00 1.28086307e+10
2.00000000e-01 4.48072000e+00 1.27382345e+10
2.00000000e-01 4.50357571e+00 1.26672228e+10
2.00000000e-01 4.52643143e+00 1.25956230e+10
2.00000000e-01 4.54928714e+00 1.25234591e+10
2.00000000e-01 4.57214286e+00 1.24507551e+10
2.00000000e-01 4.59499857e+00 1.23775375e+10
2.00000000e-01 4.61785429e+00 1.23038313e+10
2.00000000e-01 4.64071000e+00 1.22296566e+10
2.00000000e-01 4.66356571e+00 1.21550377e+10
2.00000000e-01 4.68642143e+00 1.20799977e+10
2.00000000e-01 4.70927714e+00 1.20045606e+10
2.00000000e-01 4.73213286e+00 1.19287481e+10
2.00000000e-01 4.75498857e+00 1.18525821e+10
2.00000000e-01 4.77784429e+00 1.17760841e+10
2.00000000e-01 4.80070000e+00 1.16992755e+10
2.00000000e-01 4.82355571e+00 1.16221772e+10
2.00000000e-01 4.84641143e+00 1.15448094e+10
2.00000000e-01 4.86926714e+00 1.14671925e+10
2.00000000e-01 4.89212286e+00 1.13893463e+10
2.00000000e-01 4.91497857e+00 1.13112903e+10
2.00000000e-01 4.93783429e+00 1.12330432e+10
2.00000000e-01 4.96069000e+00 1.11546243e+10
2.00000000e-01 4.98354571e+00 1.10760517e+10
2.00000000e-01 5.00640143e+00 1.09973434e+10
2.00000000e-01 5.02925714e+00 1.09185171e+10
2.00000000e-01 5.05211286e+00 1.08395902e+10
2.00000000e-01 5.07496857e+00 1.07605797e+10
2.00000000e-01 5.09782429e+00 1.06815023e+10
2.00000000e-01 5.12068000e+00 1.06023741e+10
2.00000000e-01 5.14353571e+00 1.05232116e+10
2.00000000e-01 5.16639143e+00 1.04440305e+10
2.00000000e-01 5.18924714e+00 1.03648449e+10
2.00000000e-01 5.21210286e+00 1.02856708e+10
2.00000000e-01 5.23495857e+00 1.02065224e+10
2.00000000e-01 5.25781429e+00 1.01274144e+10
2.00000000e-01 5.28067000e+00 1.00483604e+10
2.00000000e-01 5.30352571e+00 9.96937478e+09
2.00000000e-01 5.32638143e+00 9.89046894e+09
2.00000000e-01 5.34923714e+00 9.81165893e+09
2.00000000e-01 5.37209286e+00 9.73295610e+09
2.00000000e-01 5.39494857e+00 9.65437290e+09
2.00000000e-01 5.41780429e+00 9.57592058e+09
2.00000000e-01 5.44066000e+00 9.49761154e+09
2.00000000e-01 5.46351571e+00 9.41945887e+09
2.00000000e-01 5.48637143e+00 9.34147286e+09
2.00000000e-01 5.50922714e+00 9.26366429e+09
2.00000000e-01 5.53208286e+00 9.18604353e+09
2.00000000e-01 5.55493857e+00 9.10862169e+09
2.00000000e-01 5.57779429e+00 9.03140855e+09
2.00000000e-01 5.60065000e+00 8.95441308e+09
2.00000000e-01 5.62350571e+00 8.87764668e+09
2.00000000e-01 5.64636143e+00 8.80111805e+09
2.00000000e-01 5.66921714e+00 8.72483583e+09
2.00000000e-01 5.69207286e+00 8.64880878e+09
2.00000000e-01 5.71492857e+00 8.57304579e+09
2.00000000e-01 5.73778429e+00 8.49755495e+09
2.00000000e-01 5.76064000e+00 8.42234430e+09
2.00000000e-01 5.78349571e+00 8.34742127e+09
2.00000000e-01 5.80635143e+00 8.27279367e+09
2.00000000e-01 5.82920714e+00 8.19846929e+09
2.00000000e-01 5.85206286e+00 8.12445511e+09
2.00000000e-01 5.87491857e+00 8.05075753e+09
2.00000000e-01 5.89777429e+00 7.97738280e+09
2.00000000e-01 5.92063000e+00 7.90433879e+09
2.00000000e-01 5.94348571e+00 7.83163038e+09
2.00000000e-01 5.96634143e+00 7.75926427e+09
2.00000000e-01 5.98919714e+00 7.68724639e+09
2.00000000e-01 6.01205286e+00 7.61558281e+09
2.00000000e-01 6.03490857e+00 7.54427650e+09
2.00000000e-01 6.05776429e+00 7.47333353e+09
2.00000000e-01 6.08062000e+00 7.40276007e+09
2.00000000e-01 6.10347571e+00 7.33256015e+09
2.00000000e-01 6.12633143e+00 7.26273783e+09
2.00000000e-01 6.14918714e+00 7.19329773e+09
2.00000000e-01 6.17204286e+00 7.12424393e+09
2.00000000e-01 6.19489857e+00 7.05558068e+09
2.00000000e-01 6.21775429e+00 6.98731181e+09
2.00000000e-01 6.24061000e+00 6.91944099e+09
2.00000000e-01 6.26346571e+00 6.85197170e+09
2.00000000e-01 6.28632143e+00 6.78490701e+09
2.00000000e-01 6.30917714e+00 6.71825018e+09
2.00000000e-01 6.33203286e+00 6.65200405e+09
2.00000000e-01 6.35488857e+00 6.58617230e+09
2.00000000e-01 6.37774429e+00 6.52075617e+09
2.00000000e-01 6.40060000e+00 6.45575878e+09
2.00000000e-01 6.42345571e+00 6.39118247e+09
2.00000000e-01 6.44631143e+00 6.32702952e+09
2.00000000e-01 6.46916714e+00 6.26330196e+09
2.00000000e-01 6.49202286e+00 6.20000156e+09
2.00000000e-01 6.51487857e+00 6.13713036e+09
2.00000000e-01 6.53773429e+00 6.07469088e+09
2.00000000e-01 6.56059000e+00 6.01268259e+09
2.00000000e-01 6.58344571e+00 5.95110806e+09
2.00000000e-01 6.60630143e+00 5.88996880e+09
2.00000000e-01 6.62915714e+00 5.82926519e+09
2.00000000e-01 6.65201286e+00 5.76899853e+09
2.00000000e-01 6.67486857e+00 5.70916863e+09
2.00000000e-01 6.69772429e+00 5.64977912e+09
2.00000000e-01 6.72058000e+00 5.59082882e+09
2.00000000e-01 6.74343571e+00 5.53231839e+09
2.00000000e-01 6.76629143e+00 5.47424855e+09
2.00000000e-01 6.78914714e+00 5.41661947e+09
2.00000000e-01 6.81200286e+00 5.35943148e+09
2.00000000e-01 6.83485857e+00 5.30268452e+09
2.00000000e-01 6.85771429e+00 5.24637910e+09
2.00000000e-01 6.88057000e+00 5.19051537e+09
2.00000000e-01 6.90342571e+00 5.13509217e+09
2.00000000e-01 6.92628143e+00 5.08010937e+09
2.00000000e-01 6.94913714e+00 5.02556729e+09
2.00000000e-01 6.97199286e+00 4.97146574e+09
2.00000000e-01 6.99484857e+00 4.91780385e+09
2.00000000e-01 7.01770429e+00 4.86458099e+09
2.00000000e-01 7.04056000e+00 4.81179631e+09
2.00000000e-01 7.06341571e+00 4.75944984e+09
2.00000000e-01 7.08627143e+00 4.70754035e+09
2.00000000e-01 7.10912714e+00 4.65606700e+09
2.00000000e-01 7.13198286e+00 4.60502881e+09
2.00000000e-01 7.15483857e+00 4.55442487e+09
2.00000000e-01 7.17769429e+00 4.50425399e+09
2.00000000e-01 7.20055000e+00 4.45451518e+09
2.00000000e-01 7.22340571e+00 4.40520720e+09
2.00000000e-01 7.24626143e+00 4.35632880e+09
2.00000000e-01 7.26911714e+00 4.30787864e+09
2.00000000e-01 7.29197286e+00 4.25985542e+09
2.00000000e-01 7.31482857e+00 4.21225768e+09
2.00000000e-01 7.33768429e+00 4.16508385e+09
2.00000000e-01 7.36054000e+00 4.11833247e+09
2.00000000e-01 7.38339571e+00 4.07200198e+09
2.00000000e-01 7.40625143e+00 4.02609022e+09
2.00000000e-01 7.42910714e+00 3.98059655e+09
2.00000000e-01 7.45196286e+00 3.93551875e+09
2.00000000e-01 7.47481857e+00 3.89085505e+09
2.00000000e-01 7.49767429e+00 3.84660366e+09
2.00000000e-01 7.52053000e+00 3.80276287e+09
2.00000000e-01 7.54338571e+00 3.75933058e+09
2.00000000e-01 7.56624143e+00 3.71630763e+09
2.00000000e-01 7.58909714e+00 3.67368652e+09
2.00000000e-01 7.61195286e+00 3.63146831e+09
2.00000000e-01 7.63480857e+00 3.58965056e+09
2.00000000e-01 7.65766429e+00 3.54823142e+09
2.00000000e-01 7.68052000e+00 3.50720885e+09
2.00000000e-01 7.70337571e+00 3.46658063e+09
2.00000000e-01 7.72623143e+00 3.42634542e+09
2.00000000e-01 7.74908714e+00 3.38649953e+09
2.00000000e-01 7.77194286e+00 3.34704154e+09
2.00000000e-01 7.79479857e+00 3.30796990e+09
2.00000000e-01 7.81765429e+00 3.26928076e+09
2.00000000e-01 7.84051000e+00 3.23097297e+09
2.00000000e-01 7.86336571e+00 3.19304524e+09
2.00000000e-01 7.88622143e+00 3.15549293e+09
2.00000000e-01 7.90907714e+00 3.11831477e+09
2.00000000e-01 7.93193286e+00 3.08150820e+09
2.00000000e-01 7.95478857e+00 3.04507132e+09
2.00000000e-01 7.97764429e+00 3.00900164e+09
2.00000000e-01 8.00050000e+00 2.97329618e+09
2.00000000e-01 8.02335571e+00 2.93795354e+09
2.00000000e-01 8.04621143e+00 2.90297081e+09
2.00000000e-01 8.06906714e+00 2.86834552e+09
2.00000000e-01 8.09192286e+00 2.83407524e+09
2.00000000e-01 8.11477857e+00 2.80015751e+09
2.00000000e-01 8.13763429e+00 2.76658981e+09
2.00000000e-01 8.16049000e+00 2.73336980e+09
2.00000000e-01 8.18334571e+00 2.70049492e+09
2.00000000e-01 8.20620143e+00 2.66796266e+09
2.00000000e-01 8.22905714e+00 2.63577053e+09
2.00000000e-01 8.25191286e+00 2.60391618e+09
2.00000000e-01 8.27476857e+00 2.57239683e+09
2.00000000e-01 8.29762429e+00 2.54121007e+09
2.00000000e-01 8.32048000e+00 2.51035335e+09
2.00000000e-01 8.34333571e+00 2.47982464e+09
2.00000000e-01 8.36619143e+00 2.44962057e+09
2.00000000e-01 8.38904714e+00 2.41973886e+09
2.00000000e-01 8.41190286e+00 2.39017729e+09
2.00000000e-01 8.43475857e+00 2.36093323e+09
2.00000000e-01 8.45761429e+00 2.33200410e+09
2.00000000e-01 8.48047000e+00 2.30338741e+09
2.00000000e-01 8.50332571e+00 2.27508041e+09
2.00000000e-01 8.52618143e+00 2.24708098e+09
2.00000000e-01 8.54903714e+00 2.21938641e+09
2.00000000e-01 8.57189286e+00 2.19199415e+09
2.00000000e-01 8.59474857e+00 2.16490137e+09
2.00000000e-01 8.61760429e+00 2.13810628e+09
2.00000000e-01 8.64046000e+00 2.11160600e+09
2.00000000e-01 8.66331571e+00 2.08539806e+09
2.00000000e-01 8.68617143e+00 2.05947989e+09
2.00000000e-01 8.70902714e+00 2.03384904e+09
2.00000000e-01 8.73188286e+00 2.00850295e+09
2.00000000e-01 8.75473857e+00 1.98343928e+09
2.00000000e-01 8.77759429e+00 1.95865550e+09
2.00000000e-01 8.80045000e+00 1.93414899e+09
2.00000000e-01 8.82330571e+00 1.90991759e+09
2.00000000e-01 8.84616143e+00 1.88595866e+09
2.00000000e-01 8.86901714e+00 1.86226984e+09
2.00000000e-01 8.89187286e+00 1.83884873e+09
2.00000000e-01 8.91472857e+00 1.81569274e+09
2.00000000e-01 8.93758429e+00 1.79279956e+09
2.00000000e-01 8.96044000e+00 1.77016673e+09
2.00000000e-01 8.98329571e+00 1.74779216e+09
2.00000000e-01 9.00615143e+00 1.72567299e+09
2.00000000e-01 9.02900714e+00 1.70380700e+09
2.00000000e-01 9.05186286e+00 1.68219196e+09
2.00000000e-01 9.07471857e+00 1.66082536e+09
2.00000000e-01 9.09757429e+00 1.63970469e+09
2.00000000e-01 9.12043000e+00 1.61882835e+09
2.00000000e-01 9.14328571e+00 1.59819271e+09
2.00000000e-01 9.16614143e+00 1.57779709e+09
2.00000000e-01 9.18899714e+00 1.55763816e+09
2.00000000e-01 9.21185286e+00 1.53771382e+09
2.00000000e-01 9.23470857e+00 1.51802183e+09
2.00000000e-01 9.25756429e+00 1.49855968e+09
2.00000000e-01 9.28042000e+00 1.47932564e+09
2.00000000e-01 9.30327571e+00 1.46031724e+09
2.00000000e-01 9.32613143e+00 1.44153216e+09
2.00000000e-01 9.34898714e+00 1.42296828e+09
2.00000000e-01 9.37184286e+00 1.40462335e+09
2.00000000e-01 9.39469857e+00 1.38649527e+09
2.00000000e-01 9.41755429e+00 1.36858178e+09
2.00000000e-01 9.44041000e+00 1.35088074e+09
2.00000000e-01 9.46326571e+00 1.33339005e+09
2.00000000e-01 9.48612143e+00 1.31610801e+09
2.00000000e-01 9.50897714e+00 1.29903142e+09
2.00000000e-01 9.53183286e+00 1.28215883e+09
2.00000000e-01 9.55468857e+00 1.26548825e+09
2.00000000e-01 9.57754429e+00 1.24901741e+09
2.00000000e-01 9.60040000e+00 1.23274435e+09
2.00000000e-01 9.62325571e+00 1.21666703e+09
2.00000000e-01 9.64611143e+00 1.20078339e+09
2.00000000e-01 9.66896714e+00 1.18509137e+09
2.00000000e-01 9.69182286e+00 1.16958899e+09
2.00000000e-01 9.71467857e+00 1.15427375e+09
2.00000000e-01 9.73753429e+00 1.13914480e+09
2.00000000e-01 9.76039000e+00 1.12419984e+09
2.00000000e-01 9.78324571e+00 1.10943593e+09
2.00000000e-01 9.80610143e+00 1.09485241e+09
2.00000000e-01 9.82895714e+00 1.08044674e+09
2.00000000e-01 9.85181286e+00 1.06621724e+09
2.00000000e-01 9.87466857e+00 1.05216182e+09
2.00000000e-01 9.89752429e+00 1.03827874e+09
2.00000000e-01 9.92038000e+00 1.02456604e+09
2.00000000e-01 9.94323571e+00 1.01102201e+09
2.00000000e-01 9.96609143e+00 9.97644846e+08
2.00000000e-01 9.98894714e+00 9.84432566e+08
2.00000000e-01 1.00118029e+01 9.71383780e+08
2.00000000e-01 1.00346586e+01 9.58496064e+08
2.00000000e-01 1.00575143e+01 9.45767905e+08
2.00000000e-01 1.00803700e+01 9.33197581e+08
2.00000000e-01 1.01032257e+01 9.20783399e+08
2.00000000e-01 1.01260814e+01 9.08523745e+08
2.00000000e-01 1.01489371e+01 8.96416630e+08
2.00000000e-01 1.01717929e+01 8.84460596e+08
2.00000000e-01 1.01946486e+01 8.72653802e+08
2.00000000e-01 1.02175043e+01 8.60994730e+08
2.00000000e-01 1.02403600e+01 8.49481445e+08
2.00000000e-01 1.02632157e+01 8.38112658e+08
2.00000000e-01 1.02860714e+01 8.26886648e+08
2.00000000e-01 1.03089271e+01 8.15801769e+08
2.00000000e-01 1.03317829e+01 8.04856339e+08
2.00000000e-01 1.03546386e+01 7.94048919e+08
2.00000000e-01 1.03774943e+01 7.83377906e+08
2.00000000e-01 1.04003500e+01 7.72841738e+08
2.00000000e-01 1.04232057e+01 7.62438839e+08
2.00000000e-01 1.04460614e+01 7.52167718e+08
2.00000000e-01 1.04689171e+01 7.42026919e+08
2.00000000e-01 1.04917729e+01 7.32014936e+08
2.00000000e-01 1.05146286e+01 7.22130124e+08
2.00000000e-01 1.05374843e+01 7.12371252e+08
2.00000000e-01 1.05603400e+01 7.02736762e+08
2.00000000e-01 1.05831957e+01 6.93225218e+08
2.00000000e-01 1.06060514e+01 6.83835174e+08
2.00000000e-01 1.06289071e+01 6.74565255e+08
2.00000000e-01 1.06517629e+01 6.65414057e+08
2.00000000e-01 1.06746186e+01 6.56380415e+08
2.00000000e-01 1.06974743e+01 6.47462485e+08
2.00000000e-01 1.07203300e+01 6.38659154e+08
2.00000000e-01 1.07431857e+01 6.29969076e+08
2.00000000e-01 1.07660414e+01 6.21390883e+08
2.00000000e-01 1.07888971e+01 6.12923326e+08
2.00000000e-01 1.08117529e+01 6.04565067e+08
2.00000000e-01 1.08346086e+01 5.96314811e+08
2.00000000e-01 1.08574643e+01 5.88171284e+08
2.00000000e-01 1.08803200e+01 5.80133123e+08
2.00000000e-01 1.09031757e+01 5.72199264e+08
2.00000000e-01 1.09260314e+01 5.64368369e+08
2.00000000e-01 1.09488871e+01 5.56639242e+08
2.00000000e-01 1.09717429e+01 5.49010636e+08
2.00000000e-01 1.09945986e+01 5.41481317e+08
2.00000000e-01 1.10174543e+01 5.34050112e+08
2.00000000e-01 1.10403100e+01 5.26715876e+08
2.00000000e-01 1.10631657e+01 5.19477407e+08
2.00000000e-01 1.10860214e+01 5.12333560e+08
2.00000000e-01 1.11088771e+01 5.05283196e+08
2.00000000e-01 1.11317329e+01 4.98325181e+08
2.00000000e-01 1.11545886e+01 4.91458304e+08
2.00000000e-01 1.11774443e+01 4.84681520e+08
2.00000000e-01 1.12003000e+01 4.77993898e+08
2.00000000e-01 1.12231557e+01 4.71394250e+08
2.00000000e-01 1.12460114e+01 4.64881442e+08
2.00000000e-01 1.12688671e+01 4.58454414e+08
2.00000000e-01 1.12917229e+01 4.52112172e+08
2.00000000e-01 1.13145786e+01 4.45853660e+08
2.00000000e-01 1.13374343e+01 4.39677968e+08
2.00000000e-01 1.13602900e+01 4.33583827e+08
2.00000000e-01 1.13831457e+01 4.27570360e+08
2.00000000e-01 1.14060014e+01 4.21636572e+08
2.00000000e-01 1.14288571e+01 4.15781541e+08
2.00000000e-01 1.14517129e+01 4.10004159e+08
2.00000000e-01 1.14745686e+01 4.04303552e+08
2.00000000e-01 1.14974243e+01 3.98678749e+08
2.00000000e-01 1.15202800e+01 3.93128655e+08
2.00000000e-01 1.15431357e+01 3.87652636e+08
2.00000000e-01 1.15659914e+01 3.82249630e+08
2.00000000e-01 1.15888471e+01 3.76918752e+08
2.00000000e-01 1.16117029e+01 3.71659077e+08
2.00000000e-01 1.16345586e+01 3.66469717e+08
2.00000000e-01 1.16574143e+01 3.61349776e+08
2.00000000e-01 1.16802700e+01 3.56298409e+08
2.00000000e-01 1.17031257e+01 3.51314726e+08
2.00000000e-01 1.17259814e+01 3.46397925e+08
2.00000000e-01 1.17488371e+01 3.41547119e+08
2.00000000e-01 1.17716929e+01 3.36761491e+08
2.00000000e-01 1.17945486e+01 3.32040216e+08
2.00000000e-01 1.18174043e+01 3.27382492e+08
2.00000000e-01 1.18402600e+01 3.22787496e+08
2.00000000e-01 1.18631157e+01 3.18254491e+08
2.00000000e-01 1.18859714e+01 3.13782590e+08
2.00000000e-01 1.19088271e+01 3.09371065e+08
2.00000000e-01 1.19316829e+01 3.05019133e+08
2.00000000e-01 1.19545386e+01 3.00726068e+08
2.00000000e-01 1.19773943e+01 2.96491110e+08
2.00000000e-01 1.20002500e+01 2.92313512e+08
2.00000000e-01 1.20231057e+01 2.88192592e+08
2.00000000e-01 1.20459614e+01 2.84127522e+08
2.00000000e-01 1.20688171e+01 2.80117638e+08
2.00000000e-01 1.20916729e+01 2.76162229e+08
2.00000000e-01 1.21145286e+01 2.72260601e+08
2.00000000e-01 1.21373843e+01 2.68412057e+08
2.00000000e-01 1.21602400e+01 2.64615915e+08
2.00000000e-01 1.21830957e+01 2.60871508e+08
2.00000000e-01 1.22059514e+01 2.57178163e+08
2.00000000e-01 1.22288071e+01 2.53535221e+08
2.00000000e-01 1.22516629e+01 2.49942028e+08
2.00000000e-01 1.22745186e+01 2.46397938e+08
2.00000000e-01 1.22973743e+01 2.42902317e+08
2.00000000e-01 1.23202300e+01 2.39454543e+08
2.00000000e-01 1.23430857e+01 2.36054005e+08
2.00000000e-01 1.23659414e+01 2.32700061e+08
2.00000000e-01 1.23887971e+01 2.29392109e+08
2.00000000e-01 1.24116529e+01 2.26129560e+08
2.00000000e-01 1.24345086e+01 2.22911767e+08
2.00000000e-01 1.24573643e+01 2.19738255e+08
2.00000000e-01 1.24802200e+01 2.16608347e+08
2.00000000e-01 1.25030757e+01 2.13521557e+08
2.00000000e-01 1.25259314e+01 2.10477280e+08
2.00000000e-01 1.25487871e+01 2.07474960e+08
2.00000000e-01 1.25716429e+01 2.04514075e+08
2.00000000e-01 1.25944986e+01 2.01594012e+08
2.00000000e-01 1.26173543e+01 1.98714271e+08
2.00000000e-01 1.26402100e+01 1.95874332e+08
2.00000000e-01 1.26630657e+01 1.93073652e+08
2.00000000e-01 1.26859214e+01 1.90311634e+08
2.00000000e-01 1.27087771e+01 1.87587945e+08
2.00000000e-01 1.27316329e+01 1.84901987e+08
2.00000000e-01 1.27544886e+01 1.82253265e+08
2.00000000e-01 1.27773443e+01 1.79641285e+08
2.00000000e-01 1.28002000e+01 1.77065561e+08
2.00000000e-01 1.28230557e+01 1.74525646e+08
2.00000000e-01 1.28459114e+01 1.72020995e+08
2.00000000e-01 1.28687671e+01 1.69551176e+08
2.00000000e-01 1.28916229e+01 1.67115724e+08
2.00000000e-01 1.29144786e+01 1.64714189e+08
2.00000000e-01 1.29373343e+01 1.62346111e+08
2.00000000e-01 1.29601900e+01 1.60011039e+08
2.00000000e-01 1.29830457e+01 1.57708521e+08
2.00000000e-01 1.30059014e+01 1.55438166e+08
2.00000000e-01 1.30287571e+01 1.53199511e+08
2.00000000e-01 1.30516129e+01 1.50992132e+08
2.00000000e-01 1.30744686e+01 1.48815624e+08
2.00000000e-01 1.30973243e+01 1.46669565e+08
2.00000000e-01 1.31201800e+01 1.44553523e+08
2.00000000e-01 1.31430357e+01 1.42467147e+08
2.00000000e-01 1.31658914e+01 1.40410016e+08
2.00000000e-01 1.31887471e+01 1.38381727e+08
2.00000000e-01 1.32116029e+01 1.36381898e+08
2.00000000e-01 1.32344586e+01 1.34410145e+08
2.00000000e-01 1.32573143e+01 1.32466089e+08
2.00000000e-01 1.32801700e+01 1.30549355e+08
2.00000000e-01 1.33030257e+01 1.28659580e+08
2.00000000e-01 1.33258814e+01 1.26791240e+08
2.00000000e-01 1.33487371e+01 1.24954354e+08
2.00000000e-01 1.33715929e+01 1.23143343e+08
2.00000000e-01 1.33944486e+01 1.21357891e+08
2.00000000e-01 1.34173043e+01 1.19597590e+08
2.00000000e-01 1.34401600e+01 1.17862122e+08
2.00000000e-01 1.34630157e+01 1.16151146e+08
2.00000000e-01 1.34858714e+01 1.14464340e+08
2.00000000e-01 1.35087271e+01 1.12801373e+08
2.00000000e-01 1.35315829e+01 1.11161919e+08
2.00000000e-01 1.35544386e+01 1.09545660e+08
2.00000000e-01 1.35772943e+01 1.07952274e+08
2.00000000e-01 1.36001500e+01 1.06381457e+08
2.00000000e-01 1.36230057e+01 1.04832914e+08
2.00000000e-01 1.36458614e+01 1.03306304e+08
2.00000000e-01 1.36687171e+01 1.01801352e+08
2.00000000e-01 1.36915729e+01 1.00317745e+08
2.00000000e-01 1.37144286e+01 9.88551965e+07
2.00000000e-01 1.37372843e+01 9.74134257e+07
2.00000000e-01 1.37601400e+01 9.59921638e+07
2.00000000e-01 1.37829957e+01 9.45911152e+07
2.00000000e-01 1.38058514e+01 9.32099958e+07
2.00000000e-01 1.38287071e+01 9.18485258e+07
2.00000000e-01 1.38515629e+01 9.05064559e+07
2.00000000e-01 1.38744186e+01 8.91835050e+07
2.00000000e-01 1.38972743e+01 8.78794162e+07
2.00000000e-01 1.39201300e+01 8.65939270e+07
2.00000000e-01 1.39429857e+01 8.53267811e+07
2.00000000e-01 1.39658414e+01 8.40777254e+07
2.00000000e-01 1.39886971e+01 8.28465082e+07
2.00000000e-01 1.40115529e+01 8.16328836e+07
2.00000000e-01 1.40344086e+01 8.04366142e+07
2.00000000e-01 1.40572643e+01 7.92574529e+07
2.00000000e-01 1.40801200e+01 7.80951656e+07
2.00000000e-01 1.41029757e+01 7.69495207e+07
2.00000000e-01 1.41258314e+01 7.58202822e+07
2.00000000e-01 1.41486871e+01 7.47072266e+07
2.00000000e-01 1.41715429e+01 7.36101282e+07
2.00000000e-01 1.41943986e+01 7.25287656e+07
2.00000000e-01 1.42172543e+01 7.14629141e+07
2.00000000e-01 1.42401100e+01 7.04123719e+07
2.00000000e-01 1.42629657e+01 6.93769173e+07
2.00000000e-01 1.42858214e+01 6.83563421e+07
2.00000000e-01 1.43086771e+01 6.73504414e+07
2.00000000e-01 1.43315329e+01 6.63590032e+07
2.00000000e-01 1.43543886e+01 6.53818311e+07
2.00000000e-01 1.43772443e+01 6.44187253e+07
2.00000000e-01 1.44001000e+01 6.34695167e+07
2.00000000e-01 1.44229557e+01 6.25339546e+07
2.00000000e-01 1.44458114e+01 6.16118793e+07
2.00000000e-01 1.44686671e+01 6.07031007e+07
2.00000000e-01 1.44915229e+01 5.98074338e+07
2.00000000e-01 1.45143786e+01 5.89246924e+07
2.00000000e-01 1.45372343e+01 5.80546958e+07
2.00000000e-01 1.45600900e+01 5.71972661e+07
2.00000000e-01 1.45829457e+01 5.63522265e+07
2.00000000e-01 1.46058014e+01 5.55194040e+07
2.00000000e-01 1.46286571e+01 5.46986249e+07
2.00000000e-01 1.46515129e+01 5.38897242e+07
2.00000000e-01 1.46743686e+01 5.30925287e+07
2.00000000e-01 1.46972243e+01 5.23068772e+07
2.00000000e-01 1.47200800e+01 5.15326135e+07
2.00000000e-01 1.47429357e+01 5.07695697e+07
2.00000000e-01 1.47657914e+01 5.00175877e+07
2.00000000e-01 1.47886471e+01 4.92765127e+07
2.00000000e-01 1.48115029e+01 4.85461914e+07
2.00000000e-01 1.48343586e+01 4.78264746e+07
2.00000000e-01 1.48572143e+01 4.71172080e+07
2.00000000e-01 1.48800700e+01 4.64182462e+07
2.00000000e-01 1.49029257e+01 4.57294411e+07
2.00000000e-01 1.49257814e+01 4.50506558e+07
2.00000000e-01 1.49486371e+01 4.43817386e+07
2.00000000e-01 1.49714929e+01 4.37225553e+07
2.00000000e-01 1.49943486e+01 4.30729659e+07
2.00000000e-01 1.50172043e+01 4.24328370e+07
2.00000000e-01 1.50400600e+01 4.18020337e+07
2.00000000e-01 1.50629157e+01 4.11804234e+07
2.00000000e-01 1.50857714e+01 4.05678753e+07
2.00000000e-01 1.51086271e+01 3.99642608e+07
2.00000000e-01 1.51314829e+01 3.93694548e+07
2.00000000e-01 1.51543386e+01 3.87833287e+07
2.00000000e-01 1.51771943e+01 3.82057607e+07
2.00000000e-01 1.52000500e+01 3.76366289e+07
2.00000000e-01 1.52229057e+01 3.70758129e+07
2.00000000e-01 1.52457614e+01 3.65231940e+07
2.00000000e-01 1.52686171e+01 3.59786559e+07
2.00000000e-01 1.52914729e+01 3.54420825e+07
2.00000000e-01 1.53143286e+01 3.49133629e+07
2.00000000e-01 1.53371843e+01 3.43923832e+07
2.00000000e-01 1.53600400e+01 3.38790328e+07
2.00000000e-01 1.53828957e+01 3.33732027e+07
2.00000000e-01 1.54057514e+01 3.28747849e+07
2.00000000e-01 1.54286071e+01 3.23836761e+07
2.00000000e-01 1.54514629e+01 3.18997714e+07
2.00000000e-01 1.54743186e+01 3.14229614e+07
2.00000000e-01 1.54971743e+01 3.09531489e+07
2.00000000e-01 1.55200300e+01 3.04902328e+07
2.00000000e-01 1.55428857e+01 3.00341176e+07
2.00000000e-01 1.55657414e+01 2.95847020e+07
2.00000000e-01 1.55885971e+01 2.91418949e+07
2.00000000e-01 1.56114529e+01 2.87055938e+07
2.00000000e-01 1.56343086e+01 2.82757084e+07
2.00000000e-01 1.56571643e+01 2.78521474e+07
2.00000000e-01 1.56800200e+01 2.74348215e+07
2.00000000e-01 1.57028757e+01 2.70236377e+07
2.00000000e-01 1.57257314e+01 2.66185096e+07
2.00000000e-01 1.57485871e+01 2.62193509e+07
2.00000000e-01 1.57714429e+01 2.58260724e+07
2.00000000e-01 1.57942986e+01 2.54385925e+07
2.00000000e-01 1.58171543e+01 2.50568252e+07
2.00000000e-01 1.58400100e+01 2.46806931e+07
2.00000000e-01 1.58628657e+01 2.43101037e+07
2.00000000e-01 1.58857214e+01 2.39449879e+07
2.00000000e-01 1.59085771e+01 2.35852633e+07
2.00000000e-01 1.59314329e+01 2.32308520e+07
2.00000000e-01 1.59542886e+01 2.28816771e+07
2.00000000e-01 1.59771443e+01 2.25376634e+07
4.00000000e-01 1.00000000e-03 3.53623755e-05
4.00000000e-01 2.38557143e-02 1.68480352e+04
4.00000000e-01 4.67114286e-02 3.19719505e+05
4.00000000e-01 6.95671429e-02 1.78248846e+06
4.00000000e-01 9.24228571e-02 5.57393650e+06
4.00000000e-01 1.15278571e-01 1.28265850e+07
4.00000000e-01 1.38134286e-01 2.47254346e+07
4.00000000e-01 1.60990000e-01 4.24361055e+07
4.00000000e-01 1.83845714e-01 6.70676159e+07
4.00000000e-01 2.06701429e-01 9.95491295e+07
4.00000000e-01 2.29557143e-01 1.40509649e+08
4.00000000e-01 2.52412857e-01 1.90169593e+08
4.00000000e-01 2.75268571e-01 2.48290356e+08
4.00000000e-01 2.98124286e-01 3.13966421e+08
4.00000000e-01 3.20980000e-01 3.86668456e+08
4.00000000e-01 3.43835714e-01 4.67046756e+08
4.00000000e-01 3.66691429e-01 5.55301948e+08
4.00000000e-01 3.89547143e-01 6.51509663e+08
4.00000000e-01 4.12402857e-01 7.55675739e+08
4.00000000e-01 4.35258571e-01 8.67755681e+08
4.00000000e-01 4.58114286e-01 9.87665667e+08
4.00000000e-01 4.80970000e-01 1.11529276e+09
4.00000000e-01 5.03825714e-01 1.25049092e+09
4.00000000e-01 5.26681429e-01 1.39309322e+09
4.00000000e-01 5.49537143e-01 1.54290862e+09
4.00000000e-01 5.72392857e-01 1.69972581e+09
4.00000000e-01 5.95248571e-01 1.86332215e+09
4.00000000e-01 6.18104286e-01 2.03345654e+09
4.00000000e-01 6.40960000e-01 2.20987446e+09
4.00000000e-01 6.63815714e-01 2.39231587e+09
4.00000000e-01 6.86671429e-01 2.58051305e+09
4.00000000e-01 7.09527143e-01 2.77418530e+09
4.00000000e-01 7.32382857e-01 2.97305374e+09
4.00000000e-01 7.55238571e-01 3.17682764e+09
4.00000000e-01 7.78094286e-01 3.38522218e+09
4.00000000e-01 8.00950000e-01 3.59794012e+09
4.00000000e-01 8.23805714e-01 3.81469761e+09
4.00000000e-01 8.46661429e-01 4.03520162e+09
4.00000000e-01 8.69517143e-01 4.25916173e+09
4.00000000e-01 8.92372857e-01 4.48629270e+09
4.00000000e-01 9.15228571e-01 4.71630205e+09
4.00000000e-01 9.38084286e-01 4.94892008e+09
4.00000000e-01 9.60940000e-01 5.18386205e+09
4.00000000e-01 9.83795714e-01 5.42085875e+09
4.00000000e-01 1.00665143e+00 5.65963066e+09
4.00000000e-01 1.02950714e+00 5.89992588e+09
4.00000000e-01 1.05236286e+00 6.14148363e+09
4.00000000e-01 1.07521857e+00 6.38404413e+09
4.00000000e-01 1.09807429e+00 6.62737809e+09
4.00000000e-01 1.12093000e+00 6.87123925e+09
4.00000000e-01 1.14378571e+00 7.11539210e+09
4.00000000e-01 1.16664143e+00 7.35961371e+09
4.00000000e-01 1.18949714e+00 7.60369077e+09
4.00000000e-01 1.21235286e+00 7.84739817e+09
4.00000000e-01 1.23520857e+00 8.09053350e+09
4.00000000e-01 1.25806429e+00 8.33289952e+09
4.00000000e-01 1.28092000e+00 8.57431065e+09
4.00000000e-01 1.30377571e+00 8.81458131e+09
4.00000000e-01 1.32663143e+00 9.05352878e+09
4.00000000e-01 1.34948714e+00 9.29099227e+09
4.00000000e-01 1.37234286e+00 9.52678527e+09
4.00000000e-01 1.39519857e+00 9.76077421e+09
4.00000000e-01 1.41805429e+00 9.99280340e+09
4.00000000e-01 1.44091000e+00 1.02227293e+10
4.00000000e-01 1.46376571e+00 1.04504180e+10
4.00000000e-01 1.48662143e+00 1.06757286e+10
4.00000000e-01 1.50947714e+00 1.08985538e+10
4.00000000e-01 1.53233286e+00 1.11187792e+10
4.00000000e-01 1.55518857e+00 1.13362513e+10
4.00000000e-01 1.57804429e+00 1.15509130e+10
4.00000000e-01 1.60090000e+00 1.17626509e+10
4.00000000e-01 1.62375571e+00 1.19713739e+10
4.00000000e-01 1.64661143e+00 1.21769915e+10
4.00000000e-01 1.66946714e+00 1.23794178e+10
4.00000000e-01 1.69232286e+00 1.25785745e+10
4.00000000e-01 1.71517857e+00 1.27743820e+10
4.00000000e-01 1.73803429e+00 1.29668026e+10
4.00000000e-01 1.76089000e+00 1.31557538e+10
4.00000000e-01 1.78374571e+00 1.33411847e+10
4.00000000e-01 1.80660143e+00 1.35230517e+10
4.00000000e-01 1.82945714e+00 1.37012827e+10
4.00000000e-01 1.85231286e+00 1.38758483e+10
4.00000000e-01 1.87516857e+00 1.40467070e+10
4.00000000e-01 1.89802429e+00 1.42138266e+10
4.00000000e-01 1.92088000e+00 1.43771716e+10
4.00000000e-01 1.94373571e+00 1.45367223e+10
4.00000000e-01 1.96659143e+00 1.46924474e+10
4.00000000e-01 1.98944714e+00 1.48443262e+10
4.00000000e-01 2.01230286e+00 1.49923475e+10
4.00000000e-01 2.03515857e+00 1.51365335e+10
4.00000000e-01 2.05801429e+00 1.52767976e+10
4.00000000e-01 2.08087000e+00 1.54131683e+10
4.00000000e-01 2.10372571e+00 1.55456463e+10
4.00000000e-01 2.12658143e+00 1.56742320e+10
4.00000000e-01 2.14943714e+00 1.57989200e+10
4.00000000e-01 2.17229286e+00 1.59197126e+10
4.00000000e-01 2.19514857e+00 1.60366220e+10
4.00000000e-01 2.21800429e+00 1.61496505e+10
4.00000000e-01 2.24086000e+00 1.62588220e+10
4.00000000e-01 2.26371571e+00 1.63641366e+10
4.00000000e-01 2.28657143e+00 1.64656118e+10
4.00000000e-01 2.30942714e+00 1.65632748e+10
4.00000000e-01 2.33228286e+00 1.66571408e+10
4.00000000e-01 2.35513857e+00 1.67472552e+10
4.00000000e-01 2.37799429e+00 1.68335723e+10
4.00000000e-01 2.40085000e+00 1.69161675e+10
4.00000000e-01 2.42370571e+00 1.69950508e+10
4.00000000e-01 2.44656143e+00 1.70702567e+10
4.00000000e-01 2.46941714e+00 1.71418151e+10
4.00000000e-01 2.49227286e+00 1.72097524e+10
4.00000000e-01 2.51512857e+00 1.72741023e+10
4.00000000e-01 2.53798429e+00 1.73348969e+10
4.00000000e-01 2.56084000e+00 1.73921803e+10
4.00000000e-01 2.58369571e+00 1.74459668e+10
4.00000000e-01 2.60655143e+00 1.74963056e+10
4.00000000e-01 2.62940714e+00 1.75432251e+10
4.00000000e-01 2.65226286e+00 1.75867828e+10
4.00000000e-01 2.67511857e+00 1.76269944e+10
4.00000000e-01 2.69797429e+00 1.76639075e+10
4.00000000e-01 2.72083000e+00 1.76975655e+10
4.00000000e-01 2.74368571e+00 1.77280019e+10
4.00000000e-01 2.76654143e+00 1.77552640e+10
4.00000000e-01 2.78939714e+00 1.77793899e+10
4.00000000e-01 2.81225286e+00 1.78004221e+10
4.00000000e-01 2.83510857e+00 1.78184035e+10
4.00000000e-01 2.85796429e+00 1.78333852e+10
4.00000000e-01 2.88082000e+00 1.78453979e+10
4.00000000e-01 2.90367571e+00 1.78544873e+10
4.00000000e-01 2.92653143e+00 1.78607023e+10
4.00000000e-01 2.94938714e+00 1.78640890e+10
4.00000000e-01 2.97224286e+00 1.78646954e+10
4.00000000e-01 2.99509857e+00 1.78625597e+10
4.00000000e-01 3.01795429e+00 1.78577279e+10
4.00000000e-01 3.04081000e+00 1.78502466e+10
4.00000000e-01 3.06366571e+00 1.78401584e+10
4.00000000e-01 3.08652143e+00 1.78275119e+10
4.00000000e-01 3.10937714e+00 1.78123513e+10
4.00000000e-01 3.13223286e+00 1.77947184e+10
4.00000000e-01 3.15508857e+00 1.77746642e+10
4.00000000e-01 3.17794429e+00 1.77522317e+10
4.00000000e-01 3.20080000e+00 1.77274649e+10
4.00000000e-01 3.22365571e+00 1.77004109e+10
4.00000000e-01 3.24651143e+00 1.76711136e+10
4.00000000e-01 3.26936714e+00 1.76396168e+10
4.00000000e-01 3.29222286e+00 1.76059679e+10
4.00000000e-01 3.31507857e+00 1.75702129e+10
4.00000000e-01 3.33793429e+00 1.75323910e+10
4.00000000e-01 3.36079000e+00 1.74925488e+10
4.00000000e-01 3.38364571e+00 1.74507298e+10
4.00000000e-01 3.40650143e+00 1.74069782e+10
4.00000000e-01 3.42935714e+00 1.73613379e+10
4.00000000e-01 3.45221286e+00 1.73138509e+10
4.00000000e-01 3.47506857e+00 1.72645602e+10
4.00000000e-01 3.49792429e+00 1.72135093e+10
4.00000000e-01 3.52078000e+00 1.71607404e+10
4.00000000e-01 3.54363571e+00 1.71062947e+10
4.00000000e-01 3.56649143e+00 1.70502139e+10
4.00000000e-01 3.58934714e+00 1.69925312e+10
4.00000000e-01 3.61220286e+00 1.69333068e+10
4.00000000e-01 3.63505857e+00 1.68725695e+10
4.00000000e-01 3.65791429e+00 1.68103579e+10
4.00000000e-01 3.68077000e+00 1.67467137e+10
4.00000000e-01 3.70362571e+00 1.66816774e+10
4.00000000e-01 3.72648143e+00 1.66152863e+10
4.00000000e-01 3.74933714e+00 1.65475813e+10
4.00000000e-01 3.77219286e+00 1.64785985e+10
4.00000000e-01 3.79504857e+00 1.64083729e+10
4.00000000e-01 3.81790429e+00 1.63369461e+10
4.00000000e-01 3.84076000e+00 1.62643554e+10
4.00000000e-01 3.86361571e+00 1.61906368e+10
4.00000000e-01 3.88647143e+00 1.61158316e+10
4.00000000e-01 3.90932714e+00 1.60399629e+10
4.00000000e-01 3.93218286e+00 1.59630750e+10
4.00000000e-01 3.95503857e+00 1.58851954e+10
4.00000000e-01 3.97789429e+00 1.58063637e+10
4.00000000e-01 4.00075000e+00 1.57266110e+10
4.00000000e-01 4.02360571e+00 1.56459734e+10
4.00000000e-01 4.04646143e+00 1.55644832e+10
4.00000000e-01 4.06931714e+00 1.54821715e+10
4.00000000e-01 4.09217286e+00 1.53990707e+10
4.00000000e-01 4.11502857e+00 1.53152125e+10
4.00000000e-01 4.13788429e+00 1.52306270e+10
4.00000000e-01 4.16074000e+00 1.51453482e+10
4.00000000e-01 4.18359571e+00 1.50594016e+10
4.00000000e-01 4.20645143e+00 1.49728161e+10
4.00000000e-01 4.22930714e+00 1.48856260e+10
4.00000000e-01 4.25216286e+00 1.47978577e+10
4.00000000e-01 4.27501857e+00 1.47095394e+10
4.00000000e-01 4.29787429e+00 1.46206989e+10
4.00000000e-01 4.32073000e+00 1.45313632e+10
4.00000000e-01 4.34358571e+00 1.44415602e+10
4.00000000e-01 4.36644143e+00 1.43513152e+10
4.00000000e-01 4.38929714e+00 1.42606542e+10
4.00000000e-01 4.41215286e+00 1.41696028e+10
4.00000000e-01 4.43500857e+00 1.40781862e+10
4.00000000e-01 4.45786429e+00 1.39864292e+10
4.00000000e-01 4.48072000e+00 1.38943494e+10
4.00000000e-01 4.50357571e+00 1.38019835e+10
4.00000000e-01 4.52643143e+00 1.37093447e+10
4.00000000e-01 4.54928714e+00 1.36164631e+10
4.00000000e-01 4.57214286e+00 1.35233593e+10
4.00000000e-01 4.59499857e+00 1.34300517e+10
4.00000000e-01 4.61785429e+00 1.33365638e+10
4.00000000e-01 4.64071000e+00 1.32429167e+10
4.00000000e-01 4.66356571e+00 1.31491310e+10
4.00000000e-01 4.68642143e+00 1.30552199e+10
4.00000000e-01 4.70927714e+00 1.29612178e+10
4.00000000e-01 4.73213286e+00 1.28671369e+10
4.00000000e-01 4.75498857e+00 1.27729961e+10
4.00000000e-01 4.77784429e+00 1.26788143e+10
4.00000000e-01 4.80070000e+00 1.25846097e+10
4.00000000e-01 4.82355571e+00 1.24904003e+10
4.00000000e-01 4.84641143e+00 1.23962035e+10
4.00000000e-01 4.86926714e+00 1.23020380e+10
4.00000000e-01 4.89212286e+00 1.22079169e+10
4.00000000e-01 4.91497857e+00 1.21138591e+10
4.00000000e-01 4.93783429e+00 1.20198801e+10
4.00000000e-01 4.96069000e+00 1.19259953e+10
4.00000000e-01 4.98354571e+00 1.18322202e+10
4.00000000e-01 5.00640143e+00 1.17385697e+10
4.00000000e-01 5.02925714e+00 1.16450476e+10
4.00000000e-01 5.05211286e+00 1.15516941e+10
4.00000000e-01 5.07496857e+00 1.14585030e+10
4.00000000e-01 5.09782429e+00 1.13654923e+10
4.00000000e-01 5.12068000e+00 1.12726753e+10
4.00000000e-01 5.14353571e+00 1.11800672e+10
4.00000000e-01 5.16639143e+00 1.10876755e+10
4.00000000e-01 5.18924714e+00 1.09955181e+10
4.00000000e-01 5.21210286e+00 1.09036002e+10
4.00000000e-01 5.23495857e+00 1.08119373e+10
4.00000000e-01 5.25781429e+00 1.07205401e+10
4.00000000e-01 5.28067000e+00 1.06294183e+10
4.00000000e-01 5.30352571e+00 1.05385806e+10
4.00000000e-01 5.32638143e+00 1.04480426e+10
4.00000000e-01 5.34923714e+00 1.03578125e+10
4.00000000e-01 5.37209286e+00 1.02678996e+10
4.00000000e-01 5.39494857e+00 1.01783123e+10
4.00000000e-01 5.41780429e+00 1.00896491e+10
4.00000000e-01 5.44066000e+00 1.00007383e+10
4.00000000e-01 5.46351571e+00 9.91218074e+09
4.00000000e-01 5.48637143e+00 9.82398488e+09
4.00000000e-01 5.50922714e+00 9.73615795e+09
4.00000000e-01 5.53208286e+00 9.64870739e+09
4.00000000e-01 5.55493857e+00 9.56164138e+09
4.00000000e-01 5.57779429e+00 9.47496675e+09
4.00000000e-01 5.60065000e+00 9.38868933e+09
4.00000000e-01 5.62350571e+00 9.30281836e+09
4.00000000e-01 5.64636143e+00 9.21735905e+09
4.00000000e-01 5.66921714e+00 9.13231783e+09
4.00000000e-01 5.69207286e+00 9.04770039e+09
4.00000000e-01 5.71492857e+00 8.96351323e+09
4.00000000e-01 5.73778429e+00 8.87976102e+09
4.00000000e-01 5.76064000e+00 8.79644948e+09
4.00000000e-01 5.78349571e+00 8.71358298e+09
4.00000000e-01 5.80635143e+00 8.63116746e+09
4.00000000e-01 5.82920714e+00 8.54920774e+09
4.00000000e-01 5.85206286e+00 8.46770853e+09
4.00000000e-01 5.87491857e+00 8.38667306e+09
4.00000000e-01 5.89777429e+00 8.30610540e+09
4.00000000e-01 5.92063000e+00 8.22601092e+09
4.00000000e-01 5.94348571e+00 8.14639205e+09
4.00000000e-01 5.96634143e+00 8.06725306e+09
4.00000000e-01 5.98919714e+00 7.98859751e+09
4.00000000e-01 6.01205286e+00 7.91042908e+09
4.00000000e-01 6.03490857e+00 7.83274839e+09
4.00000000e-01 6.05776429e+00 7.75555928e+09
4.00000000e-01 6.08062000e+00 7.67886559e+09
4.00000000e-01 6.10347571e+00 7.60266912e+09
4.00000000e-01 6.12633143e+00 7.52697181e+09
4.00000000e-01 6.14918714e+00 7.45177591e+09
4.00000000e-01 6.17204286e+00 7.37708345e+09
4.00000000e-01 6.19489857e+00 7.30289654e+09
4.00000000e-01 6.21775429e+00 7.22921692e+09
4.00000000e-01 6.24061000e+00 7.15604622e+09
4.00000000e-01 6.26346571e+00 7.08338587e+09
4.00000000e-01 6.28632143e+00 7.01123694e+09
4.00000000e-01 6.30917714e+00 6.93960071e+09
4.00000000e-01 6.33203286e+00 6.86847808e+09
4.00000000e-01 6.35488857e+00 6.79787082e+09
4.00000000e-01 6.37774429e+00 6.72777831e+09
4.00000000e-01 6.40060000e+00 6.65820173e+09
4.00000000e-01 6.42345571e+00 6.58914165e+09
4.00000000e-01 6.44631143e+00 6.52059852e+09
4.00000000e-01 6.46916714e+00 6.45257263e+09
4.00000000e-01 6.49202286e+00 6.38506397e+09
4.00000000e-01 6.51487857e+00 6.31807288e+09
4.00000000e-01 6.53773429e+00 6.25160018e+09
4.00000000e-01 6.56059000e+00 6.18564368e+09
4.00000000e-01 6.58344571e+00 6.12020431e+09
4.00000000e-01 6.60630143e+00 6.05528222e+09
4.00000000e-01 6.62915714e+00 5.99087570e+09
4.00000000e-01 6.65201286e+00 5.92698476e+09
4.00000000e-01 6.67486857e+00 5.86360765e+09
4.00000000e-01 6.69772429e+00 5.80074650e+09
4.00000000e-01 6.72058000e+00 5.73839867e+09
4.00000000e-01 6.74343571e+00 5.67656334e+09
4.00000000e-01 6.76629143e+00 5.61523981e+09
4.00000000e-01 6.78914714e+00 5.55442685e+09
4.00000000e-01 6.81200286e+00 5.49412337e+09
4.00000000e-01 6.83485857e+00 5.43432797e+09
4.00000000e-01 6.85771429e+00 5.37503982e+09
4.00000000e-01 6.88057000e+00 5.31625777e+09
4.00000000e-01 6.90342571e+00 5.25797948e+09
4.00000000e-01 6.92628143e+00 5.20020330e+09
4.00000000e-01 6.94913714e+00 5.14292844e+09
4.00000000e-01 6.97199286e+00 5.08615349e+09
4.00000000e-01 6.99484857e+00 5.02987636e+09
4.00000000e-01 7.01770429e+00 4.97409524e+09
4.00000000e-01 7.04056000e+00 4.91880814e+09
4.00000000e-01 7.06341571e+00 4.86401394e+09
4.00000000e-01 7.08627143e+00 4.80971031e+09
4.00000000e-01 7.10912714e+00 4.75589529e+09
4.00000000e-01 7.13198286e+00 4.70256684e+09
4.00000000e-01 7.15483857e+00 4.64972297e+09
4.00000000e-01 7.17769429e+00 4.59736147e+09
4.00000000e-01 7.20055000e+00 4.54548031e+09
4.00000000e-01 7.22340571e+00 4.49407734e+09
4.00000000e-01 7.24626143e+00 4.44315020e+09
4.00000000e-01 7.26911714e+00 4.39269664e+09
4.00000000e-01 7.29197286e+00 4.34271442e+09
4.00000000e-01 7.31482857e+00 4.29320115e+09
4.00000000e-01 7.33768429e+00 4.24415436e+09
4.00000000e-01 7.36054000e+00 4.19557169e+09
4.00000000e-01 7.38339571e+00 4.14745070e+09
4.00000000e-01 7.40625143e+00 4.09978838e+09
4.00000000e-01 7.42910714e+00 4.05258325e+09
4.00000000e-01 7.45196286e+00 4.00583225e+09
4.00000000e-01 7.47481857e+00 3.95953281e+09
4.00000000e-01 7.49767429e+00 3.91368236e+09
4.00000000e-01 7.52053000e+00 3.86827838e+09
4.00000000e-01 7.54338571e+00 3.82331804e+09
4.00000000e-01 7.56624143e+00 3.77880138e+09
4.00000000e-01 7.58909714e+00 3.73472022e+09
4.00000000e-01 7.61195286e+00 3.69107489e+09
4.00000000e-01 7.63480857e+00 3.64786224e+09
4.00000000e-01 7.65766429e+00 3.60507971e+09
4.00000000e-01 7.68052000e+00 3.56272461e+09
4.00000000e-01 7.70337571e+00 3.52079404e+09
4.00000000e-01 7.72623143e+00 3.47928600e+09
4.00000000e-01 7.74908714e+00 3.43819619e+09
4.00000000e-01 7.77194286e+00 3.39752256e+09
4.00000000e-01 7.79479857e+00 3.35726292e+09
4.00000000e-01 7.81765429e+00 3.31741283e+09
4.00000000e-01 7.84051000e+00 3.27797057e+09
4.00000000e-01 7.86336571e+00 3.23893425e+09
4.00000000e-01 7.88622143e+00 3.20029868e+09
4.00000000e-01 7.90907714e+00 3.16206204e+09
4.00000000e-01 7.93193286e+00 3.12422121e+09
4.00000000e-01 7.95478857e+00 3.08677378e+09
4.00000000e-01 7.97764429e+00 3.04971672e+09
4.00000000e-01 8.00050000e+00 3.01304658e+09
4.00000000e-01 8.02335571e+00 2.97676142e+09
4.00000000e-01 8.04621143e+00 2.94085784e+09
4.00000000e-01 8.06906714e+00 2.90533292e+09
4.00000000e-01 8.09192286e+00 2.87018374e+09
4.00000000e-01 8.11477857e+00 2.83540739e+09
4.00000000e-01 8.13763429e+00 2.80100091e+09
4.00000000e-01 8.16049000e+00 2.76696151e+09
4.00000000e-01 8.18334571e+00 2.73328620e+09
4.00000000e-01 8.20620143e+00 2.69997204e+09
4.00000000e-01 8.22905714e+00 2.66701613e+09
4.00000000e-01 8.25191286e+00 2.63441573e+09
4.00000000e-01 8.27476857e+00 2.60216764e+09
4.00000000e-01 8.29762429e+00 2.57026910e+09
4.00000000e-01 8.32048000e+00 2.53871716e+09
4.00000000e-01 8.34333571e+00 2.50750940e+09
4.00000000e-01 8.36619143e+00 2.47664211e+09
4.00000000e-01 8.38904714e+00 2.44611265e+09
4.00000000e-01 8.41190286e+00 2.41591846e+09
4.00000000e-01 8.43475857e+00 2.38605655e+09
4.00000000e-01 8.45761429e+00 2.35652403e+09
4.00000000e-01 8.48047000e+00 2.32731805e+09
4.00000000e-01 8.50332571e+00 2.29843558e+09
4.00000000e-01 8.52618143e+00 2.26987416e+09
4.00000000e-01 8.54903714e+00 2.24163079e+09
4.00000000e-01 8.57189286e+00 2.21370262e+09
4.00000000e-01 8.59474857e+00 2.18608652e+09
4.00000000e-01 8.61760429e+00 2.15878042e+09
4.00000000e-01 8.64046000e+00 2.13178116e+09
4.00000000e-01 8.66331571e+00 2.10508598e+09
4.00000000e-01 8.68617143e+00 2.07869206e+09
4.00000000e-01 8.70902714e+00 2.05259669e+09
4.00000000e-01 8.73188286e+00 2.02679705e+09
4.00000000e-01 8.75473857e+00 2.00129055e+09
4.00000000e-01 8.77759429e+00 1.97607440e+09
4.00000000e-01 8.80045000e+00 1.95114575e+09
4.00000000e-01 8.82330571e+00 1.92650221e+09
4.00000000e-01 8.84616143e+00 1.90214092e+09
4.00000000e-01 8.86901714e+00 1.87805927e+09
4.00000000e-01 8.89187286e+00 1.85425465e+09
4.00000000e-01 8.91472857e+00 1.83072426e+09
4.00000000e-01 8.93758429e+00 1.80746558e+09
4.00000000e-01 8.96044000e+00 1.78447594e+09
4.00000000e-01 8.98329571e+00 1.76175306e+09
4.00000000e-01 9.00615143e+00 1.73929386e+09
4.00000000e-01 9.02900714e+00 1.71709597e+09
4.00000000e-01 9.05186286e+00 1.69515692e+09
4.00000000e-01 9.07471857e+00 1.67347406e+09
4.00000000e-01 9.09757429e+00 1.65204468e+09
4.00000000e-01 9.12043000e+00 1.63086701e+09
4.00000000e-01 9.14328571e+00 1.60993723e+09
4.00000000e-01 9.16614143e+00 1.58925453e+09
4.00000000e-01 9.18899714e+00 1.56881538e+09
4.00000000e-01 9.21185286e+00 1.54861754e+09
4.00000000e-01 9.23470857e+00 1.52865860e+09
4.00000000e-01 9.25756429e+00 1.50893591e+09
4.00000000e-01 9.28042000e+00 1.48944759e+09
4.00000000e-01 9.30327571e+00 1.47019102e+09
4.00000000e-01 9.32613143e+00 1.45116373e+09
4.00000000e-01 9.34898714e+00 1.43236347e+09
4.00000000e-01 9.37184286e+00 1.41378784e+09
4.00000000e-01 9.39469857e+00 1.39543463e+09
4.00000000e-01 9.41755429e+00 1.37730142e+09
4.00000000e-01 9.44041000e+00 1.35938597e+09
4.00000000e-01 9.46326571e+00 1.34168604e+09
4.00000000e-01 9.48612143e+00 1.32419980e+09
4.00000000e-01 9.50897714e+00 1.30692396e+09
4.00000000e-01 9.53183286e+00 1.28985693e+09
4.00000000e-01 9.55468857e+00 1.27299661e+09
4.00000000e-01 9.57754429e+00 1.25634063e+09
4.00000000e-01 9.60040000e+00 1.23988691e+09
4.00000000e-01 9.62325571e+00 1.22363330e+09
4.00000000e-01 9.64611143e+00 1.20757765e+09
4.00000000e-01 9.66896714e+00 1.19171779e+09
4.00000000e-01 9.69182286e+00 1.17605165e+09
4.00000000e-01 9.71467857e+00 1.16057662e+09
4.00000000e-01 9.73753429e+00 1.14529176e+09
4.00000000e-01 9.76039000e+00 1.13019468e+09
4.00000000e-01 9.78324571e+00 1.11528235e+09
4.00000000e-01 9.80610143e+00 1.10055403e+09
4.00000000e-01 9.82895714e+00 1.08600708e+09
4.00000000e-01 9.85181286e+00 1.07163974e+09
4.00000000e-01 9.87466857e+00 1.05744983e+09
4.00000000e-01 9.89752429e+00 1.04343555e+09
4.00000000e-01 9.92038000e+00 1.02959486e+09
4.00000000e-01 9.94323571e+00 1.01592596e+09
4.00000000e-01 9.96609143e+00 1.00242697e+09
4.00000000e-01 9.98894714e+00 9.89095847e+08
4.00000000e-01 1.00118029e+01 9.75931122e+08
4.00000000e-01 1.00346586e+01 9.62930304e+08
4.00000000e-01 1.00575143e+01 9.50091810e+08
4.00000000e-01 1.00803700e+01 9.37413853e+08
4.00000000e-01 1.01032257e+01 9.24894677e+08
4.00000000e-01 1.01260814e+01 9.12532602e+08
4.00000000e-01 1.01489371e+01 9.00325578e+08
4.00000000e-01 1.01717929e+01 8.88272084e+08
4.00000000e-01 1.01946486e+01 8.76370228e+08
4.00000000e-01 1.02175043e+01 8.64618427e+08
4.00000000e-01 1.02403600e+01 8.53014690e+08
4.00000000e-01 1.02632157e+01 8.41557677e+08
4.00000000e-01 1.02860714e+01 8.30245611e+08
4.00000000e-01 1.03089271e+01 8.19076792e+08
4.00000000e-01 1.03317829e+01 8.08049489e+08
4.00000000e-01 1.03546386e+01 7.97162214e+08
4.00000000e-01 1.03774943e+01 7.86413313e+08
4.00000000e-01 1.04003500e+01 7.75801178e+08
4.00000000e-01 1.04232057e+01 7.65324185e+08
4.00000000e-01 1.04460614e+01 7.54980799e+08
4.00000000e-01 1.04689171e+01 7.44769518e+08
4.00000000e-01 1.04917729e+01 7.34688795e+08
4.00000000e-01 1.05146286e+01 7.24736942e+08
4.00000000e-01 1.05374843e+01 7.14912685e+08
4.00000000e-01 1.05603400e+01 7.05214428e+08
4.00000000e-01 1.05831957e+01 6.95640695e+08
4.00000000e-01 1.06060514e+01 6.86190002e+08
4.00000000e-01 1.06289071e+01 6.76860935e+08
4.00000000e-01 1.06517629e+01 6.67652055e+08
4.00000000e-01 1.06746186e+01 6.58562160e+08
4.00000000e-01 1.06974743e+01 6.49589374e+08
4.00000000e-01 1.07203300e+01 6.40732547e+08
4.00000000e-01 1.07431857e+01 6.31990299e+08
4.00000000e-01 1.07660414e+01 6.23361233e+08
4.00000000e-01 1.07888971e+01 6.14844066e+08
4.00000000e-01 1.08117529e+01 6.06437430e+08
4.00000000e-01 1.08346086e+01 5.98140000e+08
4.00000000e-01 1.08574643e+01 5.89950472e+08
4.00000000e-01 1.08803200e+01 5.81867454e+08
4.00000000e-01 1.09031757e+01 5.73889854e+08
4.00000000e-01 1.09260314e+01 5.66016309e+08
4.00000000e-01 1.09488871e+01 5.58245593e+08
4.00000000e-01 1.09717429e+01 5.50576435e+08
4.00000000e-01 1.09945986e+01 5.43007574e+08
4.00000000e-01 1.10174543e+01 5.35537814e+08
4.00000000e-01 1.10403100e+01 5.28165985e+08
4.00000000e-01 1.10631657e+01 5.20890862e+08
4.00000000e-01 1.10860214e+01 5.13711275e+08
4.00000000e-01 1.11088771e+01 5.06626064e+08
4.00000000e-01 1.11317329e+01 4.99634073e+08
4.00000000e-01 1.11545886e+01 4.92734070e+08
4.00000000e-01 1.11774443e+01 4.85924987e+08
4.00000000e-01 1.12003000e+01 4.79205875e+08
4.00000000e-01 1.12231557e+01 4.72575525e+08
4.00000000e-01 1.12460114e+01 4.66032783e+08
4.00000000e-01 1.12688671e+01 4.59576572e+08
4.00000000e-01 1.12917229e+01 4.53205876e+08
4.00000000e-01 1.13145786e+01 4.46919625e+08
4.00000000e-01 1.13374343e+01 4.40716888e+08
4.00000000e-01 1.13602900e+01 4.34596381e+08
4.00000000e-01 1.13831457e+01 4.28557210e+08
4.00000000e-01 1.14060014e+01 4.22598363e+08
4.00000000e-01 1.14288571e+01 4.16718902e+08
4.00000000e-01 1.14517129e+01 4.10917703e+08
4.00000000e-01 1.14745686e+01 4.05193878e+08
4.00000000e-01 1.14974243e+01 3.99546441e+08
4.00000000e-01 1.15202800e+01 3.93974281e+08
4.00000000e-01 1.15431357e+01 3.88476752e+08
4.00000000e-01 1.15659914e+01 3.83052776e+08
4.00000000e-01 1.15888471e+01 3.77701457e+08
4.00000000e-01 1.16117029e+01 3.72421856e+08
4.00000000e-01 1.16345586e+01 3.67213071e+08
4.00000000e-01 1.16574143e+01 3.62074194e+08
4.00000000e-01 1.16802700e+01 3.57004369e+08
4.00000000e-01 1.17031257e+01 3.52002693e+08
4.00000000e-01 1.17259814e+01 3.47068353e+08
4.00000000e-01 1.17488371e+01 3.42200450e+08
4.00000000e-01 1.17716929e+01 3.37398157e+08
4.00000000e-01 1.17945486e+01 3.32660638e+08
4.00000000e-01 1.18174043e+01 3.27987079e+08
4.00000000e-01 1.18402600e+01 3.23376649e+08
4.00000000e-01 1.18631157e+01 3.18828600e+08
4.00000000e-01 1.18859714e+01 3.14342035e+08
4.00000000e-01 1.19088271e+01 3.09916217e+08
4.00000000e-01 1.19316829e+01 3.05550353e+08
4.00000000e-01 1.19545386e+01 3.01243709e+08
4.00000000e-01 1.19773943e+01 2.96995515e+08
4.00000000e-01 1.20002500e+01 2.92805017e+08
4.00000000e-01 1.20231057e+01 2.88671523e+08
4.00000000e-01 1.20459614e+01 2.84594198e+08
4.00000000e-01 1.20688171e+01 2.80572369e+08
4.00000000e-01 1.20916729e+01 2.76605318e+08
4.00000000e-01 1.21145286e+01 2.72692344e+08
4.00000000e-01 1.21373843e+01 2.68832741e+08
4.00000000e-01 1.21602400e+01 2.65025820e+08
4.00000000e-01 1.21830957e+01 2.61270909e+08
4.00000000e-01 1.22059514e+01 2.57567325e+08
4.00000000e-01 1.22288071e+01 2.53914405e+08
4.00000000e-01 1.22516629e+01 2.50311487e+08
4.00000000e-01 1.22745186e+01 2.46757920e+08
4.00000000e-01 1.22973743e+01 2.43253062e+08
4.00000000e-01 1.23202300e+01 2.39796286e+08
4.00000000e-01 1.23430857e+01 2.36386975e+08
4.00000000e-01 1.23659414e+01 2.33024481e+08
4.00000000e-01 1.23887971e+01 2.29708197e+08
4.00000000e-01 1.24116529e+01 2.26437528e+08
4.00000000e-01 1.24345086e+01 2.23211821e+08
4.00000000e-01 1.24573643e+01 2.20030597e+08
4.00000000e-01 1.24802200e+01 2.16893173e+08
4.00000000e-01 1.25030757e+01 2.13799060e+08
4.00000000e-01 1.25259314e+01 2.10747645e+08
4.00000000e-01 1.25487871e+01 2.07738370e+08
4.00000000e-01 1.25716429e+01 2.04770708e+08
4.00000000e-01 1.25944986e+01 2.01844039e+08
4.00000000e-01 1.26173543e+01 1.98957861e+08
4.00000000e-01 1.26402100e+01 1.96111650e+08
4.00000000e-01 1.26630657e+01 1.93304859e+08
4.00000000e-01 1.26859214e+01 1.90536884e+08
4.00000000e-01 1.27087771e+01 1.87807391e+08
4.00000000e-01 1.27316329e+01 1.85115777e+08
4.00000000e-01 1.27544886e+01 1.82461544e+08
4.00000000e-01 1.27773443e+01 1.79844194e+08
4.00000000e-01 1.28002000e+01 1.77263237e+08
4.00000000e-01 1.28230557e+01 1.74718222e+08
4.00000000e-01 1.28459114e+01 1.72208603e+08
4.00000000e-01 1.28687671e+01 1.69733943e+08
4.00000000e-01 1.28916229e+01 1.67293773e+08
4.00000000e-01 1.29144786e+01 1.64887642e+08
4.00000000e-01 1.29373343e+01 1.62515085e+08
4.00000000e-01 1.29601900e+01 1.60175648e+08
4.00000000e-01 1.29830457e+01 1.57868878e+08
4.00000000e-01 1.30059014e+01 1.55594379e+08
4.00000000e-01 1.30287571e+01 1.53351686e+08
4.00000000e-01 1.30516129e+01 1.51140374e+08
4.00000000e-01 1.30744686e+01 1.48960033e+08
4.00000000e-01 1.30973243e+01 1.46810239e+08
4.00000000e-01 1.31201800e+01 1.44690559e+08
4.00000000e-01 1.31430357e+01 1.42600637e+08
4.00000000e-01 1.31658914e+01 1.40540052e+08
4.00000000e-01 1.31887471e+01 1.38508397e+08
4.00000000e-01 1.32116029e+01 1.36505289e+08
4.00000000e-01 1.32344586e+01 1.34530341e+08
4.00000000e-01 1.32573143e+01 1.32583172e+08
4.00000000e-01 1.32801700e+01 1.30663405e+08
4.00000000e-01 1.33030257e+01 1.28770675e+08
4.00000000e-01 1.33258814e+01 1.26899456e+08
4.00000000e-01 1.33487371e+01 1.25059766e+08
4.00000000e-01 1.33715929e+01 1.23246021e+08
4.00000000e-01 1.33944486e+01 1.21457908e+08
4.00000000e-01 1.34173043e+01 1.19695013e+08
4.00000000e-01 1.34401600e+01 1.17957017e+08
4.00000000e-01 1.34630157e+01 1.16243580e+08
4.00000000e-01 1.34858714e+01 1.14554375e+08
4.00000000e-01 1.35087271e+01 1.12889071e+08
4.00000000e-01 1.35315829e+01 1.11247341e+08
4.00000000e-01 1.35544386e+01 1.09628863e+08
4.00000000e-01 1.35772943e+01 1.08033317e+08
4.00000000e-01 1.36001500e+01 1.06460395e+08
4.00000000e-01 1.36230057e+01 1.04909801e+08
4.00000000e-01 1.36458614e+01 1.03381193e+08
4.00000000e-01 1.36687171e+01 1.01874295e+08
4.00000000e-01 1.36915729e+01 1.00388792e+08
4.00000000e-01 1.37144286e+01 9.89243966e+07
4.00000000e-01 1.37372843e+01 9.74808264e+07
4.00000000e-01 1.37601400e+01 9.60578115e+07
4.00000000e-01 1.37829957e+01 9.46550553e+07
4.00000000e-01 1.38058514e+01 9.32722723e+07
4.00000000e-01 1.38287071e+01 9.19091817e+07
4.00000000e-01 1.38515629e+01 9.05655331e+07
4.00000000e-01 1.38744186e+01 8.92410444e+07
4.00000000e-01 1.38972743e+01 8.79354575e+07
4.00000000e-01 1.39201300e+01 8.66485090e+07
4.00000000e-01 1.39429857e+01 8.53799414e+07
4.00000000e-01 1.39658414e+01 8.41295009e+07
4.00000000e-01 1.39886971e+01 8.28969347e+07
4.00000000e-01 1.40115529e+01 8.16819960e+07
4.00000000e-01 1.40344086e+01 8.04844466e+07
4.00000000e-01 1.40572643e+01 7.93040384e+07
4.00000000e-01 1.40801200e+01 7.81405365e+07
4.00000000e-01 1.41029757e+01 7.69937084e+07
4.00000000e-01 1.41258314e+01 7.58633175e+07
4.00000000e-01 1.41486871e+01 7.47491392e+07
4.00000000e-01 1.41715429e+01 7.36509473e+07
4.00000000e-01 1.41943986e+01 7.25685194e+07
4.00000000e-01 1.42172543e+01 7.15016304e+07
4.00000000e-01 1.42401100e+01 7.04500776e+07
4.00000000e-01 1.42629657e+01 6.94136386e+07
4.00000000e-01 1.42858214e+01 6.83921044e+07
4.00000000e-01 1.43086771e+01 6.73852697e+07
4.00000000e-01 1.43315329e+01 6.63929218e+07
4.00000000e-01 1.43543886e+01 6.54148635e+07
4.00000000e-01 1.43772443e+01 6.44508946e+07
4.00000000e-01 1.44001000e+01 6.35008453e+07
4.00000000e-01 1.44229557e+01 6.25644643e+07
4.00000000e-01 1.44458114e+01 6.16415914e+07
4.00000000e-01 1.44686671e+01 6.07320359e+07
4.00000000e-01 1.44915229e+01 5.98356123e+07
4.00000000e-01 1.45143786e+01 5.89521339e+07
4.00000000e-01 1.45372343e+01 5.80814194e+07
4.00000000e-01 1.45600900e+01 5.72232905e+07
4.00000000e-01 1.45829457e+01 5.63775699e+07
4.00000000e-01 1.46058014e+01 5.55440842e+07
4.00000000e-01 1.46286571e+01 5.47226590e+07
4.00000000e-01 1.46515129e+01 5.39131291e+07
4.00000000e-01 1.46743686e+01 5.31153208e+07
4.00000000e-01 1.46972243e+01 5.23290724e+07
4.00000000e-01 1.47200800e+01 5.15542273e+07
4.00000000e-01 1.47429357e+01 5.07906173e+07
4.00000000e-01 1.47657914e+01 5.00380838e+07
4.00000000e-01 1.47886471e+01 4.92964717e+07
4.00000000e-01 1.48115029e+01 4.85656274e+07
4.00000000e-01 1.48343586e+01 4.78454011e+07
4.00000000e-01 1.48572143e+01 4.71356383e+07
4.00000000e-01 1.48800700e+01 4.64361932e+07
4.00000000e-01 1.49029257e+01 4.57469175e+07
4.00000000e-01 1.49257814e+01 4.50676738e+07
4.00000000e-01 1.49486371e+01 4.43983102e+07
4.00000000e-01 1.49714929e+01 4.37386921e+07
4.00000000e-01 1.49943486e+01 4.30886793e+07
4.00000000e-01 1.50172043e+01 4.24481380e+07
4.00000000e-01 1.50400600e+01 4.18169331e+07
4.00000000e-01 1.50629157e+01 4.11949316e+07
4.00000000e-01 1.50857714e+01 4.05820026e+07
4.00000000e-01 1.51086271e+01 3.99780171e+07
4.00000000e-01 1.51314829e+01 3.93828499e+07
4.00000000e-01 1.51543386e+01 3.87963719e+07
4.00000000e-01 1.51771943e+01 3.82184612e+07
4.00000000e-01 1.52000500e+01 3.76489958e+07
4.00000000e-01 1.52229057e+01 3.70878548e+07
4.00000000e-01 1.52457614e+01 3.65349193e+07
4.00000000e-01 1.52686171e+01 3.59900731e+07
4.00000000e-01 1.52914729e+01 3.54531995e+07
4.00000000e-01 1.53143286e+01 3.49241876e+07
4.00000000e-01 1.53371843e+01 3.44029233e+07
4.00000000e-01 1.53600400e+01 3.38892956e+07
4.00000000e-01 1.53828957e+01 3.33831956e+07
4.00000000e-01 1.54057514e+01 3.28845149e+07
4.00000000e-01 1.54286071e+01 3.23931501e+07
4.00000000e-01 1.54514629e+01 3.19089961e+07
4.00000000e-01 1.54743186e+01 3.14319433e+07
4.00000000e-01 1.54971743e+01 3.09618943e+07
4.00000000e-01 1.55200300e+01 3.04987481e+07
4.00000000e-01 1.55428857e+01 3.00424086e+07
4.00000000e-01 1.55657414e+01 2.95927747e+07
4.00000000e-01 1.55885971e+01 2.91497550e+07
4.00000000e-01 1.56114529e+01 2.87132469e+07
4.00000000e-01 1.56343086e+01 2.82831599e+07
4.00000000e-01 1.56571643e+01 2.78594026e+07
4.00000000e-01 1.56800200e+01 2.74418854e+07
4.00000000e-01 1.57028757e+01 2.70305154e+07
4.00000000e-01 1.57257314e+01 2.66252061e+07
4.00000000e-01 1.57485871e+01 2.62258709e+07
4.00000000e-01 1.57714429e+01 2.58324204e+07
4.00000000e-01 1.57942986e+01 2.54447732e+07
4.00000000e-01 1.58171543e+01 2.50628429e+07
4.00000000e-01 1.58400100e+01 2.46865520e+07
4.00000000e-01 1.58628657e+01 2.43158081e+07
4.00000000e-01 1.58857214e+01 2.39505418e+07
4.00000000e-01 1.59085771e+01 2.35906707e+07
4.00000000e-01 1.59314329e+01 2.32361167e+07
4.00000000e-01 1.59542886e+01 2.28868028e+07
4.00000000e-01 1.59771443e+01 2.25426539e+07
6.00000000e-01 1.00000000e-03 8.49115100e-05
6.00000000e-01 2.38557143e-02 5.07081160e+04
6.00000000e-01 4.67114286e-02 8.59966613e+05
6.00000000e-01 6.95671429e-02 3.70428939e+06
6.00000000e-01 9.24228571e-02 9.95145803e+06
6.00000000e-01 1.15278571e-01 2.09672206e+07
6.00000000e-01 1.38134286e-01 3.80914522e+07
6.00000000e-01 1.60990000e-01 6.25880129e+07
6.00000000e-01 1.83845714e-01 9.56141144e+07
6.00000000e-01 2.06701429e-01 1.38101248e+08
6.00000000e-01 2.29557143e-01 1.90648284e+08
6.00000000e-01 2.52412857e-01 2.53407320e+08
6.00000000e-01 2.75268571e-01 3.26052644e+08
6.00000000e-01 2.98124286e-01 4.07569058e+08
6.00000000e-01 3.20980000e-01 4.97298567e+08
6.00000000e-01 3.43835714e-01 5.95752317e+08
6.00000000e-01 3.66691429e-01 7.02987062e+08
6.00000000e-01 3.89547143e-01 8.18924908e+08
6.00000000e-01 4.12402857e-01 9.43420231e+08
6.00000000e-01 4.35258571e-01 1.07627921e+09
6.00000000e-01 4.58114286e-01 1.21726980e+09
6.00000000e-01 4.80970000e-01 1.36613189e+09
6.00000000e-01 5.03825714e-01 1.52258485e+09
6.00000000e-01 5.26681429e-01 1.68632969e+09
6.00000000e-01 5.49537143e-01 1.85705170e+09
6.00000000e-01 5.72392857e-01 2.03443040e+09
6.00000000e-01 5.95248571e-01 2.21813484e+09
6.00000000e-01 6.18104286e-01 2.40783055e+09
6.00000000e-01 6.40960000e-01 2.60318007e+09
6.00000000e-01 6.63815714e-01 2.80384560e+09
6.00000000e-01 6.86671429e-01 3.00949082e+09
6.00000000e-01 7.09527143e-01 3.21978214e+09
6.00000000e-01 7.32382857e-01 3.43438627e+09
6.00000000e-01 7.55238571e-01 3.65297326e+09
6.00000000e-01 7.78094286e-01 3.87523280e+09
6.00000000e-01 8.00950000e-01 4.10084434e+09
6.00000000e-01 8.23805714e-01 4.32949456e+09
6.00000000e-01 8.46661429e-01 4.56088617e+09
6.00000000e-01 8.69517143e-01 4.79473112e+09
6.00000000e-01 8.92372857e-01 5.03073398e+09
6.00000000e-01 9.15228571e-01 5.26860853e+09
6.00000000e-01 9.38084286e-01 5.50810064e+09
6.00000000e-01 9.60940000e-01 5.74894524e+09
6.00000000e-01 9.83795714e-01 5.99088396e+09
6.00000000e-01 1.00665143e+00 6.23367738e+09
6.00000000e-01 1.02950714e+00 6.47707096e+09
6.00000000e-01 1.05236286e+00 6.72084794e+09
6.00000000e-01 1.07521857e+00 6.96477952e+09
6.00000000e-01 1.09807429e+00 7.20865384e+09
6.00000000e-01 1.12093000e+00 7.45226994e+09
6.00000000e-01 1.14378571e+00 7.69542014e+09
6.00000000e-01 1.16664143e+00 7.93791977e+09
6.00000000e-01 1.18949714e+00 8.17957885e+09
6.00000000e-01 1.21235286e+00 8.42022716e+09
6.00000000e-01 1.23520857e+00 8.65969429e+09
6.00000000e-01 1.25806429e+00 8.89781600e+09
6.00000000e-01 1.28092000e+00 9.13443396e+09
6.00000000e-01 1.30377571e+00 9.36940727e+09
6.00000000e-01 1.32663143e+00 9.60258947e+09
6.00000000e-01 1.34948714e+00 9.83384329e+09
6.00000000e-01 1.37234286e+00 1.00630392e+10
6.00000000e-01 1.39519857e+00 1.02900550e+10
6.00000000e-01 1.41805429e+00 1.05147655e+10
6.00000000e-01 1.44091000e+00 1.07370710e+10
6.00000000e-01 1.46376571e+00 1.09568574e+10
6.00000000e-01 1.48662143e+00 1.11740269e+10
6.00000000e-01 1.50947714e+00 1.13884876e+10
6.00000000e-01 1.53233286e+00 1.16001414e+10
6.00000000e-01 1.55518857e+00 1.18089102e+10
6.00000000e-01 1.57804429e+00 1.20147039e+10
6.00000000e-01 1.60090000e+00 1.22174587e+10
6.00000000e-01 1.62375571e+00 1.24170874e+10
6.00000000e-01 1.64661143e+00 1.26135372e+10
6.00000000e-01 1.66946714e+00 1.28067390e+10
6.00000000e-01 1.69232286e+00 1.29966395e+10
6.00000000e-01 1.71517857e+00 1.31831768e+10
6.00000000e-01 1.73803429e+00 1.33663197e+10
6.00000000e-01 1.76089000e+00 1.35459980e+10
6.00000000e-01 1.78374571e+00 1.37221840e+10
6.00000000e-01 1.80660143e+00 1.38948342e+10
6.00000000e-01 1.82945714e+00 1.40639014e+10
6.00000000e-01 1.85231286e+00 1.42293747e+10
6.00000000e-01 1.87516857e+00 1.43912219e+10
6.00000000e-01 1.89802429e+00 1.45494123e+10
6.00000000e-01 1.92088000e+00 1.47039297e+10
6.00000000e-01 1.94373571e+00 1.48547498e+10
6.00000000e-01 1.96659143e+00 1.50018491e+10
6.00000000e-01 1.98944714e+00 1.51452168e+10
6.00000000e-01 2.01230286e+00 1.52848526e+10
6.00000000e-01 2.03515857e+00 1.54207448e+10
6.00000000e-01 2.05801429e+00 1.55528847e+10
6.00000000e-01 2.08087000e+00 1.56812741e+10
6.00000000e-01 2.10372571e+00 1.58059095e+10
6.00000000e-01 2.12658143e+00 1.59268019e+10
6.00000000e-01 2.14943714e+00 1.60439375e+10
6.00000000e-01 2.17229286e+00 1.61573356e+10
6.00000000e-01 2.19514857e+00 1.62669955e+10
6.00000000e-01 2.21800429e+00 1.63729375e+10
6.00000000e-01 2.24086000e+00 1.64751307e+10
6.00000000e-01 2.26371571e+00 1.65736605e+10
6.00000000e-01 2.28657143e+00 1.66685084e+10
6.00000000e-01 2.30942714e+00 1.67596915e+10
6.00000000e-01 2.33228286e+00 1.68472300e+10
6.00000000e-01 2.35513857e+00 1.69311423e+10
6.00000000e-01 2.37799429e+00 1.70114503e+10
6.00000000e-01 2.40085000e+00 1.70881828e+10
6.00000000e-01 2.42370571e+00 1.71613603e+10
6.00000000e-01 2.44656143e+00 1.72310194e+10
6.00000000e-01 2.46941714e+00 1.72971684e+10
6.00000000e-01 2.49227286e+00 1.73598448e+10
6.00000000e-01 2.51512857e+00 1.74190812e+10
6.00000000e-01 2.53798429e+00 1.74749013e+10
6.00000000e-01 2.56084000e+00 1.75273404e+10
6.00000000e-01 2.58369571e+00 1.75764350e+10
6.00000000e-01 2.60655143e+00 1.76222107e+10
6.00000000e-01 2.62940714e+00 1.76647176e+10
6.00000000e-01 2.65226286e+00 1.77039607e+10
6.00000000e-01 2.67511857e+00 1.77399975e+10
6.00000000e-01 2.69797429e+00 1.77728662e+10
6.00000000e-01 2.72083000e+00 1.78026089e+10
6.00000000e-01 2.74368571e+00 1.78292471e+10
6.00000000e-01 2.76654143e+00 1.78528370e+10
6.00000000e-01 2.78939714e+00 1.78734042e+10
6.00000000e-01 2.81225286e+00 1.78909957e+10
6.00000000e-01 2.83510857e+00 1.79056498e+10
6.00000000e-01 2.85796429e+00 1.79173991e+10
6.00000000e-01 2.88082000e+00 1.79262945e+10
6.00000000e-01 2.90367571e+00 1.79323713e+10
6.00000000e-01 2.92653143e+00 1.79356753e+10
6.00000000e-01 2.94938714e+00 1.79362436e+10
6.00000000e-01 2.97224286e+00 1.79341201e+10
6.00000000e-01 2.99509857e+00 1.79293489e+10
6.00000000e-01 3.01795429e+00 1.79219677e+10
6.00000000e-01 3.04081000e+00 1.79120270e+10
6.00000000e-01 3.06366571e+00 1.78995598e+10
6.00000000e-01 3.08652143e+00 1.78846188e+10
6.00000000e-01 3.10937714e+00 1.78672458e+10
6.00000000e-01 3.13223286e+00 1.78474815e+10
6.00000000e-01 3.15508857e+00 1.78253687e+10
6.00000000e-01 3.17794429e+00 1.78009518e+10
6.00000000e-01 3.20080000e+00 1.77742712e+10
6.00000000e-01 3.22365571e+00 1.77453747e+10
6.00000000e-01 3.24651143e+00 1.77143001e+10
6.00000000e-01 3.26936714e+00 1.76810933e+10
6.00000000e-01 3.29222286e+00 1.76457919e+10
6.00000000e-01 3.31507857e+00 1.76084401e+10
6.00000000e-01 3.33793429e+00 1.75690840e+10
6.00000000e-01 3.36079000e+00 1.75277641e+10
6.00000000e-01 3.38364571e+00 1.74845195e+10
6.00000000e-01 3.40650143e+00 1.74393981e+10
6.00000000e-01 3.42935714e+00 1.73924414e+10
6.00000000e-01 3.45221286e+00 1.73436854e+10
6.00000000e-01 3.47506857e+00 1.72931722e+10
6.00000000e-01 3.49792429e+00 1.72409464e+10
6.00000000e-01 3.52078000e+00 1.71870416e+10
6.00000000e-01 3.54363571e+00 1.71315120e+10
6.00000000e-01 3.56649143e+00 1.70743851e+10
6.00000000e-01 3.58934714e+00 1.70157029e+10
6.00000000e-01 3.61220286e+00 1.69555086e+10
6.00000000e-01 3.63505857e+00 1.68938396e+10
6.00000000e-01 3.65791429e+00 1.68307351e+10
6.00000000e-01 3.68077000e+00 1.67662331e+10
6.00000000e-01 3.70362571e+00 1.67003717e+10
6.00000000e-01 3.72648143e+00 1.66331892e+10
6.00000000e-01 3.74933714e+00 1.65647218e+10
6.00000000e-01 3.77219286e+00 1.64950073e+10
6.00000000e-01 3.79504857e+00 1.64240821e+10
6.00000000e-01 3.81790429e+00 1.63519821e+10
6.00000000e-01 3.84076000e+00 1.62787426e+10
6.00000000e-01 3.86361571e+00 1.62044010e+10
6.00000000e-01 3.88647143e+00 1.61289981e+10
6.00000000e-01 3.90932714e+00 1.60525555e+10
6.00000000e-01 3.93218286e+00 1.59751140e+10
6.00000000e-01 3.95503857e+00 1.58967073e+10
6.00000000e-01 3.97789429e+00 1.58173687e+10
6.00000000e-01 4.00075000e+00 1.57371340e+10
6.00000000e-01 4.02360571e+00 1.56560291e+10
6.00000000e-01 4.04646143e+00 1.55740906e+10
6.00000000e-01 4.06931714e+00 1.54913474e+10
6.00000000e-01 4.09217286e+00 1.54078327e+10
6.00000000e-01 4.11502857e+00 1.53235795e+10
6.00000000e-01 4.13788429e+00 1.52386161e+10
6.00000000e-01 4.16074000e+00 1.51529723e+10
6.00000000e-01 4.18359571e+00 1.50666775e+10
6.00000000e-01 4.20645143e+00 1.49797610e+10
6.00000000e-01 4.22930714e+00 1.48922503e+10
6.00000000e-01 4.25216286e+00 1.48041767e+10
6.00000000e-01 4.27501857e+00 1.47155645e+10
6.00000000e-01 4.29787429e+00 1.46264445e+10
6.00000000e-01 4.32073000e+00 1.45368390e+10
6.00000000e-01 4.34358571e+00 1.44467768e+10
6.00000000e-01 4.36644143e+00 1.43562804e+10
6.00000000e-01 4.38929714e+00 1.42653820e+10
6.00000000e-01 4.41215286e+00 1.41741030e+10
6.00000000e-01 4.43500857e+00 1.40824690e+10
6.00000000e-01 4.45786429e+00 1.39905044e+10
6.00000000e-01 4.48072000e+00 1.38982317e+10
6.00000000e-01 4.50357571e+00 1.38056748e+10
6.00000000e-01 4.52643143e+00 1.37128584e+10
6.00000000e-01 4.54928714e+00 1.36197996e+10
6.00000000e-01 4.57214286e+00 1.35265266e+10
6.00000000e-01 4.59499857e+00 1.34330633e+10
6.00000000e-01 4.61785429e+00 1.33394220e+10
6.00000000e-01 4.64071000e+00 1.32456281e+10
6.00000000e-01 4.66356571e+00 1.31517020e+10
6.00000000e-01 4.68642143e+00 1.30576637e+10
6.00000000e-01 4.70927714e+00 1.29635331e+10
6.00000000e-01 4.73213286e+00 1.28693292e+10
6.00000000e-01 4.75498857e+00 1.27750709e+10
6.00000000e-01 4.77784429e+00 1.26807767e+10
6.00000000e-01 4.80070000e+00 1.25864647e+10
6.00000000e-01 4.82355571e+00 1.24921525e+10
6.00000000e-01 4.84641143e+00 1.23978546e+10
6.00000000e-01 4.86926714e+00 1.23035930e+10
6.00000000e-01 4.89212286e+00 1.22093827e+10
6.00000000e-01 4.91497857e+00 1.21152393e+10
6.00000000e-01 4.93783429e+00 1.20211784e+10
6.00000000e-01 4.96069000e+00 1.19272154e+10
6.00000000e-01 4.98354571e+00 1.18333658e+10
6.00000000e-01 5.00640143e+00 1.17396440e+10
6.00000000e-01 5.02925714e+00 1.16460644e+10
6.00000000e-01 5.05211286e+00 1.15526411e+10
6.00000000e-01 5.07496857e+00 1.14593878e+10
6.00000000e-01 5.09782429e+00 1.13663181e+10
6.00000000e-01 5.12068000e+00 1.12734444e+10
6.00000000e-01 5.14353571e+00 1.11807796e+10
6.00000000e-01 5.16639143e+00 1.10883363e+10
6.00000000e-01 5.18924714e+00 1.09961263e+10
6.00000000e-01 5.21210286e+00 1.09041615e+10
6.00000000e-01 5.23495857e+00 1.08124532e+10
6.00000000e-01 5.25781429e+00 1.07210125e+10
6.00000000e-01 5.28067000e+00 1.06298503e+10
6.00000000e-01 5.30352571e+00 1.05389768e+10
6.00000000e-01 5.32638143e+00 1.04484008e+10
6.00000000e-01 5.34923714e+00 1.03581352e+10
6.00000000e-01 5.37209286e+00 1.02681882e+10
6.00000000e-01 5.39494857e+00 1.01785695e+10
6.00000000e-01 5.41780429e+00 1.00892873e+10
6.00000000e-01 5.44066000e+00 1.00003505e+10
6.00000000e-01 5.46351571e+00 9.91176691e+09
6.00000000e-01 5.48637143e+00 9.82354659e+09
6.00000000e-01 5.50922714e+00 9.73569641e+09
6.00000000e-01 5.53208286e+00 9.64822515e+09
6.00000000e-01 5.55493857e+00 9.56113974e+09
6.00000000e-01 5.57779429e+00 9.47444566e+09
6.00000000e-01 5.60065000e+00 9.38815106e+09
6.00000000e-01 5.62350571e+00 9.30226274e+09
6.00000000e-01 5.64636143e+00 9.21678722e+09
6.00000000e-01 5.66921714e+00 9.13173060e+09
6.00000000e-01 5.69207286e+00 9.04709851e+09
6.00000000e-01 5.71492857e+00 8.96289910e+09
6.00000000e-01 5.73778429e+00 8.87913566e+09
6.00000000e-01 5.76064000e+00 8.79581138e+09
6.00000000e-01 5.78349571e+00 8.71293469e+09
6.00000000e-01 5.80635143e+00 8.63050929e+09
6.00000000e-01 5.82920714e+00 8.54854009e+09
6.00000000e-01 5.85206286e+00 8.46703135e+09
6.00000000e-01 5.87491857e+00 8.38598784e+09
6.00000000e-01 5.89777429e+00 8.30541331e+09
6.00000000e-01 5.92063000e+00 8.22531167e+09
6.00000000e-01 5.94348571e+00 8.14568667e+09
6.00000000e-01 5.96634143e+00 8.06654181e+09
6.00000000e-01 5.98919714e+00 7.98788025e+09
6.00000000e-01 6.01205286e+00 7.90970940e+09
6.00000000e-01 6.03490857e+00 7.83202418e+09
6.00000000e-01 6.05776429e+00 7.75483138e+09
6.00000000e-01 6.08062000e+00 7.67813363e+09
6.00000000e-01 6.10347571e+00 7.60193344e+09
6.00000000e-01 6.12633143e+00 7.52623277e+09
6.00000000e-01 6.14918714e+00 7.45103441e+09
6.00000000e-01 6.17204286e+00 7.37634006e+09
6.00000000e-01 6.19489857e+00 7.30215173e+09
6.00000000e-01 6.21775429e+00 7.22847079e+09
6.00000000e-01 6.24061000e+00 7.15529895e+09
6.00000000e-01 6.26346571e+00 7.08263767e+09
6.00000000e-01 6.28632143e+00 7.01048821e+09
6.00000000e-01 6.30917714e+00 6.93885169e+09
6.00000000e-01 6.33203286e+00 6.86772916e+09
6.00000000e-01 6.35488857e+00 6.79712195e+09
6.00000000e-01 6.37774429e+00 6.72703001e+09
6.00000000e-01 6.40060000e+00 6.65745460e+09
6.00000000e-01 6.42345571e+00 6.58840019e+09
6.00000000e-01 6.44631143e+00 6.51985817e+09
6.00000000e-01 6.46916714e+00 6.45183356e+09
6.00000000e-01 6.49202286e+00 6.38432656e+09
6.00000000e-01 6.51487857e+00 6.31733746e+09
6.00000000e-01 6.53773429e+00 6.25086551e+09
6.00000000e-01 6.56059000e+00 6.18491114e+09
6.00000000e-01 6.58344571e+00 6.11947394e+09
6.00000000e-01 6.60630143e+00 6.05455356e+09
6.00000000e-01 6.62915714e+00 5.99014954e+09
6.00000000e-01 6.65201286e+00 5.92626134e+09
6.00000000e-01 6.67486857e+00 5.86288833e+09
6.00000000e-01 6.69772429e+00 5.80002950e+09
6.00000000e-01 6.72058000e+00 5.73768493e+09
6.00000000e-01 6.74343571e+00 5.67585281e+09
6.00000000e-01 6.76629143e+00 5.61453239e+09
6.00000000e-01 6.78914714e+00 5.55372267e+09
6.00000000e-01 6.81200286e+00 5.49342251e+09
6.00000000e-01 6.83485857e+00 5.43363070e+09
6.00000000e-01 6.85771429e+00 5.37434595e+09
6.00000000e-01 6.88057000e+00 5.31556606e+09
6.00000000e-01 6.90342571e+00 5.25729136e+09
6.00000000e-01 6.92628143e+00 5.19951938e+09
6.00000000e-01 6.94913714e+00 5.14224862e+09
6.00000000e-01 6.97199286e+00 5.08547747e+09
6.00000000e-01 6.99484857e+00 5.02920423e+09
6.00000000e-01 7.01770429e+00 4.97342717e+09
6.00000000e-01 7.04056000e+00 4.91814429e+09
6.00000000e-01 7.06341571e+00 4.86335414e+09
6.00000000e-01 7.08627143e+00 4.80905459e+09
6.00000000e-01 7.10912714e+00 4.75524368e+09
6.00000000e-01 7.13198286e+00 4.70191943e+09
6.00000000e-01 7.15483857e+00 4.64908051e+09
6.00000000e-01 7.17769429e+00 4.59672331e+09
6.00000000e-01 7.20055000e+00 4.54484640e+09
6.00000000e-01 7.22340571e+00 4.49344699e+09
6.00000000e-01 7.24626143e+00 4.44252399e+09
6.00000000e-01 7.26911714e+00 4.39207480e+09
6.00000000e-01 7.29197286e+00 4.34209688e+09
6.00000000e-01 7.31482857e+00 4.29258802e+09
6.00000000e-01 7.33768429e+00 4.24354562e+09
6.00000000e-01 7.36054000e+00 4.19496732e+09
6.00000000e-01 7.38339571e+00 4.14685075e+09
6.00000000e-01 7.40625143e+00 4.09919338e+09
6.00000000e-01 7.42910714e+00 4.05199258e+09
6.00000000e-01 7.45196286e+00 4.00524402e+09
6.00000000e-01 7.47481857e+00 3.95894925e+09
6.00000000e-01 7.49767429e+00 3.91310416e+09
6.00000000e-01 7.52053000e+00 3.86770398e+09
6.00000000e-01 7.54338571e+00 3.82274735e+09
6.00000000e-01 7.56624143e+00 3.77823250e+09
6.00000000e-01 7.58909714e+00 3.73415643e+09
6.00000000e-01 7.61195286e+00 3.69051542e+09
6.00000000e-01 7.63480857e+00 3.64730728e+09
6.00000000e-01 7.65766429e+00 3.60452927e+09
6.00000000e-01 7.68052000e+00 3.56217870e+09
6.00000000e-01 7.70337571e+00 3.52025254e+09
6.00000000e-01 7.72623143e+00 3.47874826e+09
6.00000000e-01 7.74908714e+00 3.43766295e+09
6.00000000e-01 7.77194286e+00 3.39699378e+09
6.00000000e-01 7.79479857e+00 3.35673728e+09
6.00000000e-01 7.81765429e+00 3.31689189e+09
6.00000000e-01 7.84051000e+00 3.27745410e+09
6.00000000e-01 7.86336571e+00 3.23842157e+09
6.00000000e-01 7.88622143e+00 3.19979033e+09
6.00000000e-01 7.90907714e+00 3.16155811e+09
6.00000000e-01 7.93193286e+00 3.12372100e+09
6.00000000e-01 7.95478857e+00 3.08627805e+09
6.00000000e-01 7.97764429e+00 3.04922540e+09
6.00000000e-01 8.00050000e+00 3.01256011e+09
6.00000000e-01 8.02335571e+00 2.97627930e+09
6.00000000e-01 8.04621143e+00 2.94038006e+09
6.00000000e-01 8.06906714e+00 2.90486003e+09
6.00000000e-01 8.09192286e+00 2.86971516e+09
6.00000000e-01 8.11477857e+00 2.83494308e+09
6.00000000e-01 8.13763429e+00 2.80054091e+09
6.00000000e-01 8.16049000e+00 2.76650572e+09
6.00000000e-01 8.18334571e+00 2.73283471e+09
6.00000000e-01 8.20620143e+00 2.69952474e+09
6.00000000e-01 8.22905714e+00 2.66657300e+09
6.00000000e-01 8.25191286e+00 2.63397659e+09
6.00000000e-01 8.27476857e+00 2.60173251e+09
6.00000000e-01 8.29762429e+00 2.56983805e+09
6.00000000e-01 8.32048000e+00 2.53829022e+09
6.00000000e-01 8.34333571e+00 2.50708617e+09
6.00000000e-01 8.36619143e+00 2.47622291e+09
6.00000000e-01 8.38904714e+00 2.44569764e+09
6.00000000e-01 8.41190286e+00 2.41550745e+09
6.00000000e-01 8.43475857e+00 2.38564952e+09
6.00000000e-01 8.45761429e+00 2.35612094e+09
6.00000000e-01 8.48047000e+00 2.32691887e+09
6.00000000e-01 8.50332571e+00 2.29804048e+09
6.00000000e-01 8.52618143e+00 2.26948315e+09
6.00000000e-01 8.54903714e+00 2.24124362e+09
6.00000000e-01 8.57189286e+00 2.21331929e+09
6.00000000e-01 8.59474857e+00 2.18570735e+09
6.00000000e-01 8.61760429e+00 2.15840501e+09
6.00000000e-01 8.64046000e+00 2.13140947e+09
6.00000000e-01 8.66331571e+00 2.10471797e+09
6.00000000e-01 8.68617143e+00 2.07832782e+09
6.00000000e-01 8.70902714e+00 2.05223610e+09
6.00000000e-01 8.73188286e+00 2.02644015e+09
6.00000000e-01 8.75473857e+00 2.00093724e+09
6.00000000e-01 8.77759429e+00 1.97572470e+09
6.00000000e-01 8.80045000e+00 1.95079975e+09
6.00000000e-01 8.82330571e+00 1.92615973e+09
6.00000000e-01 8.84616143e+00 1.90180196e+09
6.00000000e-01 8.86901714e+00 1.87772378e+09
6.00000000e-01 8.89187286e+00 1.85392253e+09
6.00000000e-01 8.91472857e+00 1.83039559e+09
6.00000000e-01 8.93758429e+00 1.80714030e+09
6.00000000e-01 8.96044000e+00 1.78415407e+09
6.00000000e-01 8.98329571e+00 1.76143431e+09
6.00000000e-01 9.00615143e+00 1.73897814e+09
6.00000000e-01 9.02900714e+00 1.71678356e+09
6.00000000e-01 9.05186286e+00 1.69484774e+09
6.00000000e-01 9.07471857e+00 1.67316820e+09
6.00000000e-01 9.09757429e+00 1.65174230e+09
6.00000000e-01 9.12043000e+00 1.63056758e+09
6.00000000e-01 9.14328571e+00 1.60964127e+09
6.00000000e-01 9.16614143e+00 1.58896148e+09
6.00000000e-01 9.18899714e+00 1.56852538e+09
6.00000000e-01 9.21185286e+00 1.54833067e+09
6.00000000e-01 9.23470857e+00 1.52837482e+09
6.00000000e-01 9.25756429e+00 1.50865560e+09
6.00000000e-01 9.28042000e+00 1.48917029e+09
6.00000000e-01 9.30327571e+00 1.46991644e+09
6.00000000e-01 9.32613143e+00 1.45089213e+09
6.00000000e-01 9.34898714e+00 1.43209483e+09
6.00000000e-01 9.37184286e+00 1.41352210e+09
6.00000000e-01 9.39469857e+00 1.39517177e+09
6.00000000e-01 9.41755429e+00 1.37704134e+09
6.00000000e-01 9.44041000e+00 1.35912884e+09
6.00000000e-01 9.46326571e+00 1.34143167e+09
6.00000000e-01 9.48612143e+00 1.32394774e+09
6.00000000e-01 9.50897714e+00 1.30667493e+09
6.00000000e-01 9.53183286e+00 1.28961075e+09
6.00000000e-01 9.55468857e+00 1.27275334e+09
6.00000000e-01 9.57754429e+00 1.25610005e+09
6.00000000e-01 9.60040000e+00 1.23964902e+09
6.00000000e-01 9.62325571e+00 1.22339806e+09
6.00000000e-01 9.64611143e+00 1.20734501e+09
6.00000000e-01 9.66896714e+00 1.19148778e+09
6.00000000e-01 9.69182286e+00 1.17582428e+09
6.00000000e-01 9.71467857e+00 1.16035240e+09
6.00000000e-01 9.73753429e+00 1.14507006e+09
6.00000000e-01 9.76039000e+00 1.12997518e+09
6.00000000e-01 9.78324571e+00 1.11506582e+09
6.00000000e-01 9.80610143e+00 1.10033955e+09
6.00000000e-01 9.82895714e+00 1.08579504e+09
6.00000000e-01 9.85181286e+00 1.07143033e+09
6.00000000e-01 9.87466857e+00 1.05724285e+09
6.00000000e-01 9.89752429e+00 1.04323096e+09
6.00000000e-01 9.92038000e+00 1.02939265e+09
6.00000000e-01 9.94323571e+00 1.01572606e+09
6.00000000e-01 9.96609143e+00 1.00222925e+09
6.00000000e-01 9.98894714e+00 9.88900560e+08
6.00000000e-01 1.00118029e+01 9.75737711e+08
6.00000000e-01 1.00346586e+01 9.62739051e+08
6.00000000e-01 1.00575143e+01 9.49902630e+08
6.00000000e-01 1.00803700e+01 9.37226883e+08
6.00000000e-01 1.01032257e+01 9.24709866e+08
6.00000000e-01 1.01260814e+01 9.12349753e+08
6.00000000e-01 1.01489371e+01 9.00144860e+08
6.00000000e-01 1.01717929e+01 8.88093374e+08
6.00000000e-01 1.01946486e+01 8.76193599e+08
6.00000000e-01 1.02175043e+01 8.64443663e+08
6.00000000e-01 1.02403600e+01 8.52842234e+08
6.00000000e-01 1.02632157e+01 8.41387305e+08
6.00000000e-01 1.02860714e+01 8.30077195e+08
6.00000000e-01 1.03089271e+01 8.18910324e+08
6.00000000e-01 1.03317829e+01 8.07884886e+08
6.00000000e-01 1.03546386e+01 7.96999556e+08
6.00000000e-01 1.03774943e+01 7.86252565e+08
6.00000000e-01 1.04003500e+01 7.75642321e+08
6.00000000e-01 1.04232057e+01 7.65167239e+08
6.00000000e-01 1.04460614e+01 7.54825544e+08
6.00000000e-01 1.04689171e+01 7.44616355e+08
6.00000000e-01 1.04917729e+01 7.34537519e+08
6.00000000e-01 1.05146286e+01 7.24587472e+08
6.00000000e-01 1.05374843e+01 7.14764994e+08
6.00000000e-01 1.05603400e+01 7.05068478e+08
6.00000000e-01 1.05831957e+01 6.95496502e+08
6.00000000e-01 1.06060514e+01 6.86047572e+08
6.00000000e-01 1.06289071e+01 6.76720213e+08
6.00000000e-01 1.06517629e+01 6.67512993e+08
6.00000000e-01 1.06746186e+01 6.58424787e+08
6.00000000e-01 1.06974743e+01 6.49453654e+08
6.00000000e-01 1.07203300e+01 6.40598447e+08
6.00000000e-01 1.07431857e+01 6.31857814e+08
6.00000000e-01 1.07660414e+01 6.23230489e+08
6.00000000e-01 1.07888971e+01 6.14714902e+08
6.00000000e-01 1.08117529e+01 6.06309829e+08
6.00000000e-01 1.08346086e+01 5.98013931e+08
6.00000000e-01 1.08574643e+01 5.89826349e+08
6.00000000e-01 1.08803200e+01 5.81744974e+08
6.00000000e-01 1.09031757e+01 5.73768917e+08
6.00000000e-01 1.09260314e+01 5.65896836e+08
6.00000000e-01 1.09488871e+01 5.58127550e+08
6.00000000e-01 1.09717429e+01 5.50459799e+08
6.00000000e-01 1.09945986e+01 5.42892365e+08
6.00000000e-01 1.10174543e+01 5.35424021e+08
6.00000000e-01 1.10403100e+01 5.28053570e+08
6.00000000e-01 1.10631657e+01 5.20779824e+08
6.00000000e-01 1.10860214e+01 5.13601601e+08
6.00000000e-01 1.11088771e+01 5.06517737e+08
6.00000000e-01 1.11317329e+01 4.99527010e+08
6.00000000e-01 1.11545886e+01 4.92628450e+08
6.00000000e-01 1.11774443e+01 4.85820695e+08
6.00000000e-01 1.12003000e+01 4.79102867e+08
6.00000000e-01 1.12231557e+01 4.72473758e+08
6.00000000e-01 1.12460114e+01 4.65932277e+08
6.00000000e-01 1.12688671e+01 4.59477355e+08
6.00000000e-01 1.12917229e+01 4.53107902e+08
6.00000000e-01 1.13145786e+01 4.46822831e+08
6.00000000e-01 1.13374343e+01 4.40621175e+08
6.00000000e-01 1.13602900e+01 4.34501862e+08
6.00000000e-01 1.13831457e+01 4.28463864e+08
6.00000000e-01 1.14060014e+01 4.22506181e+08
6.00000000e-01 1.14288571e+01 4.16627811e+08
6.00000000e-01 1.14517129e+01 4.10827778e+08
6.00000000e-01 1.14745686e+01 4.05105078e+08
6.00000000e-01 1.14974243e+01 3.99458756e+08
6.00000000e-01 1.15202800e+01 3.93887857e+08
6.00000000e-01 1.15431357e+01 3.88391436e+08
6.00000000e-01 1.15659914e+01 3.82968560e+08
6.00000000e-01 1.15888471e+01 3.77618306e+08
6.00000000e-01 1.16117029e+01 3.72339755e+08
6.00000000e-01 1.16345586e+01 3.67131987e+08
6.00000000e-01 1.16574143e+01 3.61994148e+08
6.00000000e-01 1.16802700e+01 3.56925339e+08
6.00000000e-01 1.17031257e+01 3.51924608e+08
6.00000000e-01 1.17259814e+01 3.46991248e+08
6.00000000e-01 1.17488371e+01 3.42124282e+08
6.00000000e-01 1.17716929e+01 3.37323011e+08
6.00000000e-01 1.17945486e+01 3.32586451e+08
6.00000000e-01 1.18174043e+01 3.27913830e+08
6.00000000e-01 1.18402600e+01 3.23304335e+08
6.00000000e-01 1.18631157e+01 3.18757160e+08
6.00000000e-01 1.18859714e+01 3.14271510e+08
6.00000000e-01 1.19088271e+01 3.09846604e+08
6.00000000e-01 1.19316829e+01 3.05481652e+08
6.00000000e-01 1.19545386e+01 3.01175897e+08
6.00000000e-01 1.19773943e+01 2.96928575e+08
6.00000000e-01 1.20002500e+01 2.92738940e+08
6.00000000e-01 1.20231057e+01 2.88606247e+08
6.00000000e-01 1.20459614e+01 2.84529764e+08
6.00000000e-01 1.20688171e+01 2.80508768e+08
6.00000000e-01 1.20916729e+01 2.76542543e+08
6.00000000e-01 1.21145286e+01 2.72630382e+08
6.00000000e-01 1.21373843e+01 2.68771580e+08
6.00000000e-01 1.21602400e+01 2.64965460e+08
6.00000000e-01 1.21830957e+01 2.61211332e+08
6.00000000e-01 1.22059514e+01 2.57508523e+08
6.00000000e-01 1.22288071e+01 2.53856367e+08
6.00000000e-01 1.22516629e+01 2.50254214e+08
6.00000000e-01 1.22745186e+01 2.46701398e+08
6.00000000e-01 1.22973743e+01 2.43197285e+08
6.00000000e-01 1.23202300e+01 2.39741234e+08
6.00000000e-01 1.23430857e+01 2.36332628e+08
6.00000000e-01 1.23659414e+01 2.32970843e+08
6.00000000e-01 1.23887971e+01 2.29655266e+08
6.00000000e-01 1.24116529e+01 2.26385290e+08
6.00000000e-01 1.24345086e+01 2.23160325e+08
6.00000000e-01 1.24573643e+01 2.19979776e+08
6.00000000e-01 1.24802200e+01 2.16843056e+08
6.00000000e-01 1.25030757e+01 2.13749630e+08
6.00000000e-01 1.25259314e+01 2.10698865e+08
6.00000000e-01 1.25487871e+01 2.07690228e+08
6.00000000e-01 1.25716429e+01 2.04723164e+08
6.00000000e-01 1.25944986e+01 2.01797125e+08
6.00000000e-01 1.26173543e+01 1.98911569e+08
6.00000000e-01 1.26402100e+01 1.96065970e+08
6.00000000e-01 1.26630657e+01 1.93259796e+08
6.00000000e-01 1.26859214e+01 1.90492508e+08
6.00000000e-01 1.27087771e+01 1.87763603e+08
6.00000000e-01 1.27316329e+01 1.85072572e+08
6.00000000e-01 1.27544886e+01 1.82418914e+08
6.00000000e-01 1.27773443e+01 1.79802132e+08
6.00000000e-01 1.28002000e+01 1.77221735e+08
6.00000000e-01 1.28230557e+01 1.74677239e+08
6.00000000e-01 1.28459114e+01 1.72168166e+08
6.00000000e-01 1.28687671e+01 1.69694044e+08
6.00000000e-01 1.28916229e+01 1.67254357e+08
6.00000000e-01 1.29144786e+01 1.64848745e+08
6.00000000e-01 1.29373343e+01 1.62476703e+08
6.00000000e-01 1.29601900e+01 1.60137780e+08
6.00000000e-01 1.29830457e+01 1.57831536e+08
6.00000000e-01 1.30059014e+01 1.55557531e+08
6.00000000e-01 1.30287571e+01 1.53315334e+08
6.00000000e-01 1.30516129e+01 1.51104516e+08
6.00000000e-01 1.30744686e+01 1.48924658e+08
6.00000000e-01 1.30973243e+01 1.46775343e+08
6.00000000e-01 1.31201800e+01 1.44656156e+08
6.00000000e-01 1.31430357e+01 1.42566699e+08
6.00000000e-01 1.31658914e+01 1.40506568e+08
6.00000000e-01 1.31887471e+01 1.38475498e+08
6.00000000e-01 1.32116029e+01 1.36472835e+08
6.00000000e-01 1.32344586e+01 1.34498326e+08
6.00000000e-01 1.32573143e+01 1.32551591e+08
6.00000000e-01 1.32801700e+01 1.30632253e+08
6.00000000e-01 1.33030257e+01 1.28739944e+08
6.00000000e-01 1.33258814e+01 1.26874295e+08
6.00000000e-01 1.33487371e+01 1.25034959e+08
6.00000000e-01 1.33715929e+01 1.23221553e+08
6.00000000e-01 1.33944486e+01 1.21433777e+08
6.00000000e-01 1.34173043e+01 1.19671208e+08
6.00000000e-01 1.34401600e+01 1.17933534e+08
6.00000000e-01 1.34630157e+01 1.16220420e+08
6.00000000e-01 1.34858714e+01 1.14531533e+08
6.00000000e-01 1.35087271e+01 1.12866542e+08
6.00000000e-01 1.35315829e+01 1.11225120e+08
6.00000000e-01 1.35544386e+01 1.09606947e+08
6.00000000e-01 1.35772943e+01 1.08011716e+08
6.00000000e-01 1.36001500e+01 1.06439057e+08
6.00000000e-01 1.36230057e+01 1.04888741e+08
6.00000000e-01 1.36458614e+01 1.03360427e+08
6.00000000e-01 1.36687171e+01 1.01869985e+08
6.00000000e-01 1.36915729e+01 1.00384558e+08
6.00000000e-01 1.37144286e+01 9.89202451e+07
6.00000000e-01 1.37372843e+01 9.74767545e+07
6.00000000e-01 1.37601400e+01 9.60538195e+07
6.00000000e-01 1.37829957e+01 9.46511217e+07
6.00000000e-01 1.38058514e+01 9.32684028e+07
6.00000000e-01 1.38287071e+01 9.19053825e+07
6.00000000e-01 1.38515629e+01 9.05617922e+07
6.00000000e-01 1.38744186e+01 8.92373641e+07
6.00000000e-01 1.38972743e+01 8.79318338e+07
6.00000000e-01 1.39201300e+01 8.66449164e+07
6.00000000e-01 1.39429857e+01 8.53764037e+07
6.00000000e-01 1.39658414e+01 8.41260132e+07
6.00000000e-01 1.39886971e+01 8.28935016e+07
6.00000000e-01 1.40115529e+01 8.16786162e+07
6.00000000e-01 1.40344086e+01 8.04811151e+07
6.00000000e-01 1.40572643e+01 7.93007589e+07
6.00000000e-01 1.40801200e+01 7.81373074e+07
6.00000000e-01 1.41029757e+01 7.69905269e+07
6.00000000e-01 1.41258314e+01 7.58601858e+07
6.00000000e-01 1.41486871e+01 7.47460592e+07
6.00000000e-01 1.41715429e+01 7.36479151e+07
6.00000000e-01 1.41943986e+01 7.25655385e+07
6.00000000e-01 1.42172543e+01 7.14987021e+07
6.00000000e-01 1.42401100e+01 7.04471935e+07
6.00000000e-01 1.42629657e+01 6.94108062e+07
6.00000000e-01 1.42858214e+01 6.83893189e+07
6.00000000e-01 1.43086771e+01 6.73825239e+07
6.00000000e-01 1.43315329e+01 6.63902194e+07
6.00000000e-01 1.43543886e+01 6.54122033e+07
6.00000000e-01 1.43772443e+01 6.44482758e+07
6.00000000e-01 1.44001000e+01 6.34982395e+07
6.00000000e-01 1.44229557e+01 6.25619010e+07
6.00000000e-01 1.44458114e+01 6.16390681e+07
6.00000000e-01 1.44686671e+01 6.07295518e+07
6.00000000e-01 1.44915229e+01 5.98331653e+07
6.00000000e-01 1.45143786e+01 5.89497246e+07
6.00000000e-01 1.45372343e+01 5.80790480e+07
6.00000000e-01 1.45600900e+01 5.72209565e+07
6.00000000e-01 1.45829457e+01 5.63752750e+07
6.00000000e-01 1.46058014e+01 5.55418251e+07
6.00000000e-01 1.46286571e+01 5.47204352e+07
6.00000000e-01 1.46515129e+01 5.39109397e+07
6.00000000e-01 1.46743686e+01 5.31131688e+07
6.00000000e-01 1.46972243e+01 5.23269576e+07
6.00000000e-01 1.47200800e+01 5.15521387e+07
6.00000000e-01 1.47429357e+01 5.07885602e+07
6.00000000e-01 1.47657914e+01 5.00360525e+07
6.00000000e-01 1.47886471e+01 4.92944746e+07
6.00000000e-01 1.48115029e+01 4.85636618e+07
6.00000000e-01 1.48343586e+01 4.78434638e+07
6.00000000e-01 1.48572143e+01 4.71337323e+07
6.00000000e-01 1.48800700e+01 4.64343162e+07
6.00000000e-01 1.49029257e+01 4.57450700e+07
6.00000000e-01 1.49257814e+01 4.50658509e+07
6.00000000e-01 1.49486371e+01 4.43965165e+07
6.00000000e-01 1.49714929e+01 4.37369266e+07
6.00000000e-01 1.49943486e+01 4.30869430e+07
6.00000000e-01 1.50172043e+01 4.24464295e+07
6.00000000e-01 1.50400600e+01 4.18152516e+07
6.00000000e-01 1.50629157e+01 4.11932816e+07
6.00000000e-01 1.50857714e+01 4.05803744e+07
6.00000000e-01 1.51086271e+01 3.99764150e+07
6.00000000e-01 1.51314829e+01 3.93812719e+07
6.00000000e-01 1.51543386e+01 3.87948193e+07
6.00000000e-01 1.51771943e+01 3.82169313e+07
6.00000000e-01 1.52000500e+01 3.76474909e+07
6.00000000e-01 1.52229057e+01 3.70863745e+07
6.00000000e-01 1.52457614e+01 3.65334613e+07
6.00000000e-01 1.52686171e+01 3.59886394e+07
6.00000000e-01 1.52914729e+01 3.54517909e+07
6.00000000e-01 1.53143286e+01 3.49228018e+07
6.00000000e-01 1.53371843e+01 3.44015606e+07
6.00000000e-01 1.53600400e+01 3.38879712e+07
6.00000000e-01 1.53828957e+01 3.33818926e+07
6.00000000e-01 1.54057514e+01 3.28832361e+07
6.00000000e-01 1.54286071e+01 3.23918903e+07
6.00000000e-01 1.54514629e+01 3.19077531e+07
6.00000000e-01 1.54743186e+01 3.14307085e+07
6.00000000e-01 1.54971743e+01 3.09606803e+07
6.00000000e-01 1.55200300e+01 3.04975498e+07
6.00000000e-01 1.55428857e+01 3.00412288e+07
6.00000000e-01 1.55657414e+01 2.95916137e+07
6.00000000e-01 1.55885971e+01 2.91486092e+07
6.00000000e-01 1.56114529e+01 2.87121198e+07
6.00000000e-01 1.56343086e+01 2.82820518e+07
6.00000000e-01 1.56571643e+01 2.78583131e+07
6.00000000e-01 1.56800200e+01 2.74408137e+07
6.00000000e-01 1.57028757e+01 2.70294614e+07
6.00000000e-01 1.57257314e+01 2.66241689e+07
6.00000000e-01 1.57485871e+01 2.62248486e+07
6.00000000e-01 1.57714429e+01 2.58314150e+07
6.00000000e-01 1.57942986e+01 2.54437831e+07
6.00000000e-01 1.58171543e+01 2.50618691e+07
6.00000000e-01 1.58400100e+01 2.46855906e+07
6.00000000e-01 1.58628657e+01 2.43148661e+07
6.00000000e-01 1.58857214e+01 2.39496155e+07
6.00000000e-01 1.59085771e+01 2.35897625e+07
6.00000000e-01 1.59314329e+01 2.32352236e+07
6.00000000e-01 1.59542886e+01 2.28859247e+07
6.00000000e-01 1.59771443e+01 2.25417908e+07
8.00000000e-01 1.00000000e-03 1.70874789e-04
8.00000000e-01 2.38557143e-02 8.28676820e+04
8.00000000e-01 4.67114286e-02 1.09608865e+06
8.00000000e-01 6.95671429e-02 4.42831054e+06
8.00000000e-01 9.24228571e-02 1.15192653e+07
8.00000000e-01 1.15278571e-01 2.37694001e+07
8.00000000e-01 1.38134286e-01 4.25239058e+07
8.00000000e-01 1.60990000e-01 6.90268304e+07
8.00000000e-01 1.83845714e-01 1.04398605e+08
8.00000000e-01 2.06701429e-01 1.49524709e+08
8.00000000e-01 2.29557143e-01 2.04940274e+08
8.00000000e-01 2.52412857e-01 2.70744620e+08
8.00000000e-01 2.75268571e-01 3.46546355e+08
8.00000000e-01 2.98124286e-01 4.31271554e+08
8.00000000e-01 3.20980000e-01 5.24206360e+08
8.00000000e-01 3.43835714e-01 6.25811169e+08
8.00000000e-01 3.66691429e-01 7.36096916e+08
8.00000000e-01 3.89547143e-01 8.54947679e+08
8.00000000e-01 4.12402857e-01 9.82187083e+08
8.00000000e-01 4.35258571e-01 1.11758984e+09
8.00000000e-01 4.58114286e-01 1.26090712e+09
8.00000000e-01 4.80970000e-01 1.41186462e+09
8.00000000e-01 5.03825714e-01 1.57017376e+09
8.00000000e-01 5.26681429e-01 1.73552170e+09
8.00000000e-01 5.49537143e-01 1.90760288e+09
8.00000000e-01 5.72392857e-01 2.08609256e+09
8.00000000e-01 5.95248571e-01 2.27066789e+09
8.00000000e-01 6.18104286e-01 2.46100471e+09
8.00000000e-01 6.40960000e-01 2.65676989e+09
8.00000000e-01 6.63815714e-01 2.85764061e+09
8.00000000e-01 6.86671429e-01 3.06329373e+09
8.00000000e-01 7.09527143e-01 3.27340194e+09
8.00000000e-01 7.32382857e-01 3.48765910e+09
8.00000000e-01 7.55238571e-01 3.70574351e+09
8.00000000e-01 7.78094286e-01 3.92735485e+09
8.00000000e-01 8.00950000e-01 4.15218508e+09
8.00000000e-01 8.23805714e-01 4.37994669e+09
8.00000000e-01 8.46661429e-01 4.61034494e+09
8.00000000e-01 8.69517143e-01 4.84310376e+09
8.00000000e-01 8.92372857e-01 5.07795393e+09
8.00000000e-01 9.15228571e-01 5.31462135e+09
8.00000000e-01 9.38084286e-01 5.55284978e+09
8.00000000e-01 9.60940000e-01 5.79238152e+09
8.00000000e-01 9.83795714e-01 6.03298602e+09
8.00000000e-01 1.00665143e+00 6.27440625e+09
8.00000000e-01 1.02950714e+00 6.51641977e+09
8.00000000e-01 1.05236286e+00 6.75880487e+09
8.00000000e-01 1.07521857e+00 7.00134700e+09
8.00000000e-01 1.09807429e+00 7.24383614e+09
8.00000000e-01 1.12093000e+00 7.48605909e+09
8.00000000e-01 1.14378571e+00 7.72783888e+09
8.00000000e-01 1.16664143e+00 7.96898576e+09
8.00000000e-01 1.18949714e+00 8.20933196e+09
8.00000000e-01 1.21235286e+00 8.44869021e+09
8.00000000e-01 1.23520857e+00 8.68690088e+09
8.00000000e-01 1.25806429e+00 8.92379851e+09
8.00000000e-01 1.28092000e+00 9.15922731e+09
8.00000000e-01 1.30377571e+00 9.39302977e+09
8.00000000e-01 1.32663143e+00 9.62508566e+09
8.00000000e-01 1.34948714e+00 9.85524810e+09
8.00000000e-01 1.37234286e+00 1.00833992e+10
8.00000000e-01 1.39519857e+00 1.03094028e+10
8.00000000e-01 1.41805429e+00 1.05331486e+10
8.00000000e-01 1.44091000e+00 1.07545257e+10
8.00000000e-01 1.46376571e+00 1.09734163e+10
8.00000000e-01 1.48662143e+00 1.11897288e+10
8.00000000e-01 1.50947714e+00 1.14033608e+10
8.00000000e-01 1.53233286e+00 1.16142239e+10
8.00000000e-01 1.55518857e+00 1.18222485e+10
8.00000000e-01 1.57804429e+00 1.20273270e+10
8.00000000e-01 1.60090000e+00 1.22293933e+10
8.00000000e-01 1.62375571e+00 1.24283789e+10
8.00000000e-01 1.64661143e+00 1.26242104e+10
8.00000000e-01 1.66946714e+00 1.28168360e+10
8.00000000e-01 1.69232286e+00 1.30061801e+10
8.00000000e-01 1.71517857e+00 1.31921929e+10
8.00000000e-01 1.73803429e+00 1.33748216e+10
8.00000000e-01 1.76089000e+00 1.35540293e+10
8.00000000e-01 1.78374571e+00 1.37297692e+10
8.00000000e-01 1.80660143e+00 1.39019922e+10
8.00000000e-01 1.82945714e+00 1.40706672e+10
8.00000000e-01 1.85231286e+00 1.42357628e+10
8.00000000e-01 1.87516857e+00 1.43972572e+10
8.00000000e-01 1.89802429e+00 1.45551128e+10
8.00000000e-01 1.92088000e+00 1.47093086e+10
8.00000000e-01 1.94373571e+00 1.48598272e+10
8.00000000e-01 1.96659143e+00 1.50066551e+10
8.00000000e-01 1.98944714e+00 1.51497719e+10
8.00000000e-01 2.01230286e+00 1.52891662e+10
8.00000000e-01 2.03515857e+00 1.54248230e+10
8.00000000e-01 2.05801429e+00 1.55567508e+10
8.00000000e-01 2.08087000e+00 1.56849382e+10
8.00000000e-01 2.10372571e+00 1.58093830e+10
8.00000000e-01 2.12658143e+00 1.59300912e+10
8.00000000e-01 2.14943714e+00 1.60470633e+10
8.00000000e-01 2.17229286e+00 1.61603042e+10
8.00000000e-01 2.19514857e+00 1.62698221e+10
8.00000000e-01 2.21800429e+00 1.63756311e+10
8.00000000e-01 2.24086000e+00 1.64777350e+10
8.00000000e-01 2.26371571e+00 1.65761513e+10
8.00000000e-01 2.28657143e+00 1.66708882e+10
8.00000000e-01 2.30942714e+00 1.67619734e+10
8.00000000e-01 2.33228286e+00 1.68494246e+10
8.00000000e-01 2.35513857e+00 1.69332530e+10
8.00000000e-01 2.37799429e+00 1.70134750e+10
8.00000000e-01 2.40085000e+00 1.70901454e+10
8.00000000e-01 2.42370571e+00 1.71632563e+10
8.00000000e-01 2.44656143e+00 1.72328433e+10
8.00000000e-01 2.46941714e+00 1.72989434e+10
8.00000000e-01 2.49227286e+00 1.73615681e+10
8.00000000e-01 2.51512857e+00 1.74207532e+10
8.00000000e-01 2.53798429e+00 1.74765351e+10
8.00000000e-01 2.56084000e+00 1.75289309e+10
8.00000000e-01 2.58369571e+00 1.75779862e+10
8.00000000e-01 2.60655143e+00 1.76237271e+10
8.00000000e-01 2.62940714e+00 1.76662048e+10
8.00000000e-01 2.65226286e+00 1.77054360e+10
8.00000000e-01 2.67511857e+00 1.77414565e+10
8.00000000e-01 2.69797429e+00 1.77743006e+10
8.00000000e-01 2.72083000e+00 1.78040214e+10
8.00000000e-01 2.74368571e+00 1.78306494e+10
8.00000000e-01 2.76654143e+00 1.78542062e+10
8.00000000e-01 2.78939714e+00 1.78747560e+10
8.00000000e-01 2.81225286e+00 1.78923199e+10
8.00000000e-01 2.83510857e+00 1.79069597e+10
8.00000000e-01 2.85796429e+00 1.79187074e+10
8.00000000e-01 2.88082000e+00 1.79275913e+10
8.00000000e-01 2.90367571e+00 1.79336601e+10
8.00000000e-01 2.92653143e+00 1.79369520e+10
8.00000000e-01 2.94938714e+00 1.79375157e+10
8.00000000e-01 2.97224286e+00 1.79353937e+10
8.00000000e-01 2.99509857e+00 1.79306163e+10
8.00000000e-01 3.01795429e+00 1.79232376e+10
8.00000000e-01 3.04081000e+00 1.79132959e+10
8.00000000e-01 3.06366571e+00 1.79008448e+10
8.00000000e-01 3.08652143e+00 1.78859052e+10
8.00000000e-01 3.10937714e+00 1.78685276e+10
8.00000000e-01 3.13223286e+00 1.78487648e+10
8.00000000e-01 3.15508857e+00 1.78266550e+10
8.00000000e-01 3.17794429e+00 1.78022343e+10
8.00000000e-01 3.20080000e+00 1.77755581e+10
8.00000000e-01 3.22365571e+00 1.77466615e+10
8.00000000e-01 3.24651143e+00 1.77155878e+10
8.00000000e-01 3.26936714e+00 1.76823832e+10
8.00000000e-01 3.29222286e+00 1.76470778e+10
8.00000000e-01 3.31507857e+00 1.76097321e+10
8.00000000e-01 3.33793429e+00 1.75703807e+10
8.00000000e-01 3.36079000e+00 1.75290657e+10
8.00000000e-01 3.38364571e+00 1.74858320e+10
8.00000000e-01 3.40650143e+00 1.74407171e+10
8.00000000e-01 3.42935714e+00 1.73937634e+10
8.00000000e-01 3.45221286e+00 1.73450097e+10
8.00000000e-01 3.47506857e+00 1.72945034e+10
8.00000000e-01 3.49792429e+00 1.72422827e+10
8.00000000e-01 3.52078000e+00 1.71883882e+10
8.00000000e-01 3.54363571e+00 1.71328604e+10
8.00000000e-01 3.56649143e+00 1.70757385e+10
8.00000000e-01 3.58934714e+00 1.70170641e+10
8.00000000e-01 3.61220286e+00 1.69568743e+10
8.00000000e-01 3.63505857e+00 1.68952102e+10
8.00000000e-01 3.65791429e+00 1.68321115e+10
8.00000000e-01 3.68077000e+00 1.67676154e+10
8.00000000e-01 3.70362571e+00 1.67017586e+10
8.00000000e-01 3.72648143e+00 1.66345803e+10
8.00000000e-01 3.74933714e+00 1.65661200e+10
8.00000000e-01 3.77219286e+00 1.64964036e+10
8.00000000e-01 3.79504857e+00 1.64254827e+10
8.00000000e-01 3.81790429e+00 1.63533875e+10
8.00000000e-01 3.84076000e+00 1.62801504e+10
8.00000000e-01 3.86361571e+00 1.62058134e+10
8.00000000e-01 3.88647143e+00 1.61304076e+10
8.00000000e-01 3.90932714e+00 1.60539690e+10
8.00000000e-01 3.93218286e+00 1.59765312e+10
8.00000000e-01 3.95503857e+00 1.58981280e+10
8.00000000e-01 3.97789429e+00 1.58187927e+10
8.00000000e-01 4.00075000e+00 1.57385554e+10
8.00000000e-01 4.02360571e+00 1.56574544e+10
8.00000000e-01 4.04646143e+00 1.55755185e+10
8.00000000e-01 4.06931714e+00 1.54927815e+10
8.00000000e-01 4.09217286e+00 1.54092716e+10
8.00000000e-01 4.11502857e+00 1.53250206e+10
8.00000000e-01 4.13788429e+00 1.52400595e+10
8.00000000e-01 4.16074000e+00 1.51544179e+10
8.00000000e-01 4.18359571e+00 1.50681253e+10
8.00000000e-01 4.20645143e+00 1.49812107e+10
8.00000000e-01 4.22930714e+00 1.48936956e+10
8.00000000e-01 4.25216286e+00 1.48056225e+10
8.00000000e-01 4.27501857e+00 1.47170119e+10
8.00000000e-01 4.29787429e+00 1.46278911e+10
8.00000000e-01 4.32073000e+00 1.45382860e+10
8.00000000e-01 4.34358571e+00 1.44482249e+10
8.00000000e-01 4.36644143e+00 1.43577349e+10
8.00000000e-01 4.38929714e+00 1.42668376e+10
8.00000000e-01 4.41215286e+00 1.41755597e+10
8.00000000e-01 4.43500857e+00 1.40839262e+10
8.00000000e-01 4.45786429e+00 1.39919612e+10
8.00000000e-01 4.48072000e+00 1.38996886e+10
8.00000000e-01 4.50357571e+00 1.38071318e+10
8.00000000e-01 4.52643143e+00 1.37143126e+10
8.00000000e-01 4.54928714e+00 1.36212558e+10
8.00000000e-01 4.57214286e+00 1.35279824e+10
8.00000000e-01 4.59499857e+00 1.34345146e+10
8.00000000e-01 4.61785429e+00 1.33408723e+10
8.00000000e-01 4.64071000e+00 1.32470775e+10
8.00000000e-01 4.66356571e+00 1.31531511e+10
8.00000000e-01 4.68642143e+00 1.30591117e+10
8.00000000e-01 4.70927714e+00 1.29649801e+10
8.00000000e-01 4.73213286e+00 1.28707747e+10
8.00000000e-01 4.75498857e+00 1.27765146e+10
8.00000000e-01 4.77784429e+00 1.26822186e+10
8.00000000e-01 4.80070000e+00 1.25879056e+10
8.00000000e-01 4.82355571e+00 1.24935917e+10
8.00000000e-01 4.84641143e+00 1.23992945e+10
8.00000000e-01 4.86926714e+00 1.23050311e+10
8.00000000e-01 4.89212286e+00 1.22108188e+10
8.00000000e-01 4.91497857e+00 1.21166727e+10
8.00000000e-01 4.93783429e+00 1.20226092e+10
8.00000000e-01 4.96069000e+00 1.19286449e+10
8.00000000e-01 4.98354571e+00 1.18347923e+10
8.00000000e-01 5.00640143e+00 1.17410675e+10
8.00000000e-01 5.02925714e+00 1.16474852e+10
8.00000000e-01 5.05211286e+00 1.15540588e+10
8.00000000e-01 5.07496857e+00 1.14607990e+10
8.00000000e-01 5.09782429e+00 1.13677256e+10
8.00000000e-01 5.12068000e+00 1.12748483e+10
8.00000000e-01 5.14353571e+00 1.11821799e+10
8.00000000e-01 5.16639143e+00 1.10897326e+10
8.00000000e-01 5.18924714e+00 1.09975188e+10
8.00000000e-01 5.21210286e+00 1.09055500e+10
8.00000000e-01 5.23495857e+00 1.08138375e+10
8.00000000e-01 5.25781429e+00 1.07223925e+10
8.00000000e-01 5.28067000e+00 1.06312256e+10
8.00000000e-01 5.30352571e+00 1.05403477e+10
8.00000000e-01 5.32638143e+00 1.04497687e+10
8.00000000e-01 5.34923714e+00 1.03594979e+10
8.00000000e-01 5.37209286e+00 1.02695436e+10
8.00000000e-01 5.39494857e+00 1.01799196e+10
8.00000000e-01 5.41780429e+00 1.00906286e+10
8.00000000e-01 5.44066000e+00 1.00016870e+10
8.00000000e-01 5.46351571e+00 9.91309947e+09
8.00000000e-01 5.48637143e+00 9.82487419e+09
8.00000000e-01 5.50922714e+00 9.73700452e+09
8.00000000e-01 5.53208286e+00 9.64952742e+09
8.00000000e-01 5.55493857e+00 9.56243638e+09
8.00000000e-01 5.57779429e+00 9.47573714e+09
8.00000000e-01 5.60065000e+00 9.38943829e+09
8.00000000e-01 5.62350571e+00 9.30354467e+09
8.00000000e-01 5.64636143e+00 9.21806199e+09
8.00000000e-01 5.66921714e+00 9.13300001e+09
8.00000000e-01 5.69207286e+00 9.04836240e+09
8.00000000e-01 5.71492857e+00 8.96415600e+09
8.00000000e-01 5.73778429e+00 8.88038542e+09
8.00000000e-01 5.76064000e+00 8.79705630e+09
8.00000000e-01 5.78349571e+00 8.71417384e+09
8.00000000e-01 5.80635143e+00 8.63174273e+09
8.00000000e-01 5.82920714e+00 8.54976725e+09
8.00000000e-01 5.85206286e+00 8.46824969e+09
8.00000000e-01 5.87491857e+00 8.38720030e+09
8.00000000e-01 5.89777429e+00 8.30661990e+09
8.00000000e-01 5.92063000e+00 8.22650939e+09
8.00000000e-01 5.94348571e+00 8.14687848e+09
8.00000000e-01 5.96634143e+00 8.06772766e+09
8.00000000e-01 5.98919714e+00 7.98906026e+09
8.00000000e-01 6.01205286e+00 7.91088001e+09
8.00000000e-01 6.03490857e+00 7.83318875e+09
8.00000000e-01 6.05776429e+00 7.75599336e+09
8.00000000e-01 6.08062000e+00 7.67929090e+09
8.00000000e-01 6.10347571e+00 7.60308448e+09
8.00000000e-01 6.12633143e+00 7.52737791e+09
8.00000000e-01 6.14918714e+00 7.45217384e+09
8.00000000e-01 6.17204286e+00 7.37747316e+09
8.00000000e-01 6.19489857e+00 7.30327808e+09
8.00000000e-01 6.21775429e+00 7.22959077e+09
8.00000000e-01 6.24061000e+00 7.15641255e+09
8.00000000e-01 6.26346571e+00 7.08374484e+09
8.00000000e-01 6.28632143e+00 7.01158860e+09
8.00000000e-01 6.30917714e+00 6.93994529e+09
8.00000000e-01 6.33203286e+00 6.86881625e+09
8.00000000e-01 6.35488857e+00 6.79820204e+09
8.00000000e-01 6.37774429e+00 6.72810342e+09
8.00000000e-01 6.40060000e+00 6.65852102e+09
8.00000000e-01 6.42345571e+00 6.58945535e+09
8.00000000e-01 6.44631143e+00 6.52090686e+09
8.00000000e-01 6.46916714e+00 6.45287568e+09
8.00000000e-01 6.49202286e+00 6.38536202e+09
8.00000000e-01 6.51487857e+00 6.31836607e+09
8.00000000e-01 6.53773429e+00 6.25188404e+09
8.00000000e-01 6.56059000e+00 6.18592313e+09
8.00000000e-01 6.58344571e+00 6.12047956e+09
8.00000000e-01 6.60630143e+00 6.05555261e+09
8.00000000e-01 6.62915714e+00 5.99114123e+09
8.00000000e-01 6.65201286e+00 5.92724553e+09
8.00000000e-01 6.67486857e+00 5.86386595e+09
8.00000000e-01 6.69772429e+00 5.80099905e+09
8.00000000e-01 6.72058000e+00 5.73864763e+09
8.00000000e-01 6.74343571e+00 5.67680893e+09
8.00000000e-01 6.76629143e+00 5.61548196e+09
8.00000000e-01 6.78914714e+00 5.55466543e+09
8.00000000e-01 6.81200286e+00 5.49435873e+09
8.00000000e-01 6.83485857e+00 5.43456037e+09
8.00000000e-01 6.85771429e+00 5.37526909e+09
8.00000000e-01 6.88057000e+00 5.31648350e+09
8.00000000e-01 6.90342571e+00 5.25820220e+09
8.00000000e-01 6.92628143e+00 5.20043633e+09
8.00000000e-01 6.94913714e+00 5.14315893e+09
8.00000000e-01 6.97199286e+00 5.08638116e+09
8.00000000e-01 6.99484857e+00 5.03010126e+09
8.00000000e-01 7.01770429e+00 4.97431754e+09
8.00000000e-01 7.04056000e+00 4.91902978e+09
8.00000000e-01 7.06341571e+00 4.86423296e+09
8.00000000e-01 7.08627143e+00 4.80992648e+09
8.00000000e-01 7.10912714e+00 4.75610896e+09
8.00000000e-01 7.13198286e+00 4.70277810e+09
8.00000000e-01 7.15483857e+00 4.64993190e+09
8.00000000e-01 7.17769429e+00 4.59756813e+09
8.00000000e-01 7.20055000e+00 4.54568468e+09
8.00000000e-01 7.22340571e+00 4.49427940e+09
8.00000000e-01 7.24626143e+00 4.44334998e+09
8.00000000e-01 7.26911714e+00 4.39289425e+09
8.00000000e-01 7.29197286e+00 4.34290984e+09
8.00000000e-01 7.31482857e+00 4.29339441e+09
8.00000000e-01 7.33768429e+00 4.24434555e+09
8.00000000e-01 7.36054000e+00 4.19576087e+09
8.00000000e-01 7.38339571e+00 4.14763788e+09
8.00000000e-01 7.40625143e+00 4.09997412e+09
8.00000000e-01 7.42910714e+00 4.05276681e+09
8.00000000e-01 7.45196286e+00 4.00601392e+09
8.00000000e-01 7.47481857e+00 3.95971261e+09
8.00000000e-01 7.49767429e+00 3.91386029e+09
8.00000000e-01 7.52053000e+00 3.86845433e+09
8.00000000e-01 7.54338571e+00 3.82349209e+09
8.00000000e-01 7.56624143e+00 3.77897089e+09
8.00000000e-01 7.58909714e+00 3.73488762e+09
8.00000000e-01 7.61195286e+00 3.69124042e+09
8.00000000e-01 7.63480857e+00 3.64802571e+09
8.00000000e-01 7.65766429e+00 3.60524160e+09
8.00000000e-01 7.68052000e+00 3.56288486e+09
8.00000000e-01 7.70337571e+00 3.52095273e+09
8.00000000e-01 7.72623143e+00 3.47944241e+09
8.00000000e-01 7.74908714e+00 3.43835109e+09
8.00000000e-01 7.77194286e+00 3.39767591e+09
8.00000000e-01 7.79479857e+00 3.35741410e+09
8.00000000e-01 7.81765429e+00 3.31756273e+09
8.00000000e-01 7.84051000e+00 3.27811905e+09
8.00000000e-01 7.86336571e+00 3.23907978e+09
8.00000000e-01 7.88622143e+00 3.20044280e+09
8.00000000e-01 7.90907714e+00 3.16220478e+09
8.00000000e-01 7.93193286e+00 3.12436226e+09
8.00000000e-01 7.95478857e+00 3.08691371e+09
8.00000000e-01 7.97764429e+00 3.04985534e+09
8.00000000e-01 8.00050000e+00 3.01318438e+09
8.00000000e-01 8.02335571e+00 2.97689848e+09
8.00000000e-01 8.04621143e+00 2.94099361e+09
8.00000000e-01 8.06906714e+00 2.90546742e+09
8.00000000e-01 8.09192286e+00 2.87031698e+09
8.00000000e-01 8.11477857e+00 2.83553940e+09
8.00000000e-01 8.13763429e+00 2.80113174e+09
8.00000000e-01 8.16049000e+00 2.76709109e+09
8.00000000e-01 8.18334571e+00 2.73341456e+09
8.00000000e-01 8.20620143e+00 2.70009919e+09
8.00000000e-01 8.22905714e+00 2.66714210e+09
8.00000000e-01 8.25191286e+00 2.63454036e+09
8.00000000e-01 8.27476857e+00 2.60229109e+09
8.00000000e-01 8.29762429e+00 2.57039137e+09
8.00000000e-01 8.32048000e+00 2.53883832e+09
8.00000000e-01 8.34333571e+00 2.50762903e+09
8.00000000e-01 8.36619143e+00 2.47676063e+09
8.00000000e-01 8.38904714e+00 2.44623028e+09
8.00000000e-01 8.41190286e+00 2.41603501e+09
8.00000000e-01 8.43475857e+00 2.38617223e+09
8.00000000e-01 8.45761429e+00 2.35663863e+09
8.00000000e-01 8.48047000e+00 2.32743117e+09
8.00000000e-01 8.50332571e+00 2.29854783e+09
8.00000000e-01 8.52618143e+00 2.26998537e+09
8.00000000e-01 8.54903714e+00 2.24174096e+09
8.00000000e-01 8.57189286e+00 2.21381185e+09
8.00000000e-01 8.59474857e+00 2.18619545e+09
8.00000000e-01 8.61760429e+00 2.15888832e+09
8.00000000e-01 8.64046000e+00 2.13188803e+09
8.00000000e-01 8.66331571e+00 2.10519183e+09
8.00000000e-01 8.68617143e+00 2.07879692e+09
8.00000000e-01 8.70902714e+00 2.05270055e+09
8.00000000e-01 8.73188286e+00 2.02689999e+09
8.00000000e-01 8.75473857e+00 2.00139253e+09
8.00000000e-01 8.77759429e+00 1.97617544e+09
8.00000000e-01 8.80045000e+00 1.95124621e+09
8.00000000e-01 8.82330571e+00 1.92660205e+09
8.00000000e-01 8.84616143e+00 1.90223983e+09
8.00000000e-01 8.86901714e+00 1.87815723e+09
8.00000000e-01 8.89187286e+00 1.85435159e+09
8.00000000e-01 8.91472857e+00 1.83082029e+09
8.00000000e-01 8.93758429e+00 1.80756068e+09
8.00000000e-01 8.96044000e+00 1.78457016e+09
8.00000000e-01 8.98329571e+00 1.76184614e+09
8.00000000e-01 9.00615143e+00 1.73938615e+09
8.00000000e-01 9.02900714e+00 1.71718738e+09
8.00000000e-01 9.05186286e+00 1.69524736e+09
8.00000000e-01 9.07471857e+00 1.67356331e+09
8.00000000e-01 9.09757429e+00 1.65213335e+09
8.00000000e-01 9.12043000e+00 1.63095448e+09
8.00000000e-01 9.14328571e+00 1.61002445e+09
8.00000000e-01 9.16614143e+00 1.58934068e+09
8.00000000e-01 9.18899714e+00 1.56890070e+09
8.00000000e-01 9.21185286e+00 1.54870205e+09
8.00000000e-01 9.23470857e+00 1.52874211e+09
8.00000000e-01 9.25756429e+00 1.50901885e+09
8.00000000e-01 9.28042000e+00 1.48952962e+09
8.00000000e-01 9.30327571e+00 1.47027212e+09
8.00000000e-01 9.32613143e+00 1.45124407e+09
8.00000000e-01 9.34898714e+00 1.43244303e+09
8.00000000e-01 9.37184286e+00 1.41386666e+09
8.00000000e-01 9.39469857e+00 1.39551257e+09
8.00000000e-01 9.41755429e+00 1.37737860e+09
8.00000000e-01 9.44041000e+00 1.35946230e+09
8.00000000e-01 9.46326571e+00 1.34176160e+09
8.00000000e-01 9.48612143e+00 1.32427415e+09
8.00000000e-01 9.50897714e+00 1.30699771e+09
8.00000000e-01 9.53183286e+00 1.28993007e+09
8.00000000e-01 9.55468857e+00 1.27306908e+09
8.00000000e-01 9.57754429e+00 1.25641256e+09
8.00000000e-01 9.60040000e+00 1.23995827e+09
8.00000000e-01 9.62325571e+00 1.22370324e+09
8.00000000e-01 9.64611143e+00 1.20764681e+09
8.00000000e-01 9.66896714e+00 1.19178625e+09
8.00000000e-01 9.69182286e+00 1.17611949e+09
8.00000000e-01 9.71467857e+00 1.16064439e+09
8.00000000e-01 9.73753429e+00 1.14535885e+09
8.00000000e-01 9.76039000e+00 1.13026105e+09
8.00000000e-01 9.78324571e+00 1.11534863e+09
8.00000000e-01 9.80610143e+00 1.10061962e+09
8.00000000e-01 9.82895714e+00 1.08607237e+09
8.00000000e-01 9.85181286e+00 1.07170428e+09
8.00000000e-01 9.87466857e+00 1.05751378e+09
8.00000000e-01 9.89752429e+00 1.04349876e+09
8.00000000e-01 9.92038000e+00 1.02965749e+09
8.00000000e-01 9.94323571e+00 1.01598795e+09
8.00000000e-01 9.96609143e+00 1.00248822e+09
8.00000000e-01 9.98894714e+00 9.89156449e+08
8.00000000e-01 1.00118029e+01 9.75990755e+08
8.00000000e-01 1.00346586e+01 9.62989195e+08
8.00000000e-01 1.00575143e+01 9.50150064e+08
8.00000000e-01 1.00803700e+01 9.37471543e+08
8.00000000e-01 1.01032257e+01 9.24951786e+08
8.00000000e-01 1.01260814e+01 9.12589005e+08
8.00000000e-01 1.01489371e+01 9.00381420e+08
8.00000000e-01 1.01717929e+01 8.88327295e+08
8.00000000e-01 1.01946486e+01 8.76424882e+08
8.00000000e-01 1.02175043e+01 8.64672458e+08
8.00000000e-01 1.02403600e+01 8.53068329e+08
8.00000000e-01 1.02632157e+01 8.41610776e+08
8.00000000e-01 1.02860714e+01 8.30298103e+08
8.00000000e-01 1.03089271e+01 8.19128720e+08
8.00000000e-01 1.03317829e+01 8.08100327e+08
8.00000000e-01 1.03546386e+01 7.97213122e+08
8.00000000e-01 1.03774943e+01 7.86463697e+08
8.00000000e-01 1.04003500e+01 7.75851043e+08
8.00000000e-01 1.04232057e+01 7.65373435e+08
8.00000000e-01 1.04460614e+01 7.55029456e+08
8.00000000e-01 1.04689171e+01 7.44817672e+08
8.00000000e-01 1.04917729e+01 7.34736774e+08
8.00000000e-01 1.05146286e+01 7.24784534e+08
8.00000000e-01 1.05374843e+01 7.14959777e+08
8.00000000e-01 1.05603400e+01 7.05261029e+08
8.00000000e-01 1.05831957e+01 6.95640707e+08
8.00000000e-01 1.06060514e+01 6.86190013e+08
8.00000000e-01 1.06289071e+01 6.76860945e+08
8.00000000e-01 1.06517629e+01 6.67652065e+08
8.00000000e-01 1.06746186e+01 6.58562170e+08
8.00000000e-01 1.06974743e+01 6.49589383e+08
8.00000000e-01 1.07203300e+01 6.40732555e+08
8.00000000e-01 1.07431857e+01 6.31990307e+08
8.00000000e-01 1.07660414e+01 6.23361240e+08
8.00000000e-01 1.07888971e+01 6.14844074e+08
8.00000000e-01 1.08117529e+01 6.06437437e+08
8.00000000e-01 1.08346086e+01 5.98140007e+08
8.00000000e-01 1.08574643e+01 5.89950478e+08
8.00000000e-01 1.08803200e+01 5.81867460e+08
8.00000000e-01 1.09031757e+01 5.73889860e+08
8.00000000e-01 1.09260314e+01 5.66016314e+08
8.00000000e-01 1.09488871e+01 5.58245598e+08
8.00000000e-01 1.09717429e+01 5.50576440e+08
8.00000000e-01 1.09945986e+01 5.43007579e+08
8.00000000e-01 1.10174543e+01 5.35537818e+08
8.00000000e-01 1.10403100e+01 5.28165989e+08
8.00000000e-01 1.10631657e+01 5.20890866e+08
8.00000000e-01 1.10860214e+01 5.13711278e+08
8.00000000e-01 1.11088771e+01 5.06626068e+08
8.00000000e-01 1.11317329e+01 4.99634077e+08
8.00000000e-01 1.11545886e+01 4.92734073e+08
8.00000000e-01 1.11774443e+01 4.85924990e+08
8.00000000e-01 1.12003000e+01 4.79205878e+08
8.00000000e-01 1.12231557e+01 4.72575528e+08
8.00000000e-01 1.12460114e+01 4.66032786e+08
8.00000000e-01 1.12688671e+01 4.59576574e+08
8.00000000e-01 1.12917229e+01 4.53205879e+08
8.00000000e-01 1.13145786e+01 4.46919627e+08
8.00000000e-01 1.13374343e+01 4.40716891e+08
8.00000000e-01 1.13602900e+01 4.34596383e+08
8.00000000e-01 1.13831457e+01 4.28557212e+08
8.00000000e-01 1.14060014e+01 4.22598365e+08
8.00000000e-01 1.14288571e+01 4.16718904e+08
8.00000000e-01 1.14517129e+01 4.10917705e+08
8.00000000e-01 1.14745686e+01 4.05193880e+08
8.00000000e-01 1.14974243e+01 3.99546442e+08
8.00000000e-01 1.15202800e+01 3.93974283e+08
8.00000000e-01 1.15431357e+01 3.88476753e+08
8.00000000e-01 1.15659914e+01 3.83052777e+08
8.00000000e-01 1.15888471e+01 3.77701458e+08
8.00000000e-01 1.16117029e+01 3.72421857e+08
8.00000000e-01 1.16345586e+01 3.67213072e+08
8.00000000e-01 1.16574143e+01 3.62074195e+08
8.00000000e-01 1.16802700e+01 3.57004370e+08
8.00000000e-01 1.17031257e+01 3.52002694e+08
8.00000000e-01 1.17259814e+01 3.47068354e+08
8.00000000e-01 1.17488371e+01 3.42200451e+08
8.00000000e-01 1.17716929e+01 3.37398158e+08
8.00000000e-01 1.17945486e+01 3.32660639e+08
8.00000000e-01 1.18174043e+01 3.27987080e+08
8.00000000e-01 1.18402600e+01 3.23376650e+08
8.00000000e-01 1.18631157e+01 3.18828601e+08
8.00000000e-01 1.18859714e+01 3.14342035e+08
8.00000000e-01 1.19088271e+01 3.09916217e+08
8.00000000e-01 1.19316829e+01 3.05550354e+08
8.00000000e-01 1.19545386e+01 3.01243709e+08
8.00000000e-01 1.19773943e+01 2.96995516e+08
8.00000000e-01 1.20002500e+01 2.92805017e+08
8.00000000e-01 1.20231057e+01 2.88671523e+08
8.00000000e-01 1.20459614e+01 2.84594198e+08
8.00000000e-01 1.20688171e+01 2.80572370e+08
8.00000000e-01 1.20916729e+01 2.76605318e+08
8.00000000e-01 1.21145286e+01 2.72692344e+08
8.00000000e-01 1.21373843e+01 2.68832741e+08
8.00000000e-01 1.21602400e+01 2.65025821e+08
8.00000000e-01 1.21830957e+01 2.61270909e+08
8.00000000e-01 1.22059514e+01 2.57567326e+08
8.00000000e-01 1.22288071e+01 2.53914405e+08
8.00000000e-01 1.22516629e+01 2.50311488e+08
8.00000000e-01 1.22745186e+01 2.46757920e+08
8.00000000e-01 1.22973743e+01 2.43253062e+08
8.00000000e-01 1.23202300e+01 2.39796287e+08
8.00000000e-01 1.23430857e+01 2.36386976e+08
8.00000000e-01 1.23659414e+01 2.33024482e+08
8.00000000e-01 1.23887971e+01 2.29708197e+08
8.00000000e-01 1.24116529e+01 2.26437528e+08
8.00000000e-01 1.24345086e+01 2.23211821e+08
8.00000000e-01 1.24573643e+01 2.20030597e+08
8.00000000e-01 1.24802200e+01 2.16893174e+08
8.00000000e-01 1.25030757e+01 2.13799060e+08
8.00000000e-01 1.25259314e+01 2.10747646e+08
8.00000000e-01 1.25487871e+01 2.07738370e+08
8.00000000e-01 1.25716429e+01 2.04770708e+08
8.00000000e-01 1.25944986e+01 2.01844039e+08
8.00000000e-01 1.26173543e+01 1.98957862e+08
8.00000000e-01 1.26402100e+01 1.96111651e+08
8.00000000e-01 1.26630657e+01 1.93304859e+08
8.00000000e-01 1.26859214e+01 1.90536884e+08
8.00000000e-01 1.27087771e+01 1.87807391e+08
8.00000000e-01 1.27316329e+01 1.85115777e+08
8.00000000e-01 1.27544886e+01 1.82461544e+08
8.00000000e-01 1.27773443e+01 1.79844194e+08
8.00000000e-01 1.28002000e+01 1.77263237e+08
8.00000000e-01 1.28230557e+01 1.74718223e+08
8.00000000e-01 1.28459114e+01 1.72208603e+08
8.00000000e-01 1.28687671e+01 1.69733943e+08
8.00000000e-01 1.28916229e+01 1.67293773e+08
8.00000000e-01 1.29144786e+01 1.64887642e+08
8.00000000e-01 1.29373343e+01 1.62515085e+08
8.00000000e-01 1.29601900e+01 1.60175648e+08
8.00000000e-01 1.29830457e+01 1.57868878e+08
8.00000000e-01 1.30059014e+01 1.55594379e+08
8.00000000e-01 1.30287571e+01 1.53351686e+08
8.00000000e-01 1.30516129e+01 1.51140374e+08
8.00000000e-01 1.30744686e+01 1.48960033e+08
8.00000000e-01 1.30973243e+01 1.46810239e+08
8.00000000e-01 1.31201800e+01 1.44690559e+08
8.00000000e-01 1.31430357e+01 1.42600637e+08
8.00000000e-01 1.31658914e+01 1.40540052e+08
8.00000000e-01 1.31887471e+01 1.38508397e+08
8.00000000e-01 1.32116029e+01 1.36505289e+08
8.00000000e-01 1.32344586e+01 1.34530341e+08
8.00000000e-01 1.32573143e+01 1.32583172e+08
8.00000000e-01 1.32801700e+01 1.30663405e+08
8.00000000e-01 1.33030257e+01 1.28770675e+08
8.00000000e-01 1.33258814e+01 1.26899456e+08
8.00000000e-01 1.33487371e+01 1.25059766e+08
8.00000000e-01 1.33715929e+01 1.23246021e+08
8.00000000e-01 1.33944486e+01 1.21457908e+08
8.00000000e-01 1.34173043e+01 1.19695013e+08
8.00000000e-01 1.34401600e+01 1.17957017e+08
8.00000000e-01 1.34630157e+01 1.16243580e+08
8.00000000e-01 1.34858714e+01 1.14554375e+08
8.00000000e-01 1.35087271e+01 1.12889071e+08
8.00000000e-01 1.35315829e+01 1.11247341e+08
8.00000000e-01 1.35544386e+01 1.09628863e+08
8.00000000e-01 1.35772943e+01 1.08033317e+08
8.00000000e-01 1.36001500e+01 1.06460395e+08
8.00000000e-01 1.36230057e+01 1.04909801e+08
8.00000000e-01 1.36458614e+01 1.03381193e+08
8.00000000e-01 1.36687171e+01 1.01874295e+08
8.00000000e-01 1.36915729e+01 1.00388792e+08
8.00000000e-01 1.37144286e+01 9.89243966e+07
8.00000000e-01 1.37372843e+01 9.74808264e+07
8.00000000e-01 1.37601400e+01 9.60578115e+07
8.00000000e-01 1.37829957e+01 9.46550553e+07
8.00000000e-01 1.38058514e+01 9.32722723e+07
8.00000000e-01 1.38287071e+01 9.19091817e+07
8.00000000e-01 1.38515629e+01 9.05655332e+07
8.00000000e-01 1.38744186e+01 8.92410444e+07
8.00000000e-01 1.38972743e+01 8.79354575e+07
8.00000000e-01 1.39201300e+01 8.66485090e+07
8.00000000e-01 1.39429857e+01 8.53799414e+07
8.00000000e-01 1.39658414e+01 8.41295009e+07
8.00000000e-01 1.39886971e+01 8.28969347e+07
8.00000000e-01 1.40115529e+01 8.16819961e+07
8.00000000e-01 1.40344086e+01 8.04844466e+07
8.00000000e-01 1.40572643e+01 7.93040384e+07
8.00000000e-01 1.40801200e+01 7.81405365e+07
8.00000000e-01 1.41029757e+01 7.69937084e+07
8.00000000e-01 1.41258314e+01 7.58633175e+07
8.00000000e-01 1.41486871e+01 7.47491392e+07
8.00000000e-01 1.41715429e+01 7.36509473e+07
8.00000000e-01 1.41943986e+01 7.25685195e+07
8.00000000e-01 1.42172543e+01 7.15016304e+07
8.00000000e-01 1.42401100e+01 7.04500776e+07
8.00000000e-01 1.42629657e+01 6.94136386e+07
8.00000000e-01 1.42858214e+01 6.83921044e+07
8.00000000e-01 1.43086771e+01 6.73852697e+07
8.00000000e-01 1.43315329e+01 6.63929218e+07
8.00000000e-01 1.43543886e+01 6.54148636e+07
8.00000000e-01 1.43772443e+01 6.44508946e+07
8.00000000e-01 1.44001000e+01 6.35008453e+07
8.00000000e-01 1.44229557e+01 6.25644643e+07
8.00000000e-01 1.44458114e+01 6.16415914e+07
8.00000000e-01 1.44686671e+01 6.07320359e+07
8.00000000e-01 1.44915229e+01 5.98356123e+07
8.00000000e-01 1.45143786e+01 5.89521339e+07
8.00000000e-01 1.45372343e+01 5.80814194e+07
8.00000000e-01 1.45600900e+01 5.72232905e+07
8.00000000e-01 1.45829457e+01 5.63775699e+07
8.00000000e-01 1.46058014e+01 5.55440842e+07
8.00000000e-01 1.46286571e+01 5.47226590e+07
8.00000000e-01 1.46515129e+01 5.39131291e+07
8.00000000e-01 1.46743686e+01 5.31153208e+07
8.00000000e-01 1.46972243e+01 5.23290724e+07
8.00000000e-01 1.47200800e+01 5.15542273e+07
8.00000000e-01 1.47429357e+01 5.07906173e+07
8.00000000e-01 1.47657914e+01 5.00380838e+07
8.00000000e-01 1.47886471e+01 4.92964717e+07
8.00000000e-01 1.48115029e+01 4.85656274e+07
8.00000000e-01 1.48343586e+01 4.78454011e+07
8.00000000e-01 1.48572143e+01 4.71356383e+07
8.00000000e-01 1.48800700e+01 4.64361932e+07
8.00000000e-01 1.49029257e+01 4.57469175e+07
8.00000000e-01 1.49257814e+01 4.50676738e+07
8.00000000e-01 1.49486371e+01 4.43983102e+07
8.00000000e-01 1.49714929e+01 4.37386921e+07
8.00000000e-01 1.49943486e+01 4.30886793e+07
8.00000000e-01 1.50172043e+01 4.24481380e+07
8.00000000e-01 1.50400600e+01 4.18169331e+07
8.00000000e-01 1.50629157e+01 4.11949316e+07
8.00000000e-01 1.50857714e+01 4.05820026e+07
8.00000000e-01 1.51086271e+01 3.99780171e+07
8.00000000e-01 1.51314829e+01 3.93828499e+07
8.00000000e-01 1.51543386e+01 3.87963719e+07
8.00000000e-01 1.51771943e+01 3.82184612e+07
8.00000000e-01 1.52000500e+01 3.76489958e+07
8.00000000e-01 1.52229057e+01 3.70878548e+07
8.00000000e-01 1.52457614e+01 3.65349193e+07
8.00000000e-01 1.52686171e+01 3.59900731e+07
8.00000000e-01 1.52914729e+01 3.54531995e+07
8.00000000e-01 1.53143286e+01 3.49241876e+07
8.00000000e-01 1.53371843e+01 3.44029233e+07
8.00000000e-01 1.53600400e+01 3.38892956e+07
8.00000000e-01 1.53828957e+01 3.33831956e+07
8.00000000e-01 1.54057514e+01 3.28845149e+07
8.00000000e-01 1.54286071e+01 3.23931501e+07
8.00000000e-01 1.54514629e+01 3.19089961e+07
8.00000000e-01 1.54743186e+01 3.14319433e+07
8.00000000e-01 1.54971743e+01 3.09618943e+07
8.00000000e-01 1.55200300e+01 3.04987481e+07
8.00000000e-01 1.55428857e+01 3.00424086e+07
8.00000000e-01 1.55657414e+01 2.95927747e+07
8.00000000e-01 1.55885971e+01 2.91497550e+07
8.00000000e-01 1.56114529e+01 2.87132469e+07
8.00000000e-01 1.56343086e+01 2.82831599e+07
8.00000000e-01 1.56571643e+01 2.78594026e+07
8.00000000e-01 1.56800200e+01 2.74418854e+07
8.00000000e-01 1.57028757e+01 2.70305154e+07
8.00000000e-01 1.57257314e+01 2.66252061e+07
8.00000000e-01 1.57485871e+01 2.62258709e+07
8.00000000e-01 1.57714429e+01 2.58324204e+07
8.00000000e-01 1.57942986e+01 2.54447732e+07
8.00000000e-01 1.58171543e+01 2.50628429e+07
8.00000000e-01 1.58400100e+01 2.46865520e+07
8.00000000e-01 1.58628657e+01 2.43158081e+07
8.00000000e-01 1.58857214e+01 2.39505418e+07
8.00000000e-01 1.59085771e+01 2.35906707e+07
8.00000000e-01 1.59314329e+01 2.32361167e+07
8.00000000e-01 1.59542886e+01 2.28868028e+07
8.00000000e-01 1.59771443e+01 2.25426539e+07
